
Intensity Sum Ch=1 Img=1
 ==================== 
Intensity Sum,Unit,Category,Channel,Image,Surpass Object,Time,ID,
7.20478e+06,,Surface,1,Image 1,Nucleus,1,0,
178.087,,Spot,1,Image 1,Nucleus center of mass,1,0,
352.298,,Spot,1,Image 1,S2P,1,617,
556.845,,Spot,1,Image 1,S2P,1,618,
824.034,,Spot,1,Image 1,S2P,1,619,
24.9512,,Spot,1,Image 1,S2P,1,620,
400.834,,Spot,1,Image 1,S2P,1,621,
27.664,,Spot,1,Image 1,S2P,1,622,
7548.94,,Spot,1,Image 1,S2P,1,623,
138.986,,Spot,1,Image 1,S2P,1,624,
1361.95,,Spot,1,Image 1,S2P,1,625,
2627.21,,Spot,1,Image 1,S2P,1,626,
3145.79,,Spot,1,Image 1,S2P,1,627,
38.443,,Spot,1,Image 1,S2P,1,628,
21.1933,,Spot,1,Image 1,S2P,1,629,
26.0296,,Spot,1,Image 1,S2P,1,630,
3682.25,,Spot,1,Image 1,S2P,1,631,
4524.54,,Spot,1,Image 1,S2P,1,632,
1240.47,,Spot,1,Image 1,S2P,1,633,
503.021,,Spot,1,Image 1,S2P,1,634,
499.948,,Spot,1,Image 1,S2P,1,635,
366.744,,Spot,1,Image 1,S2P,1,636,
190.157,,Spot,1,Image 1,S2P,1,637,
86.5223,,Spot,1,Image 1,S2P,1,638,
72.3798,,Spot,1,Image 1,S2P,1,639,
532.638,,Spot,1,Image 1,S2P,1,640,
977.912,,Spot,1,Image 1,S2P,1,641,
526.078,,Spot,1,Image 1,S2P,1,642,
285.38,,Spot,1,Image 1,S2P,1,643,
127.972,,Spot,1,Image 1,S2P,1,644,
975.954,,Spot,1,Image 1,S2P,1,645,
168.183,,Spot,1,Image 1,S2P,1,646,
92.6418,,Spot,1,Image 1,S2P,1,647,
487.412,,Spot,1,Image 1,S2P,1,648,
440.856,,Spot,1,Image 1,S2P,1,649,
452.822,,Spot,1,Image 1,S2P,1,650,
665.666,,Spot,1,Image 1,S2P,1,651,
167.387,,Spot,1,Image 1,S2P,1,652,
570.188,,Spot,1,Image 1,S2P,1,653,
1114.32,,Spot,1,Image 1,S2P,1,654,
777.908,,Spot,1,Image 1,S2P,1,655,
390.954,,Spot,1,Image 1,S2P,1,656,
629.776,,Spot,1,Image 1,S2P,1,657,
805.079,,Spot,1,Image 1,S2P,1,658,
40.327,,Spot,1,Image 1,S2P,1,659,
246.212,,Spot,1,Image 1,S2P,1,660,
101.014,,Spot,1,Image 1,S2P,1,661,
314.196,,Spot,1,Image 1,S2P,1,662,
4051.98,,Spot,1,Image 1,S2P,1,663,
299.661,,Spot,1,Image 1,S2P,1,664,
463.457,,Spot,1,Image 1,S2P,1,665,
94.4077,,Spot,1,Image 1,S2P,1,666,
175.051,,Spot,1,Image 1,S2P,1,667,
777.658,,Spot,1,Image 1,S2P,1,668,
232.843,,Spot,1,Image 1,S2P,1,669,
185.426,,Spot,1,Image 1,S2P,1,670,
2180.16,,Spot,1,Image 1,S2P,1,671,
49.1205,,Spot,1,Image 1,S2P,1,672,
1412.48,,Spot,1,Image 1,S2P,1,673,
772.041,,Spot,1,Image 1,S2P,1,674,
55.4043,,Spot,1,Image 1,S2P,1,675,
2528.43,,Spot,1,Image 1,S2P,1,676,
124.567,,Spot,1,Image 1,S2P,1,677,
738.591,,Spot,1,Image 1,S2P,1,678,
351.401,,Spot,1,Image 1,S2P,1,679,
229.473,,Spot,1,Image 1,S2P,1,680,
98.8425,,Spot,1,Image 1,S2P,1,681,
87.0865,,Spot,1,Image 1,S2P,1,682,
932.659,,Spot,1,Image 1,S2P,1,683,
26.7035,,Spot,1,Image 1,S2P,1,684,
943.928,,Spot,1,Image 1,S2P,1,685,
110.398,,Spot,1,Image 1,S2P,1,686,
284.368,,Spot,1,Image 1,S2P,1,687,
103.994,,Spot,1,Image 1,S2P,1,688,
438.073,,Spot,1,Image 1,S2P,1,689,
31.9852,,Spot,1,Image 1,S2P,1,690,
996.346,,Spot,1,Image 1,S2P,1,691,
166.295,,Spot,1,Image 1,S2P,1,692,
440.849,,Spot,1,Image 1,S2P,1,693,
4112.31,,Spot,1,Image 1,S2P,1,694,
787.364,,Spot,1,Image 1,S2P,1,695,
1541.47,,Spot,1,Image 1,S2P,1,696,
758.332,,Spot,1,Image 1,S2P,1,697,
855.06,,Spot,1,Image 1,S2P,1,698,
64.9642,,Spot,1,Image 1,S2P,1,699,
471.157,,Spot,1,Image 1,S2P,1,700,
118.842,,Spot,1,Image 1,S2P,1,701,
441.025,,Spot,1,Image 1,S2P,1,702,
1303.07,,Spot,1,Image 1,S2P,1,703,
2611.56,,Spot,1,Image 1,S2P,1,704,
2630.34,,Spot,1,Image 1,S2P,1,705,
3421.88,,Spot,1,Image 1,S2P,1,706,
700.381,,Spot,1,Image 1,S2P,1,707,
382.701,,Spot,1,Image 1,S2P,1,708,
602.495,,Spot,1,Image 1,S2P,1,709,
237.42,,Spot,1,Image 1,S2P,1,710,
1986.88,,Spot,1,Image 1,S2P,1,711,
2056.33,,Spot,1,Image 1,S2P,1,712,
1016.31,,Spot,1,Image 1,S2P,1,713,
1160.75,,Spot,1,Image 1,S2P,1,714,
771.41,,Spot,1,Image 1,S2P,1,715,
1487.27,,Spot,1,Image 1,S2P,1,716,
229.372,,Spot,1,Image 1,S2P,1,717,
978.762,,Spot,1,Image 1,S2P,1,718,
6420.68,,Spot,1,Image 1,S2P,1,719,
1059.66,,Spot,1,Image 1,S2P,1,720,
466.762,,Spot,1,Image 1,S2P,1,721,
19083.1,,Spot,1,Image 1,S2P,1,722,
11235.3,,Spot,1,Image 1,S2P,1,723,
2232.29,,Spot,1,Image 1,S2P,1,724,
71.6479,,Spot,1,Image 1,S2P,1,725,
3085.57,,Spot,1,Image 1,S2P,1,726,
6707.79,,Spot,1,Image 1,S2P,1,727,
197.508,,Spot,1,Image 1,S2P,1,728,
954.421,,Spot,1,Image 1,S2P,1,729,
137.544,,Spot,1,Image 1,S2P,1,730,
341.004,,Spot,1,Image 1,S2P,1,731,
679.152,,Spot,1,Image 1,S2P,1,732,
2661.44,,Spot,1,Image 1,S2P,1,733,
404.553,,Spot,1,Image 1,S2P,1,734,
744.517,,Spot,1,Image 1,S2P,1,735,
21.61,,Spot,1,Image 1,S2P,1,736,
347.445,,Spot,1,Image 1,S2P,1,737,
868.043,,Spot,1,Image 1,S2P,1,738,
17193.9,,Spot,1,Image 1,S2P,1,739,
6588.42,,Spot,1,Image 1,S2P,1,740,
10421.1,,Spot,1,Image 1,S2P,1,741,
14808.1,,Spot,1,Image 1,S2P,1,742,
444.958,,Spot,1,Image 1,S2P,1,743,
13652.3,,Spot,1,Image 1,S2P,1,744,
13303.3,,Spot,1,Image 1,S2P,1,745,
785.722,,Spot,1,Image 1,S2P,1,746,
1024.74,,Spot,1,Image 1,S2P,1,747,
1910.92,,Spot,1,Image 1,S2P,1,748,
122.043,,Spot,1,Image 1,S2P,1,749,
973.333,,Spot,1,Image 1,S2P,1,750,
3639.97,,Spot,1,Image 1,S2P,1,751,
345.706,,Spot,1,Image 1,S2P,1,752,
1737.67,,Spot,1,Image 1,S2P,1,753,
499.026,,Spot,1,Image 1,S2P,1,754,
4325.92,,Spot,1,Image 1,S2P,1,755,
473.55,,Spot,1,Image 1,S2P,1,756,
4974.43,,Spot,1,Image 1,S2P,1,757,
467.465,,Spot,1,Image 1,S2P,1,758,
19183.1,,Spot,1,Image 1,S2P,1,759,
25.9085,,Spot,1,Image 1,S2P,1,760,
6121.2,,Spot,1,Image 1,S2P,1,761,
1462.14,,Spot,1,Image 1,S2P,1,762,
8024.33,,Spot,1,Image 1,S2P,1,763,
10039.8,,Spot,1,Image 1,S2P,1,764,
4511.72,,Spot,1,Image 1,S2P,1,765,
11300.7,,Spot,1,Image 1,S2P,1,766,
15548.3,,Spot,1,Image 1,S2P,1,767,
107.379,,Spot,1,Image 1,S2P,1,768,
752.007,,Spot,1,Image 1,S2P,1,769,
87.969,,Spot,1,Image 1,S2P,1,770,
438.961,,Spot,1,Image 1,S2P,1,771,
67.5736,,Spot,1,Image 1,S2P,1,772,
2994.07,,Spot,1,Image 1,S2P,1,773,
16185.9,,Spot,1,Image 1,S2P,1,774,
402.245,,Spot,1,Image 1,S2P,1,775,
3203.29,,Spot,1,Image 1,S2P,1,776,
42.2452,,Spot,1,Image 1,S2P,1,777,
217.15,,Spot,1,Image 1,S2P,1,778,
458.617,,Spot,1,Image 1,S2P,1,779,
88.8395,,Spot,1,Image 1,S2P,1,780,
23.0068,,Spot,1,Image 1,S2P,1,781,
127.73,,Spot,1,Image 1,S2P,1,782,
115.847,,Spot,1,Image 1,S2P,1,783,
70.1109,,Spot,1,Image 1,S2P,1,784,
32.409,,Spot,1,Image 1,S2P,1,785,
4067.48,,Spot,1,Image 1,S2P,1,786,
11396.5,,Spot,1,Image 1,S2P,1,787,
7033.05,,Spot,1,Image 1,S2P,1,788,
4839.69,,Spot,1,Image 1,S2P,1,789,
15322.1,,Spot,1,Image 1,S2P,1,790,
5332.44,,Spot,1,Image 1,S2P,1,791,
198.886,,Spot,1,Image 1,S2P,1,792,
265.881,,Spot,1,Image 1,S2P,1,793,
188.723,,Spot,1,Image 1,S2P,1,794,
770.072,,Spot,1,Image 1,S2P,1,795,
2493.21,,Spot,1,Image 1,S2P,1,796,
117.825,,Spot,1,Image 1,S2P,1,797,
460.828,,Spot,1,Image 1,S2P,1,798,
240.222,,Spot,1,Image 1,S2P,1,799,
1103.27,,Spot,1,Image 1,S2P,1,800,
75.1892,,Spot,1,Image 1,S2P,1,801,
2300.66,,Spot,1,Image 1,S2P,1,802,
335.101,,Spot,1,Image 1,S2P,1,803,
82.7149,,Spot,1,Image 1,S2P,1,804,
698.776,,Spot,1,Image 1,S2P,1,805,
571.571,,Spot,1,Image 1,S2P,1,806,
374.49,,Spot,1,Image 1,S2P,1,807,
320.334,,Spot,1,Image 1,S2P,1,808,
7766.56,,Spot,1,Image 1,S2P,1,809,
1267.79,,Spot,1,Image 1,S2P,1,810,
226.264,,Spot,1,Image 1,S2P,1,811,
6247.36,,Spot,1,Image 1,S2P,1,812,
1340.41,,Spot,1,Image 1,S2P,1,813,
144.269,,Spot,1,Image 1,S2P,1,814,
166.6,,Spot,1,Image 1,S2P,1,815,
24.6785,,Spot,1,Image 1,S2P,1,816,
432.261,,Spot,1,Image 1,S2P,1,817,
306.899,,Spot,1,Image 1,S2P,1,818,
2004.78,,Spot,1,Image 1,S2P,1,819,
675.273,,Spot,1,Image 1,S2P,1,820,
522.508,,Spot,1,Image 1,S2P,1,821,
276.871,,Spot,1,Image 1,S2P,1,822,
1764.55,,Spot,1,Image 1,S2P,1,823,
329.793,,Spot,1,Image 1,S2P,1,824,
390.776,,Spot,1,Image 1,S2P,1,825,
163.072,,Spot,1,Image 1,S2P,1,826,
20476.5,,Spot,1,Image 1,S2P,1,827,
820.417,,Spot,1,Image 1,S2P,1,828,
1342.04,,Spot,1,Image 1,S2P,1,829,
4157.66,,Spot,1,Image 1,S2P,1,830,
11817.9,,Spot,1,Image 1,S2P,1,831,
52.1666,,Spot,1,Image 1,S2P,1,832,
277.092,,Spot,1,Image 1,S2P,1,833,
267.246,,Spot,1,Image 1,S2P,1,834,
569.029,,Spot,1,Image 1,S2P,1,835,
768.465,,Spot,1,Image 1,S2P,1,836,
4480.34,,Spot,1,Image 1,S2P,1,837,
111.611,,Spot,1,Image 1,S2P,1,838,
1049.54,,Spot,1,Image 1,S2P,1,839,
362.983,,Spot,1,Image 1,S2P,1,840,
1888.91,,Spot,1,Image 1,S2P,1,841,
118.645,,Spot,1,Image 1,S2P,1,842,
324.572,,Spot,1,Image 1,S2P,1,843,
728.522,,Spot,1,Image 1,S2P,1,844,
24671.1,,Spot,1,Image 1,S2P,1,845,
1208.35,,Spot,1,Image 1,S2P,1,846,
2445.11,,Spot,1,Image 1,S2P,1,847,
639.717,,Spot,1,Image 1,S2P,1,848,
97.6115,,Spot,1,Image 1,S2P,1,849,
5931.96,,Spot,1,Image 1,S2P,1,850,
1948.96,,Spot,1,Image 1,S2P,1,851,
1333.69,,Spot,1,Image 1,S2P,1,852,
19772.6,,Spot,1,Image 1,S2P,1,853,
863.011,,Spot,1,Image 1,S2P,1,854,
28011.3,,Spot,1,Image 1,S2P,1,855,
684.188,,Spot,1,Image 1,S2P,1,856,
11290.4,,Spot,1,Image 1,S2P,1,857,
13521.1,,Spot,1,Image 1,S2P,1,858,
11030.7,,Spot,1,Image 1,S2P,1,859,
1001.59,,Spot,1,Image 1,S2P,1,860,
503.041,,Spot,1,Image 1,S2P,1,861,
11604.3,,Spot,1,Image 1,S2P,1,862,
838.237,,Spot,1,Image 1,S2P,1,863,
370.229,,Spot,1,Image 1,S2P,1,864,
14851.5,,Spot,1,Image 1,S2P,1,865,
7696.9,,Spot,1,Image 1,S2P,1,866,
6482.36,,Spot,1,Image 1,S2P,1,867,
9618.83,,Spot,1,Image 1,S2P,1,868,
9837.18,,Spot,1,Image 1,S2P,1,869,
2378.6,,Spot,1,Image 1,S2P,1,870,
2322.42,,Spot,1,Image 1,S2P,1,871,
2117.91,,Spot,1,Image 1,S2P,1,872,
7963.62,,Spot,1,Image 1,S2P,1,873,
1090.83,,Spot,1,Image 1,S2P,1,874,
3394.03,,Spot,1,Image 1,S2P,1,875,
11824.7,,Spot,1,Image 1,S2P,1,876,
3969.64,,Spot,1,Image 1,S2P,1,877,
1557.24,,Spot,1,Image 1,S2P,1,878,
3035.35,,Spot,1,Image 1,S2P,1,879,
26638.1,,Spot,1,Image 1,S2P,1,880,
1530.88,,Spot,1,Image 1,S2P,1,881,
1783.42,,Spot,1,Image 1,S2P,1,882,
9008.42,,Spot,1,Image 1,S2P,1,883,
747.513,,Spot,1,Image 1,S2P,1,884,
584.724,,Spot,1,Image 1,S2P,1,885,
87.347,,Spot,1,Image 1,S2P,1,886,
245.468,,Spot,1,Image 1,S2P,1,887,
416.828,,Spot,1,Image 1,S2P,1,888,
579.821,,Spot,1,Image 1,S2P,1,889,
341.386,,Spot,1,Image 1,S2P,1,890,
363.239,,Spot,1,Image 1,S2P,1,891,
318.923,,Spot,1,Image 1,S2P,1,892,
2174.76,,Spot,1,Image 1,S2P,1,893,
3897.93,,Spot,1,Image 1,S2P,1,894,
12431.4,,Spot,1,Image 1,S2P,1,895,
220.778,,Spot,1,Image 1,S2P,1,896,
1175.44,,Spot,1,Image 1,S2P,1,897,
4011.81,,Spot,1,Image 1,S2P,1,898,
7445.06,,Spot,1,Image 1,S2P,1,899,
3180.53,,Spot,1,Image 1,S2P,1,900,
1675.69,,Spot,1,Image 1,S2P,1,901,
5562.62,,Spot,1,Image 1,S2P,1,902,
2734.88,,Spot,1,Image 1,S2P,1,903,
3483.04,,Spot,1,Image 1,S2P,1,904,
1149.19,,Spot,1,Image 1,S2P,1,905,
2941.24,,Spot,1,Image 1,S2P,1,906,
204.986,,Spot,1,Image 1,S2P,1,907,
1090.43,,Spot,1,Image 1,S2P,1,908,
26212.2,,Spot,1,Image 1,S2P,1,909,
6401.45,,Spot,1,Image 1,S2P,1,910,
800.199,,Spot,1,Image 1,S2P,1,911,
8204.01,,Spot,1,Image 1,S2P,1,912,
344.446,,Spot,1,Image 1,S2P,1,913,
6532.41,,Spot,1,Image 1,S2P,1,914,
621.886,,Spot,1,Image 1,S2P,1,915,
3344.3,,Spot,1,Image 1,S2P,1,916,
1725.33,,Spot,1,Image 1,S2P,1,917,
122.464,,Spot,1,Image 1,S2P,1,918,
12121.4,,Spot,1,Image 1,S2P,1,919,
275.726,,Spot,1,Image 1,S2P,1,920,
11537.6,,Spot,1,Image 1,S2P,1,921,
17619.4,,Spot,1,Image 1,S2P,1,922,
5237.25,,Spot,1,Image 1,S2P,1,923,
13622.1,,Spot,1,Image 1,S2P,1,924,
1532.01,,Spot,1,Image 1,S2P,1,925,
2407.48,,Spot,1,Image 1,S2P,1,926,
4023.28,,Spot,1,Image 1,S2P,1,927,
517.611,,Spot,1,Image 1,S2P,1,928,
617.69,,Spot,1,Image 1,S2P,1,929,
1401.09,,Spot,1,Image 1,S2P,1,930,
7348.32,,Spot,1,Image 1,S2P,1,931,
4211.17,,Spot,1,Image 1,S2P,1,932,
8589.37,,Spot,1,Image 1,S2P,1,933,
11805.7,,Spot,1,Image 1,S2P,1,934,
10453.2,,Spot,1,Image 1,S2P,1,935,
2043.97,,Spot,1,Image 1,S2P,1,936,
13985.7,,Spot,1,Image 1,S2P,1,937,
17.4762,,Spot,1,Image 1,S2P,1,938,
24686.5,,Spot,1,Image 1,S2P,1,939,
3040.79,,Spot,1,Image 1,S2P,1,940,
356.174,,Spot,1,Image 1,S2P,1,941,
93.8788,,Spot,1,Image 1,S2P,1,942,
1149.32,,Spot,1,Image 1,S2P,1,943,
1337.26,,Spot,1,Image 1,S2P,1,944,
4558.42,,Spot,1,Image 1,S2P,1,945,
2384.7,,Spot,1,Image 1,S2P,1,946,
3582.39,,Spot,1,Image 1,S2P,1,947,
8042.98,,Spot,1,Image 1,S2P,1,948,
12233,,Spot,1,Image 1,S2P,1,949,
4943.42,,Spot,1,Image 1,S2P,1,950,
6073.33,,Spot,1,Image 1,S2P,1,951,
2610.12,,Spot,1,Image 1,S2P,1,952,
7263.14,,Spot,1,Image 1,S2P,1,953,
9445.1,,Spot,1,Image 1,S2P,1,954,
2610.1,,Spot,1,Image 1,S2P,1,955,
10214.8,,Spot,1,Image 1,S2P,1,956,
3632.9,,Spot,1,Image 1,S2P,1,957,
1414.5,,Spot,1,Image 1,S2P,1,958,
11027.2,,Spot,1,Image 1,S2P,1,959,
364.709,,Spot,1,Image 1,S2P,1,960,
5247.37,,Spot,1,Image 1,S2P,1,961,
6795.43,,Spot,1,Image 1,S2P,1,962,
7789.96,,Spot,1,Image 1,S2P,1,963,
5569.66,,Spot,1,Image 1,S2P,1,964,
3176.25,,Spot,1,Image 1,S2P,1,965,
2403.4,,Spot,1,Image 1,S2P,1,966,
3739.57,,Spot,1,Image 1,S2P,1,967,
13927.5,,Spot,1,Image 1,S2P,1,968,
12785.7,,Spot,1,Image 1,S2P,1,969,
6097.83,,Spot,1,Image 1,S2P,1,970,
488.782,,Spot,1,Image 1,S2P,1,971,
5234.85,,Spot,1,Image 1,S2P,1,972,
3155.85,,Spot,1,Image 1,S2P,1,973,
887.284,,Spot,1,Image 1,S2P,1,974,
3262.77,,Spot,1,Image 1,S2P,1,975,
11550.5,,Spot,1,Image 1,S2P,1,976,
9352.73,,Spot,1,Image 1,S2P,1,977,
6998.35,,Spot,1,Image 1,S2P,1,978,
8256.54,,Spot,1,Image 1,S2P,1,979,
8538.95,,Spot,1,Image 1,S2P,1,980,
1647.76,,Spot,1,Image 1,S2P,1,981,
8167.08,,Spot,1,Image 1,S2P,1,982,
10034.3,,Spot,1,Image 1,S2P,1,983,
2930.29,,Spot,1,Image 1,S2P,1,984,
9812.95,,Spot,1,Image 1,S2P,1,985,
149.856,,Spot,1,Image 1,S2P,1,986,
1339.09,,Spot,1,Image 1,S2P,1,987,
17254.7,,Spot,1,Image 1,S2P,1,988,
4844.25,,Spot,1,Image 1,S2P,1,989,
2101.38,,Spot,1,Image 1,S2P,1,990,
2516.72,,Spot,1,Image 1,S2P,1,991,
7134.5,,Spot,1,Image 1,S2P,1,992,
8372.26,,Spot,1,Image 1,S2P,1,993,
1722.75,,Spot,1,Image 1,S2P,1,994,
1008.64,,Spot,1,Image 1,S2P,1,995,
470.147,,Spot,1,Image 1,S2P,1,996,
3546.38,,Spot,1,Image 1,S2P,1,997,
7628.77,,Spot,1,Image 1,S2P,1,998,
5722.39,,Spot,1,Image 1,S2P,1,999,
1826.44,,Spot,1,Image 1,S2P,1,1000,
7769.95,,Spot,1,Image 1,S2P,1,1001,
11402.1,,Spot,1,Image 1,S2P,1,1002,
2027.82,,Spot,1,Image 1,S2P,1,1003,
5210.43,,Spot,1,Image 1,S2P,1,1004,
4859.72,,Spot,1,Image 1,S2P,1,1005,
1329.86,,Spot,1,Image 1,S2P,1,1006,
312.298,,Spot,1,Image 1,S2P,1,1007,
1192.82,,Spot,1,Image 1,S2P,1,1008,
753.937,,Spot,1,Image 1,S2P,1,1009,
2339.31,,Spot,1,Image 1,S2P,1,1010,
7699.71,,Spot,1,Image 1,S2P,1,1011,
1484.29,,Spot,1,Image 1,S2P,1,1012,
3147.86,,Spot,1,Image 1,S2P,1,1013,
5752.33,,Spot,1,Image 1,S2P,1,1014,
5638.47,,Spot,1,Image 1,S2P,1,1015,
2782.57,,Spot,1,Image 1,S2P,1,1016,
252.536,,Spot,1,Image 1,S2P,1,1017,
1269.81,,Spot,1,Image 1,S2P,1,1018,
12016.6,,Spot,1,Image 1,S2P,1,1019,
2200.67,,Spot,1,Image 1,S2P,1,1020,
2103.75,,Spot,1,Image 1,S2P,1,1021,
787.591,,Spot,1,Image 1,S2P,1,1022,
4182.68,,Spot,1,Image 1,S2P,1,1023,
1430.26,,Spot,1,Image 1,S2P,1,1024,
5969.78,,Spot,1,Image 1,S2P,1,1025,
16559.1,,Spot,1,Image 1,S2P,1,1026,
23187.2,,Spot,1,Image 1,S2P,1,1027,
6664.08,,Spot,1,Image 1,S2P,1,1028,
1305.4,,Spot,1,Image 1,S2P,1,1029,
2719.21,,Spot,1,Image 1,S2P,1,1030,
1562.21,,Spot,1,Image 1,S2P,1,1031,
7388.69,,Spot,1,Image 1,S2P,1,1032,
3952.08,,Spot,1,Image 1,S2P,1,1033,
3166.28,,Spot,1,Image 1,S2P,1,1034,
2538.31,,Spot,1,Image 1,S2P,1,1035,
358.755,,Spot,1,Image 1,S2P,1,1036,
1000.5,,Spot,1,Image 1,S2P,1,1037,
2830.75,,Spot,1,Image 1,S2P,1,1038,
3868.62,,Spot,1,Image 1,S2P,1,1039,
6881.63,,Spot,1,Image 1,S2P,1,1040,
1026.7,,Spot,1,Image 1,S2P,1,1041,
4782.42,,Spot,1,Image 1,S2P,1,1042,
8382.43,,Spot,1,Image 1,S2P,1,1043,
1433.91,,Spot,1,Image 1,S2P,1,1044,
12494.3,,Spot,1,Image 1,S2P,1,1045,
1490.63,,Spot,1,Image 1,S2P,1,1046,
3430.03,,Spot,1,Image 1,S2P,1,1047,
436.394,,Spot,1,Image 1,S2P,1,1048,
1462.59,,Spot,1,Image 1,S2P,1,1049,
820.456,,Spot,1,Image 1,S2P,1,1050,
1817.96,,Spot,1,Image 1,S2P,1,1051,
450.472,,Spot,1,Image 1,S2P,1,1052,
5935.53,,Spot,1,Image 1,S2P,1,1053,
1075.83,,Spot,1,Image 1,S2P,1,1054,
2503.99,,Spot,1,Image 1,S2P,1,1055,
5698.32,,Spot,1,Image 1,S2P,1,1056,
11098.4,,Spot,1,Image 1,S2P,1,1057,
632.438,,Spot,1,Image 1,S2P,1,1058,
5741.6,,Spot,1,Image 1,S2P,1,1059,
6185.26,,Spot,1,Image 1,S2P,1,1060,
579.028,,Spot,1,Image 1,S2P,1,1061,
22636.3,,Spot,1,Image 1,S2P,1,1062,
7119.6,,Spot,1,Image 1,S2P,1,1063,
1436.05,,Spot,1,Image 1,S2P,1,1064,
6788.7,,Spot,1,Image 1,S2P,1,1065,
919.032,,Spot,1,Image 1,S2P,1,1066,
4112.35,,Spot,1,Image 1,S2P,1,1067,
2302.82,,Spot,1,Image 1,S2P,1,1068,
1106.56,,Spot,1,Image 1,S2P,1,1069,
3804.12,,Spot,1,Image 1,S2P,1,1070,
6829.05,,Spot,1,Image 1,S2P,1,1071,
34082.5,,Spot,1,Image 1,S2P,1,1072,
4699.26,,Spot,1,Image 1,S2P,1,1073,
3520.97,,Spot,1,Image 1,S2P,1,1074,
10686,,Spot,1,Image 1,S2P,1,1075,
459.819,,Spot,1,Image 1,S2P,1,1076,
1284.1,,Spot,1,Image 1,S2P,1,1077,
747.11,,Spot,1,Image 1,S2P,1,1078,
533.064,,Spot,1,Image 1,S2P,1,1079,
4079.62,,Spot,1,Image 1,S2P,1,1080,
149.12,,Spot,1,Image 1,S2P,1,1081,
7912.49,,Spot,1,Image 1,S2P,1,1082,
1870.91,,Spot,1,Image 1,S2P,1,1083,
7282.73,,Spot,1,Image 1,S2P,1,1084,
14154.2,,Spot,1,Image 1,S2P,1,1085,
4850.31,,Spot,1,Image 1,S2P,1,1086,
644.048,,Spot,1,Image 1,S2P,1,1087,
2862.9,,Spot,1,Image 1,S2P,1,1088,
2577.72,,Spot,1,Image 1,S2P,1,1089,
3552.96,,Spot,1,Image 1,S2P,1,1090,
1359.01,,Spot,1,Image 1,S2P,1,1091,
3032.52,,Spot,1,Image 1,S2P,1,1092,
999.534,,Spot,1,Image 1,S2P,1,1093,
9976.52,,Spot,1,Image 1,S2P,1,1094,
13169,,Spot,1,Image 1,S2P,1,1095,
3583.8,,Spot,1,Image 1,S2P,1,1096,
8038.44,,Spot,1,Image 1,S2P,1,1097,
1562.9,,Spot,1,Image 1,S2P,1,1098,
2537.52,,Spot,1,Image 1,S2P,1,1099,
572.618,,Spot,1,Image 1,S2P,1,1100,
4012.33,,Spot,1,Image 1,S2P,1,1101,
11040,,Spot,1,Image 1,S2P,1,1102,
10795,,Spot,1,Image 1,S2P,1,1103,
6150.61,,Spot,1,Image 1,S2P,1,1104,
2878.51,,Spot,1,Image 1,S2P,1,1105,
13859.6,,Spot,1,Image 1,S2P,1,1106,
2465.92,,Spot,1,Image 1,S2P,1,1107,
11793.7,,Spot,1,Image 1,S2P,1,1108,
3555.03,,Spot,1,Image 1,S2P,1,1109,
9414.69,,Spot,1,Image 1,S2P,1,1110,
5636.59,,Spot,1,Image 1,S2P,1,1111,
9987.24,,Spot,1,Image 1,S2P,1,1112,
8813.87,,Spot,1,Image 1,S2P,1,1113,
6150.18,,Spot,1,Image 1,S2P,1,1114,
11637.8,,Spot,1,Image 1,S2P,1,1115,
5475.47,,Spot,1,Image 1,S2P,1,1116,
3395.68,,Spot,1,Image 1,S2P,1,1117,
3138.55,,Spot,1,Image 1,S2P,1,1118,
11369.9,,Spot,1,Image 1,S2P,1,1119,
3276.72,,Spot,1,Image 1,S2P,1,1120,
4182.47,,Spot,1,Image 1,S2P,1,1121,
7444.89,,Spot,1,Image 1,S2P,1,1122,
5280.07,,Spot,1,Image 1,S2P,1,1123,
5591.03,,Spot,1,Image 1,S2P,1,1124,
7457.5,,Spot,1,Image 1,S2P,1,1125,
2741.62,,Spot,1,Image 1,S2P,1,1126,
5233.12,,Spot,1,Image 1,S2P,1,1127,
1825.11,,Spot,1,Image 1,S2P,1,1128,
3967.81,,Spot,1,Image 1,S2P,1,1129,
10718.5,,Spot,1,Image 1,S2P,1,1130,
4797.29,,Spot,1,Image 1,S2P,1,1131,
4398.84,,Spot,1,Image 1,S2P,1,1132,
1144.77,,Spot,1,Image 1,S2P,1,1133,
5217.64,,Spot,1,Image 1,S2P,1,1134,
2228.71,,Spot,1,Image 1,S2P,1,1135,
8835.53,,Spot,1,Image 1,S2P,1,1136,
1915.96,,Spot,1,Image 1,S2P,1,1137,
174.386,,Spot,1,Image 1,S2P,1,1138,
441.959,,Spot,1,Image 1,S2P,1,1139,
157.224,,Spot,1,Image 1,S2P,1,1140,
161.611,,Spot,1,Image 1,S2P,1,1141,
67.0461,,Spot,1,Image 1,S2P,1,1142,
23853.5,,Spot,1,Image 1,S2P,1,1143,
4049.54,,Spot,1,Image 1,S2P,1,1144,
1351.05,,Spot,1,Image 1,S2P,1,1145,
127.598,,Spot,1,Image 1,S2P,1,1146,
121.677,,Spot,1,Image 1,S2P,1,1147,
881.531,,Spot,1,Image 1,S2P,1,1148,
1904.29,,Spot,1,Image 1,S2P,1,1149,
2574.26,,Spot,1,Image 1,S2P,1,1150,
1916.72,,Spot,1,Image 1,S2P,1,1151,
123.18,,Spot,1,Image 1,S2P,1,1152,
184.769,,Spot,1,Image 1,S2P,1,1153,
4684.5,,Spot,1,Image 1,S2P,1,1154,
11123.8,,Spot,1,Image 1,S2P,1,1155,
2465.87,,Spot,1,Image 1,S2P,1,1156,
1550.31,,Spot,1,Image 1,S2P,1,1157,
687.472,,Spot,1,Image 1,S2P,1,1158,
7164.8,,Spot,1,Image 1,S2P,1,1159,
1024.28,,Spot,1,Image 1,S2P,1,1160,
2806.2,,Spot,1,Image 1,S2P,1,1161,
2918.9,,Spot,1,Image 1,S2P,1,1162,
2756.38,,Spot,1,Image 1,S2P,1,1163,
4115.53,,Spot,1,Image 1,S2P,1,1164,
4169.81,,Spot,1,Image 1,S2P,1,1165,
220.197,,Spot,1,Image 1,S2P,1,1166,
18446.5,,Spot,1,Image 1,S2P,1,1167,
12079.7,,Spot,1,Image 1,S2P,1,1168,
7579.71,,Spot,1,Image 1,S2P,1,1169,
4710.92,,Spot,1,Image 1,S2P,1,1170,
520.166,,Spot,1,Image 1,S2P,1,1171,
17506.4,,Spot,1,Image 1,S2P,1,1172,
10948.7,,Spot,1,Image 1,S2P,1,1173,
5682.58,,Spot,1,Image 1,S2P,1,1174,
9509.3,,Spot,1,Image 1,S2P,1,1175,
2398.98,,Spot,1,Image 1,S2P,1,1176,
4650.25,,Spot,1,Image 1,S2P,1,1177,
2910.17,,Spot,1,Image 1,S2P,1,1178,
958.79,,Spot,1,Image 1,S2P,1,1179,
3133.49,,Spot,1,Image 1,S2P,1,1180,
4720.81,,Spot,1,Image 1,S2P,1,1181,
3500.94,,Spot,1,Image 1,S2P,1,1182,
707.624,,Spot,1,Image 1,S2P,1,1183,
19244.8,,Spot,1,Image 1,S2P,1,1184,
7534.96,,Spot,1,Image 1,S2P,1,1185,
20354.6,,Spot,1,Image 1,S2P,1,1186,
10174.3,,Spot,1,Image 1,S2P,1,1187,
1270.42,,Spot,1,Image 1,S2P,1,1188,
5215.49,,Spot,1,Image 1,S2P,1,1189,
1550.69,,Spot,1,Image 1,S2P,1,1190,
845.791,,Spot,1,Image 1,S2P,1,1191,
1362.82,,Spot,1,Image 1,S2P,1,1192,
20958.4,,Spot,1,Image 1,S2P,1,1193,
1378.13,,Spot,1,Image 1,S2P,1,1194,
3376.07,,Spot,1,Image 1,S2P,1,1195,
269.041,,Spot,1,Image 1,S2P,1,1196,
5121.46,,Spot,1,Image 1,S2P,1,1197,
13082.3,,Spot,1,Image 1,S2P,1,1198,
5923.3,,Spot,1,Image 1,S2P,1,1199,
1843.98,,Spot,1,Image 1,S2P,1,1200,
881.373,,Spot,1,Image 1,S2P,1,1201,
5817.98,,Spot,1,Image 1,S2P,1,1202,
4807.36,,Spot,1,Image 1,S2P,1,1203,
18035.3,,Spot,1,Image 1,S2P,1,1204,
6070.43,,Spot,1,Image 1,S2P,1,1205,
4221.82,,Spot,1,Image 1,S2P,1,1206,
5676.71,,Spot,1,Image 1,S2P,1,1207,
4607.56,,Spot,1,Image 1,S2P,1,1208,
6125.36,,Spot,1,Image 1,S2P,1,1209,
9592.5,,Spot,1,Image 1,S2P,1,1210,
5306.47,,Spot,1,Image 1,S2P,1,1211,
4128.03,,Spot,1,Image 1,S2P,1,1212,
2634.61,,Spot,1,Image 1,S2P,1,1213,
3204.47,,Spot,1,Image 1,S2P,1,1214,
5318.21,,Spot,1,Image 1,S2P,1,1215,
6634.15,,Spot,1,Image 1,S2P,1,1216,
15534.8,,Spot,1,Image 1,S2P,1,1217,
3605.59,,Spot,1,Image 1,S2P,1,1218,
1918.81,,Spot,1,Image 1,S2P,1,1219,
3337.59,,Spot,1,Image 1,S2P,1,1220,
2022.51,,Spot,1,Image 1,S2P,1,1221,
2983.64,,Spot,1,Image 1,S2P,1,1222,
2987.38,,Spot,1,Image 1,S2P,1,1223,
1332.76,,Spot,1,Image 1,S2P,1,1224,
7422.59,,Spot,1,Image 1,S2P,1,1225,
2632.56,,Spot,1,Image 1,S2P,1,1226,
12315.4,,Spot,1,Image 1,S2P,1,1227,
6861.8,,Spot,1,Image 1,S2P,1,1228,
6579.56,,Spot,1,Image 1,S2P,1,1229,
2181.67,,Spot,1,Image 1,S2P,1,1230,
3269.48,,Spot,1,Image 1,S2P,1,1231,
2484.77,,Spot,1,Image 1,S2P,1,1232,
5073.04,,Spot,1,Image 1,S2P,1,1233,
15309.9,,Spot,1,Image 1,S2P,1,1234,
562.083,,Spot,1,Image 1,S2P,1,1235,
4682.55,,Spot,1,Image 1,S2P,1,1236,
3972.07,,Spot,1,Image 1,S2P,1,1237,
10538.1,,Spot,1,Image 1,S2P,1,1238,
5039.07,,Spot,1,Image 1,S2P,1,1239,
18516.2,,Spot,1,Image 1,S2P,1,1240,
28783.9,,Spot,1,Image 1,S2P,1,1241,
16667.4,,Spot,1,Image 1,S2P,1,1242,
3640.07,,Spot,1,Image 1,S2P,1,1243,
5837.65,,Spot,1,Image 1,S2P,1,1244,
4932.52,,Spot,1,Image 1,S2P,1,1245,
8359.61,,Spot,1,Image 1,S2P,1,1246,
759.458,,Spot,1,Image 1,S2P,1,1247,
15843.3,,Spot,1,Image 1,S2P,1,1248,
5174.72,,Spot,1,Image 1,S2P,1,1249,
8451.81,,Spot,1,Image 1,S2P,1,1250,
17403.9,,Spot,1,Image 1,S2P,1,1251,
4738.92,,Spot,1,Image 1,S2P,1,1252,
5494.08,,Spot,1,Image 1,S2P,1,1253,
13440.6,,Spot,1,Image 1,S2P,1,1254,
14924.6,,Spot,1,Image 1,S2P,1,1255,
7610.72,,Spot,1,Image 1,S2P,1,1256,
14813.3,,Spot,1,Image 1,S2P,1,1257,
2701.06,,Spot,1,Image 1,S2P,1,1258,
13789.6,,Spot,1,Image 1,S2P,1,1259,
14709.1,,Spot,1,Image 1,S2P,1,1260,
6007.07,,Spot,1,Image 1,S2P,1,1261,
6943.82,,Spot,1,Image 1,S2P,1,1262,
6235.55,,Spot,1,Image 1,S2P,1,1263,
7289.42,,Spot,1,Image 1,S2P,1,1264,
7232.4,,Spot,1,Image 1,S2P,1,1265,
7745.81,,Spot,1,Image 1,S2P,1,1266,
18063.7,,Spot,1,Image 1,S2P,1,1267,
9765.57,,Spot,1,Image 1,S2P,1,1268,
11211.8,,Spot,1,Image 1,S2P,1,1269,
3325.99,,Spot,1,Image 1,S2P,1,1270,
8030.36,,Spot,1,Image 1,S2P,1,1271,
19946.5,,Spot,1,Image 1,S2P,1,1272,
2948.32,,Spot,1,Image 1,S2P,1,1273,
10392.5,,Spot,1,Image 1,S2P,1,1274,
5664.62,,Spot,1,Image 1,S2P,1,1275,
3690.83,,Spot,1,Image 1,S2P,1,1276,
20567.3,,Spot,1,Image 1,S2P,1,1277,
1670.07,,Spot,1,Image 1,S2P,1,1278,
24160.4,,Spot,1,Image 1,S2P,1,1279,
16244.7,,Spot,1,Image 1,S2P,1,1280,
6321.96,,Spot,1,Image 1,S2P,1,1281,
5988.06,,Spot,1,Image 1,S2P,1,1282,
6351.67,,Spot,1,Image 1,S2P,1,1283,
1745.18,,Spot,1,Image 1,S2P,1,1284,
1372.31,,Spot,1,Image 1,S2P,1,1285,
2878.26,,Spot,1,Image 1,S2P,1,1286,
1053.61,,Spot,1,Image 1,S2P,1,1287,
2167.25,,Spot,1,Image 1,S2P,1,1288,
581.745,,Spot,1,Image 1,S2P,1,1289,
10520.2,,Spot,1,Image 1,S2P,1,1290,
1180.02,,Spot,1,Image 1,S2P,1,1291,
6199.03,,Spot,1,Image 1,S2P,1,1292,
2089.47,,Spot,1,Image 1,S2P,1,1293,
332.848,,Spot,1,Image 1,S2P,1,1294,
1766.37,,Spot,1,Image 1,S2P,1,1295,
844.454,,Spot,1,Image 1,S2P,1,1296,
2474.66,,Spot,1,Image 1,S2P,1,1297,
18493.4,,Spot,1,Image 1,S2P,1,1298,
1772.05,,Spot,1,Image 1,S2P,1,1299,
380.96,,Spot,1,Image 1,S2P,1,1300,
2054.71,,Spot,1,Image 1,S2P,1,1301,
4659.37,,Spot,1,Image 1,S2P,1,1302,
787.254,,Spot,1,Image 1,S2P,1,1303,
7215.35,,Spot,1,Image 1,S2P,1,1304,
3789.77,,Spot,1,Image 1,S2P,1,1305,
12562.5,,Spot,1,Image 1,S2P,1,1306,
759.06,,Spot,1,Image 1,S2P,1,1307,
251.496,,Spot,1,Image 1,S2P,1,1308,
4889.1,,Spot,1,Image 1,S2P,1,1309,
9917.2,,Spot,1,Image 1,S2P,1,1310,
18347.4,,Spot,1,Image 1,S2P,1,1311,
873.194,,Spot,1,Image 1,S2P,1,1312,
581.879,,Spot,1,Image 1,S2P,1,1313,
5071.55,,Spot,1,Image 1,S2P,1,1314,
1259.96,,Spot,1,Image 1,S2P,1,1315,
4370.42,,Spot,1,Image 1,S2P,1,1316,
1481.02,,Spot,1,Image 1,S2P,1,1317,
1306.81,,Spot,1,Image 1,S2P,1,1318,
1229.63,,Spot,1,Image 1,S2P,1,1319,
1311.47,,Spot,1,Image 1,S2P,1,1320,
5152.41,,Spot,1,Image 1,S2P,1,1321,
2910.85,,Spot,1,Image 1,S2P,1,1322,
6999.84,,Spot,1,Image 1,S2P,1,1323,
653.18,,Spot,1,Image 1,S2P,1,1324,
9045.99,,Spot,1,Image 1,S2P,1,1325,
715.062,,Spot,1,Image 1,S2P,1,1326,
506.314,,Spot,1,Image 1,S2P,1,1327,
357.998,,Spot,1,Image 1,S2P,1,1328,
1392.04,,Spot,1,Image 1,S2P,1,1329,
924.329,,Spot,1,Image 1,S2P,1,1330,
3347.78,,Spot,1,Image 1,S2P,1,1331,
3131.1,,Spot,1,Image 1,S2P,1,1332,
1634.08,,Spot,1,Image 1,S2P,1,1333,
819.229,,Spot,1,Image 1,S2P,1,1334,
2371.23,,Spot,1,Image 1,S2P,1,1335,
3799.97,,Spot,1,Image 1,S2P,1,1336,
6791.48,,Spot,1,Image 1,S2P,1,1337,
6034.06,,Spot,1,Image 1,S2P,1,1338,
6743.46,,Spot,1,Image 1,S2P,1,1339,
3365.9,,Spot,1,Image 1,S2P,1,1340,
3157.75,,Spot,1,Image 1,S2P,1,1341,
724.536,,Spot,1,Image 1,S2P,1,1342,
6386.92,,Spot,1,Image 1,S2P,1,1343,
3184.65,,Spot,1,Image 1,S2P,1,1344,
826.132,,Spot,1,Image 1,S2P,1,1345,
2326.85,,Spot,1,Image 1,S2P,1,1346,
7920.47,,Spot,1,Image 1,S2P,1,1347,
2530.88,,Spot,1,Image 1,S2P,1,1348,
3170.72,,Spot,1,Image 1,S2P,1,1349,
12894.8,,Spot,1,Image 1,S2P,1,1350,
10678.7,,Spot,1,Image 1,S2P,1,1351,
941.213,,Spot,1,Image 1,S2P,1,1352,
872.53,,Spot,1,Image 1,S2P,1,1353,
8812.48,,Spot,1,Image 1,S2P,1,1354,
2797.98,,Spot,1,Image 1,S2P,1,1355,
390.611,,Spot,1,Image 1,S2P,1,1356,
5181.72,,Spot,1,Image 1,S2P,1,1357,
312.527,,Spot,1,Image 1,S2P,1,1358,
1318.78,,Spot,1,Image 1,S2P,1,1359,
703.919,,Spot,1,Image 1,S2P,1,1360,
6005.37,,Spot,1,Image 1,S2P,1,1361,
2845.47,,Spot,1,Image 1,S2P,1,1362,
2322.89,,Spot,1,Image 1,S2P,1,1363,
1877.73,,Spot,1,Image 1,S2P,1,1364,
9945.7,,Spot,1,Image 1,S2P,1,1365,
4211.68,,Spot,1,Image 1,S2P,1,1366,
2740.52,,Spot,1,Image 1,S2P,1,1367,
441.288,,Spot,1,Image 1,S2P,1,1368,
4627.9,,Spot,1,Image 1,S2P,1,1369,
6197.67,,Spot,1,Image 1,S2P,1,1370,
3087.58,,Spot,1,Image 1,S2P,1,1371,
642.176,,Spot,1,Image 1,S2P,1,1372,
1887.17,,Spot,1,Image 1,S2P,1,1373,
5425.73,,Spot,1,Image 1,S2P,1,1374,
8790.69,,Spot,1,Image 1,S2P,1,1375,
5566.9,,Spot,1,Image 1,S2P,1,1376,
6054.61,,Spot,1,Image 1,S2P,1,1377,
1708.92,,Spot,1,Image 1,S2P,1,1378,
1979.34,,Spot,1,Image 1,S2P,1,1379,
8562.93,,Spot,1,Image 1,S2P,1,1380,
10734.1,,Spot,1,Image 1,S2P,1,1381,
798.046,,Spot,1,Image 1,S2P,1,1382,
4452.25,,Spot,1,Image 1,S2P,1,1383,
8557.86,,Spot,1,Image 1,S2P,1,1384,
1402.05,,Spot,1,Image 1,S2P,1,1385,
3744.79,,Spot,1,Image 1,S2P,1,1386,
5980.41,,Spot,1,Image 1,S2P,1,1387,
6621.63,,Spot,1,Image 1,S2P,1,1388,
511.998,,Spot,1,Image 1,S2P,1,1389,
1105.85,,Spot,1,Image 1,S2P,1,1390,
1358.36,,Spot,1,Image 1,S2P,1,1391,
1674.83,,Spot,1,Image 1,S2P,1,1392,
1266.88,,Spot,1,Image 1,S2P,1,1393,
3738.84,,Spot,1,Image 1,S2P,1,1394,
1461.94,,Spot,1,Image 1,S2P,1,1395,
3943.38,,Spot,1,Image 1,S2P,1,1396,
1412.43,,Spot,1,Image 1,S2P,1,1397,
3719.4,,Spot,1,Image 1,S2P,1,1398,
1376.91,,Spot,1,Image 1,S2P,1,1399,
2903.73,,Spot,1,Image 1,S2P,1,1400,
2217.85,,Spot,1,Image 1,S2P,1,1401,
442.674,,Spot,1,Image 1,S2P,1,1402,
1496.5,,Spot,1,Image 1,S2P,1,1403,
3191.15,,Spot,1,Image 1,S2P,1,1404,
454.301,,Spot,1,Image 1,S2P,1,1405,
9339.42,,Spot,1,Image 1,S2P,1,1406,
16593.5,,Spot,1,Image 1,S2P,1,1407,
7466.45,,Spot,1,Image 1,S2P,1,1408,
6726.76,,Spot,1,Image 1,S2P,1,1409,
3846.38,,Spot,1,Image 1,S2P,1,1410,
4420.61,,Spot,1,Image 1,S2P,1,1411,
2175.3,,Spot,1,Image 1,S2P,1,1412,
1369.63,,Spot,1,Image 1,S2P,1,1413,
421.091,,Spot,1,Image 1,S2P,1,1414,
719.29,,Spot,1,Image 1,S2P,1,1415,
302.402,,Spot,1,Image 1,S2P,1,1416,
6306.9,,Spot,1,Image 1,S2P,1,1417,
779.622,,Spot,1,Image 1,S2P,1,1418,
502.413,,Spot,1,Image 1,S2P,1,1419,
5937.82,,Spot,1,Image 1,S2P,1,1420,
969.695,,Spot,1,Image 1,S2P,1,1421,
14748.6,,Spot,1,Image 1,S2P,1,1422,
31917.1,,Spot,1,Image 1,S2P,1,1423,
6320.95,,Spot,1,Image 1,S2P,1,1424,
421.666,,Spot,1,Image 1,S2P,1,1425,
5352.68,,Spot,1,Image 1,S2P,1,1426,
1315.92,,Spot,1,Image 1,S2P,1,1427,
402.727,,Spot,1,Image 1,S2P,1,1428,
2032.22,,Spot,1,Image 1,S2P,1,1429,
1228.38,,Spot,1,Image 1,S2P,1,1430,
152.932,,Spot,1,Image 1,S2P,1,1431,
629.643,,Spot,1,Image 1,S2P,1,1432,
3861.19,,Spot,1,Image 1,S2P,1,1433,
2568.42,,Spot,1,Image 1,S2P,1,1434,
4166.73,,Spot,1,Image 1,S2P,1,1435,
8799.94,,Spot,1,Image 1,S2P,1,1436,
2394.44,,Spot,1,Image 1,S2P,1,1437,
899.217,,Spot,1,Image 1,S2P,1,1438,
383.377,,Spot,1,Image 1,S2P,1,1439,
1177.65,,Spot,1,Image 1,S2P,1,1440,
9704.1,,Spot,1,Image 1,S2P,1,1441,
448.473,,Spot,1,Image 1,S2P,1,1442,
282.369,,Spot,1,Image 1,S2P,1,1443,
6392.1,,Spot,1,Image 1,S2P,1,1444,
894.862,,Spot,1,Image 1,S2P,1,1445,
343.798,,Spot,1,Image 1,S2P,1,1446,
2325.35,,Spot,1,Image 1,S2P,1,1447,
1302.36,,Spot,1,Image 1,S2P,1,1448,
7450.02,,Spot,1,Image 1,S2P,1,1449,
4829.55,,Spot,1,Image 1,S2P,1,1450,
5094.27,,Spot,1,Image 1,S2P,1,1451,
1763.53,,Spot,1,Image 1,S2P,1,1452,
3738.19,,Spot,1,Image 1,S2P,1,1453,
2445.69,,Spot,1,Image 1,S2P,1,1454,
1013.11,,Spot,1,Image 1,S2P,1,1455,
2652.95,,Spot,1,Image 1,S2P,1,1456,
4769.17,,Spot,1,Image 1,S2P,1,1457,
10014.8,,Spot,1,Image 1,S2P,1,1458,
200.428,,Spot,1,Image 1,S2P,1,1459,
536.547,,Spot,1,Image 1,S2P,1,1460,
1030.91,,Spot,1,Image 1,S2P,1,1461,
1297.24,,Spot,1,Image 1,S2P,1,1462,
5140.35,,Spot,1,Image 1,S2P,1,1463,
9099.48,,Spot,1,Image 1,S2P,1,1464,
2338.35,,Spot,1,Image 1,S2P,1,1465,
5484.37,,Spot,1,Image 1,S2P,1,1466,
730.244,,Spot,1,Image 1,S2P,1,1467,
9394.26,,Spot,1,Image 1,S2P,1,1468,
7726.03,,Spot,1,Image 1,S2P,1,1469,
5116.88,,Spot,1,Image 1,S2P,1,1470,
2571.31,,Spot,1,Image 1,S2P,1,1471,
1438.72,,Spot,1,Image 1,S2P,1,1472,
3845.32,,Spot,1,Image 1,S2P,1,1473,
6763.5,,Spot,1,Image 1,S2P,1,1474,
745.816,,Spot,1,Image 1,S2P,1,1475,
1395.75,,Spot,1,Image 1,S2P,1,1476,
1933.9,,Spot,1,Image 1,S2P,1,1477,
969.823,,Spot,1,Image 1,S2P,1,1478,
481.398,,Spot,1,Image 1,S2P,1,1479,
1314.09,,Spot,1,Image 1,S2P,1,1480,
8688.64,,Spot,1,Image 1,S2P,1,1481,
4582.38,,Spot,1,Image 1,S2P,1,1482,
9221.94,,Spot,1,Image 1,S2P,1,1483,
18489.9,,Spot,1,Image 1,S2P,1,1484,
2310.17,,Spot,1,Image 1,S2P,1,1485,
3306.86,,Spot,1,Image 1,S2P,1,1486,
3416.91,,Spot,1,Image 1,S2P,1,1487,
1331.02,,Spot,1,Image 1,S2P,1,1488,
2123.26,,Spot,1,Image 1,S2P,1,1489,
619.81,,Spot,1,Image 1,S2P,1,1490,
5341.57,,Spot,1,Image 1,S2P,1,1491,
143.654,,Spot,1,Image 1,S2P,1,1492,
539.34,,Spot,1,Image 1,S2P,1,1493,
8640.77,,Spot,1,Image 1,S2P,1,1494,
1905.28,,Spot,1,Image 1,S2P,1,1495,
2596,,Spot,1,Image 1,S2P,1,1496,
2531.63,,Spot,1,Image 1,S2P,1,1497,
2495.35,,Spot,1,Image 1,S2P,1,1498,
7064.58,,Spot,1,Image 1,S2P,1,1499,
9047.78,,Spot,1,Image 1,S2P,1,1500,
2045.21,,Spot,1,Image 1,S2P,1,1501,
2094.31,,Spot,1,Image 1,S2P,1,1502,
433.862,,Spot,1,Image 1,S2P,1,1503,
10393.1,,Spot,1,Image 1,S2P,1,1504,
734.28,,Spot,1,Image 1,S2P,1,1505,
3118.9,,Spot,1,Image 1,S2P,1,1506,
664.601,,Spot,1,Image 1,S2P,1,1507,
2007.34,,Spot,1,Image 1,S2P,1,1508,
815.81,,Spot,1,Image 1,S2P,1,1509,
5311.44,,Spot,1,Image 1,S2P,1,1510,
2379.17,,Spot,1,Image 1,S2P,1,1511,
5501.72,,Spot,1,Image 1,S2P,1,1512,
1474.3,,Spot,1,Image 1,S2P,1,1513,
3030.49,,Spot,1,Image 1,S2P,1,1514,
11164.6,,Spot,1,Image 1,S2P,1,1515,
4469.73,,Spot,1,Image 1,S2P,1,1516,
2103.41,,Spot,1,Image 1,S2P,1,1517,
2785.86,,Spot,1,Image 1,S2P,1,1518,
4092.94,,Spot,1,Image 1,S2P,1,1519,
989.569,,Spot,1,Image 1,S2P,1,1520,
2364.56,,Spot,1,Image 1,S2P,1,1521,
2671.86,,Spot,1,Image 1,S2P,1,1522,
1658.25,,Spot,1,Image 1,S2P,1,1523,
431.887,,Spot,1,Image 1,S2P,1,1524,
6066.22,,Spot,1,Image 1,S2P,1,1525,
762.644,,Spot,1,Image 1,S2P,1,1526,
458.063,,Spot,1,Image 1,S2P,1,1527,
8286.36,,Spot,1,Image 1,S2P,1,1528,
3252.85,,Spot,1,Image 1,S2P,1,1529,
7430.07,,Spot,1,Image 1,S2P,1,1530,
357.439,,Spot,1,Image 1,S2P,1,1531,
1184.28,,Spot,1,Image 1,S2P,1,1532,
12542.6,,Spot,1,Image 1,S2P,1,1533,
2804.9,,Spot,1,Image 1,S2P,1,1534,
3309.24,,Spot,1,Image 1,S2P,1,1535,
1085.31,,Spot,1,Image 1,S2P,1,1536,
971.53,,Spot,1,Image 1,S2P,1,1537,
562.262,,Spot,1,Image 1,S2P,1,1538,
6298.63,,Spot,1,Image 1,S2P,1,1539,
3923.27,,Spot,1,Image 1,S2P,1,1540,
21927.4,,Spot,1,Image 1,S2P,1,1541,
846.189,,Spot,1,Image 1,S2P,1,1542,
7425.04,,Spot,1,Image 1,S2P,1,1543,
687.563,,Spot,1,Image 1,S2P,1,1544,
519.611,,Spot,1,Image 1,S2P,1,1545,
883.579,,Spot,1,Image 1,S2P,1,1546,
2620.94,,Spot,1,Image 1,S2P,1,1547,
4074.81,,Spot,1,Image 1,S2P,1,1548,
3520.8,,Spot,1,Image 1,S2P,1,1549,
799.709,,Spot,1,Image 1,S2P,1,1550,
1196.14,,Spot,1,Image 1,S2P,1,1551,
3029.27,,Spot,1,Image 1,S2P,1,1552,
15557.5,,Spot,1,Image 1,S2P,1,1553,
4088.19,,Spot,1,Image 1,S2P,1,1554,
14184,,Spot,1,Image 1,S2P,1,1555,
9260.8,,Spot,1,Image 1,S2P,1,1556,
4712.93,,Spot,1,Image 1,S2P,1,1557,
4447.55,,Spot,1,Image 1,S2P,1,1558,
4106.73,,Spot,1,Image 1,S2P,1,1559,
5975.73,,Spot,1,Image 1,S2P,1,1560,
6474.79,,Spot,1,Image 1,S2P,1,1561,
1983.93,,Spot,1,Image 1,S2P,1,1562,
284.362,,Spot,1,Image 1,S2P,1,1563,
1826.15,,Spot,1,Image 1,S2P,1,1564,
819.788,,Spot,1,Image 1,S2P,1,1565,
1959.94,,Spot,1,Image 1,S2P,1,1566,
372.435,,Spot,1,Image 1,S2P,1,1567,
14140.4,,Spot,1,Image 1,S2P,1,1568,
3712.83,,Spot,1,Image 1,S2P,1,1569,
5855.21,,Spot,1,Image 1,S2P,1,1570,
3783.14,,Spot,1,Image 1,S2P,1,1571,
5497.34,,Spot,1,Image 1,S2P,1,1572,
9328.94,,Spot,1,Image 1,S2P,1,1573,
2719.37,,Spot,1,Image 1,S2P,1,1574,
4124.65,,Spot,1,Image 1,S2P,1,1575,
760.771,,Spot,1,Image 1,S2P,1,1576,
6330.37,,Spot,1,Image 1,S2P,1,1577,
489.844,,Spot,1,Image 1,S2P,1,1578,
3248.68,,Spot,1,Image 1,S2P,1,1579,
6481.99,,Spot,1,Image 1,S2P,1,1580,
4204.48,,Spot,1,Image 1,S2P,1,1581,
1097.9,,Spot,1,Image 1,S2P,1,1582,
6023.77,,Spot,1,Image 1,S2P,1,1583,
2925.79,,Spot,1,Image 1,S2P,1,1584,
3384.23,,Spot,1,Image 1,S2P,1,1585,
5193.96,,Spot,1,Image 1,S2P,1,1586,
4302.72,,Spot,1,Image 1,S2P,1,1587,
13303.8,,Spot,1,Image 1,S2P,1,1588,
1391.51,,Spot,1,Image 1,S2P,1,1589,
13265.2,,Spot,1,Image 1,S2P,1,1590,
515.978,,Spot,1,Image 1,S2P,1,1591,
2947.64,,Spot,1,Image 1,S2P,1,1592,
1252.97,,Spot,1,Image 1,S2P,1,1593,
1399.89,,Spot,1,Image 1,S2P,1,1594,
2046.13,,Spot,1,Image 1,S2P,1,1595,
6503.11,,Spot,1,Image 1,S2P,1,1596,
18000.6,,Spot,1,Image 1,S2P,1,1597,
741.208,,Spot,1,Image 1,S2P,1,1598,
664.819,,Spot,1,Image 1,S2P,1,1599,
11887.6,,Spot,1,Image 1,S2P,1,1600,
7072.53,,Spot,1,Image 1,S2P,1,1601,
5587.71,,Spot,1,Image 1,S2P,1,1602,
15186.4,,Spot,1,Image 1,S2P,1,1603,
2069.67,,Spot,1,Image 1,S2P,1,1604,
6672.37,,Spot,1,Image 1,S2P,1,1605,
2986.86,,Spot,1,Image 1,S2P,1,1606,
1647.35,,Spot,1,Image 1,S2P,1,1607,
2249.26,,Spot,1,Image 1,S2P,1,1608,
3017.11,,Spot,1,Image 1,S2P,1,1609,
14537,,Spot,1,Image 1,S2P,1,1610,
5080.97,,Spot,1,Image 1,S2P,1,1611,
2435.19,,Spot,1,Image 1,S2P,1,1612,
758.318,,Spot,1,Image 1,S2P,1,1613,
881.184,,Spot,1,Image 1,S2P,1,1614,
10453.6,,Spot,1,Image 1,S2P,1,1615,
1785.5,,Spot,1,Image 1,S2P,1,1616,
5343.8,,Spot,1,Image 1,S2P,1,1617,
2861.5,,Spot,1,Image 1,S2P,1,1618,
2836.53,,Spot,1,Image 1,S2P,1,1619,
8528.93,,Spot,1,Image 1,S2P,1,1620,
6992.24,,Spot,1,Image 1,S2P,1,1621,
5426.05,,Spot,1,Image 1,S2P,1,1622,
851.083,,Spot,1,Image 1,S2P,1,1623,
2938.76,,Spot,1,Image 1,S2P,1,1624,
5918.51,,Spot,1,Image 1,S2P,1,1625,
16125.7,,Spot,1,Image 1,S2P,1,1626,
8958.49,,Spot,1,Image 1,S2P,1,1627,
1581.79,,Spot,1,Image 1,S2P,1,1628,
540.095,,Spot,1,Image 1,S2P,1,1629,
15144.8,,Spot,1,Image 1,S2P,1,1630,
8786.72,,Spot,1,Image 1,S2P,1,1631,
2111.17,,Spot,1,Image 1,S2P,1,1632,
1587.63,,Spot,1,Image 1,S2P,1,1633,
1681.02,,Spot,1,Image 1,S2P,1,1634,
3950.03,,Spot,1,Image 1,S2P,1,1635,
3585.78,,Spot,1,Image 1,S2P,1,1636,
1981.82,,Spot,1,Image 1,S2P,1,1637,
8056.91,,Spot,1,Image 1,S2P,1,1638,
15338.9,,Spot,1,Image 1,S2P,1,1639,
3636.27,,Spot,1,Image 1,S2P,1,1640,
5023.15,,Spot,1,Image 1,S2P,1,1641,
3180.39,,Spot,1,Image 1,S2P,1,1642,
2680.56,,Spot,1,Image 1,S2P,1,1643,
7853.11,,Spot,1,Image 1,S2P,1,1644,
2162.41,,Spot,1,Image 1,S2P,1,1645,
7972.45,,Spot,1,Image 1,S2P,1,1646,
3538.91,,Spot,1,Image 1,S2P,1,1647,
3830.49,,Spot,1,Image 1,S2P,1,1648,
4908.95,,Spot,1,Image 1,S2P,1,1649,
1710.66,,Spot,1,Image 1,S2P,1,1650,
3813.28,,Spot,1,Image 1,S2P,1,1651,
6255.05,,Spot,1,Image 1,S2P,1,1652,
8122.42,,Spot,1,Image 1,S2P,1,1653,
12396.4,,Spot,1,Image 1,S2P,1,1654,
9110.36,,Spot,1,Image 1,S2P,1,1655,
4090.58,,Spot,1,Image 1,S2P,1,1656,
8312.03,,Spot,1,Image 1,S2P,1,1657,
14215.8,,Spot,1,Image 1,S2P,1,1658,
1630.68,,Spot,1,Image 1,S2P,1,1659,
6995.84,,Spot,1,Image 1,S2P,1,1660,
19172.9,,Spot,1,Image 1,S2P,1,1661,
5018.88,,Spot,1,Image 1,S2P,1,1662,
7411.31,,Spot,1,Image 1,S2P,1,1663,
7050.48,,Spot,1,Image 1,S2P,1,1664,
8437.73,,Spot,1,Image 1,S2P,1,1665,
2194.53,,Spot,1,Image 1,S2P,1,1666,
1428.69,,Spot,1,Image 1,S2P,1,1667,
4367.09,,Spot,1,Image 1,S2P,1,1668,
1265.9,,Spot,1,Image 1,S2P,1,1669,
4714.73,,Spot,1,Image 1,S2P,1,1670,
1897.24,,Spot,1,Image 1,S2P,1,1671,
8133.45,,Spot,1,Image 1,S2P,1,1672,
13100.3,,Spot,1,Image 1,S2P,1,1673,
9568.28,,Spot,1,Image 1,S2P,1,1674,
3638.82,,Spot,1,Image 1,S2P,1,1675,
6639.39,,Spot,1,Image 1,S2P,1,1676,
746.19,,Spot,1,Image 1,S2P,1,1677,
20180.3,,Spot,1,Image 1,S2P,1,1678,
5973.86,,Spot,1,Image 1,S2P,1,1679,
3677.19,,Spot,1,Image 1,S2P,1,1680,
16817.5,,Spot,1,Image 1,S2P,1,1681,
10340.9,,Spot,1,Image 1,S2P,1,1682,
1079.21,,Spot,1,Image 1,S2P,1,1683,
4736.38,,Spot,1,Image 1,S2P,1,1684,
10201.1,,Spot,1,Image 1,S2P,1,1685,
9872.41,,Spot,1,Image 1,S2P,1,1686,
5298.62,,Spot,1,Image 1,S2P,1,1687,
5014.49,,Spot,1,Image 1,S2P,1,1688,
3981.76,,Spot,1,Image 1,S2P,1,1689,
8993.79,,Spot,1,Image 1,S2P,1,1690,
15011.4,,Spot,1,Image 1,S2P,1,1691,
3949.51,,Spot,1,Image 1,S2P,1,1692,
2508.8,,Spot,1,Image 1,S2P,1,1693,
1442.78,,Spot,1,Image 1,S2P,1,1694,
1478.44,,Spot,1,Image 1,S2P,1,1695,
3861.74,,Spot,1,Image 1,S2P,1,1696,
4293.46,,Spot,1,Image 1,S2P,1,1697,
1090.2,,Spot,1,Image 1,S2P,1,1698,
9692.93,,Spot,1,Image 1,S2P,1,1699,
391.667,,Spot,1,Image 1,S2P,1,1700,
942.641,,Spot,1,Image 1,S2P,1,1701,
8057.86,,Spot,1,Image 1,S2P,1,1702,
6680.01,,Spot,1,Image 1,S2P,1,1703,
7365.27,,Spot,1,Image 1,S2P,1,1704,
184.975,,Spot,1,Image 1,S2P,1,1705,
340.516,,Spot,1,Image 1,S2P,1,1706,
3399.13,,Spot,1,Image 1,S2P,1,1707,
1364.87,,Spot,1,Image 1,S2P,1,1708,
1419.46,,Spot,1,Image 1,S2P,1,1709,
4250,,Spot,1,Image 1,S2P,1,1710,
6160.6,,Spot,1,Image 1,S2P,1,1711,
1154.18,,Spot,1,Image 1,S2P,1,1712,
2313.75,,Spot,1,Image 1,S2P,1,1713,
1870.3,,Spot,1,Image 1,S2P,1,1714,
4376.94,,Spot,1,Image 1,S2P,1,1715,
7893.23,,Spot,1,Image 1,S2P,1,1716,
16304,,Spot,1,Image 1,S2P,1,1717,
10807.2,,Spot,1,Image 1,S2P,1,1718,
4052.4,,Spot,1,Image 1,S2P,1,1719,
5175.8,,Spot,1,Image 1,S2P,1,1720,
1678.22,,Spot,1,Image 1,S2P,1,1721,
1237.11,,Spot,1,Image 1,S2P,1,1722,
7753.43,,Spot,1,Image 1,S2P,1,1723,
935.915,,Spot,1,Image 1,S2P,1,1724,
1671.75,,Spot,1,Image 1,S2P,1,1725,
3214.66,,Spot,1,Image 1,S2P,1,1726,
4092.59,,Spot,1,Image 1,S2P,1,1727,
6387.49,,Spot,1,Image 1,S2P,1,1728,
2818.49,,Spot,1,Image 1,S2P,1,1729,
5054.38,,Spot,1,Image 1,S2P,1,1730,
7162.86,,Spot,1,Image 1,S2P,1,1731,
4004.71,,Spot,1,Image 1,S2P,1,1732,
4122.34,,Spot,1,Image 1,S2P,1,1733,
5205.72,,Spot,1,Image 1,S2P,1,1734,
14363.8,,Spot,1,Image 1,S2P,1,1735,
6561.55,,Spot,1,Image 1,S2P,1,1736,
4968.57,,Spot,1,Image 1,S2P,1,1737,
511.598,,Spot,1,Image 1,S2P,1,1738,
7848.66,,Spot,1,Image 1,S2P,1,1739,
3008.4,,Spot,1,Image 1,S2P,1,1740,
2434.72,,Spot,1,Image 1,S2P,1,1741,
2327.27,,Spot,1,Image 1,S2P,1,1742,
1455.15,,Spot,1,Image 1,S2P,1,1743,
2689.84,,Spot,1,Image 1,S2P,1,1744,
724.865,,Spot,1,Image 1,S2P,1,1745,
747.197,,Spot,1,Image 1,S2P,1,1746,
1328.34,,Spot,1,Image 1,S2P,1,1747,
3091.52,,Spot,1,Image 1,S2P,1,1748,
9198.66,,Spot,1,Image 1,S2P,1,1749,
2499.42,,Spot,1,Image 1,S2P,1,1750,
9800.72,,Spot,1,Image 1,S2P,1,1751,
4254.15,,Spot,1,Image 1,S2P,1,1752,
1632.03,,Spot,1,Image 1,S2P,1,1753,
7530.91,,Spot,1,Image 1,S2P,1,1754,
5861.35,,Spot,1,Image 1,S2P,1,1755,
7523.59,,Spot,1,Image 1,S2P,1,1756,
1738.21,,Spot,1,Image 1,S2P,1,1757,
6563.24,,Spot,1,Image 1,S2P,1,1758,
4751.3,,Spot,1,Image 1,S2P,1,1759,
236.864,,Spot,1,Image 1,S2P,1,1760,
2155.61,,Spot,1,Image 1,S2P,1,1761,
2759.16,,Spot,1,Image 1,S2P,1,1762,
7641.64,,Spot,1,Image 1,S2P,1,1763,
1010.89,,Spot,1,Image 1,S2P,1,1764,
16554.6,,Spot,1,Image 1,S2P,1,1765,
2622.38,,Spot,1,Image 1,S2P,1,1766,
8006.64,,Spot,1,Image 1,S2P,1,1767,
1778.87,,Spot,1,Image 1,S2P,1,1768,
5133.65,,Spot,1,Image 1,S2P,1,1769,
4545.02,,Spot,1,Image 1,S2P,1,1770,
7260.29,,Spot,1,Image 1,S2P,1,1771,
3503.95,,Spot,1,Image 1,S2P,1,1772,
8428.47,,Spot,1,Image 1,S2P,1,1773,
2365.33,,Spot,1,Image 1,S2P,1,1774,
5708.79,,Spot,1,Image 1,S2P,1,1775,
2514.25,,Spot,1,Image 1,S2P,1,1776,
2679.65,,Spot,1,Image 1,S2P,1,1777,
2966.42,,Spot,1,Image 1,S2P,1,1778,
3845.25,,Spot,1,Image 1,S2P,1,1779,
21587.1,,Spot,1,Image 1,S2P,1,1780,
4334.08,,Spot,1,Image 1,S2P,1,1781,
8599.59,,Spot,1,Image 1,S2P,1,1782,
15544.1,,Spot,1,Image 1,S2P,1,1783,
1358.68,,Spot,1,Image 1,S2P,1,1784,
3306.59,,Spot,1,Image 1,S2P,1,1785,
7674.81,,Spot,1,Image 1,S2P,1,1786,
2737.65,,Spot,1,Image 1,S2P,1,1787,
5987.95,,Spot,1,Image 1,S2P,1,1788,
6967.88,,Spot,1,Image 1,S2P,1,1789,
11155.7,,Spot,1,Image 1,S2P,1,1790,
1619.02,,Spot,1,Image 1,S2P,1,1791,
2373.89,,Spot,1,Image 1,S2P,1,1792,
4335.92,,Spot,1,Image 1,S2P,1,1793,
5758.99,,Spot,1,Image 1,S2P,1,1794,
8253.71,,Spot,1,Image 1,S2P,1,1795,
6233.33,,Spot,1,Image 1,S2P,1,1796,
2668.13,,Spot,1,Image 1,S2P,1,1797,
1659.14,,Spot,1,Image 1,S2P,1,1798,
1785.83,,Spot,1,Image 1,S2P,1,1799,
3675.98,,Spot,1,Image 1,S2P,1,1800,
14029.7,,Spot,1,Image 1,S2P,1,1801,
10320,,Spot,1,Image 1,S2P,1,1802,
1581.69,,Spot,1,Image 1,S2P,1,1803,
10817.5,,Spot,1,Image 1,S2P,1,1804,
2861.5,,Spot,1,Image 1,S2P,1,1805,
117.795,,Spot,1,Image 1,S2P,1,1806,
13106,,Spot,1,Image 1,S2P,1,1807,
8510.91,,Spot,1,Image 1,S2P,1,1808,
28955.4,,Spot,1,Image 1,S2P,1,1809,
1246.82,,Spot,1,Image 1,S2P,1,1810,
8404.59,,Spot,1,Image 1,S2P,1,1811,
5618.6,,Spot,1,Image 1,S2P,1,1812,
7442.02,,Spot,1,Image 1,S2P,1,1813,
5155.83,,Spot,1,Image 1,S2P,1,1814,
13919.1,,Spot,1,Image 1,S2P,1,1815,
6062.67,,Spot,1,Image 1,S2P,1,1816,
2529.34,,Spot,1,Image 1,S2P,1,1817,
7084.76,,Spot,1,Image 1,S2P,1,1818,
630.171,,Spot,1,Image 1,S2P,1,1819,
19566.6,,Spot,1,Image 1,S2P,1,1820,
2229.34,,Spot,1,Image 1,S2P,1,1821,
3114.07,,Spot,1,Image 1,S2P,1,1822,
3455.81,,Spot,1,Image 1,S2P,1,1823,
2622.3,,Spot,1,Image 1,S2P,1,1824,
10494.1,,Spot,1,Image 1,S2P,1,1825,
6628.09,,Spot,1,Image 1,S2P,1,1826,
1168.5,,Spot,1,Image 1,S2P,1,1827,
1960.74,,Spot,1,Image 1,S2P,1,1828,
5741.82,,Spot,1,Image 1,S2P,1,1829,
1597.76,,Spot,1,Image 1,S2P,1,1830,
4111.44,,Spot,1,Image 1,S2P,1,1831,
9795.7,,Spot,1,Image 1,S2P,1,1832,
1838.13,,Spot,1,Image 1,S2P,1,1833,
1826.44,,Spot,1,Image 1,S2P,1,1834,
4653.94,,Spot,1,Image 1,S2P,1,1835,
3478.58,,Spot,1,Image 1,S2P,1,1836,
660.952,,Spot,1,Image 1,S2P,1,1837,
5327.45,,Spot,1,Image 1,S2P,1,1838,
1907.34,,Spot,1,Image 1,S2P,1,1839,
2050.13,,Spot,1,Image 1,S2P,1,1840,
4682.75,,Spot,1,Image 1,S2P,1,1841,
3721.44,,Spot,1,Image 1,S2P,1,1842,
3799.07,,Spot,1,Image 1,S2P,1,1843,
380.557,,Spot,1,Image 1,S2P,1,1844,
3440.42,,Spot,1,Image 1,S2P,1,1845,
9339.47,,Spot,1,Image 1,S2P,1,1846,
2191.17,,Spot,1,Image 1,S2P,1,1847,
155.035,,Spot,1,Image 1,S2P,1,1848,
3617.7,,Spot,1,Image 1,S2P,1,1849,
3556.3,,Spot,1,Image 1,S2P,1,1850,
7570.29,,Spot,1,Image 1,S2P,1,1851,
1447.15,,Spot,1,Image 1,S2P,1,1852,
3113.31,,Spot,1,Image 1,S2P,1,1853,
4146.37,,Spot,1,Image 1,S2P,1,1854,
8140.24,,Spot,1,Image 1,S2P,1,1855,
7376.85,,Spot,1,Image 1,S2P,1,1856,
14170.9,,Spot,1,Image 1,S2P,1,1857,
4419.81,,Spot,1,Image 1,S2P,1,1858,
6465.03,,Spot,1,Image 1,S2P,1,1859,
1914.55,,Spot,1,Image 1,S2P,1,1860,
6076.86,,Spot,1,Image 1,S2P,1,1861,
287.903,,Spot,1,Image 1,S2P,1,1862,
3468.03,,Spot,1,Image 1,S2P,1,1863,
8579.54,,Spot,1,Image 1,S2P,1,1864,
11963.3,,Spot,1,Image 1,S2P,1,1865,
2078.3,,Spot,1,Image 1,S2P,1,1866,
4743.18,,Spot,1,Image 1,S2P,1,1867,
2106.24,,Spot,1,Image 1,S2P,1,1868,
8183.59,,Spot,1,Image 1,S2P,1,1869,
4655.48,,Spot,1,Image 1,S2P,1,1870,
3739.45,,Spot,1,Image 1,S2P,1,1871,
8867.41,,Spot,1,Image 1,S2P,1,1872,
6206.67,,Spot,1,Image 1,S2P,1,1873,
3789.52,,Spot,1,Image 1,S2P,1,1874,
696.165,,Spot,1,Image 1,S2P,1,1875,
2919.45,,Spot,1,Image 1,S2P,1,1876,
791.14,,Spot,1,Image 1,S2P,1,1877,
2418.07,,Spot,1,Image 1,S2P,1,1878,
1258.29,,Spot,1,Image 1,S2P,1,1879,
1657.2,,Spot,1,Image 1,S2P,1,1880,
10061.3,,Spot,1,Image 1,S2P,1,1881,
2385.4,,Spot,1,Image 1,S2P,1,1882,
4553.5,,Spot,1,Image 1,S2P,1,1883,
1312.13,,Spot,1,Image 1,S2P,1,1884,
2833,,Spot,1,Image 1,S2P,1,1885,
9319.55,,Spot,1,Image 1,S2P,1,1886,
1758.39,,Spot,1,Image 1,S2P,1,1887,
2130.13,,Spot,1,Image 1,S2P,1,1888,
7035.96,,Spot,1,Image 1,S2P,1,1889,
10926.6,,Spot,1,Image 1,S2P,1,1890,
3900.34,,Spot,1,Image 1,S2P,1,1891,
4300.15,,Spot,1,Image 1,S2P,1,1892,
110.971,,Spot,1,Image 1,S2P,1,1893,
3458.2,,Spot,1,Image 1,S2P,1,1894,
7930.25,,Spot,1,Image 1,S2P,1,1895,
4831.66,,Spot,1,Image 1,S2P,1,1896,
1909.2,,Spot,1,Image 1,S2P,1,1897,
6165.41,,Spot,1,Image 1,S2P,1,1898,
2237.41,,Spot,1,Image 1,S2P,1,1899,
3776.04,,Spot,1,Image 1,S2P,1,1900,
2502.1,,Spot,1,Image 1,S2P,1,1901,
5083.91,,Spot,1,Image 1,S2P,1,1902,
1547.5,,Spot,1,Image 1,S2P,1,1903,
3662.52,,Spot,1,Image 1,S2P,1,1904,
4641.14,,Spot,1,Image 1,S2P,1,1905,
7186.01,,Spot,1,Image 1,S2P,1,1906,
1362.76,,Spot,1,Image 1,S2P,1,1907,
786.783,,Spot,1,Image 1,S2P,1,1908,
5944.22,,Spot,1,Image 1,S2P,1,1909,
2516.89,,Spot,1,Image 1,S2P,1,1910,
12208.6,,Spot,1,Image 1,S2P,1,1911,
4432.68,,Spot,1,Image 1,S2P,1,1912,
420.868,,Spot,1,Image 1,S2P,1,1913,
5486.12,,Spot,1,Image 1,S2P,1,1914,
2765.69,,Spot,1,Image 1,S2P,1,1915,
2319.81,,Spot,1,Image 1,S2P,1,1916,
5550.48,,Spot,1,Image 1,S2P,1,1917,
2293.29,,Spot,1,Image 1,S2P,1,1918,
3224.55,,Spot,1,Image 1,S2P,1,1919,
11034,,Spot,1,Image 1,S2P,1,1920,
11712.6,,Spot,1,Image 1,S2P,1,1921,
903.047,,Spot,1,Image 1,S2P,1,1922,
756.971,,Spot,1,Image 1,S2P,1,1923,
6127.27,,Spot,1,Image 1,S2P,1,1924,
1706.66,,Spot,1,Image 1,S2P,1,1925,
8664.47,,Spot,1,Image 1,S2P,1,1926,
9464,,Spot,1,Image 1,S2P,1,1927,
5024.56,,Spot,1,Image 1,S2P,1,1928,
1644.33,,Spot,1,Image 1,S2P,1,1929,
19765.7,,Spot,1,Image 1,S2P,1,1930,
7201.05,,Spot,1,Image 1,S2P,1,1931,
4231.35,,Spot,1,Image 1,S2P,1,1932,
6455.11,,Spot,1,Image 1,S2P,1,1933,
4156.77,,Spot,1,Image 1,S2P,1,1934,
5425.94,,Spot,1,Image 1,S2P,1,1935,
6786.78,,Spot,1,Image 1,S2P,1,1936,
1585.6,,Spot,1,Image 1,S2P,1,1937,
973.826,,Spot,1,Image 1,S2P,1,1938,
13281.4,,Spot,1,Image 1,S2P,1,1939,
922.472,,Spot,1,Image 1,S2P,1,1940,
2714.63,,Spot,1,Image 1,S2P,1,1941,
7356.29,,Spot,1,Image 1,S2P,1,1942,
7148.37,,Spot,1,Image 1,S2P,1,1943,
607.422,,Spot,1,Image 1,S2P,1,1944,
2383.92,,Spot,1,Image 1,S2P,1,1945,
15134.4,,Spot,1,Image 1,S2P,1,1946,
5825.38,,Spot,1,Image 1,S2P,1,1947,
3168.06,,Spot,1,Image 1,S2P,1,1948,
1997.97,,Spot,1,Image 1,S2P,1,1949,
9362.41,,Spot,1,Image 1,S2P,1,1950,
1623.31,,Spot,1,Image 1,S2P,1,1951,
7682.93,,Spot,1,Image 1,S2P,1,1952,
8109.46,,Spot,1,Image 1,S2P,1,1953,
4838.63,,Spot,1,Image 1,S2P,1,1954,
4773.99,,Spot,1,Image 1,S2P,1,1955,
6986.83,,Spot,1,Image 1,S2P,1,1956,
883.833,,Spot,1,Image 1,S2P,1,1957,
6008.62,,Spot,1,Image 1,S2P,1,1958,
5679.12,,Spot,1,Image 1,S2P,1,1959,
2582.52,,Spot,1,Image 1,S2P,1,1960,
4933.48,,Spot,1,Image 1,S2P,1,1961,
5029.65,,Spot,1,Image 1,S2P,1,1962,
3495.41,,Spot,1,Image 1,S2P,1,1963,
254.779,,Spot,1,Image 1,S2P,1,1964,
2070.47,,Spot,1,Image 1,S2P,1,1965,
1871.73,,Spot,1,Image 1,S2P,1,1966,
2058.59,,Spot,1,Image 1,S2P,1,1967,
4642.77,,Spot,1,Image 1,S2P,1,1968,
2908.61,,Spot,1,Image 1,S2P,1,1969,
8906.96,,Spot,1,Image 1,S2P,1,1970,
2387.66,,Spot,1,Image 1,S2P,1,1971,
1237.15,,Spot,1,Image 1,S2P,1,1972,
6683.16,,Spot,1,Image 1,S2P,1,1973,
18175.7,,Spot,1,Image 1,S2P,1,1974,
12402.9,,Spot,1,Image 1,S2P,1,1975,
12402.4,,Spot,1,Image 1,S2P,1,1976,
3514.57,,Spot,1,Image 1,S2P,1,1977,
6666.67,,Spot,1,Image 1,S2P,1,1978,
2323.74,,Spot,1,Image 1,S2P,1,1979,
17432.8,,Spot,1,Image 1,S2P,1,1980,
12036.6,,Spot,1,Image 1,S2P,1,1981,
4488.24,,Spot,1,Image 1,S2P,1,1982,
1061.31,,Spot,1,Image 1,S2P,1,1983,
4847.92,,Spot,1,Image 1,S2P,1,1984,
8891.99,,Spot,1,Image 1,S2P,1,1985,
200.893,,Spot,1,Image 1,S2P,1,1986,
1876.12,,Spot,1,Image 1,S2P,1,1987,
619.33,,Spot,1,Image 1,S2P,1,1988,
850.877,,Spot,1,Image 1,S2P,1,1989,
6159.25,,Spot,1,Image 1,S2P,1,1990,
792.095,,Spot,1,Image 1,S2P,1,1991,
90.6689,,Spot,1,Image 1,S2P,1,1992,
5611.59,,Spot,1,Image 1,S2P,1,1993,
6266.07,,Spot,1,Image 1,S2P,1,1994,
13485.7,,Spot,1,Image 1,S2P,1,1995,
3289.84,,Spot,1,Image 1,S2P,1,1996,
6742.26,,Spot,1,Image 1,S2P,1,1997,
1478.87,,Spot,1,Image 1,S2P,1,1998,
2389.68,,Spot,1,Image 1,S2P,1,1999,
869.854,,Spot,1,Image 1,S2P,1,2000,
857.812,,Spot,1,Image 1,S2P,1,2001,
2393.02,,Spot,1,Image 1,S2P,1,2002,
2713.66,,Spot,1,Image 1,S2P,1,2003,
4482.6,,Spot,1,Image 1,S2P,1,2004,
5748.22,,Spot,1,Image 1,S2P,1,2005,
2148.18,,Spot,1,Image 1,S2P,1,2006,
2841.61,,Spot,1,Image 1,S2P,1,2007,
7137.83,,Spot,1,Image 1,S2P,1,2008,
1898.81,,Spot,1,Image 1,S2P,1,2009,
7188.47,,Spot,1,Image 1,S2P,1,2010,
3515.66,,Spot,1,Image 1,S2P,1,2011,
1646.28,,Spot,1,Image 1,S2P,1,2012,
5627.03,,Spot,1,Image 1,S2P,1,2013,
3135.83,,Spot,1,Image 1,S2P,1,2014,
5757.62,,Spot,1,Image 1,S2P,1,2015,
365.661,,Spot,1,Image 1,S2P,1,2016,
658.235,,Spot,1,Image 1,S2P,1,2017,
1395,,Spot,1,Image 1,S2P,1,2018,
6220.08,,Spot,1,Image 1,S2P,1,2019,
2998.67,,Spot,1,Image 1,S2P,1,2020,
1061.83,,Spot,1,Image 1,S2P,1,2021,
7913.03,,Spot,1,Image 1,S2P,1,2022,
4608.26,,Spot,1,Image 1,S2P,1,2023,
3701.46,,Spot,1,Image 1,S2P,1,2024,
8144.09,,Spot,1,Image 1,S2P,1,2025,
7704.33,,Spot,1,Image 1,S2P,1,2026,
6876.4,,Spot,1,Image 1,S2P,1,2027,
2104.43,,Spot,1,Image 1,S2P,1,2028,
1022.88,,Spot,1,Image 1,S2P,1,2029,
4417.53,,Spot,1,Image 1,S2P,1,2030,
1470.18,,Spot,1,Image 1,S2P,1,2031,
2399.67,,Spot,1,Image 1,S2P,1,2032,
5113.33,,Spot,1,Image 1,S2P,1,2033,
2898.57,,Spot,1,Image 1,S2P,1,2034,
4853.63,,Spot,1,Image 1,S2P,1,2035,
1962.65,,Spot,1,Image 1,S2P,1,2036,
9294.72,,Spot,1,Image 1,S2P,1,2037,
3561.26,,Spot,1,Image 1,S2P,1,2038,
4123.56,,Spot,1,Image 1,S2P,1,2039,
9038.21,,Spot,1,Image 1,S2P,1,2040,
2091.29,,Spot,1,Image 1,S2P,1,2041,
647.64,,Spot,1,Image 1,S2P,1,2042,
1659.98,,Spot,1,Image 1,S2P,1,2043,
6182.66,,Spot,1,Image 1,S2P,1,2044,
11264.6,,Spot,1,Image 1,S2P,1,2045,
5342.08,,Spot,1,Image 1,S2P,1,2046,
2494.39,,Spot,1,Image 1,S2P,1,2047,
1497.71,,Spot,1,Image 1,S2P,1,2048,
2685.84,,Spot,1,Image 1,S2P,1,2049,
3465.99,,Spot,1,Image 1,S2P,1,2050,
1726.45,,Spot,1,Image 1,S2P,1,2051,
4030.91,,Spot,1,Image 1,S2P,1,2052,
3067.8,,Spot,1,Image 1,S2P,1,2053,
7545.96,,Spot,1,Image 1,S2P,1,2054,
1155.76,,Spot,1,Image 1,S2P,1,2055,
787.677,,Spot,1,Image 1,S2P,1,2056,
5137.76,,Spot,1,Image 1,S2P,1,2057,
1806.98,,Spot,1,Image 1,S2P,1,2058,
2693.79,,Spot,1,Image 1,S2P,1,2059,
2728.25,,Spot,1,Image 1,S2P,1,2060,
4152.55,,Spot,1,Image 1,S2P,1,2061,
7488.57,,Spot,1,Image 1,S2P,1,2062,
4094.53,,Spot,1,Image 1,S2P,1,2063,
7571.28,,Spot,1,Image 1,S2P,1,2064,
6507.11,,Spot,1,Image 1,S2P,1,2065,
1192.32,,Spot,1,Image 1,S2P,1,2066,
4353.8,,Spot,1,Image 1,S2P,1,2067,
8447.32,,Spot,1,Image 1,S2P,1,2068,
13735.2,,Spot,1,Image 1,S2P,1,2069,
2557.46,,Spot,1,Image 1,S2P,1,2070,
7042.85,,Spot,1,Image 1,S2P,1,2071,
4834.03,,Spot,1,Image 1,S2P,1,2072,
3355.77,,Spot,1,Image 1,S2P,1,2073,
7277.44,,Spot,1,Image 1,S2P,1,2074,
15070.3,,Spot,1,Image 1,S2P,1,2075,
4519.95,,Spot,1,Image 1,S2P,1,2076,
7007.17,,Spot,1,Image 1,S2P,1,2077,
7595.97,,Spot,1,Image 1,S2P,1,2078,
16897.3,,Spot,1,Image 1,S2P,1,2079,
4874.62,,Spot,1,Image 1,S2P,1,2080,
14105.5,,Spot,1,Image 1,S2P,1,2081,
9723.26,,Spot,1,Image 1,S2P,1,2082,
3472.73,,Spot,1,Image 1,S2P,1,2083,
9273.89,,Spot,1,Image 1,S2P,1,2084,
2940.42,,Spot,1,Image 1,S2P,1,2085,
6952.28,,Spot,1,Image 1,S2P,1,2086,
14215.6,,Spot,1,Image 1,S2P,1,2087,
1841.02,,Spot,1,Image 1,S2P,1,2088,
5036.17,,Spot,1,Image 1,S2P,1,2089,
548.49,,Spot,1,Image 1,S2P,1,2090,
12341.1,,Spot,1,Image 1,S2P,1,2091,
4922.43,,Spot,1,Image 1,S2P,1,2092,
1841.29,,Spot,1,Image 1,S2P,1,2093,
4949.72,,Spot,1,Image 1,S2P,1,2094,
8354.13,,Spot,1,Image 1,S2P,1,2095,
5539.72,,Spot,1,Image 1,S2P,1,2096,
1273.67,,Spot,1,Image 1,S2P,1,2097,
863.435,,Spot,1,Image 1,S2P,1,2098,
3786.98,,Spot,1,Image 1,S2P,1,2099,
7336.17,,Spot,1,Image 1,S2P,1,2100,
6850.49,,Spot,1,Image 1,S2P,1,2101,
4240.53,,Spot,1,Image 1,S2P,1,2102,
7894.62,,Spot,1,Image 1,S2P,1,2103,
10203.1,,Spot,1,Image 1,S2P,1,2104,
3965.18,,Spot,1,Image 1,S2P,1,2105,
742.327,,Spot,1,Image 1,S2P,1,2106,
2299.82,,Spot,1,Image 1,S2P,1,2107,
11783.6,,Spot,1,Image 1,S2P,1,2108,
1600.33,,Spot,1,Image 1,S2P,1,2109,
4109.33,,Spot,1,Image 1,S2P,1,2110,
10751,,Spot,1,Image 1,S2P,1,2111,
1897.16,,Spot,1,Image 1,S2P,1,2112,
735.406,,Spot,1,Image 1,S2P,1,2113,
5141,,Spot,1,Image 1,S2P,1,2114,
10226.9,,Spot,1,Image 1,S2P,1,2115,
4335.66,,Spot,1,Image 1,S2P,1,2116,
3043.85,,Spot,1,Image 1,S2P,1,2117,
6150.01,,Spot,1,Image 1,S2P,1,2118,
5006.72,,Spot,1,Image 1,S2P,1,2119,
1472.58,,Spot,1,Image 1,S2P,1,2120,
5091.86,,Spot,1,Image 1,S2P,1,2121,
1900.88,,Spot,1,Image 1,S2P,1,2122,
4489.67,,Spot,1,Image 1,S2P,1,2123,
2543.69,,Spot,1,Image 1,S2P,1,2124,
2003.55,,Spot,1,Image 1,S2P,1,2125,
1315.46,,Spot,1,Image 1,S2P,1,2126,
5762.64,,Spot,1,Image 1,S2P,1,2127,
2952.47,,Spot,1,Image 1,S2P,1,2128,
3895.97,,Spot,1,Image 1,S2P,1,2129,
9748.73,,Spot,1,Image 1,S2P,1,2130,
4810.74,,Spot,1,Image 1,S2P,1,2131,
9047.98,,Spot,1,Image 1,S2P,1,2132,
4573.71,,Spot,1,Image 1,S2P,1,2133,
2877.12,,Spot,1,Image 1,S2P,1,2134,
4592.3,,Spot,1,Image 1,S2P,1,2135,
5102.64,,Spot,1,Image 1,S2P,1,2136,
2862.36,,Spot,1,Image 1,S2P,1,2137,
767.446,,Spot,1,Image 1,S2P,1,2138,
8709.79,,Spot,1,Image 1,S2P,1,2139,
2532.16,,Spot,1,Image 1,S2P,1,2140,
4153.19,,Spot,1,Image 1,S2P,1,2141,
4584.61,,Spot,1,Image 1,S2P,1,2142,
10264,,Spot,1,Image 1,S2P,1,2143,
9739.25,,Spot,1,Image 1,S2P,1,2144,
6702.49,,Spot,1,Image 1,S2P,1,2145,
8104.23,,Spot,1,Image 1,S2P,1,2146,
4537.46,,Spot,1,Image 1,S2P,1,2147,
419.666,,Spot,1,Image 1,S2P,1,2148,
7838.03,,Spot,1,Image 1,S2P,1,2149,
1290.79,,Spot,1,Image 1,S2P,1,2150,
1218.25,,Spot,1,Image 1,S2P,1,2151,
2646.99,,Spot,1,Image 1,S2P,1,2152,
3669.28,,Spot,1,Image 1,S2P,1,2153,
4149.37,,Spot,1,Image 1,S2P,1,2154,
6160.36,,Spot,1,Image 1,S2P,1,2155,
4022.47,,Spot,1,Image 1,S2P,1,2156,
2343.53,,Spot,1,Image 1,S2P,1,2157,
953.072,,Spot,1,Image 1,S2P,1,2158,
10417.6,,Spot,1,Image 1,S2P,1,2159,
3962.17,,Spot,1,Image 1,S2P,1,2160,
4269.01,,Spot,1,Image 1,S2P,1,2161,
7063.79,,Spot,1,Image 1,S2P,1,2162,
1999.83,,Spot,1,Image 1,S2P,1,2163,
9794.31,,Spot,1,Image 1,S2P,1,2164,
8190.27,,Spot,1,Image 1,S2P,1,2165,
12758.5,,Spot,1,Image 1,S2P,1,2166,
4174.2,,Spot,1,Image 1,S2P,1,2167,
4310.54,,Spot,1,Image 1,S2P,1,2168,
8750.28,,Spot,1,Image 1,S2P,1,2169,
654.084,,Spot,1,Image 1,S2P,1,2170,
569.427,,Spot,1,Image 1,S2P,1,2171,
1700.72,,Spot,1,Image 1,S2P,1,2172,
1831.73,,Spot,1,Image 1,S2P,1,2173,
2778.21,,Spot,1,Image 1,S2P,1,2174,
2474.36,,Spot,1,Image 1,S2P,1,2175,
5106.33,,Spot,1,Image 1,S2P,1,2176,
9531.02,,Spot,1,Image 1,S2P,1,2177,
3265.68,,Spot,1,Image 1,S2P,1,2178,
7741.24,,Spot,1,Image 1,S2P,1,2179,
6079.45,,Spot,1,Image 1,S2P,1,2180,
2441.91,,Spot,1,Image 1,S2P,1,2181,
4955.05,,Spot,1,Image 1,S2P,1,2182,
3202.58,,Spot,1,Image 1,S2P,1,2183,
4573.19,,Spot,1,Image 1,S2P,1,2184,
2656.89,,Spot,1,Image 1,S2P,1,2185,
3921.24,,Spot,1,Image 1,S2P,1,2186,
4527.16,,Spot,1,Image 1,S2P,1,2187,
4030.39,,Spot,1,Image 1,S2P,1,2188,
1314.62,,Spot,1,Image 1,S2P,1,2189,
2849.2,,Spot,1,Image 1,S2P,1,2190,
701.613,,Spot,1,Image 1,S2P,1,2191,
3130.17,,Spot,1,Image 1,S2P,1,2192,
5777.45,,Spot,1,Image 1,S2P,1,2193,
770.873,,Spot,1,Image 1,S2P,1,2194,
1302.71,,Spot,1,Image 1,S2P,1,2195,
7015.35,,Spot,1,Image 1,S2P,1,2196,
1109.6,,Spot,1,Image 1,S2P,1,2197,
804.478,,Spot,1,Image 1,S2P,1,2198,
2351.68,,Spot,1,Image 1,S2P,1,2199,
6802.27,,Spot,1,Image 1,S2P,1,2200,
2519.05,,Spot,1,Image 1,S2P,1,2201,
12069.5,,Spot,1,Image 1,S2P,1,2202,
2984.23,,Spot,1,Image 1,S2P,1,2203,
747.747,,Spot,1,Image 1,S2P,1,2204,
4730.88,,Spot,1,Image 1,S2P,1,2205,
7133.62,,Spot,1,Image 1,S2P,1,2206,
8702.25,,Spot,1,Image 1,S2P,1,2207,
7475.3,,Spot,1,Image 1,S2P,1,2208,
4820.99,,Spot,1,Image 1,S2P,1,2209,
11542.8,,Spot,1,Image 1,S2P,1,2210,
3828.9,,Spot,1,Image 1,S2P,1,2211,
503.629,,Spot,1,Image 1,S2P,1,2212,
2193.38,,Spot,1,Image 1,S2P,1,2213,
2580.63,,Spot,1,Image 1,S2P,1,2214,
3782.89,,Spot,1,Image 1,S2P,1,2215,
1205.29,,Spot,1,Image 1,S2P,1,2216,
2889.18,,Spot,1,Image 1,S2P,1,2217,
6391.66,,Spot,1,Image 1,S2P,1,2218,
921.164,,Spot,1,Image 1,S2P,1,2219,
1599.99,,Spot,1,Image 1,S2P,1,2220,
602.522,,Spot,1,Image 1,S2P,1,2221,
