
Shortest Distance to Surfaces Surfaces=Nucleus
 ==================== 
Shortest Distance to Surfaces,Unit,Category,Surfaces,Surpass Object,Time,ID,
0.00440291,um,Spot,Nucleus,S2P,1,617,
0.0135505,um,Spot,Nucleus,S2P,1,618,
-0.0126029,um,Spot,Nucleus,S2P,1,619,
0.0363225,um,Spot,Nucleus,S2P,1,620,
-0.15376,um,Spot,Nucleus,S2P,1,621,
0.0333832,um,Spot,Nucleus,S2P,1,622,
-0.297716,um,Spot,Nucleus,S2P,1,623,
0.016076,um,Spot,Nucleus,S2P,1,624,
-0.376324,um,Spot,Nucleus,S2P,1,625,
-0.270574,um,Spot,Nucleus,S2P,1,626,
-0.446659,um,Spot,Nucleus,S2P,1,627,
-0.00564996,um,Spot,Nucleus,S2P,1,628,
0.0275684,um,Spot,Nucleus,S2P,1,629,
-0.00471194,um,Spot,Nucleus,S2P,1,630,
-0.402302,um,Spot,Nucleus,S2P,1,631,
-0.257906,um,Spot,Nucleus,S2P,1,632,
-0.203205,um,Spot,Nucleus,S2P,1,633,
-0.0108552,um,Spot,Nucleus,S2P,1,634,
-0.0207485,um,Spot,Nucleus,S2P,1,635,
-0.0150147,um,Spot,Nucleus,S2P,1,636,
-0.0203577,um,Spot,Nucleus,S2P,1,637,
0.00485626,um,Spot,Nucleus,S2P,1,638,
0.00821542,um,Spot,Nucleus,S2P,1,639,
-0.0144271,um,Spot,Nucleus,S2P,1,640,
-0.0165974,um,Spot,Nucleus,S2P,1,641,
-0.00880928,um,Spot,Nucleus,S2P,1,642,
-0.00389437,um,Spot,Nucleus,S2P,1,643,
-0.00969294,um,Spot,Nucleus,S2P,1,644,
-0.0193945,um,Spot,Nucleus,S2P,1,645,
-0.0175832,um,Spot,Nucleus,S2P,1,646,
0.0127276,um,Spot,Nucleus,S2P,1,647,
-0.00775061,um,Spot,Nucleus,S2P,1,648,
-0.0414801,um,Spot,Nucleus,S2P,1,649,
-0.108854,um,Spot,Nucleus,S2P,1,650,
-0.0482603,um,Spot,Nucleus,S2P,1,651,
8.94038e-05,um,Spot,Nucleus,S2P,1,652,
-0.0698837,um,Spot,Nucleus,S2P,1,653,
-0.0165741,um,Spot,Nucleus,S2P,1,654,
-0.0362249,um,Spot,Nucleus,S2P,1,655,
-0.0262588,um,Spot,Nucleus,S2P,1,656,
-0.0411829,um,Spot,Nucleus,S2P,1,657,
-0.0491508,um,Spot,Nucleus,S2P,1,658,
0.00349074,um,Spot,Nucleus,S2P,1,659,
-0.0333947,um,Spot,Nucleus,S2P,1,660,
0.00365873,um,Spot,Nucleus,S2P,1,661,
-0.155876,um,Spot,Nucleus,S2P,1,662,
-0.158325,um,Spot,Nucleus,S2P,1,663,
-0.0381086,um,Spot,Nucleus,S2P,1,664,
-0.0462535,um,Spot,Nucleus,S2P,1,665,
-0.0111386,um,Spot,Nucleus,S2P,1,666,
0.0163662,um,Spot,Nucleus,S2P,1,667,
-0.0532082,um,Spot,Nucleus,S2P,1,668,
-0.000120388,um,Spot,Nucleus,S2P,1,669,
-0.0645629,um,Spot,Nucleus,S2P,1,670,
-0.106617,um,Spot,Nucleus,S2P,1,671,
-0.00709356,um,Spot,Nucleus,S2P,1,672,
-0.173171,um,Spot,Nucleus,S2P,1,673,
-0.227277,um,Spot,Nucleus,S2P,1,674,
0.0130332,um,Spot,Nucleus,S2P,1,675,
-0.272408,um,Spot,Nucleus,S2P,1,676,
-0.0751832,um,Spot,Nucleus,S2P,1,677,
-0.0977805,um,Spot,Nucleus,S2P,1,678,
-0.0225343,um,Spot,Nucleus,S2P,1,679,
-0.052221,um,Spot,Nucleus,S2P,1,680,
-0.0149547,um,Spot,Nucleus,S2P,1,681,
0.00171185,um,Spot,Nucleus,S2P,1,682,
-0.087621,um,Spot,Nucleus,S2P,1,683,
0.00731428,um,Spot,Nucleus,S2P,1,684,
-0.137572,um,Spot,Nucleus,S2P,1,685,
-0.0211595,um,Spot,Nucleus,S2P,1,686,
-0.0499781,um,Spot,Nucleus,S2P,1,687,
-0.0707482,um,Spot,Nucleus,S2P,1,688,
-0.199693,um,Spot,Nucleus,S2P,1,689,
-0.0249066,um,Spot,Nucleus,S2P,1,690,
-0.330676,um,Spot,Nucleus,S2P,1,691,
-0.0346106,um,Spot,Nucleus,S2P,1,692,
-0.398103,um,Spot,Nucleus,S2P,1,693,
-0.261465,um,Spot,Nucleus,S2P,1,694,
-0.434065,um,Spot,Nucleus,S2P,1,695,
-0.211172,um,Spot,Nucleus,S2P,1,696,
-0.18372,um,Spot,Nucleus,S2P,1,697,
-0.137929,um,Spot,Nucleus,S2P,1,698,
-0.0388389,um,Spot,Nucleus,S2P,1,699,
-0.229066,um,Spot,Nucleus,S2P,1,700,
0.00439525,um,Spot,Nucleus,S2P,1,701,
-0.128232,um,Spot,Nucleus,S2P,1,702,
-0.213763,um,Spot,Nucleus,S2P,1,703,
-0.42476,um,Spot,Nucleus,S2P,1,704,
-0.272131,um,Spot,Nucleus,S2P,1,705,
-0.533093,um,Spot,Nucleus,S2P,1,706,
-0.136211,um,Spot,Nucleus,S2P,1,707,
-0.0232392,um,Spot,Nucleus,S2P,1,708,
-0.536219,um,Spot,Nucleus,S2P,1,709,
-0.0269906,um,Spot,Nucleus,S2P,1,710,
-0.363359,um,Spot,Nucleus,S2P,1,711,
-0.611689,um,Spot,Nucleus,S2P,1,712,
-0.219231,um,Spot,Nucleus,S2P,1,713,
-0.0405678,um,Spot,Nucleus,S2P,1,714,
-0.152843,um,Spot,Nucleus,S2P,1,715,
-0.356378,um,Spot,Nucleus,S2P,1,716,
-0.311362,um,Spot,Nucleus,S2P,1,717,
-0.517297,um,Spot,Nucleus,S2P,1,718,
-0.617212,um,Spot,Nucleus,S2P,1,719,
-0.334823,um,Spot,Nucleus,S2P,1,720,
-0.101769,um,Spot,Nucleus,S2P,1,721,
-0.71029,um,Spot,Nucleus,S2P,1,722,
-0.382245,um,Spot,Nucleus,S2P,1,723,
-0.340412,um,Spot,Nucleus,S2P,1,724,
0.0176466,um,Spot,Nucleus,S2P,1,725,
-0.30557,um,Spot,Nucleus,S2P,1,726,
-0.652404,um,Spot,Nucleus,S2P,1,727,
-0.0175637,um,Spot,Nucleus,S2P,1,728,
-0.329269,um,Spot,Nucleus,S2P,1,729,
-0.0135265,um,Spot,Nucleus,S2P,1,730,
-0.0510376,um,Spot,Nucleus,S2P,1,731,
-0.0577143,um,Spot,Nucleus,S2P,1,732,
-0.452976,um,Spot,Nucleus,S2P,1,733,
0.00514257,um,Spot,Nucleus,S2P,1,734,
-0.177769,um,Spot,Nucleus,S2P,1,735,
0.0120652,um,Spot,Nucleus,S2P,1,736,
-0.0279825,um,Spot,Nucleus,S2P,1,737,
-0.210639,um,Spot,Nucleus,S2P,1,738,
-0.860312,um,Spot,Nucleus,S2P,1,739,
-0.756958,um,Spot,Nucleus,S2P,1,740,
-0.887015,um,Spot,Nucleus,S2P,1,741,
-0.602634,um,Spot,Nucleus,S2P,1,742,
-0.0304706,um,Spot,Nucleus,S2P,1,743,
-0.769335,um,Spot,Nucleus,S2P,1,744,
-0.829732,um,Spot,Nucleus,S2P,1,745,
-0.111138,um,Spot,Nucleus,S2P,1,746,
-0.29727,um,Spot,Nucleus,S2P,1,747,
-0.597366,um,Spot,Nucleus,S2P,1,748,
-0.0860654,um,Spot,Nucleus,S2P,1,749,
-0.706504,um,Spot,Nucleus,S2P,1,750,
-0.511577,um,Spot,Nucleus,S2P,1,751,
-0.00284249,um,Spot,Nucleus,S2P,1,752,
-0.252948,um,Spot,Nucleus,S2P,1,753,
-0.0452518,um,Spot,Nucleus,S2P,1,754,
-0.627076,um,Spot,Nucleus,S2P,1,755,
-0.0621064,um,Spot,Nucleus,S2P,1,756,
-0.703594,um,Spot,Nucleus,S2P,1,757,
-0.0763599,um,Spot,Nucleus,S2P,1,758,
-0.797581,um,Spot,Nucleus,S2P,1,759,
-0.000515634,um,Spot,Nucleus,S2P,1,760,
-1.05247,um,Spot,Nucleus,S2P,1,761,
-0.523152,um,Spot,Nucleus,S2P,1,762,
-0.730052,um,Spot,Nucleus,S2P,1,763,
-0.688143,um,Spot,Nucleus,S2P,1,764,
-1.04451,um,Spot,Nucleus,S2P,1,765,
-0.649693,um,Spot,Nucleus,S2P,1,766,
-0.83128,um,Spot,Nucleus,S2P,1,767,
-0.00218326,um,Spot,Nucleus,S2P,1,768,
-0.237349,um,Spot,Nucleus,S2P,1,769,
-0.021575,um,Spot,Nucleus,S2P,1,770,
-0.0192463,um,Spot,Nucleus,S2P,1,771,
-1.09303,um,Spot,Nucleus,S2P,1,772,
-1.08753,um,Spot,Nucleus,S2P,1,773,
-0.96861,um,Spot,Nucleus,S2P,1,774,
-0.0680495,um,Spot,Nucleus,S2P,1,775,
-0.817586,um,Spot,Nucleus,S2P,1,776,
0.00659064,um,Spot,Nucleus,S2P,1,777,
-0.0307977,um,Spot,Nucleus,S2P,1,778,
-0.171761,um,Spot,Nucleus,S2P,1,779,
0.002475,um,Spot,Nucleus,S2P,1,780,
-0.0271836,um,Spot,Nucleus,S2P,1,781,
-0.00336769,um,Spot,Nucleus,S2P,1,782,
-0.0290099,um,Spot,Nucleus,S2P,1,783,
-0.241335,um,Spot,Nucleus,S2P,1,784,
-0.0192436,um,Spot,Nucleus,S2P,1,785,
-0.205228,um,Spot,Nucleus,S2P,1,786,
-0.365754,um,Spot,Nucleus,S2P,1,787,
-0.439386,um,Spot,Nucleus,S2P,1,788,
-0.334819,um,Spot,Nucleus,S2P,1,789,
-0.380454,um,Spot,Nucleus,S2P,1,790,
-0.206916,um,Spot,Nucleus,S2P,1,791,
-0.0190047,um,Spot,Nucleus,S2P,1,792,
-0.0625901,um,Spot,Nucleus,S2P,1,793,
-0.0417003,um,Spot,Nucleus,S2P,1,794,
-0.255995,um,Spot,Nucleus,S2P,1,795,
-0.222572,um,Spot,Nucleus,S2P,1,796,
0.00882311,um,Spot,Nucleus,S2P,1,797,
-0.0489557,um,Spot,Nucleus,S2P,1,798,
-0.0423673,um,Spot,Nucleus,S2P,1,799,
-0.128042,um,Spot,Nucleus,S2P,1,800,
-0.0184922,um,Spot,Nucleus,S2P,1,801,
-0.157983,um,Spot,Nucleus,S2P,1,802,
-0.112393,um,Spot,Nucleus,S2P,1,803,
-0.00741254,um,Spot,Nucleus,S2P,1,804,
-0.108175,um,Spot,Nucleus,S2P,1,805,
-0.035296,um,Spot,Nucleus,S2P,1,806,
-0.049042,um,Spot,Nucleus,S2P,1,807,
-0.0512491,um,Spot,Nucleus,S2P,1,808,
-0.464461,um,Spot,Nucleus,S2P,1,809,
-0.332936,um,Spot,Nucleus,S2P,1,810,
-0.154609,um,Spot,Nucleus,S2P,1,811,
-0.312692,um,Spot,Nucleus,S2P,1,812,
-0.187068,um,Spot,Nucleus,S2P,1,813,
-0.0607497,um,Spot,Nucleus,S2P,1,814,
-0.0244277,um,Spot,Nucleus,S2P,1,815,
-0.00979425,um,Spot,Nucleus,S2P,1,816,
-0.305871,um,Spot,Nucleus,S2P,1,817,
-0.364612,um,Spot,Nucleus,S2P,1,818,
-0.470826,um,Spot,Nucleus,S2P,1,819,
-0.181482,um,Spot,Nucleus,S2P,1,820,
-0.129214,um,Spot,Nucleus,S2P,1,821,
-0.352874,um,Spot,Nucleus,S2P,1,822,
-0.227067,um,Spot,Nucleus,S2P,1,823,
-0.0475809,um,Spot,Nucleus,S2P,1,824,
-0.0376875,um,Spot,Nucleus,S2P,1,825,
-0.0527468,um,Spot,Nucleus,S2P,1,826,
-0.249329,um,Spot,Nucleus,S2P,1,827,
-0.106994,um,Spot,Nucleus,S2P,1,828,
-0.208279,um,Spot,Nucleus,S2P,1,829,
-0.461262,um,Spot,Nucleus,S2P,1,830,
-0.326204,um,Spot,Nucleus,S2P,1,831,
-0.0524141,um,Spot,Nucleus,S2P,1,832,
-0.0229128,um,Spot,Nucleus,S2P,1,833,
-0.0838437,um,Spot,Nucleus,S2P,1,834,
-0.25054,um,Spot,Nucleus,S2P,1,835,
-0.126097,um,Spot,Nucleus,S2P,1,836,
-0.439767,um,Spot,Nucleus,S2P,1,837,
-0.0404356,um,Spot,Nucleus,S2P,1,838,
-0.101321,um,Spot,Nucleus,S2P,1,839,
-0.097766,um,Spot,Nucleus,S2P,1,840,
-0.252095,um,Spot,Nucleus,S2P,1,841,
-0.268332,um,Spot,Nucleus,S2P,1,842,
-0.223364,um,Spot,Nucleus,S2P,1,843,
-0.436254,um,Spot,Nucleus,S2P,1,844,
-0.783273,um,Spot,Nucleus,S2P,1,845,
-0.626579,um,Spot,Nucleus,S2P,1,846,
-0.294028,um,Spot,Nucleus,S2P,1,847,
-0.259675,um,Spot,Nucleus,S2P,1,848,
-0.373763,um,Spot,Nucleus,S2P,1,849,
-0.64373,um,Spot,Nucleus,S2P,1,850,
-0.394199,um,Spot,Nucleus,S2P,1,851,
-0.324604,um,Spot,Nucleus,S2P,1,852,
-0.479059,um,Spot,Nucleus,S2P,1,853,
-0.358112,um,Spot,Nucleus,S2P,1,854,
-0.384774,um,Spot,Nucleus,S2P,1,855,
-0.415511,um,Spot,Nucleus,S2P,1,856,
-0.68684,um,Spot,Nucleus,S2P,1,857,
-0.736688,um,Spot,Nucleus,S2P,1,858,
-0.323534,um,Spot,Nucleus,S2P,1,859,
-0.361824,um,Spot,Nucleus,S2P,1,860,
-0.529377,um,Spot,Nucleus,S2P,1,861,
-0.642304,um,Spot,Nucleus,S2P,1,862,
-0.459657,um,Spot,Nucleus,S2P,1,863,
-0.938312,um,Spot,Nucleus,S2P,1,864,
-0.69965,um,Spot,Nucleus,S2P,1,865,
-0.873552,um,Spot,Nucleus,S2P,1,866,
-0.819007,um,Spot,Nucleus,S2P,1,867,
-0.980465,um,Spot,Nucleus,S2P,1,868,
-0.175048,um,Spot,Nucleus,S2P,1,869,
-0.879051,um,Spot,Nucleus,S2P,1,870,
-0.684012,um,Spot,Nucleus,S2P,1,871,
-0.821698,um,Spot,Nucleus,S2P,1,872,
-0.986789,um,Spot,Nucleus,S2P,1,873,
-0.537787,um,Spot,Nucleus,S2P,1,874,
-0.156686,um,Spot,Nucleus,S2P,1,875,
-0.367055,um,Spot,Nucleus,S2P,1,876,
-0.748606,um,Spot,Nucleus,S2P,1,877,
-0.970886,um,Spot,Nucleus,S2P,1,878,
-1.19359,um,Spot,Nucleus,S2P,1,879,
-0.511909,um,Spot,Nucleus,S2P,1,880,
-0.415233,um,Spot,Nucleus,S2P,1,881,
-0.929463,um,Spot,Nucleus,S2P,1,882,
-0.523629,um,Spot,Nucleus,S2P,1,883,
-0.13162,um,Spot,Nucleus,S2P,1,884,
-0.0306007,um,Spot,Nucleus,S2P,1,885,
-0.073109,um,Spot,Nucleus,S2P,1,886,
-0.142257,um,Spot,Nucleus,S2P,1,887,
-0.255678,um,Spot,Nucleus,S2P,1,888,
-0.313061,um,Spot,Nucleus,S2P,1,889,
-0.204972,um,Spot,Nucleus,S2P,1,890,
-0.13726,um,Spot,Nucleus,S2P,1,891,
-0.533831,um,Spot,Nucleus,S2P,1,892,
-0.547067,um,Spot,Nucleus,S2P,1,893,
-0.334949,um,Spot,Nucleus,S2P,1,894,
-0.467857,um,Spot,Nucleus,S2P,1,895,
-0.0518828,um,Spot,Nucleus,S2P,1,896,
-0.418771,um,Spot,Nucleus,S2P,1,897,
-0.485882,um,Spot,Nucleus,S2P,1,898,
-0.750377,um,Spot,Nucleus,S2P,1,899,
-0.470379,um,Spot,Nucleus,S2P,1,900,
-0.437261,um,Spot,Nucleus,S2P,1,901,
-0.42261,um,Spot,Nucleus,S2P,1,902,
-0.795357,um,Spot,Nucleus,S2P,1,903,
-0.434852,um,Spot,Nucleus,S2P,1,904,
-0.699486,um,Spot,Nucleus,S2P,1,905,
-0.899421,um,Spot,Nucleus,S2P,1,906,
-0.099831,um,Spot,Nucleus,S2P,1,907,
-1.18009,um,Spot,Nucleus,S2P,1,908,
-0.950938,um,Spot,Nucleus,S2P,1,909,
-1.04742,um,Spot,Nucleus,S2P,1,910,
-1.07266,um,Spot,Nucleus,S2P,1,911,
-1.05525,um,Spot,Nucleus,S2P,1,912,
-0.163505,um,Spot,Nucleus,S2P,1,913,
-0.855748,um,Spot,Nucleus,S2P,1,914,
-0.839011,um,Spot,Nucleus,S2P,1,915,
-0.878031,um,Spot,Nucleus,S2P,1,916,
-0.266808,um,Spot,Nucleus,S2P,1,917,
-0.017411,um,Spot,Nucleus,S2P,1,918,
-1.09409,um,Spot,Nucleus,S2P,1,919,
-0.0526228,um,Spot,Nucleus,S2P,1,920,
-0.742912,um,Spot,Nucleus,S2P,1,921,
-1.04724,um,Spot,Nucleus,S2P,1,922,
-0.320975,um,Spot,Nucleus,S2P,1,923,
-0.638011,um,Spot,Nucleus,S2P,1,924,
-0.301659,um,Spot,Nucleus,S2P,1,925,
-0.707596,um,Spot,Nucleus,S2P,1,926,
-0.847851,um,Spot,Nucleus,S2P,1,927,
-0.0708165,um,Spot,Nucleus,S2P,1,928,
-0.145996,um,Spot,Nucleus,S2P,1,929,
-1.02932,um,Spot,Nucleus,S2P,1,930,
-0.886119,um,Spot,Nucleus,S2P,1,931,
-0.79448,um,Spot,Nucleus,S2P,1,932,
-0.675236,um,Spot,Nucleus,S2P,1,933,
-0.999369,um,Spot,Nucleus,S2P,1,934,
-1.13845,um,Spot,Nucleus,S2P,1,935,
-0.693021,um,Spot,Nucleus,S2P,1,936,
-0.558529,um,Spot,Nucleus,S2P,1,937,
-0.0256205,um,Spot,Nucleus,S2P,1,938,
-0.582918,um,Spot,Nucleus,S2P,1,939,
-0.942588,um,Spot,Nucleus,S2P,1,940,
-0.0600524,um,Spot,Nucleus,S2P,1,941,
-0.0670618,um,Spot,Nucleus,S2P,1,942,
-0.616644,um,Spot,Nucleus,S2P,1,943,
-0.273497,um,Spot,Nucleus,S2P,1,944,
-0.674912,um,Spot,Nucleus,S2P,1,945,
-0.650041,um,Spot,Nucleus,S2P,1,946,
-0.878891,um,Spot,Nucleus,S2P,1,947,
-0.87794,um,Spot,Nucleus,S2P,1,948,
-1.07731,um,Spot,Nucleus,S2P,1,949,
-0.935239,um,Spot,Nucleus,S2P,1,950,
-0.319774,um,Spot,Nucleus,S2P,1,951,
-1.08304,um,Spot,Nucleus,S2P,1,952,
-1.14826,um,Spot,Nucleus,S2P,1,953,
-0.622063,um,Spot,Nucleus,S2P,1,954,
-0.920906,um,Spot,Nucleus,S2P,1,955,
-0.974469,um,Spot,Nucleus,S2P,1,956,
-0.958089,um,Spot,Nucleus,S2P,1,957,
-0.299897,um,Spot,Nucleus,S2P,1,958,
-0.810842,um,Spot,Nucleus,S2P,1,959,
-0.12637,um,Spot,Nucleus,S2P,1,960,
-0.999936,um,Spot,Nucleus,S2P,1,961,
-1.35686,um,Spot,Nucleus,S2P,1,962,
-0.652438,um,Spot,Nucleus,S2P,1,963,
-0.587496,um,Spot,Nucleus,S2P,1,964,
-1.00544,um,Spot,Nucleus,S2P,1,965,
-1.41271,um,Spot,Nucleus,S2P,1,966,
-0.906956,um,Spot,Nucleus,S2P,1,967,
-0.897703,um,Spot,Nucleus,S2P,1,968,
-0.456443,um,Spot,Nucleus,S2P,1,969,
-0.535372,um,Spot,Nucleus,S2P,1,970,
-0.140281,um,Spot,Nucleus,S2P,1,971,
-0.792458,um,Spot,Nucleus,S2P,1,972,
-0.743394,um,Spot,Nucleus,S2P,1,973,
-0.589967,um,Spot,Nucleus,S2P,1,974,
-1.25272,um,Spot,Nucleus,S2P,1,975,
-0.684997,um,Spot,Nucleus,S2P,1,976,
-0.944632,um,Spot,Nucleus,S2P,1,977,
-0.79749,um,Spot,Nucleus,S2P,1,978,
-0.668911,um,Spot,Nucleus,S2P,1,979,
-1.21661,um,Spot,Nucleus,S2P,1,980,
-1.16138,um,Spot,Nucleus,S2P,1,981,
-0.739039,um,Spot,Nucleus,S2P,1,982,
-0.628105,um,Spot,Nucleus,S2P,1,983,
-0.849102,um,Spot,Nucleus,S2P,1,984,
-0.926494,um,Spot,Nucleus,S2P,1,985,
-0.712571,um,Spot,Nucleus,S2P,1,986,
-0.403926,um,Spot,Nucleus,S2P,1,987,
-0.682935,um,Spot,Nucleus,S2P,1,988,
-1.13554,um,Spot,Nucleus,S2P,1,989,
-0.314839,um,Spot,Nucleus,S2P,1,990,
-1.44003,um,Spot,Nucleus,S2P,1,991,
-0.648335,um,Spot,Nucleus,S2P,1,992,
-1.1744,um,Spot,Nucleus,S2P,1,993,
-0.916518,um,Spot,Nucleus,S2P,1,994,
-0.705351,um,Spot,Nucleus,S2P,1,995,
-0.596656,um,Spot,Nucleus,S2P,1,996,
-0.801477,um,Spot,Nucleus,S2P,1,997,
-1.34315,um,Spot,Nucleus,S2P,1,998,
-1.33838,um,Spot,Nucleus,S2P,1,999,
-1.1631,um,Spot,Nucleus,S2P,1,1000,
-0.81031,um,Spot,Nucleus,S2P,1,1001,
-0.652362,um,Spot,Nucleus,S2P,1,1002,
-0.659458,um,Spot,Nucleus,S2P,1,1003,
-1.25422,um,Spot,Nucleus,S2P,1,1004,
-0.481804,um,Spot,Nucleus,S2P,1,1005,
-0.389834,um,Spot,Nucleus,S2P,1,1006,
-0.403747,um,Spot,Nucleus,S2P,1,1007,
-0.998339,um,Spot,Nucleus,S2P,1,1008,
-0.391965,um,Spot,Nucleus,S2P,1,1009,
-1.42481,um,Spot,Nucleus,S2P,1,1010,
-1.46524,um,Spot,Nucleus,S2P,1,1011,
-1.3448,um,Spot,Nucleus,S2P,1,1012,
-1.42593,um,Spot,Nucleus,S2P,1,1013,
-1.20139,um,Spot,Nucleus,S2P,1,1014,
-1.16829,um,Spot,Nucleus,S2P,1,1015,
-1.02564,um,Spot,Nucleus,S2P,1,1016,
-1.04593,um,Spot,Nucleus,S2P,1,1017,
-0.880555,um,Spot,Nucleus,S2P,1,1018,
-1.16897,um,Spot,Nucleus,S2P,1,1019,
-0.776935,um,Spot,Nucleus,S2P,1,1020,
-1.19674,um,Spot,Nucleus,S2P,1,1021,
-0.665758,um,Spot,Nucleus,S2P,1,1022,
-1.32861,um,Spot,Nucleus,S2P,1,1023,
-0.591562,um,Spot,Nucleus,S2P,1,1024,
-1.20049,um,Spot,Nucleus,S2P,1,1025,
-0.868179,um,Spot,Nucleus,S2P,1,1026,
-0.910976,um,Spot,Nucleus,S2P,1,1027,
-1.09836,um,Spot,Nucleus,S2P,1,1028,
-0.820508,um,Spot,Nucleus,S2P,1,1029,
-1.34517,um,Spot,Nucleus,S2P,1,1030,
-0.81539,um,Spot,Nucleus,S2P,1,1031,
-1.54554,um,Spot,Nucleus,S2P,1,1032,
-0.887869,um,Spot,Nucleus,S2P,1,1033,
-0.921194,um,Spot,Nucleus,S2P,1,1034,
-1.1387,um,Spot,Nucleus,S2P,1,1035,
-0.879409,um,Spot,Nucleus,S2P,1,1036,
-0.879171,um,Spot,Nucleus,S2P,1,1037,
-1.46003,um,Spot,Nucleus,S2P,1,1038,
-1.45395,um,Spot,Nucleus,S2P,1,1039,
-1.34536,um,Spot,Nucleus,S2P,1,1040,
-1.60866,um,Spot,Nucleus,S2P,1,1041,
-1.19167,um,Spot,Nucleus,S2P,1,1042,
-0.923761,um,Spot,Nucleus,S2P,1,1043,
-1.50687,um,Spot,Nucleus,S2P,1,1044,
-1.47855,um,Spot,Nucleus,S2P,1,1045,
-1.60035,um,Spot,Nucleus,S2P,1,1046,
-0.996094,um,Spot,Nucleus,S2P,1,1047,
-1.06257,um,Spot,Nucleus,S2P,1,1048,
-1.13364,um,Spot,Nucleus,S2P,1,1049,
-0.974782,um,Spot,Nucleus,S2P,1,1050,
-1.53264,um,Spot,Nucleus,S2P,1,1051,
-0.893337,um,Spot,Nucleus,S2P,1,1052,
-1.31933,um,Spot,Nucleus,S2P,1,1053,
-0.616502,um,Spot,Nucleus,S2P,1,1054,
-0.929618,um,Spot,Nucleus,S2P,1,1055,
-1.06039,um,Spot,Nucleus,S2P,1,1056,
-1.26623,um,Spot,Nucleus,S2P,1,1057,
-1.47676,um,Spot,Nucleus,S2P,1,1058,
-0.834061,um,Spot,Nucleus,S2P,1,1059,
-1.50471,um,Spot,Nucleus,S2P,1,1060,
-0.953815,um,Spot,Nucleus,S2P,1,1061,
-1.24122,um,Spot,Nucleus,S2P,1,1062,
-0.978154,um,Spot,Nucleus,S2P,1,1063,
-0.912279,um,Spot,Nucleus,S2P,1,1064,
-1.61631,um,Spot,Nucleus,S2P,1,1065,
-1.098,um,Spot,Nucleus,S2P,1,1066,
-0.999131,um,Spot,Nucleus,S2P,1,1067,
-1.11435,um,Spot,Nucleus,S2P,1,1068,
-1.08606,um,Spot,Nucleus,S2P,1,1069,
-1.08292,um,Spot,Nucleus,S2P,1,1070,
-0.943827,um,Spot,Nucleus,S2P,1,1071,
-1.16337,um,Spot,Nucleus,S2P,1,1072,
-1.3278,um,Spot,Nucleus,S2P,1,1073,
-1.24458,um,Spot,Nucleus,S2P,1,1074,
-1.77019,um,Spot,Nucleus,S2P,1,1075,
-1.03677,um,Spot,Nucleus,S2P,1,1076,
-1.23178,um,Spot,Nucleus,S2P,1,1077,
-0.97771,um,Spot,Nucleus,S2P,1,1078,
-1.16386,um,Spot,Nucleus,S2P,1,1079,
-1.1288,um,Spot,Nucleus,S2P,1,1080,
-1.18,um,Spot,Nucleus,S2P,1,1081,
-1.40682,um,Spot,Nucleus,S2P,1,1082,
-1.29675,um,Spot,Nucleus,S2P,1,1083,
-1.33194,um,Spot,Nucleus,S2P,1,1084,
-1.07559,um,Spot,Nucleus,S2P,1,1085,
-1.6089,um,Spot,Nucleus,S2P,1,1086,
-1.53799,um,Spot,Nucleus,S2P,1,1087,
-1.16064,um,Spot,Nucleus,S2P,1,1088,
-1.021,um,Spot,Nucleus,S2P,1,1089,
-1.55632,um,Spot,Nucleus,S2P,1,1090,
-0.958362,um,Spot,Nucleus,S2P,1,1091,
-1.57123,um,Spot,Nucleus,S2P,1,1092,
-1.12759,um,Spot,Nucleus,S2P,1,1093,
-1.79384,um,Spot,Nucleus,S2P,1,1094,
-1.62003,um,Spot,Nucleus,S2P,1,1095,
-1.51406,um,Spot,Nucleus,S2P,1,1096,
-1.09799,um,Spot,Nucleus,S2P,1,1097,
-0.993553,um,Spot,Nucleus,S2P,1,1098,
-0.988988,um,Spot,Nucleus,S2P,1,1099,
-1.26966,um,Spot,Nucleus,S2P,1,1100,
-0.158362,um,Spot,Nucleus,S2P,1,1101,
-0.244526,um,Spot,Nucleus,S2P,1,1102,
-0.427321,um,Spot,Nucleus,S2P,1,1103,
-0.459774,um,Spot,Nucleus,S2P,1,1104,
-0.153723,um,Spot,Nucleus,S2P,1,1105,
-0.241499,um,Spot,Nucleus,S2P,1,1106,
-0.187521,um,Spot,Nucleus,S2P,1,1107,
-0.335262,um,Spot,Nucleus,S2P,1,1108,
-0.41543,um,Spot,Nucleus,S2P,1,1109,
-0.228148,um,Spot,Nucleus,S2P,1,1110,
-0.468765,um,Spot,Nucleus,S2P,1,1111,
-0.36334,um,Spot,Nucleus,S2P,1,1112,
-0.339723,um,Spot,Nucleus,S2P,1,1113,
-0.342861,um,Spot,Nucleus,S2P,1,1114,
-0.228201,um,Spot,Nucleus,S2P,1,1115,
-0.489029,um,Spot,Nucleus,S2P,1,1116,
-0.162866,um,Spot,Nucleus,S2P,1,1117,
-0.613376,um,Spot,Nucleus,S2P,1,1118,
-0.263502,um,Spot,Nucleus,S2P,1,1119,
-0.472999,um,Spot,Nucleus,S2P,1,1120,
-0.270411,um,Spot,Nucleus,S2P,1,1121,
-0.385219,um,Spot,Nucleus,S2P,1,1122,
-0.837614,um,Spot,Nucleus,S2P,1,1123,
-0.569882,um,Spot,Nucleus,S2P,1,1124,
-0.56021,um,Spot,Nucleus,S2P,1,1125,
-0.570962,um,Spot,Nucleus,S2P,1,1126,
-0.254791,um,Spot,Nucleus,S2P,1,1127,
-0.381536,um,Spot,Nucleus,S2P,1,1128,
-0.873469,um,Spot,Nucleus,S2P,1,1129,
-0.718212,um,Spot,Nucleus,S2P,1,1130,
-0.492518,um,Spot,Nucleus,S2P,1,1131,
-0.237559,um,Spot,Nucleus,S2P,1,1132,
-0.441675,um,Spot,Nucleus,S2P,1,1133,
-0.513324,um,Spot,Nucleus,S2P,1,1134,
-0.254663,um,Spot,Nucleus,S2P,1,1135,
-0.296843,um,Spot,Nucleus,S2P,1,1136,
-0.389919,um,Spot,Nucleus,S2P,1,1137,
-0.049167,um,Spot,Nucleus,S2P,1,1138,
-0.26749,um,Spot,Nucleus,S2P,1,1139,
-0.253568,um,Spot,Nucleus,S2P,1,1140,
-0.10197,um,Spot,Nucleus,S2P,1,1141,
-0.0669577,um,Spot,Nucleus,S2P,1,1142,
-0.679498,um,Spot,Nucleus,S2P,1,1143,
-0.126052,um,Spot,Nucleus,S2P,1,1144,
-0.299108,um,Spot,Nucleus,S2P,1,1145,
-0.0372581,um,Spot,Nucleus,S2P,1,1146,
-0.0463343,um,Spot,Nucleus,S2P,1,1147,
-0.469117,um,Spot,Nucleus,S2P,1,1148,
-0.747001,um,Spot,Nucleus,S2P,1,1149,
-0.442993,um,Spot,Nucleus,S2P,1,1150,
-0.29632,um,Spot,Nucleus,S2P,1,1151,
-0.0647185,um,Spot,Nucleus,S2P,1,1152,
-0.116404,um,Spot,Nucleus,S2P,1,1153,
-0.313431,um,Spot,Nucleus,S2P,1,1154,
-0.827145,um,Spot,Nucleus,S2P,1,1155,
-0.718763,um,Spot,Nucleus,S2P,1,1156,
-0.433959,um,Spot,Nucleus,S2P,1,1157,
-0.319747,um,Spot,Nucleus,S2P,1,1158,
-0.521947,um,Spot,Nucleus,S2P,1,1159,
-0.192841,um,Spot,Nucleus,S2P,1,1160,
-0.722279,um,Spot,Nucleus,S2P,1,1161,
-0.598503,um,Spot,Nucleus,S2P,1,1162,
-0.732891,um,Spot,Nucleus,S2P,1,1163,
-0.682931,um,Spot,Nucleus,S2P,1,1164,
-0.555613,um,Spot,Nucleus,S2P,1,1165,
-0.0636971,um,Spot,Nucleus,S2P,1,1166,
-1.00661,um,Spot,Nucleus,S2P,1,1167,
-0.72047,um,Spot,Nucleus,S2P,1,1168,
-0.611361,um,Spot,Nucleus,S2P,1,1169,
-0.411076,um,Spot,Nucleus,S2P,1,1170,
-0.751995,um,Spot,Nucleus,S2P,1,1171,
-0.853625,um,Spot,Nucleus,S2P,1,1172,
-0.869887,um,Spot,Nucleus,S2P,1,1173,
-0.939017,um,Spot,Nucleus,S2P,1,1174,
-0.676492,um,Spot,Nucleus,S2P,1,1175,
-0.438418,um,Spot,Nucleus,S2P,1,1176,
-0.422798,um,Spot,Nucleus,S2P,1,1177,
-0.899799,um,Spot,Nucleus,S2P,1,1178,
-0.66179,um,Spot,Nucleus,S2P,1,1179,
-0.688192,um,Spot,Nucleus,S2P,1,1180,
-0.482943,um,Spot,Nucleus,S2P,1,1181,
-0.470503,um,Spot,Nucleus,S2P,1,1182,
-0.204855,um,Spot,Nucleus,S2P,1,1183,
-0.376645,um,Spot,Nucleus,S2P,1,1184,
-0.190018,um,Spot,Nucleus,S2P,1,1185,
-1.0885,um,Spot,Nucleus,S2P,1,1186,
-0.836654,um,Spot,Nucleus,S2P,1,1187,
-0.912922,um,Spot,Nucleus,S2P,1,1188,
-0.922766,um,Spot,Nucleus,S2P,1,1189,
-0.689354,um,Spot,Nucleus,S2P,1,1190,
-0.297884,um,Spot,Nucleus,S2P,1,1191,
-0.366051,um,Spot,Nucleus,S2P,1,1192,
-1.40862,um,Spot,Nucleus,S2P,1,1193,
-1.2203,um,Spot,Nucleus,S2P,1,1194,
-1.17251,um,Spot,Nucleus,S2P,1,1195,
-0.571113,um,Spot,Nucleus,S2P,1,1196,
-0.67454,um,Spot,Nucleus,S2P,1,1197,
-0.373789,um,Spot,Nucleus,S2P,1,1198,
-0.267637,um,Spot,Nucleus,S2P,1,1199,
-0.508683,um,Spot,Nucleus,S2P,1,1200,
-0.929813,um,Spot,Nucleus,S2P,1,1201,
-0.846382,um,Spot,Nucleus,S2P,1,1202,
-0.526248,um,Spot,Nucleus,S2P,1,1203,
-0.454219,um,Spot,Nucleus,S2P,1,1204,
-0.640106,um,Spot,Nucleus,S2P,1,1205,
-0.581411,um,Spot,Nucleus,S2P,1,1206,
-0.329133,um,Spot,Nucleus,S2P,1,1207,
-0.208361,um,Spot,Nucleus,S2P,1,1208,
-0.44613,um,Spot,Nucleus,S2P,1,1209,
-0.282957,um,Spot,Nucleus,S2P,1,1210,
-0.168634,um,Spot,Nucleus,S2P,1,1211,
-0.501817,um,Spot,Nucleus,S2P,1,1212,
-0.17442,um,Spot,Nucleus,S2P,1,1213,
-0.246996,um,Spot,Nucleus,S2P,1,1214,
-0.622156,um,Spot,Nucleus,S2P,1,1215,
-0.309321,um,Spot,Nucleus,S2P,1,1216,
-0.254609,um,Spot,Nucleus,S2P,1,1217,
-0.406549,um,Spot,Nucleus,S2P,1,1218,
-0.123985,um,Spot,Nucleus,S2P,1,1219,
-0.185528,um,Spot,Nucleus,S2P,1,1220,
-0.159029,um,Spot,Nucleus,S2P,1,1221,
-0.421243,um,Spot,Nucleus,S2P,1,1222,
-0.355352,um,Spot,Nucleus,S2P,1,1223,
-0.23713,um,Spot,Nucleus,S2P,1,1224,
-0.632766,um,Spot,Nucleus,S2P,1,1225,
-0.290211,um,Spot,Nucleus,S2P,1,1226,
-0.491886,um,Spot,Nucleus,S2P,1,1227,
-0.395564,um,Spot,Nucleus,S2P,1,1228,
-0.387638,um,Spot,Nucleus,S2P,1,1229,
-0.269171,um,Spot,Nucleus,S2P,1,1230,
-0.554341,um,Spot,Nucleus,S2P,1,1231,
-0.727337,um,Spot,Nucleus,S2P,1,1232,
-0.537914,um,Spot,Nucleus,S2P,1,1233,
-0.702438,um,Spot,Nucleus,S2P,1,1234,
-0.35399,um,Spot,Nucleus,S2P,1,1235,
-0.894555,um,Spot,Nucleus,S2P,1,1236,
-1.31947,um,Spot,Nucleus,S2P,1,1237,
-0.72042,um,Spot,Nucleus,S2P,1,1238,
-0.713616,um,Spot,Nucleus,S2P,1,1239,
-0.911129,um,Spot,Nucleus,S2P,1,1240,
-0.373267,um,Spot,Nucleus,S2P,1,1241,
-0.301613,um,Spot,Nucleus,S2P,1,1242,
-0.243886,um,Spot,Nucleus,S2P,1,1243,
-0.950375,um,Spot,Nucleus,S2P,1,1244,
-0.867562,um,Spot,Nucleus,S2P,1,1245,
-1.32589,um,Spot,Nucleus,S2P,1,1246,
-1.36976,um,Spot,Nucleus,S2P,1,1247,
-1.08837,um,Spot,Nucleus,S2P,1,1248,
-0.796944,um,Spot,Nucleus,S2P,1,1249,
-0.955682,um,Spot,Nucleus,S2P,1,1250,
-0.633563,um,Spot,Nucleus,S2P,1,1251,
-0.607254,um,Spot,Nucleus,S2P,1,1252,
-1.06998,um,Spot,Nucleus,S2P,1,1253,
-1.48322,um,Spot,Nucleus,S2P,1,1254,
-0.351495,um,Spot,Nucleus,S2P,1,1255,
-0.422462,um,Spot,Nucleus,S2P,1,1256,
-0.708354,um,Spot,Nucleus,S2P,1,1257,
-0.200451,um,Spot,Nucleus,S2P,1,1258,
-0.378588,um,Spot,Nucleus,S2P,1,1259,
-0.712831,um,Spot,Nucleus,S2P,1,1260,
-0.865961,um,Spot,Nucleus,S2P,1,1261,
-1.31351,um,Spot,Nucleus,S2P,1,1262,
-0.450106,um,Spot,Nucleus,S2P,1,1263,
-1.02314,um,Spot,Nucleus,S2P,1,1264,
-0.883653,um,Spot,Nucleus,S2P,1,1265,
-0.367288,um,Spot,Nucleus,S2P,1,1266,
-0.533128,um,Spot,Nucleus,S2P,1,1267,
-1.46002,um,Spot,Nucleus,S2P,1,1268,
-0.453277,um,Spot,Nucleus,S2P,1,1269,
-0.877699,um,Spot,Nucleus,S2P,1,1270,
-0.853345,um,Spot,Nucleus,S2P,1,1271,
-0.355432,um,Spot,Nucleus,S2P,1,1272,
-0.657938,um,Spot,Nucleus,S2P,1,1273,
-0.732728,um,Spot,Nucleus,S2P,1,1274,
-1.21677,um,Spot,Nucleus,S2P,1,1275,
-0.512913,um,Spot,Nucleus,S2P,1,1276,
-1.07851,um,Spot,Nucleus,S2P,1,1277,
-0.068104,um,Spot,Nucleus,S2P,1,1278,
-0.724564,um,Spot,Nucleus,S2P,1,1279,
-0.329911,um,Spot,Nucleus,S2P,1,1280,
-0.661956,um,Spot,Nucleus,S2P,1,1281,
-0.745593,um,Spot,Nucleus,S2P,1,1282,
-0.667143,um,Spot,Nucleus,S2P,1,1283,
-0.30751,um,Spot,Nucleus,S2P,1,1284,
-0.718084,um,Spot,Nucleus,S2P,1,1285,
-0.502035,um,Spot,Nucleus,S2P,1,1286,
-0.401072,um,Spot,Nucleus,S2P,1,1287,
-0.814546,um,Spot,Nucleus,S2P,1,1288,
-0.121666,um,Spot,Nucleus,S2P,1,1289,
-0.943185,um,Spot,Nucleus,S2P,1,1290,
-0.672196,um,Spot,Nucleus,S2P,1,1291,
-0.300802,um,Spot,Nucleus,S2P,1,1292,
-0.896916,um,Spot,Nucleus,S2P,1,1293,
-0.052044,um,Spot,Nucleus,S2P,1,1294,
-0.719456,um,Spot,Nucleus,S2P,1,1295,
-0.695267,um,Spot,Nucleus,S2P,1,1296,
-0.887302,um,Spot,Nucleus,S2P,1,1297,
-0.745059,um,Spot,Nucleus,S2P,1,1298,
-1.03622,um,Spot,Nucleus,S2P,1,1299,
-0.696723,um,Spot,Nucleus,S2P,1,1300,
-0.0725159,um,Spot,Nucleus,S2P,1,1301,
-0.260405,um,Spot,Nucleus,S2P,1,1302,
-0.779308,um,Spot,Nucleus,S2P,1,1303,
-0.494299,um,Spot,Nucleus,S2P,1,1304,
-0.689229,um,Spot,Nucleus,S2P,1,1305,
-0.537233,um,Spot,Nucleus,S2P,1,1306,
-0.762329,um,Spot,Nucleus,S2P,1,1307,
-0.718053,um,Spot,Nucleus,S2P,1,1308,
-0.965558,um,Spot,Nucleus,S2P,1,1309,
-0.57017,um,Spot,Nucleus,S2P,1,1310,
-0.680745,um,Spot,Nucleus,S2P,1,1311,
-0.900232,um,Spot,Nucleus,S2P,1,1312,
-0.92859,um,Spot,Nucleus,S2P,1,1313,
-0.663837,um,Spot,Nucleus,S2P,1,1314,
-1.01283,um,Spot,Nucleus,S2P,1,1315,
-0.188937,um,Spot,Nucleus,S2P,1,1316,
-1.05666,um,Spot,Nucleus,S2P,1,1317,
-0.735222,um,Spot,Nucleus,S2P,1,1318,
-1.0242,um,Spot,Nucleus,S2P,1,1319,
-1.13304,um,Spot,Nucleus,S2P,1,1320,
-0.126042,um,Spot,Nucleus,S2P,1,1321,
-0.502509,um,Spot,Nucleus,S2P,1,1322,
-0.687611,um,Spot,Nucleus,S2P,1,1323,
-1.13173,um,Spot,Nucleus,S2P,1,1324,
-0.346522,um,Spot,Nucleus,S2P,1,1325,
-1.12486,um,Spot,Nucleus,S2P,1,1326,
-0.614478,um,Spot,Nucleus,S2P,1,1327,
-0.430248,um,Spot,Nucleus,S2P,1,1328,
-1.17534,um,Spot,Nucleus,S2P,1,1329,
-0.716397,um,Spot,Nucleus,S2P,1,1330,
-0.666626,um,Spot,Nucleus,S2P,1,1331,
-0.388462,um,Spot,Nucleus,S2P,1,1332,
-0.0342907,um,Spot,Nucleus,S2P,1,1333,
-1.32014,um,Spot,Nucleus,S2P,1,1334,
-0.352382,um,Spot,Nucleus,S2P,1,1335,
-0.365621,um,Spot,Nucleus,S2P,1,1336,
-0.367605,um,Spot,Nucleus,S2P,1,1337,
-0.49567,um,Spot,Nucleus,S2P,1,1338,
-0.70274,um,Spot,Nucleus,S2P,1,1339,
-0.334683,um,Spot,Nucleus,S2P,1,1340,
-0.243135,um,Spot,Nucleus,S2P,1,1341,
-1.11588,um,Spot,Nucleus,S2P,1,1342,
-0.297007,um,Spot,Nucleus,S2P,1,1343,
-1.18754,um,Spot,Nucleus,S2P,1,1344,
-0.334499,um,Spot,Nucleus,S2P,1,1345,
-0.515219,um,Spot,Nucleus,S2P,1,1346,
-0.271499,um,Spot,Nucleus,S2P,1,1347,
-0.828625,um,Spot,Nucleus,S2P,1,1348,
-0.963496,um,Spot,Nucleus,S2P,1,1349,
-0.48117,um,Spot,Nucleus,S2P,1,1350,
-0.298459,um,Spot,Nucleus,S2P,1,1351,
-1.05844,um,Spot,Nucleus,S2P,1,1352,
-1.2328,um,Spot,Nucleus,S2P,1,1353,
-0.470625,um,Spot,Nucleus,S2P,1,1354,
-0.963069,um,Spot,Nucleus,S2P,1,1355,
-1.40995,um,Spot,Nucleus,S2P,1,1356,
-0.624147,um,Spot,Nucleus,S2P,1,1357,
-1.00168,um,Spot,Nucleus,S2P,1,1358,
-1.09758,um,Spot,Nucleus,S2P,1,1359,
-1.37592,um,Spot,Nucleus,S2P,1,1360,
-0.842136,um,Spot,Nucleus,S2P,1,1361,
-0.670138,um,Spot,Nucleus,S2P,1,1362,
-1.22837,um,Spot,Nucleus,S2P,1,1363,
-1.24459,um,Spot,Nucleus,S2P,1,1364,
-0.877542,um,Spot,Nucleus,S2P,1,1365,
-1.39314,um,Spot,Nucleus,S2P,1,1366,
-0.664147,um,Spot,Nucleus,S2P,1,1367,
-0.99103,um,Spot,Nucleus,S2P,1,1368,
-0.69605,um,Spot,Nucleus,S2P,1,1369,
-0.256903,um,Spot,Nucleus,S2P,1,1370,
-1.07914,um,Spot,Nucleus,S2P,1,1371,
-1.23781,um,Spot,Nucleus,S2P,1,1372,
-1.02348,um,Spot,Nucleus,S2P,1,1373,
-1.39808,um,Spot,Nucleus,S2P,1,1374,
-0.607716,um,Spot,Nucleus,S2P,1,1375,
-0.707448,um,Spot,Nucleus,S2P,1,1376,
-0.454411,um,Spot,Nucleus,S2P,1,1377,
-1.10891,um,Spot,Nucleus,S2P,1,1378,
-0.953713,um,Spot,Nucleus,S2P,1,1379,
-1.20167,um,Spot,Nucleus,S2P,1,1380,
-1.17793,um,Spot,Nucleus,S2P,1,1381,
-1.26517,um,Spot,Nucleus,S2P,1,1382,
-1.04212,um,Spot,Nucleus,S2P,1,1383,
-1.31648,um,Spot,Nucleus,S2P,1,1384,
-1.36517,um,Spot,Nucleus,S2P,1,1385,
-0.89695,um,Spot,Nucleus,S2P,1,1386,
-1.61716,um,Spot,Nucleus,S2P,1,1387,
-1.25951,um,Spot,Nucleus,S2P,1,1388,
-1.48518,um,Spot,Nucleus,S2P,1,1389,
-1.1102,um,Spot,Nucleus,S2P,1,1390,
-1.30611,um,Spot,Nucleus,S2P,1,1391,
-1.42339,um,Spot,Nucleus,S2P,1,1392,
-0.905994,um,Spot,Nucleus,S2P,1,1393,
-1.27464,um,Spot,Nucleus,S2P,1,1394,
-1.36864,um,Spot,Nucleus,S2P,1,1395,
-1.57696,um,Spot,Nucleus,S2P,1,1396,
-1.07298,um,Spot,Nucleus,S2P,1,1397,
-1.8639,um,Spot,Nucleus,S2P,1,1398,
-1.33858,um,Spot,Nucleus,S2P,1,1399,
-1.75078,um,Spot,Nucleus,S2P,1,1400,
-1.38588,um,Spot,Nucleus,S2P,1,1401,
-1.28302,um,Spot,Nucleus,S2P,1,1402,
-1.14432,um,Spot,Nucleus,S2P,1,1403,
-1.863,um,Spot,Nucleus,S2P,1,1404,
-1.26806,um,Spot,Nucleus,S2P,1,1405,
-1.98934,um,Spot,Nucleus,S2P,1,1406,
-1.68968,um,Spot,Nucleus,S2P,1,1407,
-1.34368,um,Spot,Nucleus,S2P,1,1408,
-1.43812,um,Spot,Nucleus,S2P,1,1409,
-1.47456,um,Spot,Nucleus,S2P,1,1410,
-1.37553,um,Spot,Nucleus,S2P,1,1411,
-0.869711,um,Spot,Nucleus,S2P,1,1412,
-1.58171,um,Spot,Nucleus,S2P,1,1413,
-1.44328,um,Spot,Nucleus,S2P,1,1414,
-1.37934,um,Spot,Nucleus,S2P,1,1415,
-1.43311,um,Spot,Nucleus,S2P,1,1416,
-1.59656,um,Spot,Nucleus,S2P,1,1417,
-1.51703,um,Spot,Nucleus,S2P,1,1418,
-1.59482,um,Spot,Nucleus,S2P,1,1419,
-2.05501,um,Spot,Nucleus,S2P,1,1420,
-1.43441,um,Spot,Nucleus,S2P,1,1421,
-1.92186,um,Spot,Nucleus,S2P,1,1422,
-1.70372,um,Spot,Nucleus,S2P,1,1423,
-1.21739,um,Spot,Nucleus,S2P,1,1424,
-1.32875,um,Spot,Nucleus,S2P,1,1425,
-1.77571,um,Spot,Nucleus,S2P,1,1426,
-1.64972,um,Spot,Nucleus,S2P,1,1427,
-1.53556,um,Spot,Nucleus,S2P,1,1428,
-1.61067,um,Spot,Nucleus,S2P,1,1429,
-1.63974,um,Spot,Nucleus,S2P,1,1430,
-1.51709,um,Spot,Nucleus,S2P,1,1431,
-1.3053,um,Spot,Nucleus,S2P,1,1432,
-1.17298,um,Spot,Nucleus,S2P,1,1433,
-1.11289,um,Spot,Nucleus,S2P,1,1434,
-1.34799,um,Spot,Nucleus,S2P,1,1435,
-0.534921,um,Spot,Nucleus,S2P,1,1436,
-1.21226,um,Spot,Nucleus,S2P,1,1437,
-1.74177,um,Spot,Nucleus,S2P,1,1438,
-1.36965,um,Spot,Nucleus,S2P,1,1439,
-1.58996,um,Spot,Nucleus,S2P,1,1440,
-1.40937,um,Spot,Nucleus,S2P,1,1441,
-1.274,um,Spot,Nucleus,S2P,1,1442,
-1.77268,um,Spot,Nucleus,S2P,1,1443,
-1.28787,um,Spot,Nucleus,S2P,1,1444,
-2.13032,um,Spot,Nucleus,S2P,1,1445,
-1.64475,um,Spot,Nucleus,S2P,1,1446,
-2.07883,um,Spot,Nucleus,S2P,1,1447,
-1.28501,um,Spot,Nucleus,S2P,1,1448,
-1.61524,um,Spot,Nucleus,S2P,1,1449,
-1.51897,um,Spot,Nucleus,S2P,1,1450,
-1.47355,um,Spot,Nucleus,S2P,1,1451,
-1.74479,um,Spot,Nucleus,S2P,1,1452,
-1.43585,um,Spot,Nucleus,S2P,1,1453,
-0.760856,um,Spot,Nucleus,S2P,1,1454,
-1.49444,um,Spot,Nucleus,S2P,1,1455,
-1.30977,um,Spot,Nucleus,S2P,1,1456,
-1.66595,um,Spot,Nucleus,S2P,1,1457,
-2.08967,um,Spot,Nucleus,S2P,1,1458,
-1.88236,um,Spot,Nucleus,S2P,1,1459,
-1.70409,um,Spot,Nucleus,S2P,1,1460,
-1.80378,um,Spot,Nucleus,S2P,1,1461,
-1.76795,um,Spot,Nucleus,S2P,1,1462,
-1.1018,um,Spot,Nucleus,S2P,1,1463,
-0.942249,um,Spot,Nucleus,S2P,1,1464,
-1.9744,um,Spot,Nucleus,S2P,1,1465,
-1.06858,um,Spot,Nucleus,S2P,1,1466,
-0.966952,um,Spot,Nucleus,S2P,1,1467,
-1.79556,um,Spot,Nucleus,S2P,1,1468,
-1.56004,um,Spot,Nucleus,S2P,1,1469,
-1.07507,um,Spot,Nucleus,S2P,1,1470,
-1.7218,um,Spot,Nucleus,S2P,1,1471,
-1.82348,um,Spot,Nucleus,S2P,1,1472,
-1.58903,um,Spot,Nucleus,S2P,1,1473,
-2.05779,um,Spot,Nucleus,S2P,1,1474,
-1.8189,um,Spot,Nucleus,S2P,1,1475,
-1.93676,um,Spot,Nucleus,S2P,1,1476,
-1.95483,um,Spot,Nucleus,S2P,1,1477,
-1.83046,um,Spot,Nucleus,S2P,1,1478,
-1.95199,um,Spot,Nucleus,S2P,1,1479,
-1.12715,um,Spot,Nucleus,S2P,1,1480,
-1.20848,um,Spot,Nucleus,S2P,1,1481,
-0.980183,um,Spot,Nucleus,S2P,1,1482,
-1.9399,um,Spot,Nucleus,S2P,1,1483,
-0.955656,um,Spot,Nucleus,S2P,1,1484,
-1.77861,um,Spot,Nucleus,S2P,1,1485,
-0.866464,um,Spot,Nucleus,S2P,1,1486,
-1.91164,um,Spot,Nucleus,S2P,1,1487,
-1.52916,um,Spot,Nucleus,S2P,1,1488,
-2.02185,um,Spot,Nucleus,S2P,1,1489,
-1.80533,um,Spot,Nucleus,S2P,1,1490,
-1.01622,um,Spot,Nucleus,S2P,1,1491,
-1.43333,um,Spot,Nucleus,S2P,1,1492,
-1.922,um,Spot,Nucleus,S2P,1,1493,
-0.886342,um,Spot,Nucleus,S2P,1,1494,
-1.48143,um,Spot,Nucleus,S2P,1,1495,
-1.33661,um,Spot,Nucleus,S2P,1,1496,
-1.91317,um,Spot,Nucleus,S2P,1,1497,
-1.93979,um,Spot,Nucleus,S2P,1,1498,
-0.595342,um,Spot,Nucleus,S2P,1,1499,
-1.45044,um,Spot,Nucleus,S2P,1,1500,
-1.58469,um,Spot,Nucleus,S2P,1,1501,
-1.76932,um,Spot,Nucleus,S2P,1,1502,
-1.98268,um,Spot,Nucleus,S2P,1,1503,
-2.24213,um,Spot,Nucleus,S2P,1,1504,
-1.57285,um,Spot,Nucleus,S2P,1,1505,
-1.71283,um,Spot,Nucleus,S2P,1,1506,
-1.97518,um,Spot,Nucleus,S2P,1,1507,
-1.20851,um,Spot,Nucleus,S2P,1,1508,
-1.37962,um,Spot,Nucleus,S2P,1,1509,
-1.79465,um,Spot,Nucleus,S2P,1,1510,
-1.59083,um,Spot,Nucleus,S2P,1,1511,
-1.30979,um,Spot,Nucleus,S2P,1,1512,
-1.55152,um,Spot,Nucleus,S2P,1,1513,
-1.56757,um,Spot,Nucleus,S2P,1,1514,
-1.09496,um,Spot,Nucleus,S2P,1,1515,
-1.00577,um,Spot,Nucleus,S2P,1,1516,
-2.17699,um,Spot,Nucleus,S2P,1,1517,
-1.91152,um,Spot,Nucleus,S2P,1,1518,
-1.98533,um,Spot,Nucleus,S2P,1,1519,
-2.32099,um,Spot,Nucleus,S2P,1,1520,
-1.12406,um,Spot,Nucleus,S2P,1,1521,
-1.97659,um,Spot,Nucleus,S2P,1,1522,
-1.82742,um,Spot,Nucleus,S2P,1,1523,
-1.26003,um,Spot,Nucleus,S2P,1,1524,
-1.82776,um,Spot,Nucleus,S2P,1,1525,
-1.32206,um,Spot,Nucleus,S2P,1,1526,
-1.46508,um,Spot,Nucleus,S2P,1,1527,
-1.23935,um,Spot,Nucleus,S2P,1,1528,
-2.01089,um,Spot,Nucleus,S2P,1,1529,
-1.42131,um,Spot,Nucleus,S2P,1,1530,
-1.54197,um,Spot,Nucleus,S2P,1,1531,
-1.56504,um,Spot,Nucleus,S2P,1,1532,
-1.76295,um,Spot,Nucleus,S2P,1,1533,
-2.15639,um,Spot,Nucleus,S2P,1,1534,
-1.36355,um,Spot,Nucleus,S2P,1,1535,
-1.25345,um,Spot,Nucleus,S2P,1,1536,
-1.6567,um,Spot,Nucleus,S2P,1,1537,
-1.13397,um,Spot,Nucleus,S2P,1,1538,
-1.93169,um,Spot,Nucleus,S2P,1,1539,
-1.93823,um,Spot,Nucleus,S2P,1,1540,
-1.39581,um,Spot,Nucleus,S2P,1,1541,
-1.96012,um,Spot,Nucleus,S2P,1,1542,
-0.840147,um,Spot,Nucleus,S2P,1,1543,
-1.95419,um,Spot,Nucleus,S2P,1,1544,
-2.25151,um,Spot,Nucleus,S2P,1,1545,
-2.13468,um,Spot,Nucleus,S2P,1,1546,
-1.06479,um,Spot,Nucleus,S2P,1,1547,
-2.3825,um,Spot,Nucleus,S2P,1,1548,
-2.08843,um,Spot,Nucleus,S2P,1,1549,
-2.01002,um,Spot,Nucleus,S2P,1,1550,
-1.48023,um,Spot,Nucleus,S2P,1,1551,
-1.56269,um,Spot,Nucleus,S2P,1,1552,
-0.922372,um,Spot,Nucleus,S2P,1,1553,
-1.40718,um,Spot,Nucleus,S2P,1,1554,
-0.349517,um,Spot,Nucleus,S2P,1,1555,
-1.63216,um,Spot,Nucleus,S2P,1,1556,
-1.51446,um,Spot,Nucleus,S2P,1,1557,
-1.92037,um,Spot,Nucleus,S2P,1,1558,
-1.33594,um,Spot,Nucleus,S2P,1,1559,
-1.99378,um,Spot,Nucleus,S2P,1,1560,
-2.06277,um,Spot,Nucleus,S2P,1,1561,
-1.94329,um,Spot,Nucleus,S2P,1,1562,
-2.33585,um,Spot,Nucleus,S2P,1,1563,
-2.40698,um,Spot,Nucleus,S2P,1,1564,
-1.47374,um,Spot,Nucleus,S2P,1,1565,
-1.88897,um,Spot,Nucleus,S2P,1,1566,
-1.8146,um,Spot,Nucleus,S2P,1,1567,
-1.25761,um,Spot,Nucleus,S2P,1,1568,
-1.56281,um,Spot,Nucleus,S2P,1,1569,
-0.841624,um,Spot,Nucleus,S2P,1,1570,
-1.48506,um,Spot,Nucleus,S2P,1,1571,
-1.5101,um,Spot,Nucleus,S2P,1,1572,
-0.612297,um,Spot,Nucleus,S2P,1,1573,
-1.55133,um,Spot,Nucleus,S2P,1,1574,
-1.77284,um,Spot,Nucleus,S2P,1,1575,
-1.6553,um,Spot,Nucleus,S2P,1,1576,
-1.62755,um,Spot,Nucleus,S2P,1,1577,
-1.25203,um,Spot,Nucleus,S2P,1,1578,
-1.89693,um,Spot,Nucleus,S2P,1,1579,
-1.95319,um,Spot,Nucleus,S2P,1,1580,
-1.61157,um,Spot,Nucleus,S2P,1,1581,
-1.32257,um,Spot,Nucleus,S2P,1,1582,
-1.50795,um,Spot,Nucleus,S2P,1,1583,
-1.42075,um,Spot,Nucleus,S2P,1,1584,
-1.00632,um,Spot,Nucleus,S2P,1,1585,
-1.19925,um,Spot,Nucleus,S2P,1,1586,
-1.61219,um,Spot,Nucleus,S2P,1,1587,
-1.92135,um,Spot,Nucleus,S2P,1,1588,
-2.07941,um,Spot,Nucleus,S2P,1,1589,
-1.07821,um,Spot,Nucleus,S2P,1,1590,
-1.63868,um,Spot,Nucleus,S2P,1,1591,
-1.19344,um,Spot,Nucleus,S2P,1,1592,
-2.3112,um,Spot,Nucleus,S2P,1,1593,
-2.07128,um,Spot,Nucleus,S2P,1,1594,
-1.95719,um,Spot,Nucleus,S2P,1,1595,
-1.13259,um,Spot,Nucleus,S2P,1,1596,
-2.00702,um,Spot,Nucleus,S2P,1,1597,
-1.27615,um,Spot,Nucleus,S2P,1,1598,
-1.19859,um,Spot,Nucleus,S2P,1,1599,
-0.717876,um,Spot,Nucleus,S2P,1,1600,
-0.528209,um,Spot,Nucleus,S2P,1,1601,
-1.44369,um,Spot,Nucleus,S2P,1,1602,
-0.368599,um,Spot,Nucleus,S2P,1,1603,
-0.752138,um,Spot,Nucleus,S2P,1,1604,
-0.608072,um,Spot,Nucleus,S2P,1,1605,
-1.67331,um,Spot,Nucleus,S2P,1,1606,
-2.1888,um,Spot,Nucleus,S2P,1,1607,
-1.51714,um,Spot,Nucleus,S2P,1,1608,
-2.30516,um,Spot,Nucleus,S2P,1,1609,
-1.52353,um,Spot,Nucleus,S2P,1,1610,
-1.69707,um,Spot,Nucleus,S2P,1,1611,
-2.02972,um,Spot,Nucleus,S2P,1,1612,
-2.15335,um,Spot,Nucleus,S2P,1,1613,
-2.12334,um,Spot,Nucleus,S2P,1,1614,
-1.87776,um,Spot,Nucleus,S2P,1,1615,
-1.68559,um,Spot,Nucleus,S2P,1,1616,
-0.867543,um,Spot,Nucleus,S2P,1,1617,
-1.5723,um,Spot,Nucleus,S2P,1,1618,
-0.522166,um,Spot,Nucleus,S2P,1,1619,
-0.22429,um,Spot,Nucleus,S2P,1,1620,
-0.625206,um,Spot,Nucleus,S2P,1,1621,
-0.382163,um,Spot,Nucleus,S2P,1,1622,
-0.481189,um,Spot,Nucleus,S2P,1,1623,
-0.603069,um,Spot,Nucleus,S2P,1,1624,
-0.279417,um,Spot,Nucleus,S2P,1,1625,
-0.434206,um,Spot,Nucleus,S2P,1,1626,
-0.411278,um,Spot,Nucleus,S2P,1,1627,
-0.550609,um,Spot,Nucleus,S2P,1,1628,
-0.693188,um,Spot,Nucleus,S2P,1,1629,
-0.617466,um,Spot,Nucleus,S2P,1,1630,
-0.386878,um,Spot,Nucleus,S2P,1,1631,
-0.898493,um,Spot,Nucleus,S2P,1,1632,
-0.71637,um,Spot,Nucleus,S2P,1,1633,
-0.503041,um,Spot,Nucleus,S2P,1,1634,
-0.382104,um,Spot,Nucleus,S2P,1,1635,
-0.259747,um,Spot,Nucleus,S2P,1,1636,
-0.0963352,um,Spot,Nucleus,S2P,1,1637,
-0.236505,um,Spot,Nucleus,S2P,1,1638,
-0.454939,um,Spot,Nucleus,S2P,1,1639,
-0.212599,um,Spot,Nucleus,S2P,1,1640,
-0.527471,um,Spot,Nucleus,S2P,1,1641,
-0.610415,um,Spot,Nucleus,S2P,1,1642,
-0.310739,um,Spot,Nucleus,S2P,1,1643,
-0.505594,um,Spot,Nucleus,S2P,1,1644,
-0.450759,um,Spot,Nucleus,S2P,1,1645,
-0.705878,um,Spot,Nucleus,S2P,1,1646,
-0.493069,um,Spot,Nucleus,S2P,1,1647,
-0.36056,um,Spot,Nucleus,S2P,1,1648,
-0.354392,um,Spot,Nucleus,S2P,1,1649,
-0.532163,um,Spot,Nucleus,S2P,1,1650,
-0.183455,um,Spot,Nucleus,S2P,1,1651,
-0.298168,um,Spot,Nucleus,S2P,1,1652,
-0.360474,um,Spot,Nucleus,S2P,1,1653,
-0.430831,um,Spot,Nucleus,S2P,1,1654,
-0.280024,um,Spot,Nucleus,S2P,1,1655,
-0.4416,um,Spot,Nucleus,S2P,1,1656,
-0.317027,um,Spot,Nucleus,S2P,1,1657,
-1.24326,um,Spot,Nucleus,S2P,1,1658,
-1.24647,um,Spot,Nucleus,S2P,1,1659,
-1.16453,um,Spot,Nucleus,S2P,1,1660,
-0.463506,um,Spot,Nucleus,S2P,1,1661,
-1.01831,um,Spot,Nucleus,S2P,1,1662,
-0.704562,um,Spot,Nucleus,S2P,1,1663,
-0.226096,um,Spot,Nucleus,S2P,1,1664,
-0.531326,um,Spot,Nucleus,S2P,1,1665,
-0.355801,um,Spot,Nucleus,S2P,1,1666,
-0.247647,um,Spot,Nucleus,S2P,1,1667,
-1.51748,um,Spot,Nucleus,S2P,1,1668,
-0.272928,um,Spot,Nucleus,S2P,1,1669,
-0.37809,um,Spot,Nucleus,S2P,1,1670,
-0.203804,um,Spot,Nucleus,S2P,1,1671,
-0.97495,um,Spot,Nucleus,S2P,1,1672,
-0.306266,um,Spot,Nucleus,S2P,1,1673,
-0.198408,um,Spot,Nucleus,S2P,1,1674,
-1.15689,um,Spot,Nucleus,S2P,1,1675,
-1.22404,um,Spot,Nucleus,S2P,1,1676,
-1.20745,um,Spot,Nucleus,S2P,1,1677,
-0.75728,um,Spot,Nucleus,S2P,1,1678,
-1.0582,um,Spot,Nucleus,S2P,1,1679,
-0.764096,um,Spot,Nucleus,S2P,1,1680,
-0.457675,um,Spot,Nucleus,S2P,1,1681,
-1.2803,um,Spot,Nucleus,S2P,1,1682,
-1.37965,um,Spot,Nucleus,S2P,1,1683,
-1.24959,um,Spot,Nucleus,S2P,1,1684,
-0.560469,um,Spot,Nucleus,S2P,1,1685,
-0.217305,um,Spot,Nucleus,S2P,1,1686,
-1.22888,um,Spot,Nucleus,S2P,1,1687,
-0.859657,um,Spot,Nucleus,S2P,1,1688,
-0.687407,um,Spot,Nucleus,S2P,1,1689,
-0.722003,um,Spot,Nucleus,S2P,1,1690,
-0.440879,um,Spot,Nucleus,S2P,1,1691,
-0.166481,um,Spot,Nucleus,S2P,1,1692,
-1.54684,um,Spot,Nucleus,S2P,1,1693,
-0.399117,um,Spot,Nucleus,S2P,1,1694,
-1.45464,um,Spot,Nucleus,S2P,1,1695,
-1.41514,um,Spot,Nucleus,S2P,1,1696,
-1.1711,um,Spot,Nucleus,S2P,1,1697,
-0.904107,um,Spot,Nucleus,S2P,1,1698,
-0.888582,um,Spot,Nucleus,S2P,1,1699,
-0.746826,um,Spot,Nucleus,S2P,1,1700,
-0.555502,um,Spot,Nucleus,S2P,1,1701,
-0.27549,um,Spot,Nucleus,S2P,1,1702,
-0.203945,um,Spot,Nucleus,S2P,1,1703,
-1.23373,um,Spot,Nucleus,S2P,1,1704,
-1.03011,um,Spot,Nucleus,S2P,1,1705,
-0.948004,um,Spot,Nucleus,S2P,1,1706,
-0.592011,um,Spot,Nucleus,S2P,1,1707,
-1.03909,um,Spot,Nucleus,S2P,1,1708,
-1.02706,um,Spot,Nucleus,S2P,1,1709,
-0.806082,um,Spot,Nucleus,S2P,1,1710,
-0.643105,um,Spot,Nucleus,S2P,1,1711,
-0.431532,um,Spot,Nucleus,S2P,1,1712,
-0.210454,um,Spot,Nucleus,S2P,1,1713,
-1.38387,um,Spot,Nucleus,S2P,1,1714,
-1.25802,um,Spot,Nucleus,S2P,1,1715,
-0.46798,um,Spot,Nucleus,S2P,1,1716,
-0.435254,um,Spot,Nucleus,S2P,1,1717,
-0.518039,um,Spot,Nucleus,S2P,1,1718,
-0.136606,um,Spot,Nucleus,S2P,1,1719,
-0.187494,um,Spot,Nucleus,S2P,1,1720,
-0.107158,um,Spot,Nucleus,S2P,1,1721,
-0.582683,um,Spot,Nucleus,S2P,1,1722,
-0.761813,um,Spot,Nucleus,S2P,1,1723,
-0.792247,um,Spot,Nucleus,S2P,1,1724,
-0.211976,um,Spot,Nucleus,S2P,1,1725,
-0.425506,um,Spot,Nucleus,S2P,1,1726,
-0.777465,um,Spot,Nucleus,S2P,1,1727,
-0.889079,um,Spot,Nucleus,S2P,1,1728,
-0.954674,um,Spot,Nucleus,S2P,1,1729,
-0.717651,um,Spot,Nucleus,S2P,1,1730,
-0.694259,um,Spot,Nucleus,S2P,1,1731,
-0.802284,um,Spot,Nucleus,S2P,1,1732,
-0.412096,um,Spot,Nucleus,S2P,1,1733,
-0.241023,um,Spot,Nucleus,S2P,1,1734,
-1.20003,um,Spot,Nucleus,S2P,1,1735,
-1.4434,um,Spot,Nucleus,S2P,1,1736,
-1.00309,um,Spot,Nucleus,S2P,1,1737,
-1.06052,um,Spot,Nucleus,S2P,1,1738,
-0.708375,um,Spot,Nucleus,S2P,1,1739,
-0.83073,um,Spot,Nucleus,S2P,1,1740,
-0.740654,um,Spot,Nucleus,S2P,1,1741,
-0.144268,um,Spot,Nucleus,S2P,1,1742,
-0.582886,um,Spot,Nucleus,S2P,1,1743,
-0.966724,um,Spot,Nucleus,S2P,1,1744,
-0.333196,um,Spot,Nucleus,S2P,1,1745,
-0.198444,um,Spot,Nucleus,S2P,1,1746,
-0.169645,um,Spot,Nucleus,S2P,1,1747,
-0.696109,um,Spot,Nucleus,S2P,1,1748,
-0.403196,um,Spot,Nucleus,S2P,1,1749,
-0.277958,um,Spot,Nucleus,S2P,1,1750,
-0.529228,um,Spot,Nucleus,S2P,1,1751,
-0.196091,um,Spot,Nucleus,S2P,1,1752,
-0.57815,um,Spot,Nucleus,S2P,1,1753,
-0.234997,um,Spot,Nucleus,S2P,1,1754,
-0.17226,um,Spot,Nucleus,S2P,1,1755,
-0.433595,um,Spot,Nucleus,S2P,1,1756,
-0.27856,um,Spot,Nucleus,S2P,1,1757,
-0.321119,um,Spot,Nucleus,S2P,1,1758,
-0.557498,um,Spot,Nucleus,S2P,1,1759,
-0.531067,um,Spot,Nucleus,S2P,1,1760,
-0.682388,um,Spot,Nucleus,S2P,1,1761,
-0.456263,um,Spot,Nucleus,S2P,1,1762,
-0.519706,um,Spot,Nucleus,S2P,1,1763,
-0.970745,um,Spot,Nucleus,S2P,1,1764,
-0.448862,um,Spot,Nucleus,S2P,1,1765,
-0.76299,um,Spot,Nucleus,S2P,1,1766,
-0.480695,um,Spot,Nucleus,S2P,1,1767,
-0.645562,um,Spot,Nucleus,S2P,1,1768,
-0.383637,um,Spot,Nucleus,S2P,1,1769,
-0.370105,um,Spot,Nucleus,S2P,1,1770,
-0.515042,um,Spot,Nucleus,S2P,1,1771,
-0.429817,um,Spot,Nucleus,S2P,1,1772,
-0.667459,um,Spot,Nucleus,S2P,1,1773,
-0.271923,um,Spot,Nucleus,S2P,1,1774,
-1.20666,um,Spot,Nucleus,S2P,1,1775,
-1.24176,um,Spot,Nucleus,S2P,1,1776,
-0.796065,um,Spot,Nucleus,S2P,1,1777,
-1.20361,um,Spot,Nucleus,S2P,1,1778,
-0.450796,um,Spot,Nucleus,S2P,1,1779,
-0.93822,um,Spot,Nucleus,S2P,1,1780,
-0.378004,um,Spot,Nucleus,S2P,1,1781,
-0.998472,um,Spot,Nucleus,S2P,1,1782,
-0.501496,um,Spot,Nucleus,S2P,1,1783,
-1.20784,um,Spot,Nucleus,S2P,1,1784,
-1.35259,um,Spot,Nucleus,S2P,1,1785,
-0.967836,um,Spot,Nucleus,S2P,1,1786,
-0.842347,um,Spot,Nucleus,S2P,1,1787,
-0.740537,um,Spot,Nucleus,S2P,1,1788,
-0.221658,um,Spot,Nucleus,S2P,1,1789,
-0.553034,um,Spot,Nucleus,S2P,1,1790,
-0.540826,um,Spot,Nucleus,S2P,1,1791,
-0.5022,um,Spot,Nucleus,S2P,1,1792,
-0.806698,um,Spot,Nucleus,S2P,1,1793,
-0.308756,um,Spot,Nucleus,S2P,1,1794,
-0.517069,um,Spot,Nucleus,S2P,1,1795,
-0.348141,um,Spot,Nucleus,S2P,1,1796,
-0.220787,um,Spot,Nucleus,S2P,1,1797,
-1.10134,um,Spot,Nucleus,S2P,1,1798,
-1.19729,um,Spot,Nucleus,S2P,1,1799,
-0.625683,um,Spot,Nucleus,S2P,1,1800,
-1.01327,um,Spot,Nucleus,S2P,1,1801,
-1.01921,um,Spot,Nucleus,S2P,1,1802,
-0.682882,um,Spot,Nucleus,S2P,1,1803,
-0.394982,um,Spot,Nucleus,S2P,1,1804,
-1.44342,um,Spot,Nucleus,S2P,1,1805,
-0.614326,um,Spot,Nucleus,S2P,1,1806,
-0.41895,um,Spot,Nucleus,S2P,1,1807,
-0.691095,um,Spot,Nucleus,S2P,1,1808,
-0.364301,um,Spot,Nucleus,S2P,1,1809,
-0.682426,um,Spot,Nucleus,S2P,1,1810,
-0.725319,um,Spot,Nucleus,S2P,1,1811,
-0.902089,um,Spot,Nucleus,S2P,1,1812,
-0.999444,um,Spot,Nucleus,S2P,1,1813,
-1.27767,um,Spot,Nucleus,S2P,1,1814,
-0.608042,um,Spot,Nucleus,S2P,1,1815,
-1.37597,um,Spot,Nucleus,S2P,1,1816,
-0.755891,um,Spot,Nucleus,S2P,1,1817,
-0.492828,um,Spot,Nucleus,S2P,1,1818,
0.00889303,um,Spot,Nucleus,S2P,1,1819,
-0.404016,um,Spot,Nucleus,S2P,1,1820,
-1.14212,um,Spot,Nucleus,S2P,1,1821,
-0.893136,um,Spot,Nucleus,S2P,1,1822,
-0.774917,um,Spot,Nucleus,S2P,1,1823,
-0.744026,um,Spot,Nucleus,S2P,1,1824,
-0.685135,um,Spot,Nucleus,S2P,1,1825,
-1.12271,um,Spot,Nucleus,S2P,1,1826,
-1.19844,um,Spot,Nucleus,S2P,1,1827,
-0.745575,um,Spot,Nucleus,S2P,1,1828,
-0.887415,um,Spot,Nucleus,S2P,1,1829,
-1.01764,um,Spot,Nucleus,S2P,1,1830,
-0.489179,um,Spot,Nucleus,S2P,1,1831,
-1.00443,um,Spot,Nucleus,S2P,1,1832,
-1.21766,um,Spot,Nucleus,S2P,1,1833,
-1.08737,um,Spot,Nucleus,S2P,1,1834,
-0.820751,um,Spot,Nucleus,S2P,1,1835,
-0.907962,um,Spot,Nucleus,S2P,1,1836,
-0.443518,um,Spot,Nucleus,S2P,1,1837,
-0.326912,um,Spot,Nucleus,S2P,1,1838,
-0.903007,um,Spot,Nucleus,S2P,1,1839,
-0.875582,um,Spot,Nucleus,S2P,1,1840,
-0.789847,um,Spot,Nucleus,S2P,1,1841,
-0.922024,um,Spot,Nucleus,S2P,1,1842,
-0.565269,um,Spot,Nucleus,S2P,1,1843,
-0.874474,um,Spot,Nucleus,S2P,1,1844,
-0.578099,um,Spot,Nucleus,S2P,1,1845,
-0.406389,um,Spot,Nucleus,S2P,1,1846,
-0.867409,um,Spot,Nucleus,S2P,1,1847,
-0.998183,um,Spot,Nucleus,S2P,1,1848,
-0.67918,um,Spot,Nucleus,S2P,1,1849,
-0.206746,um,Spot,Nucleus,S2P,1,1850,
-0.686754,um,Spot,Nucleus,S2P,1,1851,
-0.73282,um,Spot,Nucleus,S2P,1,1852,
-0.617246,um,Spot,Nucleus,S2P,1,1853,
-0.69602,um,Spot,Nucleus,S2P,1,1854,
-0.617906,um,Spot,Nucleus,S2P,1,1855,
-0.346988,um,Spot,Nucleus,S2P,1,1856,
-0.730865,um,Spot,Nucleus,S2P,1,1857,
-0.314643,um,Spot,Nucleus,S2P,1,1858,
-0.360647,um,Spot,Nucleus,S2P,1,1859,
-0.0834451,um,Spot,Nucleus,S2P,1,1860,
-0.692505,um,Spot,Nucleus,S2P,1,1861,
-1.57264,um,Spot,Nucleus,S2P,1,1862,
-1.98731,um,Spot,Nucleus,S2P,1,1863,
-1.29893,um,Spot,Nucleus,S2P,1,1864,
-1.86708,um,Spot,Nucleus,S2P,1,1865,
-1.18209,um,Spot,Nucleus,S2P,1,1866,
-2.05529,um,Spot,Nucleus,S2P,1,1867,
-1.20286,um,Spot,Nucleus,S2P,1,1868,
-1.53931,um,Spot,Nucleus,S2P,1,1869,
-1.53859,um,Spot,Nucleus,S2P,1,1870,
-1.38032,um,Spot,Nucleus,S2P,1,1871,
-0.967547,um,Spot,Nucleus,S2P,1,1872,
-1.57199,um,Spot,Nucleus,S2P,1,1873,
-0.417112,um,Spot,Nucleus,S2P,1,1874,
-1.108,um,Spot,Nucleus,S2P,1,1875,
-1.52861,um,Spot,Nucleus,S2P,1,1876,
-1.17999,um,Spot,Nucleus,S2P,1,1877,
-1.49682,um,Spot,Nucleus,S2P,1,1878,
-1.77078,um,Spot,Nucleus,S2P,1,1879,
-1.21073,um,Spot,Nucleus,S2P,1,1880,
-0.735447,um,Spot,Nucleus,S2P,1,1881,
-0.900396,um,Spot,Nucleus,S2P,1,1882,
-0.959743,um,Spot,Nucleus,S2P,1,1883,
-1.64868,um,Spot,Nucleus,S2P,1,1884,
-0.621861,um,Spot,Nucleus,S2P,1,1885,
-0.570218,um,Spot,Nucleus,S2P,1,1886,
-1.65979,um,Spot,Nucleus,S2P,1,1887,
-1.52679,um,Spot,Nucleus,S2P,1,1888,
-1.5691,um,Spot,Nucleus,S2P,1,1889,
-1.33448,um,Spot,Nucleus,S2P,1,1890,
-0.619552,um,Spot,Nucleus,S2P,1,1891,
-1.8312,um,Spot,Nucleus,S2P,1,1892,
-1.97907,um,Spot,Nucleus,S2P,1,1893,
-1.79618,um,Spot,Nucleus,S2P,1,1894,
-2.07832,um,Spot,Nucleus,S2P,1,1895,
-1.51382,um,Spot,Nucleus,S2P,1,1896,
-1.69137,um,Spot,Nucleus,S2P,1,1897,
-1.44263,um,Spot,Nucleus,S2P,1,1898,
-1.55283,um,Spot,Nucleus,S2P,1,1899,
-1.62629,um,Spot,Nucleus,S2P,1,1900,
-1.55622,um,Spot,Nucleus,S2P,1,1901,
-0.650528,um,Spot,Nucleus,S2P,1,1902,
-1.71506,um,Spot,Nucleus,S2P,1,1903,
-0.682767,um,Spot,Nucleus,S2P,1,1904,
-0.554274,um,Spot,Nucleus,S2P,1,1905,
-1.97679,um,Spot,Nucleus,S2P,1,1906,
-1.02964,um,Spot,Nucleus,S2P,1,1907,
-1.95302,um,Spot,Nucleus,S2P,1,1908,
-1.82749,um,Spot,Nucleus,S2P,1,1909,
-1.6185,um,Spot,Nucleus,S2P,1,1910,
-0.788711,um,Spot,Nucleus,S2P,1,1911,
-0.914963,um,Spot,Nucleus,S2P,1,1912,
-1.84634,um,Spot,Nucleus,S2P,1,1913,
-1.86894,um,Spot,Nucleus,S2P,1,1914,
-0.889736,um,Spot,Nucleus,S2P,1,1915,
-0.515986,um,Spot,Nucleus,S2P,1,1916,
-1.45625,um,Spot,Nucleus,S2P,1,1917,
-0.804374,um,Spot,Nucleus,S2P,1,1918,
-0.898327,um,Spot,Nucleus,S2P,1,1919,
-1.30279,um,Spot,Nucleus,S2P,1,1920,
-0.587402,um,Spot,Nucleus,S2P,1,1921,
-1.32073,um,Spot,Nucleus,S2P,1,1922,
-1.49529,um,Spot,Nucleus,S2P,1,1923,
-0.301245,um,Spot,Nucleus,S2P,1,1924,
-1.61471,um,Spot,Nucleus,S2P,1,1925,
-1.20082,um,Spot,Nucleus,S2P,1,1926,
-1.77444,um,Spot,Nucleus,S2P,1,1927,
-0.762621,um,Spot,Nucleus,S2P,1,1928,
-1.6388,um,Spot,Nucleus,S2P,1,1929,
-0.526143,um,Spot,Nucleus,S2P,1,1930,
-1.70882,um,Spot,Nucleus,S2P,1,1931,
-1.11941,um,Spot,Nucleus,S2P,1,1932,
-1.67575,um,Spot,Nucleus,S2P,1,1933,
-0.984163,um,Spot,Nucleus,S2P,1,1934,
-0.623164,um,Spot,Nucleus,S2P,1,1935,
-1.02162,um,Spot,Nucleus,S2P,1,1936,
-1.73285,um,Spot,Nucleus,S2P,1,1937,
-1.54161,um,Spot,Nucleus,S2P,1,1938,
-1.55157,um,Spot,Nucleus,S2P,1,1939,
-0.473623,um,Spot,Nucleus,S2P,1,1940,
-1.64247,um,Spot,Nucleus,S2P,1,1941,
-1.18809,um,Spot,Nucleus,S2P,1,1942,
-1.67872,um,Spot,Nucleus,S2P,1,1943,
-1.47312,um,Spot,Nucleus,S2P,1,1944,
-0.894872,um,Spot,Nucleus,S2P,1,1945,
-0.871602,um,Spot,Nucleus,S2P,1,1946,
-1.39917,um,Spot,Nucleus,S2P,1,1947,
-0.177887,um,Spot,Nucleus,S2P,1,1948,
-0.751849,um,Spot,Nucleus,S2P,1,1949,
-1.3974,um,Spot,Nucleus,S2P,1,1950,
-0.352846,um,Spot,Nucleus,S2P,1,1951,
-1.4291,um,Spot,Nucleus,S2P,1,1952,
-1.27076,um,Spot,Nucleus,S2P,1,1953,
-1.00465,um,Spot,Nucleus,S2P,1,1954,
-0.68456,um,Spot,Nucleus,S2P,1,1955,
-1.29318,um,Spot,Nucleus,S2P,1,1956,
-1.56418,um,Spot,Nucleus,S2P,1,1957,
-1.42727,um,Spot,Nucleus,S2P,1,1958,
-1.56943,um,Spot,Nucleus,S2P,1,1959,
-1.01302,um,Spot,Nucleus,S2P,1,1960,
-0.494905,um,Spot,Nucleus,S2P,1,1961,
-1.28025,um,Spot,Nucleus,S2P,1,1962,
-1.28269,um,Spot,Nucleus,S2P,1,1963,
-1.4663,um,Spot,Nucleus,S2P,1,1964,
-1.46679,um,Spot,Nucleus,S2P,1,1965,
-1.17333,um,Spot,Nucleus,S2P,1,1966,
-0.241815,um,Spot,Nucleus,S2P,1,1967,
-1.37733,um,Spot,Nucleus,S2P,1,1968,
-0.372947,um,Spot,Nucleus,S2P,1,1969,
-1.16125,um,Spot,Nucleus,S2P,1,1970,
-1.01236,um,Spot,Nucleus,S2P,1,1971,
-0.679107,um,Spot,Nucleus,S2P,1,1972,
-0.440932,um,Spot,Nucleus,S2P,1,1973,
-0.99464,um,Spot,Nucleus,S2P,1,1974,
-1.11924,um,Spot,Nucleus,S2P,1,1975,
-1.40461,um,Spot,Nucleus,S2P,1,1976,
-0.57799,um,Spot,Nucleus,S2P,1,1977,
-0.267274,um,Spot,Nucleus,S2P,1,1978,
-1.26985,um,Spot,Nucleus,S2P,1,1979,
-0.986881,um,Spot,Nucleus,S2P,1,1980,
-0.89391,um,Spot,Nucleus,S2P,1,1981,
-0.647316,um,Spot,Nucleus,S2P,1,1982,
-1.02143,um,Spot,Nucleus,S2P,1,1983,
-1.24143,um,Spot,Nucleus,S2P,1,1984,
-0.876406,um,Spot,Nucleus,S2P,1,1985,
-0.722895,um,Spot,Nucleus,S2P,1,1986,
-0.734378,um,Spot,Nucleus,S2P,1,1987,
-1.35159,um,Spot,Nucleus,S2P,1,1988,
-1.14321,um,Spot,Nucleus,S2P,1,1989,
-1.32631,um,Spot,Nucleus,S2P,1,1990,
-1.26687,um,Spot,Nucleus,S2P,1,1991,
-1.33377,um,Spot,Nucleus,S2P,1,1992,
-1.31319,um,Spot,Nucleus,S2P,1,1993,
-0.806357,um,Spot,Nucleus,S2P,1,1994,
-1.224,um,Spot,Nucleus,S2P,1,1995,
-0.230434,um,Spot,Nucleus,S2P,1,1996,
-0.494801,um,Spot,Nucleus,S2P,1,1997,
-1.1341,um,Spot,Nucleus,S2P,1,1998,
-1.20995,um,Spot,Nucleus,S2P,1,1999,
-0.471602,um,Spot,Nucleus,S2P,1,2000,
-0.519237,um,Spot,Nucleus,S2P,1,2001,
-1.19724,um,Spot,Nucleus,S2P,1,2002,
-1.08883,um,Spot,Nucleus,S2P,1,2003,
-0.653852,um,Spot,Nucleus,S2P,1,2004,
-0.796008,um,Spot,Nucleus,S2P,1,2005,
-1.12253,um,Spot,Nucleus,S2P,1,2006,
-0.394607,um,Spot,Nucleus,S2P,1,2007,
-1.04477,um,Spot,Nucleus,S2P,1,2008,
-0.321087,um,Spot,Nucleus,S2P,1,2009,
-1.07881,um,Spot,Nucleus,S2P,1,2010,
-0.0937114,um,Spot,Nucleus,S2P,1,2011,
-1.0848,um,Spot,Nucleus,S2P,1,2012,
-0.433014,um,Spot,Nucleus,S2P,1,2013,
-0.30171,um,Spot,Nucleus,S2P,1,2014,
-0.74721,um,Spot,Nucleus,S2P,1,2015,
-1.20567,um,Spot,Nucleus,S2P,1,2016,
-0.26747,um,Spot,Nucleus,S2P,1,2017,
-0.148814,um,Spot,Nucleus,S2P,1,2018,
-1.13175,um,Spot,Nucleus,S2P,1,2019,
-1.14545,um,Spot,Nucleus,S2P,1,2020,
-0.842471,um,Spot,Nucleus,S2P,1,2021,
-1.06421,um,Spot,Nucleus,S2P,1,2022,
-1.1357,um,Spot,Nucleus,S2P,1,2023,
-0.67353,um,Spot,Nucleus,S2P,1,2024,
-1.03249,um,Spot,Nucleus,S2P,1,2025,
-0.96464,um,Spot,Nucleus,S2P,1,2026,
-1.01921,um,Spot,Nucleus,S2P,1,2027,
-0.39617,um,Spot,Nucleus,S2P,1,2028,
-1.0756,um,Spot,Nucleus,S2P,1,2029,
-0.504194,um,Spot,Nucleus,S2P,1,2030,
-0.200846,um,Spot,Nucleus,S2P,1,2031,
-1.09823,um,Spot,Nucleus,S2P,1,2032,
-0.546052,um,Spot,Nucleus,S2P,1,2033,
-0.271143,um,Spot,Nucleus,S2P,1,2034,
-0.866349,um,Spot,Nucleus,S2P,1,2035,
-0.94757,um,Spot,Nucleus,S2P,1,2036,
-0.232626,um,Spot,Nucleus,S2P,1,2037,
-0.460483,um,Spot,Nucleus,S2P,1,2038,
-0.228453,um,Spot,Nucleus,S2P,1,2039,
-0.890964,um,Spot,Nucleus,S2P,1,2040,
-0.502202,um,Spot,Nucleus,S2P,1,2041,
-0.974777,um,Spot,Nucleus,S2P,1,2042,
-0.745273,um,Spot,Nucleus,S2P,1,2043,
-0.387088,um,Spot,Nucleus,S2P,1,2044,
-0.481143,um,Spot,Nucleus,S2P,1,2045,
-0.430054,um,Spot,Nucleus,S2P,1,2046,
-0.383071,um,Spot,Nucleus,S2P,1,2047,
-0.229207,um,Spot,Nucleus,S2P,1,2048,
-0.218256,um,Spot,Nucleus,S2P,1,2049,
-0.275951,um,Spot,Nucleus,S2P,1,2050,
-0.383418,um,Spot,Nucleus,S2P,1,2051,
-0.508902,um,Spot,Nucleus,S2P,1,2052,
-0.163462,um,Spot,Nucleus,S2P,1,2053,
-0.370343,um,Spot,Nucleus,S2P,1,2054,
-0.805216,um,Spot,Nucleus,S2P,1,2055,
-1.07446,um,Spot,Nucleus,S2P,1,2056,
-0.683316,um,Spot,Nucleus,S2P,1,2057,
-0.43017,um,Spot,Nucleus,S2P,1,2058,
-0.582181,um,Spot,Nucleus,S2P,1,2059,
-0.568917,um,Spot,Nucleus,S2P,1,2060,
-0.171481,um,Spot,Nucleus,S2P,1,2061,
-1.11435,um,Spot,Nucleus,S2P,1,2062,
-0.416686,um,Spot,Nucleus,S2P,1,2063,
-0.921616,um,Spot,Nucleus,S2P,1,2064,
-0.237554,um,Spot,Nucleus,S2P,1,2065,
-0.638897,um,Spot,Nucleus,S2P,1,2066,
-0.429606,um,Spot,Nucleus,S2P,1,2067,
-1.16054,um,Spot,Nucleus,S2P,1,2068,
-0.630363,um,Spot,Nucleus,S2P,1,2069,
-0.926711,um,Spot,Nucleus,S2P,1,2070,
-0.51451,um,Spot,Nucleus,S2P,1,2071,
-0.694588,um,Spot,Nucleus,S2P,1,2072,
-0.559744,um,Spot,Nucleus,S2P,1,2073,
-0.27774,um,Spot,Nucleus,S2P,1,2074,
-0.621837,um,Spot,Nucleus,S2P,1,2075,
-1.01213,um,Spot,Nucleus,S2P,1,2076,
-0.434838,um,Spot,Nucleus,S2P,1,2077,
-0.607556,um,Spot,Nucleus,S2P,1,2078,
-0.469052,um,Spot,Nucleus,S2P,1,2079,
-0.257698,um,Spot,Nucleus,S2P,1,2080,
-0.359484,um,Spot,Nucleus,S2P,1,2081,
-0.334575,um,Spot,Nucleus,S2P,1,2082,
-0.757474,um,Spot,Nucleus,S2P,1,2083,
-0.685195,um,Spot,Nucleus,S2P,1,2084,
-1.04684,um,Spot,Nucleus,S2P,1,2085,
-0.761482,um,Spot,Nucleus,S2P,1,2086,
-0.761076,um,Spot,Nucleus,S2P,1,2087,
-0.746204,um,Spot,Nucleus,S2P,1,2088,
-0.292442,um,Spot,Nucleus,S2P,1,2089,
-0.547562,um,Spot,Nucleus,S2P,1,2090,
-0.195404,um,Spot,Nucleus,S2P,1,2091,
-0.17684,um,Spot,Nucleus,S2P,1,2092,
-0.14488,um,Spot,Nucleus,S2P,1,2093,
-1.1493,um,Spot,Nucleus,S2P,1,2094,
-1.18106,um,Spot,Nucleus,S2P,1,2095,
-0.504257,um,Spot,Nucleus,S2P,1,2096,
-0.578504,um,Spot,Nucleus,S2P,1,2097,
-0.35738,um,Spot,Nucleus,S2P,1,2098,
-0.233112,um,Spot,Nucleus,S2P,1,2099,
-0.850465,um,Spot,Nucleus,S2P,1,2100,
-0.574585,um,Spot,Nucleus,S2P,1,2101,
-0.896104,um,Spot,Nucleus,S2P,1,2102,
-0.439857,um,Spot,Nucleus,S2P,1,2103,
-0.235104,um,Spot,Nucleus,S2P,1,2104,
-0.511913,um,Spot,Nucleus,S2P,1,2105,
-0.327335,um,Spot,Nucleus,S2P,1,2106,
-0.921118,um,Spot,Nucleus,S2P,1,2107,
-0.829888,um,Spot,Nucleus,S2P,1,2108,
-0.0288465,um,Spot,Nucleus,S2P,1,2109,
-0.445083,um,Spot,Nucleus,S2P,1,2110,
-0.274467,um,Spot,Nucleus,S2P,1,2111,
-0.418266,um,Spot,Nucleus,S2P,1,2112,
-0.26368,um,Spot,Nucleus,S2P,1,2113,
-0.265653,um,Spot,Nucleus,S2P,1,2114,
-0.601222,um,Spot,Nucleus,S2P,1,2115,
-0.91749,um,Spot,Nucleus,S2P,1,2116,
-0.352862,um,Spot,Nucleus,S2P,1,2117,
-0.331693,um,Spot,Nucleus,S2P,1,2118,
-0.255739,um,Spot,Nucleus,S2P,1,2119,
-0.115479,um,Spot,Nucleus,S2P,1,2120,
-0.384518,um,Spot,Nucleus,S2P,1,2121,
-0.362729,um,Spot,Nucleus,S2P,1,2122,
-0.418677,um,Spot,Nucleus,S2P,1,2123,
-0.381618,um,Spot,Nucleus,S2P,1,2124,
-0.540257,um,Spot,Nucleus,S2P,1,2125,
-0.785662,um,Spot,Nucleus,S2P,1,2126,
-0.392578,um,Spot,Nucleus,S2P,1,2127,
-0.205245,um,Spot,Nucleus,S2P,1,2128,
-0.581797,um,Spot,Nucleus,S2P,1,2129,
-0.247775,um,Spot,Nucleus,S2P,1,2130,
-0.444619,um,Spot,Nucleus,S2P,1,2131,
-0.427232,um,Spot,Nucleus,S2P,1,2132,
-0.287384,um,Spot,Nucleus,S2P,1,2133,
-0.394905,um,Spot,Nucleus,S2P,1,2134,
-0.206644,um,Spot,Nucleus,S2P,1,2135,
-0.230742,um,Spot,Nucleus,S2P,1,2136,
-0.267881,um,Spot,Nucleus,S2P,1,2137,
-0.74111,um,Spot,Nucleus,S2P,1,2138,
-0.542129,um,Spot,Nucleus,S2P,1,2139,
-0.386342,um,Spot,Nucleus,S2P,1,2140,
-0.730828,um,Spot,Nucleus,S2P,1,2141,
-0.733251,um,Spot,Nucleus,S2P,1,2142,
-0.875887,um,Spot,Nucleus,S2P,1,2143,
-0.788143,um,Spot,Nucleus,S2P,1,2144,
-0.978564,um,Spot,Nucleus,S2P,1,2145,
-1.02176,um,Spot,Nucleus,S2P,1,2146,
-0.564224,um,Spot,Nucleus,S2P,1,2147,
-0.807325,um,Spot,Nucleus,S2P,1,2148,
-0.662609,um,Spot,Nucleus,S2P,1,2149,
-0.704896,um,Spot,Nucleus,S2P,1,2150,
-0.794908,um,Spot,Nucleus,S2P,1,2151,
-0.804763,um,Spot,Nucleus,S2P,1,2152,
-0.851407,um,Spot,Nucleus,S2P,1,2153,
-0.277348,um,Spot,Nucleus,S2P,1,2154,
-0.53499,um,Spot,Nucleus,S2P,1,2155,
-0.722372,um,Spot,Nucleus,S2P,1,2156,
-0.335528,um,Spot,Nucleus,S2P,1,2157,
-0.146215,um,Spot,Nucleus,S2P,1,2158,
-0.642938,um,Spot,Nucleus,S2P,1,2159,
-0.748144,um,Spot,Nucleus,S2P,1,2160,
-0.20671,um,Spot,Nucleus,S2P,1,2161,
-0.642442,um,Spot,Nucleus,S2P,1,2162,
-0.632439,um,Spot,Nucleus,S2P,1,2163,
-0.674226,um,Spot,Nucleus,S2P,1,2164,
-0.397065,um,Spot,Nucleus,S2P,1,2165,
-0.513278,um,Spot,Nucleus,S2P,1,2166,
-0.580585,um,Spot,Nucleus,S2P,1,2167,
-0.689042,um,Spot,Nucleus,S2P,1,2168,
-0.40216,um,Spot,Nucleus,S2P,1,2169,
-0.496372,um,Spot,Nucleus,S2P,1,2170,
-0.429212,um,Spot,Nucleus,S2P,1,2171,
-0.494775,um,Spot,Nucleus,S2P,1,2172,
-0.392481,um,Spot,Nucleus,S2P,1,2173,
-0.319774,um,Spot,Nucleus,S2P,1,2174,
-0.273203,um,Spot,Nucleus,S2P,1,2175,
-0.286614,um,Spot,Nucleus,S2P,1,2176,
-0.4157,um,Spot,Nucleus,S2P,1,2177,
-0.499725,um,Spot,Nucleus,S2P,1,2178,
-0.392457,um,Spot,Nucleus,S2P,1,2179,
-0.541174,um,Spot,Nucleus,S2P,1,2180,
-0.278195,um,Spot,Nucleus,S2P,1,2181,
-0.361047,um,Spot,Nucleus,S2P,1,2182,
-0.29578,um,Spot,Nucleus,S2P,1,2183,
-0.226767,um,Spot,Nucleus,S2P,1,2184,
-0.33647,um,Spot,Nucleus,S2P,1,2185,
-0.439242,um,Spot,Nucleus,S2P,1,2186,
-0.364706,um,Spot,Nucleus,S2P,1,2187,
-0.160058,um,Spot,Nucleus,S2P,1,2188,
-0.142426,um,Spot,Nucleus,S2P,1,2189,
-0.141569,um,Spot,Nucleus,S2P,1,2190,
-0.11551,um,Spot,Nucleus,S2P,1,2191,
-0.183287,um,Spot,Nucleus,S2P,1,2192,
-0.263178,um,Spot,Nucleus,S2P,1,2193,
-0.0687081,um,Spot,Nucleus,S2P,1,2194,
-0.14686,um,Spot,Nucleus,S2P,1,2195,
-0.190371,um,Spot,Nucleus,S2P,1,2196,
-0.0245512,um,Spot,Nucleus,S2P,1,2197,
-0.0810843,um,Spot,Nucleus,S2P,1,2198,
-0.369418,um,Spot,Nucleus,S2P,1,2199,
-0.692504,um,Spot,Nucleus,S2P,1,2200,
-0.863976,um,Spot,Nucleus,S2P,1,2201,
-0.328697,um,Spot,Nucleus,S2P,1,2202,
-0.515174,um,Spot,Nucleus,S2P,1,2203,
-0.0777873,um,Spot,Nucleus,S2P,1,2204,
-0.771613,um,Spot,Nucleus,S2P,1,2205,
-0.266078,um,Spot,Nucleus,S2P,1,2206,
-0.457875,um,Spot,Nucleus,S2P,1,2207,
-0.191129,um,Spot,Nucleus,S2P,1,2208,
-0.123933,um,Spot,Nucleus,S2P,1,2209,
-0.391555,um,Spot,Nucleus,S2P,1,2210,
-0.382451,um,Spot,Nucleus,S2P,1,2211,
-0.125361,um,Spot,Nucleus,S2P,1,2212,
-0.243999,um,Spot,Nucleus,S2P,1,2213,
-0.420274,um,Spot,Nucleus,S2P,1,2214,
-0.393358,um,Spot,Nucleus,S2P,1,2215,
-0.298851,um,Spot,Nucleus,S2P,1,2216,
-0.34227,um,Spot,Nucleus,S2P,1,2217,
-0.168318,um,Spot,Nucleus,S2P,1,2218,
-0.164739,um,Spot,Nucleus,S2P,1,2219,
-0.151573,um,Spot,Nucleus,S2P,1,2220,
-0.043122,um,Spot,Nucleus,S2P,1,2221,
