
Intensity Mean Ch=1 Img=1
 ==================== 
Intensity Mean,Unit,Category,Channel,Image,Surpass Object,Time,ID,
3.32691,,Surface,1,Image 1,Nucleus,1,0,
2.96812,,Spot,1,Image 1,Nucleus center of mass,1,0,
5.18085,,Spot,1,Image 1,S2P,1,617,
2.81235,,Spot,1,Image 1,S2P,1,618,
3.14517,,Spot,1,Image 1,S2P,1,619,
3.1189,,Spot,1,Image 1,S2P,1,620,
4.77183,,Spot,1,Image 1,S2P,1,621,
3.458,,Spot,1,Image 1,S2P,1,622,
5.56706,,Spot,1,Image 1,S2P,1,623,
2.4819,,Spot,1,Image 1,S2P,1,624,
3.49218,,Spot,1,Image 1,S2P,1,625,
4.20353,,Spot,1,Image 1,S2P,1,626,
6.16822,,Spot,1,Image 1,S2P,1,627,
1.20134,,Spot,1,Image 1,S2P,1,628,
2.64916,,Spot,1,Image 1,S2P,1,629,
3.2537,,Spot,1,Image 1,S2P,1,630,
5.1428,,Spot,1,Image 1,S2P,1,631,
4.02539,,Spot,1,Image 1,S2P,1,632,
2.89153,,Spot,1,Image 1,S2P,1,633,
3.89939,,Spot,1,Image 1,S2P,1,634,
3.57106,,Spot,1,Image 1,S2P,1,635,
3.21705,,Spot,1,Image 1,S2P,1,636,
3.65687,,Spot,1,Image 1,S2P,1,637,
2.79104,,Spot,1,Image 1,S2P,1,638,
2.68073,,Spot,1,Image 1,S2P,1,639,
3.5274,,Spot,1,Image 1,S2P,1,640,
3.31496,,Spot,1,Image 1,S2P,1,641,
3.07648,,Spot,1,Image 1,S2P,1,642,
3.24295,,Spot,1,Image 1,S2P,1,643,
3.12127,,Spot,1,Image 1,S2P,1,644,
3.54892,,Spot,1,Image 1,S2P,1,645,
2.95058,,Spot,1,Image 1,S2P,1,646,
2.89506,,Spot,1,Image 1,S2P,1,647,
3.55775,,Spot,1,Image 1,S2P,1,648,
2.70464,,Spot,1,Image 1,S2P,1,649,
4.2719,,Spot,1,Image 1,S2P,1,650,
3.185,,Spot,1,Image 1,S2P,1,651,
2.53616,,Spot,1,Image 1,S2P,1,652,
3.23971,,Spot,1,Image 1,S2P,1,653,
2.29756,,Spot,1,Image 1,S2P,1,654,
3.36757,,Spot,1,Image 1,S2P,1,655,
3.17849,,Spot,1,Image 1,S2P,1,656,
3.13321,,Spot,1,Image 1,S2P,1,657,
2.90642,,Spot,1,Image 1,S2P,1,658,
5.04087,,Spot,1,Image 1,S2P,1,659,
3.46778,,Spot,1,Image 1,S2P,1,660,
3.25852,,Spot,1,Image 1,S2P,1,661,
4.24589,,Spot,1,Image 1,S2P,1,662,
3.35985,,Spot,1,Image 1,S2P,1,663,
2.69965,,Spot,1,Image 1,S2P,1,664,
3.40777,,Spot,1,Image 1,S2P,1,665,
2.36019,,Spot,1,Image 1,S2P,1,666,
2.86969,,Spot,1,Image 1,S2P,1,667,
2.58358,,Spot,1,Image 1,S2P,1,668,
3.06372,,Spot,1,Image 1,S2P,1,669,
2.57536,,Spot,1,Image 1,S2P,1,670,
3.19203,,Spot,1,Image 1,S2P,1,671,
3.07003,,Spot,1,Image 1,S2P,1,672,
3.75659,,Spot,1,Image 1,S2P,1,673,
4.67904,,Spot,1,Image 1,S2P,1,674,
1.73139,,Spot,1,Image 1,S2P,1,675,
4.05848,,Spot,1,Image 1,S2P,1,676,
3.03821,,Spot,1,Image 1,S2P,1,677,
3.31207,,Spot,1,Image 1,S2P,1,678,
2.95295,,Spot,1,Image 1,S2P,1,679,
3.88937,,Spot,1,Image 1,S2P,1,680,
3.08883,,Spot,1,Image 1,S2P,1,681,
2.72145,,Spot,1,Image 1,S2P,1,682,
2.98929,,Spot,1,Image 1,S2P,1,683,
3.81479,,Spot,1,Image 1,S2P,1,684,
3.93303,,Spot,1,Image 1,S2P,1,685,
2.08298,,Spot,1,Image 1,S2P,1,686,
2.539,,Spot,1,Image 1,S2P,1,687,
2.97127,,Spot,1,Image 1,S2P,1,688,
3.94661,,Spot,1,Image 1,S2P,1,689,
3.99815,,Spot,1,Image 1,S2P,1,690,
3.32115,,Spot,1,Image 1,S2P,1,691,
2.96956,,Spot,1,Image 1,S2P,1,692,
3.70461,,Spot,1,Image 1,S2P,1,693,
3.22787,,Spot,1,Image 1,S2P,1,694,
4.2105,,Spot,1,Image 1,S2P,1,695,
3.47962,,Spot,1,Image 1,S2P,1,696,
4.48717,,Spot,1,Image 1,S2P,1,697,
3.88664,,Spot,1,Image 1,S2P,1,698,
2.59857,,Spot,1,Image 1,S2P,1,699,
3.86194,,Spot,1,Image 1,S2P,1,700,
2.04899,,Spot,1,Image 1,S2P,1,701,
3.08409,,Spot,1,Image 1,S2P,1,702,
3.6603,,Spot,1,Image 1,S2P,1,703,
4.11918,,Spot,1,Image 1,S2P,1,704,
3.44737,,Spot,1,Image 1,S2P,1,705,
3.87091,,Spot,1,Image 1,S2P,1,706,
3.01888,,Spot,1,Image 1,S2P,1,707,
2.46904,,Spot,1,Image 1,S2P,1,708,
3.86215,,Spot,1,Image 1,S2P,1,709,
2.58065,,Spot,1,Image 1,S2P,1,710,
3.548,,Spot,1,Image 1,S2P,1,711,
4.12918,,Spot,1,Image 1,S2P,1,712,
2.9373,,Spot,1,Image 1,S2P,1,713,
2.10662,,Spot,1,Image 1,S2P,1,714,
2.94431,,Spot,1,Image 1,S2P,1,715,
3.86303,,Spot,1,Image 1,S2P,1,716,
3.47534,,Spot,1,Image 1,S2P,1,717,
3.77901,,Spot,1,Image 1,S2P,1,718,
4.01795,,Spot,1,Image 1,S2P,1,719,
3.31144,,Spot,1,Image 1,S2P,1,720,
3.33401,,Spot,1,Image 1,S2P,1,721,
4.0741,,Spot,1,Image 1,S2P,1,722,
4.34132,,Spot,1,Image 1,S2P,1,723,
4.11102,,Spot,1,Image 1,S2P,1,724,
2.239,,Spot,1,Image 1,S2P,1,725,
3.75374,,Spot,1,Image 1,S2P,1,726,
5.34485,,Spot,1,Image 1,S2P,1,727,
2.99255,,Spot,1,Image 1,S2P,1,728,
3.08874,,Spot,1,Image 1,S2P,1,729,
1.61817,,Spot,1,Image 1,S2P,1,730,
1.67982,,Spot,1,Image 1,S2P,1,731,
2.18377,,Spot,1,Image 1,S2P,1,732,
3.56283,,Spot,1,Image 1,S2P,1,733,
1.75893,,Spot,1,Image 1,S2P,1,734,
3.14142,,Spot,1,Image 1,S2P,1,735,
2.70124,,Spot,1,Image 1,S2P,1,736,
2.3163,,Spot,1,Image 1,S2P,1,737,
3.11127,,Spot,1,Image 1,S2P,1,738,
4.65454,,Spot,1,Image 1,S2P,1,739,
4.11776,,Spot,1,Image 1,S2P,1,740,
4.27095,,Spot,1,Image 1,S2P,1,741,
3.74888,,Spot,1,Image 1,S2P,1,742,
1.87746,,Spot,1,Image 1,S2P,1,743,
4.52813,,Spot,1,Image 1,S2P,1,744,
3.86724,,Spot,1,Image 1,S2P,1,745,
2.02506,,Spot,1,Image 1,S2P,1,746,
3.30562,,Spot,1,Image 1,S2P,1,747,
3.63294,,Spot,1,Image 1,S2P,1,748,
1.96844,,Spot,1,Image 1,S2P,1,749,
4.44444,,Spot,1,Image 1,S2P,1,750,
3.56162,,Spot,1,Image 1,S2P,1,751,
2.33585,,Spot,1,Image 1,S2P,1,752,
3.41388,,Spot,1,Image 1,S2P,1,753,
1.5402,,Spot,1,Image 1,S2P,1,754,
4.09652,,Spot,1,Image 1,S2P,1,755,
2.05891,,Spot,1,Image 1,S2P,1,756,
3.62568,,Spot,1,Image 1,S2P,1,757,
1.88494,,Spot,1,Image 1,S2P,1,758,
4.456,,Spot,1,Image 1,S2P,1,759,
2.15904,,Spot,1,Image 1,S2P,1,760,
4.21861,,Spot,1,Image 1,S2P,1,761,
3.242,,Spot,1,Image 1,S2P,1,762,
4.68985,,Spot,1,Image 1,S2P,1,763,
4.00791,,Spot,1,Image 1,S2P,1,764,
3.81058,,Spot,1,Image 1,S2P,1,765,
4.91549,,Spot,1,Image 1,S2P,1,766,
4.29749,,Spot,1,Image 1,S2P,1,767,
1.22022,,Spot,1,Image 1,S2P,1,768,
3.31281,,Spot,1,Image 1,S2P,1,769,
1.15749,,Spot,1,Image 1,S2P,1,770,
1.24352,,Spot,1,Image 1,S2P,1,771,
3.37868,,Spot,1,Image 1,S2P,1,772,
4.54336,,Spot,1,Image 1,S2P,1,773,
3.9449,,Spot,1,Image 1,S2P,1,774,
1.65533,,Spot,1,Image 1,S2P,1,775,
3.86404,,Spot,1,Image 1,S2P,1,776,
4.22452,,Spot,1,Image 1,S2P,1,777,
2.36033,,Spot,1,Image 1,S2P,1,778,
4.0948,,Spot,1,Image 1,S2P,1,779,
2.11523,,Spot,1,Image 1,S2P,1,780,
2.87585,,Spot,1,Image 1,S2P,1,781,
1.85115,,Spot,1,Image 1,S2P,1,782,
1.43022,,Spot,1,Image 1,S2P,1,783,
2.33703,,Spot,1,Image 1,S2P,1,784,
1.54328,,Spot,1,Image 1,S2P,1,785,
3.77317,,Spot,1,Image 1,S2P,1,786,
3.73043,,Spot,1,Image 1,S2P,1,787,
2.97129,,Spot,1,Image 1,S2P,1,788,
3.94111,,Spot,1,Image 1,S2P,1,789,
3.5858,,Spot,1,Image 1,S2P,1,790,
4.31777,,Spot,1,Image 1,S2P,1,791,
3.01342,,Spot,1,Image 1,S2P,1,792,
2.76959,,Spot,1,Image 1,S2P,1,793,
3.62929,,Spot,1,Image 1,S2P,1,794,
3.30503,,Spot,1,Image 1,S2P,1,795,
3.90785,,Spot,1,Image 1,S2P,1,796,
2.94563,,Spot,1,Image 1,S2P,1,797,
2.22622,,Spot,1,Image 1,S2P,1,798,
2.61111,,Spot,1,Image 1,S2P,1,799,
3.06465,,Spot,1,Image 1,S2P,1,800,
1.92793,,Spot,1,Image 1,S2P,1,801,
3.49645,,Spot,1,Image 1,S2P,1,802,
4.46802,,Spot,1,Image 1,S2P,1,803,
2.58484,,Spot,1,Image 1,S2P,1,804,
3.4765,,Spot,1,Image 1,S2P,1,805,
2.27718,,Spot,1,Image 1,S2P,1,806,
2.46375,,Spot,1,Image 1,S2P,1,807,
1.8098,,Spot,1,Image 1,S2P,1,808,
4.76184,,Spot,1,Image 1,S2P,1,809,
3.12263,,Spot,1,Image 1,S2P,1,810,
2.8641,,Spot,1,Image 1,S2P,1,811,
2.99347,,Spot,1,Image 1,S2P,1,812,
3.05333,,Spot,1,Image 1,S2P,1,813,
2.2542,,Spot,1,Image 1,S2P,1,814,
1.75368,,Spot,1,Image 1,S2P,1,815,
1.23392,,Spot,1,Image 1,S2P,1,816,
1.86319,,Spot,1,Image 1,S2P,1,817,
2.39765,,Spot,1,Image 1,S2P,1,818,
2.3017,,Spot,1,Image 1,S2P,1,819,
2.28906,,Spot,1,Image 1,S2P,1,820,
2.3018,,Spot,1,Image 1,S2P,1,821,
2.12977,,Spot,1,Image 1,S2P,1,822,
2.22796,,Spot,1,Image 1,S2P,1,823,
2.10059,,Spot,1,Image 1,S2P,1,824,
1.7291,,Spot,1,Image 1,S2P,1,825,
1.98868,,Spot,1,Image 1,S2P,1,826,
4.33457,,Spot,1,Image 1,S2P,1,827,
3.50605,,Spot,1,Image 1,S2P,1,828,
4.11668,,Spot,1,Image 1,S2P,1,829,
4.65583,,Spot,1,Image 1,S2P,1,830,
4.51754,,Spot,1,Image 1,S2P,1,831,
3.47777,,Spot,1,Image 1,S2P,1,832,
1.77623,,Spot,1,Image 1,S2P,1,833,
2.75511,,Spot,1,Image 1,S2P,1,834,
4.41108,,Spot,1,Image 1,S2P,1,835,
2.12283,,Spot,1,Image 1,S2P,1,836,
3.57569,,Spot,1,Image 1,S2P,1,837,
2.42633,,Spot,1,Image 1,S2P,1,838,
1.75508,,Spot,1,Image 1,S2P,1,839,
2.01657,,Spot,1,Image 1,S2P,1,840,
2.24603,,Spot,1,Image 1,S2P,1,841,
2.0456,,Spot,1,Image 1,S2P,1,842,
2.13535,,Spot,1,Image 1,S2P,1,843,
2.72855,,Spot,1,Image 1,S2P,1,844,
4.46778,,Spot,1,Image 1,S2P,1,845,
4.09611,,Spot,1,Image 1,S2P,1,846,
2.65484,,Spot,1,Image 1,S2P,1,847,
2.24462,,Spot,1,Image 1,S2P,1,848,
1.60019,,Spot,1,Image 1,S2P,1,849,
3.53725,,Spot,1,Image 1,S2P,1,850,
2.58141,,Spot,1,Image 1,S2P,1,851,
2.61508,,Spot,1,Image 1,S2P,1,852,
3.81195,,Spot,1,Image 1,S2P,1,853,
2.72243,,Spot,1,Image 1,S2P,1,854,
3.63028,,Spot,1,Image 1,S2P,1,855,
3.28936,,Spot,1,Image 1,S2P,1,856,
4.4433,,Spot,1,Image 1,S2P,1,857,
4.19911,,Spot,1,Image 1,S2P,1,858,
3.97647,,Spot,1,Image 1,S2P,1,859,
2.64971,,Spot,1,Image 1,S2P,1,860,
3.59315,,Spot,1,Image 1,S2P,1,861,
3.66877,,Spot,1,Image 1,S2P,1,862,
2.52481,,Spot,1,Image 1,S2P,1,863,
3.27636,,Spot,1,Image 1,S2P,1,864,
3.60649,,Spot,1,Image 1,S2P,1,865,
3.99839,,Spot,1,Image 1,S2P,1,866,
3.08831,,Spot,1,Image 1,S2P,1,867,
3.51951,,Spot,1,Image 1,S2P,1,868,
3.66375,,Spot,1,Image 1,S2P,1,869,
3.06916,,Spot,1,Image 1,S2P,1,870,
4.52713,,Spot,1,Image 1,S2P,1,871,
3.95132,,Spot,1,Image 1,S2P,1,872,
3.71092,,Spot,1,Image 1,S2P,1,873,
2.92447,,Spot,1,Image 1,S2P,1,874,
3.11094,,Spot,1,Image 1,S2P,1,875,
3.47682,,Spot,1,Image 1,S2P,1,876,
3.92257,,Spot,1,Image 1,S2P,1,877,
3.91267,,Spot,1,Image 1,S2P,1,878,
3.42205,,Spot,1,Image 1,S2P,1,879,
4.19829,,Spot,1,Image 1,S2P,1,880,
2.68104,,Spot,1,Image 1,S2P,1,881,
3.19609,,Spot,1,Image 1,S2P,1,882,
2.83462,,Spot,1,Image 1,S2P,1,883,
1.39202,,Spot,1,Image 1,S2P,1,884,
1.48785,,Spot,1,Image 1,S2P,1,885,
2.07969,,Spot,1,Image 1,S2P,1,886,
1.72865,,Spot,1,Image 1,S2P,1,887,
2.43759,,Spot,1,Image 1,S2P,1,888,
2.19629,,Spot,1,Image 1,S2P,1,889,
2.27591,,Spot,1,Image 1,S2P,1,890,
1.9529,,Spot,1,Image 1,S2P,1,891,
1.83289,,Spot,1,Image 1,S2P,1,892,
2.11347,,Spot,1,Image 1,S2P,1,893,
2.62134,,Spot,1,Image 1,S2P,1,894,
2.45971,,Spot,1,Image 1,S2P,1,895,
1.16199,,Spot,1,Image 1,S2P,1,896,
2.51162,,Spot,1,Image 1,S2P,1,897,
3.56922,,Spot,1,Image 1,S2P,1,898,
2.60135,,Spot,1,Image 1,S2P,1,899,
3.85052,,Spot,1,Image 1,S2P,1,900,
2.6514,,Spot,1,Image 1,S2P,1,901,
4.62395,,Spot,1,Image 1,S2P,1,902,
1.87578,,Spot,1,Image 1,S2P,1,903,
2.44252,,Spot,1,Image 1,S2P,1,904,
2.21851,,Spot,1,Image 1,S2P,1,905,
4.10215,,Spot,1,Image 1,S2P,1,906,
3.25374,,Spot,1,Image 1,S2P,1,907,
4.62047,,Spot,1,Image 1,S2P,1,908,
3.8701,,Spot,1,Image 1,S2P,1,909,
4.07217,,Spot,1,Image 1,S2P,1,910,
3.8287,,Spot,1,Image 1,S2P,1,911,
3.92724,,Spot,1,Image 1,S2P,1,912,
1.87199,,Spot,1,Image 1,S2P,1,913,
4.124,,Spot,1,Image 1,S2P,1,914,
3.65815,,Spot,1,Image 1,S2P,1,915,
3.56535,,Spot,1,Image 1,S2P,1,916,
3.39631,,Spot,1,Image 1,S2P,1,917,
2.14849,,Spot,1,Image 1,S2P,1,918,
4.04182,,Spot,1,Image 1,S2P,1,919,
1.52335,,Spot,1,Image 1,S2P,1,920,
3.66274,,Spot,1,Image 1,S2P,1,921,
4.13019,,Spot,1,Image 1,S2P,1,922,
3.27328,,Spot,1,Image 1,S2P,1,923,
3.83939,,Spot,1,Image 1,S2P,1,924,
2.46303,,Spot,1,Image 1,S2P,1,925,
4.1724,,Spot,1,Image 1,S2P,1,926,
4.10539,,Spot,1,Image 1,S2P,1,927,
1.66971,,Spot,1,Image 1,S2P,1,928,
1.78009,,Spot,1,Image 1,S2P,1,929,
4.549,,Spot,1,Image 1,S2P,1,930,
3.95496,,Spot,1,Image 1,S2P,1,931,
3.46598,,Spot,1,Image 1,S2P,1,932,
2.85646,,Spot,1,Image 1,S2P,1,933,
4.01009,,Spot,1,Image 1,S2P,1,934,
4.12843,,Spot,1,Image 1,S2P,1,935,
3.31814,,Spot,1,Image 1,S2P,1,936,
3.59253,,Spot,1,Image 1,S2P,1,937,
2.91269,,Spot,1,Image 1,S2P,1,938,
3.88458,,Spot,1,Image 1,S2P,1,939,
4.50487,,Spot,1,Image 1,S2P,1,940,
2.13278,,Spot,1,Image 1,S2P,1,941,
1.80536,,Spot,1,Image 1,S2P,1,942,
3.40036,,Spot,1,Image 1,S2P,1,943,
3.16136,,Spot,1,Image 1,S2P,1,944,
3.53914,,Spot,1,Image 1,S2P,1,945,
3.21822,,Spot,1,Image 1,S2P,1,946,
4.80858,,Spot,1,Image 1,S2P,1,947,
3.80823,,Spot,1,Image 1,S2P,1,948,
4.45162,,Spot,1,Image 1,S2P,1,949,
3.76212,,Spot,1,Image 1,S2P,1,950,
2.44991,,Spot,1,Image 1,S2P,1,951,
3.65563,,Spot,1,Image 1,S2P,1,952,
4.23507,,Spot,1,Image 1,S2P,1,953,
2.70478,,Spot,1,Image 1,S2P,1,954,
3.08159,,Spot,1,Image 1,S2P,1,955,
3.70505,,Spot,1,Image 1,S2P,1,956,
3.65851,,Spot,1,Image 1,S2P,1,957,
2.43459,,Spot,1,Image 1,S2P,1,958,
3.31247,,Spot,1,Image 1,S2P,1,959,
1.71225,,Spot,1,Image 1,S2P,1,960,
3.94539,,Spot,1,Image 1,S2P,1,961,
4.16898,,Spot,1,Image 1,S2P,1,962,
2.66324,,Spot,1,Image 1,S2P,1,963,
3.61901,,Spot,1,Image 1,S2P,1,964,
4.67096,,Spot,1,Image 1,S2P,1,965,
4.84556,,Spot,1,Image 1,S2P,1,966,
4.02104,,Spot,1,Image 1,S2P,1,967,
3.38128,,Spot,1,Image 1,S2P,1,968,
4.74424,,Spot,1,Image 1,S2P,1,969,
3.68449,,Spot,1,Image 1,S2P,1,970,
2.39599,,Spot,1,Image 1,S2P,1,971,
3.98391,,Spot,1,Image 1,S2P,1,972,
3.96464,,Spot,1,Image 1,S2P,1,973,
3.79181,,Spot,1,Image 1,S2P,1,974,
4.31013,,Spot,1,Image 1,S2P,1,975,
3.17584,,Spot,1,Image 1,S2P,1,976,
3.63495,,Spot,1,Image 1,S2P,1,977,
3.17098,,Spot,1,Image 1,S2P,1,978,
3.49557,,Spot,1,Image 1,S2P,1,979,
3.96055,,Spot,1,Image 1,S2P,1,980,
3.84093,,Spot,1,Image 1,S2P,1,981,
3.62659,,Spot,1,Image 1,S2P,1,982,
2.54872,,Spot,1,Image 1,S2P,1,983,
3.39154,,Spot,1,Image 1,S2P,1,984,
4.84351,,Spot,1,Image 1,S2P,1,985,
4.9952,,Spot,1,Image 1,S2P,1,986,
2.76672,,Spot,1,Image 1,S2P,1,987,
4.05326,,Spot,1,Image 1,S2P,1,988,
3.62865,,Spot,1,Image 1,S2P,1,989,
1.86458,,Spot,1,Image 1,S2P,1,990,
4.16676,,Spot,1,Image 1,S2P,1,991,
2.6346,,Spot,1,Image 1,S2P,1,992,
4.0524,,Spot,1,Image 1,S2P,1,993,
3.13797,,Spot,1,Image 1,S2P,1,994,
3.01087,,Spot,1,Image 1,S2P,1,995,
2.9569,,Spot,1,Image 1,S2P,1,996,
3.98022,,Spot,1,Image 1,S2P,1,997,
3.97746,,Spot,1,Image 1,S2P,1,998,
4.04981,,Spot,1,Image 1,S2P,1,999,
4.61221,,Spot,1,Image 1,S2P,1,1000,
3.92224,,Spot,1,Image 1,S2P,1,1001,
2.79328,,Spot,1,Image 1,S2P,1,1002,
6.52034,,Spot,1,Image 1,S2P,1,1003,
3.75933,,Spot,1,Image 1,S2P,1,1004,
2.92402,,Spot,1,Image 1,S2P,1,1005,
2.38753,,Spot,1,Image 1,S2P,1,1006,
2.0682,,Spot,1,Image 1,S2P,1,1007,
3.98937,,Spot,1,Image 1,S2P,1,1008,
2.48006,,Spot,1,Image 1,S2P,1,1009,
3.87303,,Spot,1,Image 1,S2P,1,1010,
4.18463,,Spot,1,Image 1,S2P,1,1011,
3.80588,,Spot,1,Image 1,S2P,1,1012,
3.54488,,Spot,1,Image 1,S2P,1,1013,
3.92115,,Spot,1,Image 1,S2P,1,1014,
3.71931,,Spot,1,Image 1,S2P,1,1015,
2.96965,,Spot,1,Image 1,S2P,1,1016,
2.83748,,Spot,1,Image 1,S2P,1,1017,
6.16413,,Spot,1,Image 1,S2P,1,1018,
3.80874,,Spot,1,Image 1,S2P,1,1019,
4.67234,,Spot,1,Image 1,S2P,1,1020,
3.366,,Spot,1,Image 1,S2P,1,1021,
3.5318,,Spot,1,Image 1,S2P,1,1022,
4.12494,,Spot,1,Image 1,S2P,1,1023,
1.78114,,Spot,1,Image 1,S2P,1,1024,
4.04183,,Spot,1,Image 1,S2P,1,1025,
4.0596,,Spot,1,Image 1,S2P,1,1026,
4.1465,,Spot,1,Image 1,S2P,1,1027,
4.55197,,Spot,1,Image 1,S2P,1,1028,
1.95712,,Spot,1,Image 1,S2P,1,1029,
4.13254,,Spot,1,Image 1,S2P,1,1030,
1.73003,,Spot,1,Image 1,S2P,1,1031,
4.15328,,Spot,1,Image 1,S2P,1,1032,
3.43958,,Spot,1,Image 1,S2P,1,1033,
5.88528,,Spot,1,Image 1,S2P,1,1034,
3.53033,,Spot,1,Image 1,S2P,1,1035,
4.37506,,Spot,1,Image 1,S2P,1,1036,
3.43814,,Spot,1,Image 1,S2P,1,1037,
4.16287,,Spot,1,Image 1,S2P,1,1038,
4.37133,,Spot,1,Image 1,S2P,1,1039,
4.21669,,Spot,1,Image 1,S2P,1,1040,
4.19061,,Spot,1,Image 1,S2P,1,1041,
3.9104,,Spot,1,Image 1,S2P,1,1042,
3.28852,,Spot,1,Image 1,S2P,1,1043,
3.98309,,Spot,1,Image 1,S2P,1,1044,
4.11539,,Spot,1,Image 1,S2P,1,1045,
4.14063,,Spot,1,Image 1,S2P,1,1046,
1.77814,,Spot,1,Image 1,S2P,1,1047,
1.97463,,Spot,1,Image 1,S2P,1,1048,
2.58408,,Spot,1,Image 1,S2P,1,1049,
1.81517,,Spot,1,Image 1,S2P,1,1050,
3.79531,,Spot,1,Image 1,S2P,1,1051,
2.90627,,Spot,1,Image 1,S2P,1,1052,
3.65714,,Spot,1,Image 1,S2P,1,1053,
3.48166,,Spot,1,Image 1,S2P,1,1054,
3.96201,,Spot,1,Image 1,S2P,1,1055,
4.45181,,Spot,1,Image 1,S2P,1,1056,
4.17548,,Spot,1,Image 1,S2P,1,1057,
4.7912,,Spot,1,Image 1,S2P,1,1058,
2.25692,,Spot,1,Image 1,S2P,1,1059,
4.40232,,Spot,1,Image 1,S2P,1,1060,
1.74933,,Spot,1,Image 1,S2P,1,1061,
3.28491,,Spot,1,Image 1,S2P,1,1062,
3.57769,,Spot,1,Image 1,S2P,1,1063,
1.60453,,Spot,1,Image 1,S2P,1,1064,
4.43127,,Spot,1,Image 1,S2P,1,1065,
1.88326,,Spot,1,Image 1,S2P,1,1066,
1.94806,,Spot,1,Image 1,S2P,1,1067,
2.2621,,Spot,1,Image 1,S2P,1,1068,
2.53218,,Spot,1,Image 1,S2P,1,1069,
4.57226,,Spot,1,Image 1,S2P,1,1070,
3.59046,,Spot,1,Image 1,S2P,1,1071,
4.22335,,Spot,1,Image 1,S2P,1,1072,
4.34714,,Spot,1,Image 1,S2P,1,1073,
4.53733,,Spot,1,Image 1,S2P,1,1074,
4.19224,,Spot,1,Image 1,S2P,1,1075,
2.02564,,Spot,1,Image 1,S2P,1,1076,
3.8912,,Spot,1,Image 1,S2P,1,1077,
1.69798,,Spot,1,Image 1,S2P,1,1078,
2.37975,,Spot,1,Image 1,S2P,1,1079,
2.58367,,Spot,1,Image 1,S2P,1,1080,
3.04326,,Spot,1,Image 1,S2P,1,1081,
3.45373,,Spot,1,Image 1,S2P,1,1082,
4.35095,,Spot,1,Image 1,S2P,1,1083,
3.52504,,Spot,1,Image 1,S2P,1,1084,
3.52444,,Spot,1,Image 1,S2P,1,1085,
4.22133,,Spot,1,Image 1,S2P,1,1086,
4.73565,,Spot,1,Image 1,S2P,1,1087,
5.04032,,Spot,1,Image 1,S2P,1,1088,
1.95282,,Spot,1,Image 1,S2P,1,1089,
3.94335,,Spot,1,Image 1,S2P,1,1090,
1.9168,,Spot,1,Image 1,S2P,1,1091,
4.33837,,Spot,1,Image 1,S2P,1,1092,
1.92218,,Spot,1,Image 1,S2P,1,1093,
4.41439,,Spot,1,Image 1,S2P,1,1094,
4.25355,,Spot,1,Image 1,S2P,1,1095,
4.37583,,Spot,1,Image 1,S2P,1,1096,
2.27976,,Spot,1,Image 1,S2P,1,1097,
4.20135,,Spot,1,Image 1,S2P,1,1098,
2.23177,,Spot,1,Image 1,S2P,1,1099,
3.02972,,Spot,1,Image 1,S2P,1,1100,
3.10552,,Spot,1,Image 1,S2P,1,1101,
3.56934,,Spot,1,Image 1,S2P,1,1102,
4.01301,,Spot,1,Image 1,S2P,1,1103,
3.80372,,Spot,1,Image 1,S2P,1,1104,
2.11035,,Spot,1,Image 1,S2P,1,1105,
3.38701,,Spot,1,Image 1,S2P,1,1106,
4.37996,,Spot,1,Image 1,S2P,1,1107,
4.17182,,Spot,1,Image 1,S2P,1,1108,
3.635,,Spot,1,Image 1,S2P,1,1109,
3.5487,,Spot,1,Image 1,S2P,1,1110,
3.61088,,Spot,1,Image 1,S2P,1,1111,
3.09874,,Spot,1,Image 1,S2P,1,1112,
4.17719,,Spot,1,Image 1,S2P,1,1113,
4.00403,,Spot,1,Image 1,S2P,1,1114,
3.65624,,Spot,1,Image 1,S2P,1,1115,
4.13868,,Spot,1,Image 1,S2P,1,1116,
2.10519,,Spot,1,Image 1,S2P,1,1117,
4.17916,,Spot,1,Image 1,S2P,1,1118,
3.44438,,Spot,1,Image 1,S2P,1,1119,
4.55733,,Spot,1,Image 1,S2P,1,1120,
3.57476,,Spot,1,Image 1,S2P,1,1121,
2.99714,,Spot,1,Image 1,S2P,1,1122,
4.19719,,Spot,1,Image 1,S2P,1,1123,
3.09924,,Spot,1,Image 1,S2P,1,1124,
3.69,,Spot,1,Image 1,S2P,1,1125,
3.45727,,Spot,1,Image 1,S2P,1,1126,
4.61475,,Spot,1,Image 1,S2P,1,1127,
3.53704,,Spot,1,Image 1,S2P,1,1128,
3.54585,,Spot,1,Image 1,S2P,1,1129,
3.79281,,Spot,1,Image 1,S2P,1,1130,
3.76849,,Spot,1,Image 1,S2P,1,1131,
3.34004,,Spot,1,Image 1,S2P,1,1132,
3.77811,,Spot,1,Image 1,S2P,1,1133,
3.26307,,Spot,1,Image 1,S2P,1,1134,
3.86928,,Spot,1,Image 1,S2P,1,1135,
3.9639,,Spot,1,Image 1,S2P,1,1136,
2.21243,,Spot,1,Image 1,S2P,1,1137,
1.4294,,Spot,1,Image 1,S2P,1,1138,
2.59976,,Spot,1,Image 1,S2P,1,1139,
2.91155,,Spot,1,Image 1,S2P,1,1140,
2.18394,,Spot,1,Image 1,S2P,1,1141,
2.31193,,Spot,1,Image 1,S2P,1,1142,
4.02252,,Spot,1,Image 1,S2P,1,1143,
1.81268,,Spot,1,Image 1,S2P,1,1144,
3.31954,,Spot,1,Image 1,S2P,1,1145,
2.09178,,Spot,1,Image 1,S2P,1,1146,
2.09788,,Spot,1,Image 1,S2P,1,1147,
2.81639,,Spot,1,Image 1,S2P,1,1148,
3.73391,,Spot,1,Image 1,S2P,1,1149,
3.16248,,Spot,1,Image 1,S2P,1,1150,
2.64375,,Spot,1,Image 1,S2P,1,1151,
1.73493,,Spot,1,Image 1,S2P,1,1152,
2.56624,,Spot,1,Image 1,S2P,1,1153,
3.11677,,Spot,1,Image 1,S2P,1,1154,
4.23924,,Spot,1,Image 1,S2P,1,1155,
3.47796,,Spot,1,Image 1,S2P,1,1156,
2.72462,,Spot,1,Image 1,S2P,1,1157,
2.5368,,Spot,1,Image 1,S2P,1,1158,
3.22884,,Spot,1,Image 1,S2P,1,1159,
2.67435,,Spot,1,Image 1,S2P,1,1160,
3.98042,,Spot,1,Image 1,S2P,1,1161,
4.09958,,Spot,1,Image 1,S2P,1,1162,
3.51131,,Spot,1,Image 1,S2P,1,1163,
3.51154,,Spot,1,Image 1,S2P,1,1164,
2.90985,,Spot,1,Image 1,S2P,1,1165,
1.93155,,Spot,1,Image 1,S2P,1,1166,
3.93065,,Spot,1,Image 1,S2P,1,1167,
4.02793,,Spot,1,Image 1,S2P,1,1168,
3.76351,,Spot,1,Image 1,S2P,1,1169,
3.79606,,Spot,1,Image 1,S2P,1,1170,
2.85806,,Spot,1,Image 1,S2P,1,1171,
3.295,,Spot,1,Image 1,S2P,1,1172,
3.34517,,Spot,1,Image 1,S2P,1,1173,
3.92986,,Spot,1,Image 1,S2P,1,1174,
3.14773,,Spot,1,Image 1,S2P,1,1175,
3.01001,,Spot,1,Image 1,S2P,1,1176,
4.08634,,Spot,1,Image 1,S2P,1,1177,
3.16668,,Spot,1,Image 1,S2P,1,1178,
3.91343,,Spot,1,Image 1,S2P,1,1179,
3.70388,,Spot,1,Image 1,S2P,1,1180,
2.96533,,Spot,1,Image 1,S2P,1,1181,
3.62792,,Spot,1,Image 1,S2P,1,1182,
2.02178,,Spot,1,Image 1,S2P,1,1183,
3.94279,,Spot,1,Image 1,S2P,1,1184,
4.16987,,Spot,1,Image 1,S2P,1,1185,
3.38341,,Spot,1,Image 1,S2P,1,1186,
4.10418,,Spot,1,Image 1,S2P,1,1187,
3.75865,,Spot,1,Image 1,S2P,1,1188,
4.57901,,Spot,1,Image 1,S2P,1,1189,
2.82972,,Spot,1,Image 1,S2P,1,1190,
2.09874,,Spot,1,Image 1,S2P,1,1191,
3.55826,,Spot,1,Image 1,S2P,1,1192,
4.06013,,Spot,1,Image 1,S2P,1,1193,
4.38893,,Spot,1,Image 1,S2P,1,1194,
3.99063,,Spot,1,Image 1,S2P,1,1195,
3.16519,,Spot,1,Image 1,S2P,1,1196,
4.09062,,Spot,1,Image 1,S2P,1,1197,
2.98547,,Spot,1,Image 1,S2P,1,1198,
3.14567,,Spot,1,Image 1,S2P,1,1199,
3.27527,,Spot,1,Image 1,S2P,1,1200,
3.56831,,Spot,1,Image 1,S2P,1,1201,
3.89162,,Spot,1,Image 1,S2P,1,1202,
3.56629,,Spot,1,Image 1,S2P,1,1203,
3.42681,,Spot,1,Image 1,S2P,1,1204,
3.978,,Spot,1,Image 1,S2P,1,1205,
3.33214,,Spot,1,Image 1,S2P,1,1206,
3.34514,,Spot,1,Image 1,S2P,1,1207,
3.9789,,Spot,1,Image 1,S2P,1,1208,
4.42904,,Spot,1,Image 1,S2P,1,1209,
3.65428,,Spot,1,Image 1,S2P,1,1210,
3.31655,,Spot,1,Image 1,S2P,1,1211,
3.78719,,Spot,1,Image 1,S2P,1,1212,
3.54115,,Spot,1,Image 1,S2P,1,1213,
2.78649,,Spot,1,Image 1,S2P,1,1214,
3.8819,,Spot,1,Image 1,S2P,1,1215,
3.93018,,Spot,1,Image 1,S2P,1,1216,
3.05983,,Spot,1,Image 1,S2P,1,1217,
4.19743,,Spot,1,Image 1,S2P,1,1218,
2.36598,,Spot,1,Image 1,S2P,1,1219,
2.62596,,Spot,1,Image 1,S2P,1,1220,
2.04915,,Spot,1,Image 1,S2P,1,1221,
2.82274,,Spot,1,Image 1,S2P,1,1222,
2.84783,,Spot,1,Image 1,S2P,1,1223,
1.85363,,Spot,1,Image 1,S2P,1,1224,
3.339,,Spot,1,Image 1,S2P,1,1225,
3.00864,,Spot,1,Image 1,S2P,1,1226,
3.04687,,Spot,1,Image 1,S2P,1,1227,
2.78144,,Spot,1,Image 1,S2P,1,1228,
3.21425,,Spot,1,Image 1,S2P,1,1229,
3.4303,,Spot,1,Image 1,S2P,1,1230,
3.24353,,Spot,1,Image 1,S2P,1,1231,
2.77318,,Spot,1,Image 1,S2P,1,1232,
3.01966,,Spot,1,Image 1,S2P,1,1233,
3.06076,,Spot,1,Image 1,S2P,1,1234,
2.60224,,Spot,1,Image 1,S2P,1,1235,
3.48664,,Spot,1,Image 1,S2P,1,1236,
4.60798,,Spot,1,Image 1,S2P,1,1237,
3.68594,,Spot,1,Image 1,S2P,1,1238,
3.35714,,Spot,1,Image 1,S2P,1,1239,
3.38504,,Spot,1,Image 1,S2P,1,1240,
3.41933,,Spot,1,Image 1,S2P,1,1241,
2.89717,,Spot,1,Image 1,S2P,1,1242,
2.77868,,Spot,1,Image 1,S2P,1,1243,
4.23325,,Spot,1,Image 1,S2P,1,1244,
4.21943,,Spot,1,Image 1,S2P,1,1245,
4.26946,,Spot,1,Image 1,S2P,1,1246,
3.42098,,Spot,1,Image 1,S2P,1,1247,
3.53015,,Spot,1,Image 1,S2P,1,1248,
2.90715,,Spot,1,Image 1,S2P,1,1249,
3.26199,,Spot,1,Image 1,S2P,1,1250,
3.10894,,Spot,1,Image 1,S2P,1,1251,
3.67074,,Spot,1,Image 1,S2P,1,1252,
4.01614,,Spot,1,Image 1,S2P,1,1253,
3.98831,,Spot,1,Image 1,S2P,1,1254,
3.45718,,Spot,1,Image 1,S2P,1,1255,
3.82448,,Spot,1,Image 1,S2P,1,1256,
3.44256,,Spot,1,Image 1,S2P,1,1257,
2.55298,,Spot,1,Image 1,S2P,1,1258,
3.37814,,Spot,1,Image 1,S2P,1,1259,
4.2984,,Spot,1,Image 1,S2P,1,1260,
3.88807,,Spot,1,Image 1,S2P,1,1261,
3.89446,,Spot,1,Image 1,S2P,1,1262,
3.08691,,Spot,1,Image 1,S2P,1,1263,
3.75744,,Spot,1,Image 1,S2P,1,1264,
3.31609,,Spot,1,Image 1,S2P,1,1265,
2.93402,,Spot,1,Image 1,S2P,1,1266,
3.44267,,Spot,1,Image 1,S2P,1,1267,
4.62604,,Spot,1,Image 1,S2P,1,1268,
4.62533,,Spot,1,Image 1,S2P,1,1269,
4.10616,,Spot,1,Image 1,S2P,1,1270,
3.4945,,Spot,1,Image 1,S2P,1,1271,
3.1225,,Spot,1,Image 1,S2P,1,1272,
3.51828,,Spot,1,Image 1,S2P,1,1273,
3.53848,,Spot,1,Image 1,S2P,1,1274,
3.91744,,Spot,1,Image 1,S2P,1,1275,
3.14917,,Spot,1,Image 1,S2P,1,1276,
3.62803,,Spot,1,Image 1,S2P,1,1277,
1.71114,,Spot,1,Image 1,S2P,1,1278,
3.79642,,Spot,1,Image 1,S2P,1,1279,
3.18898,,Spot,1,Image 1,S2P,1,1280,
3.32735,,Spot,1,Image 1,S2P,1,1281,
3.56857,,Spot,1,Image 1,S2P,1,1282,
4.02514,,Spot,1,Image 1,S2P,1,1283,
2.64421,,Spot,1,Image 1,S2P,1,1284,
1.81043,,Spot,1,Image 1,S2P,1,1285,
2.31186,,Spot,1,Image 1,S2P,1,1286,
2.01071,,Spot,1,Image 1,S2P,1,1287,
2.08791,,Spot,1,Image 1,S2P,1,1288,
1.63872,,Spot,1,Image 1,S2P,1,1289,
2.89097,,Spot,1,Image 1,S2P,1,1290,
4.46975,,Spot,1,Image 1,S2P,1,1291,
2.92821,,Spot,1,Image 1,S2P,1,1292,
2.31906,,Spot,1,Image 1,S2P,1,1293,
1.29513,,Spot,1,Image 1,S2P,1,1294,
2.17265,,Spot,1,Image 1,S2P,1,1295,
2.22225,,Spot,1,Image 1,S2P,1,1296,
3.18489,,Spot,1,Image 1,S2P,1,1297,
4.02032,,Spot,1,Image 1,S2P,1,1298,
2.44421,,Spot,1,Image 1,S2P,1,1299,
2.11645,,Spot,1,Image 1,S2P,1,1300,
4.23652,,Spot,1,Image 1,S2P,1,1301,
2.88685,,Spot,1,Image 1,S2P,1,1302,
2.37125,,Spot,1,Image 1,S2P,1,1303,
3.26486,,Spot,1,Image 1,S2P,1,1304,
3.55847,,Spot,1,Image 1,S2P,1,1305,
2.78732,,Spot,1,Image 1,S2P,1,1306,
2.35003,,Spot,1,Image 1,S2P,1,1307,
2.0958,,Spot,1,Image 1,S2P,1,1308,
3.10419,,Spot,1,Image 1,S2P,1,1309,
3.40446,,Spot,1,Image 1,S2P,1,1310,
3.77674,,Spot,1,Image 1,S2P,1,1311,
2.41214,,Spot,1,Image 1,S2P,1,1312,
2.46559,,Spot,1,Image 1,S2P,1,1313,
2.8556,,Spot,1,Image 1,S2P,1,1314,
3.52929,,Spot,1,Image 1,S2P,1,1315,
2.5769,,Spot,1,Image 1,S2P,1,1316,
2.83178,,Spot,1,Image 1,S2P,1,1317,
2.92351,,Spot,1,Image 1,S2P,1,1318,
2.51457,,Spot,1,Image 1,S2P,1,1319,
2.6177,,Spot,1,Image 1,S2P,1,1320,
2.50604,,Spot,1,Image 1,S2P,1,1321,
2.59666,,Spot,1,Image 1,S2P,1,1322,
3.56045,,Spot,1,Image 1,S2P,1,1323,
3.71125,,Spot,1,Image 1,S2P,1,1324,
2.73458,,Spot,1,Image 1,S2P,1,1325,
2.6882,,Spot,1,Image 1,S2P,1,1326,
2.54429,,Spot,1,Image 1,S2P,1,1327,
2.65184,,Spot,1,Image 1,S2P,1,1328,
2.56361,,Spot,1,Image 1,S2P,1,1329,
2.56047,,Spot,1,Image 1,S2P,1,1330,
3.0106,,Spot,1,Image 1,S2P,1,1331,
2.929,,Spot,1,Image 1,S2P,1,1332,
1.82578,,Spot,1,Image 1,S2P,1,1333,
2.63418,,Spot,1,Image 1,S2P,1,1334,
2.67633,,Spot,1,Image 1,S2P,1,1335,
2.92081,,Spot,1,Image 1,S2P,1,1336,
3.32264,,Spot,1,Image 1,S2P,1,1337,
3.02611,,Spot,1,Image 1,S2P,1,1338,
3.38018,,Spot,1,Image 1,S2P,1,1339,
3.05158,,Spot,1,Image 1,S2P,1,1340,
2.59897,,Spot,1,Image 1,S2P,1,1341,
2.66374,,Spot,1,Image 1,S2P,1,1342,
2.81114,,Spot,1,Image 1,S2P,1,1343,
4.09865,,Spot,1,Image 1,S2P,1,1344,
3.38578,,Spot,1,Image 1,S2P,1,1345,
3.57977,,Spot,1,Image 1,S2P,1,1346,
2.64545,,Spot,1,Image 1,S2P,1,1347,
2.99158,,Spot,1,Image 1,S2P,1,1348,
3.29596,,Spot,1,Image 1,S2P,1,1349,
3.36416,,Spot,1,Image 1,S2P,1,1350,
2.67839,,Spot,1,Image 1,S2P,1,1351,
3.36147,,Spot,1,Image 1,S2P,1,1352,
4.31946,,Spot,1,Image 1,S2P,1,1353,
3.11285,,Spot,1,Image 1,S2P,1,1354,
4.06093,,Spot,1,Image 1,S2P,1,1355,
3.12489,,Spot,1,Image 1,S2P,1,1356,
2.47337,,Spot,1,Image 1,S2P,1,1357,
2.67117,,Spot,1,Image 1,S2P,1,1358,
2.54591,,Spot,1,Image 1,S2P,1,1359,
2.54122,,Spot,1,Image 1,S2P,1,1360,
2.75349,,Spot,1,Image 1,S2P,1,1361,
3.5524,,Spot,1,Image 1,S2P,1,1362,
3.97075,,Spot,1,Image 1,S2P,1,1363,
4.20073,,Spot,1,Image 1,S2P,1,1364,
2.56332,,Spot,1,Image 1,S2P,1,1365,
2.69461,,Spot,1,Image 1,S2P,1,1366,
2.46893,,Spot,1,Image 1,S2P,1,1367,
2.65836,,Spot,1,Image 1,S2P,1,1368,
3.13331,,Spot,1,Image 1,S2P,1,1369,
3.02178,,Spot,1,Image 1,S2P,1,1370,
2.57944,,Spot,1,Image 1,S2P,1,1371,
2.69822,,Spot,1,Image 1,S2P,1,1372,
3.58096,,Spot,1,Image 1,S2P,1,1373,
3.43183,,Spot,1,Image 1,S2P,1,1374,
2.84857,,Spot,1,Image 1,S2P,1,1375,
2.77513,,Spot,1,Image 1,S2P,1,1376,
3.36741,,Spot,1,Image 1,S2P,1,1377,
4.27229,,Spot,1,Image 1,S2P,1,1378,
3.46644,,Spot,1,Image 1,S2P,1,1379,
4.08147,,Spot,1,Image 1,S2P,1,1380,
3.16175,,Spot,1,Image 1,S2P,1,1381,
2.4784,,Spot,1,Image 1,S2P,1,1382,
2.09321,,Spot,1,Image 1,S2P,1,1383,
4.33748,,Spot,1,Image 1,S2P,1,1384,
2.3485,,Spot,1,Image 1,S2P,1,1385,
4.05719,,Spot,1,Image 1,S2P,1,1386,
3.479,,Spot,1,Image 1,S2P,1,1387,
4.35061,,Spot,1,Image 1,S2P,1,1388,
3.14109,,Spot,1,Image 1,S2P,1,1389,
2.33794,,Spot,1,Image 1,S2P,1,1390,
3.28106,,Spot,1,Image 1,S2P,1,1391,
3.25843,,Spot,1,Image 1,S2P,1,1392,
2.6014,,Spot,1,Image 1,S2P,1,1393,
4.41944,,Spot,1,Image 1,S2P,1,1394,
3.87781,,Spot,1,Image 1,S2P,1,1395,
4.15093,,Spot,1,Image 1,S2P,1,1396,
2.15967,,Spot,1,Image 1,S2P,1,1397,
4.43313,,Spot,1,Image 1,S2P,1,1398,
2.27588,,Spot,1,Image 1,S2P,1,1399,
3.70374,,Spot,1,Image 1,S2P,1,1400,
2.29353,,Spot,1,Image 1,S2P,1,1401,
2.32986,,Spot,1,Image 1,S2P,1,1402,
2.17199,,Spot,1,Image 1,S2P,1,1403,
4.18786,,Spot,1,Image 1,S2P,1,1404,
3.049,,Spot,1,Image 1,S2P,1,1405,
3.88172,,Spot,1,Image 1,S2P,1,1406,
3.8393,,Spot,1,Image 1,S2P,1,1407,
3.51528,,Spot,1,Image 1,S2P,1,1408,
4.0917,,Spot,1,Image 1,S2P,1,1409,
3.0624,,Spot,1,Image 1,S2P,1,1410,
4.267,,Spot,1,Image 1,S2P,1,1411,
3.2179,,Spot,1,Image 1,S2P,1,1412,
2.93283,,Spot,1,Image 1,S2P,1,1413,
2.06417,,Spot,1,Image 1,S2P,1,1414,
2.29073,,Spot,1,Image 1,S2P,1,1415,
2.56273,,Spot,1,Image 1,S2P,1,1416,
4.429,,Spot,1,Image 1,S2P,1,1417,
2.71645,,Spot,1,Image 1,S2P,1,1418,
2.52469,,Spot,1,Image 1,S2P,1,1419,
4.08941,,Spot,1,Image 1,S2P,1,1420,
2.79451,,Spot,1,Image 1,S2P,1,1421,
3.59986,,Spot,1,Image 1,S2P,1,1422,
3.8247,,Spot,1,Image 1,S2P,1,1423,
3.63691,,Spot,1,Image 1,S2P,1,1424,
2.35567,,Spot,1,Image 1,S2P,1,1425,
3.5924,,Spot,1,Image 1,S2P,1,1426,
2.55023,,Spot,1,Image 1,S2P,1,1427,
2.6322,,Spot,1,Image 1,S2P,1,1428,
3.13615,,Spot,1,Image 1,S2P,1,1429,
3.34709,,Spot,1,Image 1,S2P,1,1430,
4.49799,,Spot,1,Image 1,S2P,1,1431,
2.62351,,Spot,1,Image 1,S2P,1,1432,
3.89625,,Spot,1,Image 1,S2P,1,1433,
3.79944,,Spot,1,Image 1,S2P,1,1434,
3.26802,,Spot,1,Image 1,S2P,1,1435,
3.78492,,Spot,1,Image 1,S2P,1,1436,
2.99679,,Spot,1,Image 1,S2P,1,1437,
4.30247,,Spot,1,Image 1,S2P,1,1438,
1.98641,,Spot,1,Image 1,S2P,1,1439,
2.41817,,Spot,1,Image 1,S2P,1,1440,
4.46782,,Spot,1,Image 1,S2P,1,1441,
1.81568,,Spot,1,Image 1,S2P,1,1442,
3.00392,,Spot,1,Image 1,S2P,1,1443,
2.31012,,Spot,1,Image 1,S2P,1,1444,
4.26125,,Spot,1,Image 1,S2P,1,1445,
3.69676,,Spot,1,Image 1,S2P,1,1446,
4.15983,,Spot,1,Image 1,S2P,1,1447,
2.77098,,Spot,1,Image 1,S2P,1,1448,
4.21143,,Spot,1,Image 1,S2P,1,1449,
4.5476,,Spot,1,Image 1,S2P,1,1450,
3.6284,,Spot,1,Image 1,S2P,1,1451,
3.91026,,Spot,1,Image 1,S2P,1,1452,
4.01524,,Spot,1,Image 1,S2P,1,1453,
3.83336,,Spot,1,Image 1,S2P,1,1454,
3.42268,,Spot,1,Image 1,S2P,1,1455,
3.39686,,Spot,1,Image 1,S2P,1,1456,
4.40366,,Spot,1,Image 1,S2P,1,1457,
3.74806,,Spot,1,Image 1,S2P,1,1458,
2.53707,,Spot,1,Image 1,S2P,1,1459,
2.80915,,Spot,1,Image 1,S2P,1,1460,
2.80138,,Spot,1,Image 1,S2P,1,1461,
2.91515,,Spot,1,Image 1,S2P,1,1462,
4.16898,,Spot,1,Image 1,S2P,1,1463,
3.74618,,Spot,1,Image 1,S2P,1,1464,
3.61974,,Spot,1,Image 1,S2P,1,1465,
3.68326,,Spot,1,Image 1,S2P,1,1466,
2.75564,,Spot,1,Image 1,S2P,1,1467,
3.96382,,Spot,1,Image 1,S2P,1,1468,
4.15378,,Spot,1,Image 1,S2P,1,1469,
3.51676,,Spot,1,Image 1,S2P,1,1470,
5.21564,,Spot,1,Image 1,S2P,1,1471,
3.72724,,Spot,1,Image 1,S2P,1,1472,
2.68153,,Spot,1,Image 1,S2P,1,1473,
3.76377,,Spot,1,Image 1,S2P,1,1474,
2.90201,,Spot,1,Image 1,S2P,1,1475,
3.19393,,Spot,1,Image 1,S2P,1,1476,
3.13945,,Spot,1,Image 1,S2P,1,1477,
3.47607,,Spot,1,Image 1,S2P,1,1478,
2.91756,,Spot,1,Image 1,S2P,1,1479,
2.57664,,Spot,1,Image 1,S2P,1,1480,
3.59778,,Spot,1,Image 1,S2P,1,1481,
3.94353,,Spot,1,Image 1,S2P,1,1482,
3.77794,,Spot,1,Image 1,S2P,1,1483,
3.87143,,Spot,1,Image 1,S2P,1,1484,
3.22649,,Spot,1,Image 1,S2P,1,1485,
4.4627,,Spot,1,Image 1,S2P,1,1486,
2.70325,,Spot,1,Image 1,S2P,1,1487,
2.55965,,Spot,1,Image 1,S2P,1,1488,
2.74678,,Spot,1,Image 1,S2P,1,1489,
2.49923,,Spot,1,Image 1,S2P,1,1490,
4.12795,,Spot,1,Image 1,S2P,1,1491,
3.26486,,Spot,1,Image 1,S2P,1,1492,
2.26613,,Spot,1,Image 1,S2P,1,1493,
3.81659,,Spot,1,Image 1,S2P,1,1494,
2.95393,,Spot,1,Image 1,S2P,1,1495,
4,,Spot,1,Image 1,S2P,1,1496,
4.01846,,Spot,1,Image 1,S2P,1,1497,
3.58013,,Spot,1,Image 1,S2P,1,1498,
3.71039,,Spot,1,Image 1,S2P,1,1499,
3.53153,,Spot,1,Image 1,S2P,1,1500,
2.65611,,Spot,1,Image 1,S2P,1,1501,
4.72755,,Spot,1,Image 1,S2P,1,1502,
2.76345,,Spot,1,Image 1,S2P,1,1503,
3.58508,,Spot,1,Image 1,S2P,1,1504,
3.29274,,Spot,1,Image 1,S2P,1,1505,
2.68639,,Spot,1,Image 1,S2P,1,1506,
3.17991,,Spot,1,Image 1,S2P,1,1507,
2.48741,,Spot,1,Image 1,S2P,1,1508,
4.48247,,Spot,1,Image 1,S2P,1,1509,
3.25057,,Spot,1,Image 1,S2P,1,1510,
4.83571,,Spot,1,Image 1,S2P,1,1511,
3.6006,,Spot,1,Image 1,S2P,1,1512,
3.544,,Spot,1,Image 1,S2P,1,1513,
3.9511,,Spot,1,Image 1,S2P,1,1514,
3.50427,,Spot,1,Image 1,S2P,1,1515,
4.51488,,Spot,1,Image 1,S2P,1,1516,
3.09324,,Spot,1,Image 1,S2P,1,1517,
3.89631,,Spot,1,Image 1,S2P,1,1518,
3.89433,,Spot,1,Image 1,S2P,1,1519,
5.10087,,Spot,1,Image 1,S2P,1,1520,
4.15563,,Spot,1,Image 1,S2P,1,1521,
3.67519,,Spot,1,Image 1,S2P,1,1522,
2.78697,,Spot,1,Image 1,S2P,1,1523,
2.23776,,Spot,1,Image 1,S2P,1,1524,
4.15495,,Spot,1,Image 1,S2P,1,1525,
2.78337,,Spot,1,Image 1,S2P,1,1526,
4.05366,,Spot,1,Image 1,S2P,1,1527,
4.32482,,Spot,1,Image 1,S2P,1,1528,
3.34312,,Spot,1,Image 1,S2P,1,1529,
3.98182,,Spot,1,Image 1,S2P,1,1530,
2.24805,,Spot,1,Image 1,S2P,1,1531,
2.82644,,Spot,1,Image 1,S2P,1,1532,
4.08289,,Spot,1,Image 1,S2P,1,1533,
3.81619,,Spot,1,Image 1,S2P,1,1534,
3.97745,,Spot,1,Image 1,S2P,1,1535,
3.39161,,Spot,1,Image 1,S2P,1,1536,
2.87435,,Spot,1,Image 1,S2P,1,1537,
3.36684,,Spot,1,Image 1,S2P,1,1538,
3.44,,Spot,1,Image 1,S2P,1,1539,
3.31918,,Spot,1,Image 1,S2P,1,1540,
3.82144,,Spot,1,Image 1,S2P,1,1541,
2.91789,,Spot,1,Image 1,S2P,1,1542,
3.89153,,Spot,1,Image 1,S2P,1,1543,
3.73676,,Spot,1,Image 1,S2P,1,1544,
2.80871,,Spot,1,Image 1,S2P,1,1545,
2.83198,,Spot,1,Image 1,S2P,1,1546,
4.09522,,Spot,1,Image 1,S2P,1,1547,
3.56501,,Spot,1,Image 1,S2P,1,1548,
3.97382,,Spot,1,Image 1,S2P,1,1549,
2.67461,,Spot,1,Image 1,S2P,1,1550,
2.57234,,Spot,1,Image 1,S2P,1,1551,
2.51183,,Spot,1,Image 1,S2P,1,1552,
3.67877,,Spot,1,Image 1,S2P,1,1553,
4.35377,,Spot,1,Image 1,S2P,1,1554,
2.76275,,Spot,1,Image 1,S2P,1,1555,
3.89437,,Spot,1,Image 1,S2P,1,1556,
3.70222,,Spot,1,Image 1,S2P,1,1557,
3.80783,,Spot,1,Image 1,S2P,1,1558,
3.65693,,Spot,1,Image 1,S2P,1,1559,
3.09463,,Spot,1,Image 1,S2P,1,1560,
2.86115,,Spot,1,Image 1,S2P,1,1561,
2.73645,,Spot,1,Image 1,S2P,1,1562,
2.68266,,Spot,1,Image 1,S2P,1,1563,
3.47177,,Spot,1,Image 1,S2P,1,1564,
2.41114,,Spot,1,Image 1,S2P,1,1565,
2.72214,,Spot,1,Image 1,S2P,1,1566,
4.71436,,Spot,1,Image 1,S2P,1,1567,
3.22694,,Spot,1,Image 1,S2P,1,1568,
3.83954,,Spot,1,Image 1,S2P,1,1569,
3.43616,,Spot,1,Image 1,S2P,1,1570,
3.65521,,Spot,1,Image 1,S2P,1,1571,
3.77306,,Spot,1,Image 1,S2P,1,1572,
4.13884,,Spot,1,Image 1,S2P,1,1573,
2.63761,,Spot,1,Image 1,S2P,1,1574,
2.5508,,Spot,1,Image 1,S2P,1,1575,
2.78671,,Spot,1,Image 1,S2P,1,1576,
3.95895,,Spot,1,Image 1,S2P,1,1577,
2.56463,,Spot,1,Image 1,S2P,1,1578,
4.15432,,Spot,1,Image 1,S2P,1,1579,
3.98157,,Spot,1,Image 1,S2P,1,1580,
2.91169,,Spot,1,Image 1,S2P,1,1581,
2.61405,,Spot,1,Image 1,S2P,1,1582,
4.31502,,Spot,1,Image 1,S2P,1,1583,
3.20109,,Spot,1,Image 1,S2P,1,1584,
3.3441,,Spot,1,Image 1,S2P,1,1585,
3.95881,,Spot,1,Image 1,S2P,1,1586,
3.32256,,Spot,1,Image 1,S2P,1,1587,
3.39383,,Spot,1,Image 1,S2P,1,1588,
2.83981,,Spot,1,Image 1,S2P,1,1589,
3.85394,,Spot,1,Image 1,S2P,1,1590,
2.78907,,Spot,1,Image 1,S2P,1,1591,
4.44591,,Spot,1,Image 1,S2P,1,1592,
3.74022,,Spot,1,Image 1,S2P,1,1593,
2.82807,,Spot,1,Image 1,S2P,1,1594,
3.07227,,Spot,1,Image 1,S2P,1,1595,
3.84345,,Spot,1,Image 1,S2P,1,1596,
3.85453,,Spot,1,Image 1,S2P,1,1597,
3.74348,,Spot,1,Image 1,S2P,1,1598,
4.05378,,Spot,1,Image 1,S2P,1,1599,
3.24354,,Spot,1,Image 1,S2P,1,1600,
3.14335,,Spot,1,Image 1,S2P,1,1601,
3.74763,,Spot,1,Image 1,S2P,1,1602,
4.02714,,Spot,1,Image 1,S2P,1,1603,
3.46099,,Spot,1,Image 1,S2P,1,1604,
3.70276,,Spot,1,Image 1,S2P,1,1605,
3.82441,,Spot,1,Image 1,S2P,1,1606,
2.56597,,Spot,1,Image 1,S2P,1,1607,
5.1353,,Spot,1,Image 1,S2P,1,1608,
2.54394,,Spot,1,Image 1,S2P,1,1609,
3.99808,,Spot,1,Image 1,S2P,1,1610,
3.78612,,Spot,1,Image 1,S2P,1,1611,
2.55798,,Spot,1,Image 1,S2P,1,1612,
3.21321,,Spot,1,Image 1,S2P,1,1613,
3.49676,,Spot,1,Image 1,S2P,1,1614,
3.44321,,Spot,1,Image 1,S2P,1,1615,
3.92417,,Spot,1,Image 1,S2P,1,1616,
3.06763,,Spot,1,Image 1,S2P,1,1617,
3.97431,,Spot,1,Image 1,S2P,1,1618,
3.57245,,Spot,1,Image 1,S2P,1,1619,
2.56818,,Spot,1,Image 1,S2P,1,1620,
3.68206,,Spot,1,Image 1,S2P,1,1621,
3.34322,,Spot,1,Image 1,S2P,1,1622,
3.53147,,Spot,1,Image 1,S2P,1,1623,
3.82154,,Spot,1,Image 1,S2P,1,1624,
4.18861,,Spot,1,Image 1,S2P,1,1625,
3.37781,,Spot,1,Image 1,S2P,1,1626,
3.59634,,Spot,1,Image 1,S2P,1,1627,
4.70771,,Spot,1,Image 1,S2P,1,1628,
3.67412,,Spot,1,Image 1,S2P,1,1629,
3.3881,,Spot,1,Image 1,S2P,1,1630,
3.57474,,Spot,1,Image 1,S2P,1,1631,
4.06776,,Spot,1,Image 1,S2P,1,1632,
2.93461,,Spot,1,Image 1,S2P,1,1633,
2.88339,,Spot,1,Image 1,S2P,1,1634,
3.11516,,Spot,1,Image 1,S2P,1,1635,
3.30182,,Spot,1,Image 1,S2P,1,1636,
2.08174,,Spot,1,Image 1,S2P,1,1637,
3.15586,,Spot,1,Image 1,S2P,1,1638,
3.37489,,Spot,1,Image 1,S2P,1,1639,
3.07118,,Spot,1,Image 1,S2P,1,1640,
3.0333,,Spot,1,Image 1,S2P,1,1641,
3.08476,,Spot,1,Image 1,S2P,1,1642,
2.9784,,Spot,1,Image 1,S2P,1,1643,
3.64414,,Spot,1,Image 1,S2P,1,1644,
2.69964,,Spot,1,Image 1,S2P,1,1645,
3.40267,,Spot,1,Image 1,S2P,1,1646,
3.31669,,Spot,1,Image 1,S2P,1,1647,
3.39582,,Spot,1,Image 1,S2P,1,1648,
3.60687,,Spot,1,Image 1,S2P,1,1649,
3.79304,,Spot,1,Image 1,S2P,1,1650,
3.9475,,Spot,1,Image 1,S2P,1,1651,
3.11351,,Spot,1,Image 1,S2P,1,1652,
3.11681,,Spot,1,Image 1,S2P,1,1653,
3.70817,,Spot,1,Image 1,S2P,1,1654,
3.14476,,Spot,1,Image 1,S2P,1,1655,
2.97064,,Spot,1,Image 1,S2P,1,1656,
3.24056,,Spot,1,Image 1,S2P,1,1657,
4.22587,,Spot,1,Image 1,S2P,1,1658,
4.44327,,Spot,1,Image 1,S2P,1,1659,
3.80622,,Spot,1,Image 1,S2P,1,1660,
3.76752,,Spot,1,Image 1,S2P,1,1661,
4.15814,,Spot,1,Image 1,S2P,1,1662,
4.07663,,Spot,1,Image 1,S2P,1,1663,
3.78042,,Spot,1,Image 1,S2P,1,1664,
3.65744,,Spot,1,Image 1,S2P,1,1665,
3.75775,,Spot,1,Image 1,S2P,1,1666,
3.16083,,Spot,1,Image 1,S2P,1,1667,
3.94854,,Spot,1,Image 1,S2P,1,1668,
3.54595,,Spot,1,Image 1,S2P,1,1669,
3.19642,,Spot,1,Image 1,S2P,1,1670,
2.49966,,Spot,1,Image 1,S2P,1,1671,
4.68517,,Spot,1,Image 1,S2P,1,1672,
3.15442,,Spot,1,Image 1,S2P,1,1673,
2.97244,,Spot,1,Image 1,S2P,1,1674,
3.40395,,Spot,1,Image 1,S2P,1,1675,
3.78745,,Spot,1,Image 1,S2P,1,1676,
4.19208,,Spot,1,Image 1,S2P,1,1677,
3.50109,,Spot,1,Image 1,S2P,1,1678,
4.28541,,Spot,1,Image 1,S2P,1,1679,
3.44629,,Spot,1,Image 1,S2P,1,1680,
3.95147,,Spot,1,Image 1,S2P,1,1681,
3.66958,,Spot,1,Image 1,S2P,1,1682,
3.64597,,Spot,1,Image 1,S2P,1,1683,
4.34132,,Spot,1,Image 1,S2P,1,1684,
4.1654,,Spot,1,Image 1,S2P,1,1685,
3.10258,,Spot,1,Image 1,S2P,1,1686,
3.69499,,Spot,1,Image 1,S2P,1,1687,
3.66824,,Spot,1,Image 1,S2P,1,1688,
4.10491,,Spot,1,Image 1,S2P,1,1689,
4.15418,,Spot,1,Image 1,S2P,1,1690,
3.63913,,Spot,1,Image 1,S2P,1,1691,
3.31057,,Spot,1,Image 1,S2P,1,1692,
4.23784,,Spot,1,Image 1,S2P,1,1693,
4.09882,,Spot,1,Image 1,S2P,1,1694,
4.07283,,Spot,1,Image 1,S2P,1,1695,
4.1839,,Spot,1,Image 1,S2P,1,1696,
4.44919,,Spot,1,Image 1,S2P,1,1697,
4.91081,,Spot,1,Image 1,S2P,1,1698,
4.48124,,Spot,1,Image 1,S2P,1,1699,
3.10847,,Spot,1,Image 1,S2P,1,1700,
3.77056,,Spot,1,Image 1,S2P,1,1701,
2.9581,,Spot,1,Image 1,S2P,1,1702,
3.39431,,Spot,1,Image 1,S2P,1,1703,
3.58931,,Spot,1,Image 1,S2P,1,1704,
3.13517,,Spot,1,Image 1,S2P,1,1705,
3.30598,,Spot,1,Image 1,S2P,1,1706,
4.01314,,Spot,1,Image 1,S2P,1,1707,
4.02617,,Spot,1,Image 1,S2P,1,1708,
4.00978,,Spot,1,Image 1,S2P,1,1709,
4.07479,,Spot,1,Image 1,S2P,1,1710,
3.62815,,Spot,1,Image 1,S2P,1,1711,
3.40467,,Spot,1,Image 1,S2P,1,1712,
3.63797,,Spot,1,Image 1,S2P,1,1713,
4.05705,,Spot,1,Image 1,S2P,1,1714,
4.29112,,Spot,1,Image 1,S2P,1,1715,
3.97844,,Spot,1,Image 1,S2P,1,1716,
4.0118,,Spot,1,Image 1,S2P,1,1717,
3.76689,,Spot,1,Image 1,S2P,1,1718,
2.65383,,Spot,1,Image 1,S2P,1,1719,
3.21079,,Spot,1,Image 1,S2P,1,1720,
2.05917,,Spot,1,Image 1,S2P,1,1721,
3.48481,,Spot,1,Image 1,S2P,1,1722,
3.72046,,Spot,1,Image 1,S2P,1,1723,
3.45356,,Spot,1,Image 1,S2P,1,1724,
4.53049,,Spot,1,Image 1,S2P,1,1725,
3.47156,,Spot,1,Image 1,S2P,1,1726,
2.98512,,Spot,1,Image 1,S2P,1,1727,
3.65835,,Spot,1,Image 1,S2P,1,1728,
4.44556,,Spot,1,Image 1,S2P,1,1729,
4.07611,,Spot,1,Image 1,S2P,1,1730,
3.9378,,Spot,1,Image 1,S2P,1,1731,
4.03701,,Spot,1,Image 1,S2P,1,1732,
3.38174,,Spot,1,Image 1,S2P,1,1733,
2.45206,,Spot,1,Image 1,S2P,1,1734,
4.26605,,Spot,1,Image 1,S2P,1,1735,
4.24696,,Spot,1,Image 1,S2P,1,1736,
4.43227,,Spot,1,Image 1,S2P,1,1737,
3.90533,,Spot,1,Image 1,S2P,1,1738,
4.25864,,Spot,1,Image 1,S2P,1,1739,
3.91718,,Spot,1,Image 1,S2P,1,1740,
4.28648,,Spot,1,Image 1,S2P,1,1741,
4.02642,,Spot,1,Image 1,S2P,1,1742,
3.82935,,Spot,1,Image 1,S2P,1,1743,
3.46183,,Spot,1,Image 1,S2P,1,1744,
3.07146,,Spot,1,Image 1,S2P,1,1745,
3.77372,,Spot,1,Image 1,S2P,1,1746,
5.7256,,Spot,1,Image 1,S2P,1,1747,
3.52914,,Spot,1,Image 1,S2P,1,1748,
3.36454,,Spot,1,Image 1,S2P,1,1749,
2.68467,,Spot,1,Image 1,S2P,1,1750,
3.60453,,Spot,1,Image 1,S2P,1,1751,
3.12346,,Spot,1,Image 1,S2P,1,1752,
3.86736,,Spot,1,Image 1,S2P,1,1753,
3.49949,,Spot,1,Image 1,S2P,1,1754,
2.44427,,Spot,1,Image 1,S2P,1,1755,
3.59464,,Spot,1,Image 1,S2P,1,1756,
2.93122,,Spot,1,Image 1,S2P,1,1757,
2.98601,,Spot,1,Image 1,S2P,1,1758,
2.9438,,Spot,1,Image 1,S2P,1,1759,
3.94773,,Spot,1,Image 1,S2P,1,1760,
3.32656,,Spot,1,Image 1,S2P,1,1761,
2.44174,,Spot,1,Image 1,S2P,1,1762,
2.60097,,Spot,1,Image 1,S2P,1,1763,
3.87316,,Spot,1,Image 1,S2P,1,1764,
3.01377,,Spot,1,Image 1,S2P,1,1765,
3.24954,,Spot,1,Image 1,S2P,1,1766,
2.80836,,Spot,1,Image 1,S2P,1,1767,
2.47066,,Spot,1,Image 1,S2P,1,1768,
2.23981,,Spot,1,Image 1,S2P,1,1769,
3.37669,,Spot,1,Image 1,S2P,1,1770,
2.93463,,Spot,1,Image 1,S2P,1,1771,
2.79869,,Spot,1,Image 1,S2P,1,1772,
2.89837,,Spot,1,Image 1,S2P,1,1773,
2.10814,,Spot,1,Image 1,S2P,1,1774,
4.36786,,Spot,1,Image 1,S2P,1,1775,
3.82687,,Spot,1,Image 1,S2P,1,1776,
3.53983,,Spot,1,Image 1,S2P,1,1777,
4.54972,,Spot,1,Image 1,S2P,1,1778,
3.13131,,Spot,1,Image 1,S2P,1,1779,
3.78455,,Spot,1,Image 1,S2P,1,1780,
2.86835,,Spot,1,Image 1,S2P,1,1781,
3.61327,,Spot,1,Image 1,S2P,1,1782,
3.70451,,Spot,1,Image 1,S2P,1,1783,
3.11624,,Spot,1,Image 1,S2P,1,1784,
3.52515,,Spot,1,Image 1,S2P,1,1785,
3.34414,,Spot,1,Image 1,S2P,1,1786,
3.55539,,Spot,1,Image 1,S2P,1,1787,
3.43149,,Spot,1,Image 1,S2P,1,1788,
2.0362,,Spot,1,Image 1,S2P,1,1789,
3.20566,,Spot,1,Image 1,S2P,1,1790,
4.38758,,Spot,1,Image 1,S2P,1,1791,
3.11944,,Spot,1,Image 1,S2P,1,1792,
3.62232,,Spot,1,Image 1,S2P,1,1793,
3.07146,,Spot,1,Image 1,S2P,1,1794,
3.43905,,Spot,1,Image 1,S2P,1,1795,
3.47842,,Spot,1,Image 1,S2P,1,1796,
3.56701,,Spot,1,Image 1,S2P,1,1797,
3.53762,,Spot,1,Image 1,S2P,1,1798,
3.66699,,Spot,1,Image 1,S2P,1,1799,
2.45885,,Spot,1,Image 1,S2P,1,1800,
2.68871,,Spot,1,Image 1,S2P,1,1801,
3.18124,,Spot,1,Image 1,S2P,1,1802,
3.16972,,Spot,1,Image 1,S2P,1,1803,
2.84147,,Spot,1,Image 1,S2P,1,1804,
2.86436,,Spot,1,Image 1,S2P,1,1805,
1.81223,,Spot,1,Image 1,S2P,1,1806,
2.33743,,Spot,1,Image 1,S2P,1,1807,
2.96961,,Spot,1,Image 1,S2P,1,1808,
3.01996,,Spot,1,Image 1,S2P,1,1809,
3.01165,,Spot,1,Image 1,S2P,1,1810,
2.60446,,Spot,1,Image 1,S2P,1,1811,
2.45246,,Spot,1,Image 1,S2P,1,1812,
2.40998,,Spot,1,Image 1,S2P,1,1813,
2.858,,Spot,1,Image 1,S2P,1,1814,
2.55912,,Spot,1,Image 1,S2P,1,1815,
3.5475,,Spot,1,Image 1,S2P,1,1816,
2.57309,,Spot,1,Image 1,S2P,1,1817,
2.25701,,Spot,1,Image 1,S2P,1,1818,
0.637824,,Spot,1,Image 1,S2P,1,1819,
2.63771,,Spot,1,Image 1,S2P,1,1820,
2.33683,,Spot,1,Image 1,S2P,1,1821,
2.55461,,Spot,1,Image 1,S2P,1,1822,
3.02081,,Spot,1,Image 1,S2P,1,1823,
2.66494,,Spot,1,Image 1,S2P,1,1824,
2.55954,,Spot,1,Image 1,S2P,1,1825,
3.0432,,Spot,1,Image 1,S2P,1,1826,
2.76896,,Spot,1,Image 1,S2P,1,1827,
2.42967,,Spot,1,Image 1,S2P,1,1828,
2.42067,,Spot,1,Image 1,S2P,1,1829,
3.20836,,Spot,1,Image 1,S2P,1,1830,
3.05456,,Spot,1,Image 1,S2P,1,1831,
2.98649,,Spot,1,Image 1,S2P,1,1832,
2.55651,,Spot,1,Image 1,S2P,1,1833,
2.47485,,Spot,1,Image 1,S2P,1,1834,
2.78013,,Spot,1,Image 1,S2P,1,1835,
3.06753,,Spot,1,Image 1,S2P,1,1836,
2.74254,,Spot,1,Image 1,S2P,1,1837,
2.40734,,Spot,1,Image 1,S2P,1,1838,
2.65647,,Spot,1,Image 1,S2P,1,1839,
2.39781,,Spot,1,Image 1,S2P,1,1840,
3.38838,,Spot,1,Image 1,S2P,1,1841,
2.2664,,Spot,1,Image 1,S2P,1,1842,
2.39387,,Spot,1,Image 1,S2P,1,1843,
3.55661,,Spot,1,Image 1,S2P,1,1844,
2.07504,,Spot,1,Image 1,S2P,1,1845,
2.11348,,Spot,1,Image 1,S2P,1,1846,
2.4455,,Spot,1,Image 1,S2P,1,1847,
2.38516,,Spot,1,Image 1,S2P,1,1848,
2.64258,,Spot,1,Image 1,S2P,1,1849,
5.61817,,Spot,1,Image 1,S2P,1,1850,
3.12177,,Spot,1,Image 1,S2P,1,1851,
2.48224,,Spot,1,Image 1,S2P,1,1852,
2.60093,,Spot,1,Image 1,S2P,1,1853,
2.6907,,Spot,1,Image 1,S2P,1,1854,
2.67595,,Spot,1,Image 1,S2P,1,1855,
2.46553,,Spot,1,Image 1,S2P,1,1856,
2.86571,,Spot,1,Image 1,S2P,1,1857,
2.83321,,Spot,1,Image 1,S2P,1,1858,
2.46757,,Spot,1,Image 1,S2P,1,1859,
2.01744,,Spot,1,Image 1,S2P,1,1860,
2.66529,,Spot,1,Image 1,S2P,1,1861,
2.99899,,Spot,1,Image 1,S2P,1,1862,
3.4269,,Spot,1,Image 1,S2P,1,1863,
4.15072,,Spot,1,Image 1,S2P,1,1864,
3.40349,,Spot,1,Image 1,S2P,1,1865,
3.54659,,Spot,1,Image 1,S2P,1,1866,
3.63462,,Spot,1,Image 1,S2P,1,1867,
3.5699,,Spot,1,Image 1,S2P,1,1868,
4.45487,,Spot,1,Image 1,S2P,1,1869,
3.60331,,Spot,1,Image 1,S2P,1,1870,
3.52114,,Spot,1,Image 1,S2P,1,1871,
3.62823,,Spot,1,Image 1,S2P,1,1872,
2.99984,,Spot,1,Image 1,S2P,1,1873,
3.57165,,Spot,1,Image 1,S2P,1,1874,
3.08038,,Spot,1,Image 1,S2P,1,1875,
3.26195,,Spot,1,Image 1,S2P,1,1876,
3.33814,,Spot,1,Image 1,S2P,1,1877,
3.15675,,Spot,1,Image 1,S2P,1,1878,
4.11206,,Spot,1,Image 1,S2P,1,1879,
3.88102,,Spot,1,Image 1,S2P,1,1880,
3.62179,,Spot,1,Image 1,S2P,1,1881,
4.36887,,Spot,1,Image 1,S2P,1,1882,
3.33834,,Spot,1,Image 1,S2P,1,1883,
3.4349,,Spot,1,Image 1,S2P,1,1884,
3.28654,,Spot,1,Image 1,S2P,1,1885,
3.62346,,Spot,1,Image 1,S2P,1,1886,
4.30979,,Spot,1,Image 1,S2P,1,1887,
3.82429,,Spot,1,Image 1,S2P,1,1888,
3.79297,,Spot,1,Image 1,S2P,1,1889,
3.25973,,Spot,1,Image 1,S2P,1,1890,
3.34506,,Spot,1,Image 1,S2P,1,1891,
2.47562,,Spot,1,Image 1,S2P,1,1892,
2.0938,,Spot,1,Image 1,S2P,1,1893,
3.34773,,Spot,1,Image 1,S2P,1,1894,
3.27156,,Spot,1,Image 1,S2P,1,1895,
2.84718,,Spot,1,Image 1,S2P,1,1896,
4.18684,,Spot,1,Image 1,S2P,1,1897,
4.53672,,Spot,1,Image 1,S2P,1,1898,
3.33942,,Spot,1,Image 1,S2P,1,1899,
3.6378,,Spot,1,Image 1,S2P,1,1900,
3.3858,,Spot,1,Image 1,S2P,1,1901,
3.12664,,Spot,1,Image 1,S2P,1,1902,
3.29958,,Spot,1,Image 1,S2P,1,1903,
3.21838,,Spot,1,Image 1,S2P,1,1904,
3.64583,,Spot,1,Image 1,S2P,1,1905,
2.52406,,Spot,1,Image 1,S2P,1,1906,
3.51225,,Spot,1,Image 1,S2P,1,1907,
3.56011,,Spot,1,Image 1,S2P,1,1908,
3.21136,,Spot,1,Image 1,S2P,1,1909,
2.80903,,Spot,1,Image 1,S2P,1,1910,
3.40356,,Spot,1,Image 1,S2P,1,1911,
3.59796,,Spot,1,Image 1,S2P,1,1912,
2.63043,,Spot,1,Image 1,S2P,1,1913,
2.65672,,Spot,1,Image 1,S2P,1,1914,
3.56403,,Spot,1,Image 1,S2P,1,1915,
3.44697,,Spot,1,Image 1,S2P,1,1916,
2.87143,,Spot,1,Image 1,S2P,1,1917,
3.99528,,Spot,1,Image 1,S2P,1,1918,
3.66843,,Spot,1,Image 1,S2P,1,1919,
3.48076,,Spot,1,Image 1,S2P,1,1920,
3.37246,,Spot,1,Image 1,S2P,1,1921,
3.07159,,Spot,1,Image 1,S2P,1,1922,
3.04005,,Spot,1,Image 1,S2P,1,1923,
3.36848,,Spot,1,Image 1,S2P,1,1924,
2.73503,,Spot,1,Image 1,S2P,1,1925,
2.92422,,Spot,1,Image 1,S2P,1,1926,
2.9364,,Spot,1,Image 1,S2P,1,1927,
3.88297,,Spot,1,Image 1,S2P,1,1928,
4.04012,,Spot,1,Image 1,S2P,1,1929,
3.24507,,Spot,1,Image 1,S2P,1,1930,
2.65232,,Spot,1,Image 1,S2P,1,1931,
3.99561,,Spot,1,Image 1,S2P,1,1932,
3.28839,,Spot,1,Image 1,S2P,1,1933,
3.34684,,Spot,1,Image 1,S2P,1,1934,
3.7343,,Spot,1,Image 1,S2P,1,1935,
3.79999,,Spot,1,Image 1,S2P,1,1936,
4.01417,,Spot,1,Image 1,S2P,1,1937,
3.68874,,Spot,1,Image 1,S2P,1,1938,
3.0455,,Spot,1,Image 1,S2P,1,1939,
3.76519,,Spot,1,Image 1,S2P,1,1940,
2.82774,,Spot,1,Image 1,S2P,1,1941,
3.73605,,Spot,1,Image 1,S2P,1,1942,
4.08012,,Spot,1,Image 1,S2P,1,1943,
3.70379,,Spot,1,Image 1,S2P,1,1944,
3.2085,,Spot,1,Image 1,S2P,1,1945,
2.811,,Spot,1,Image 1,S2P,1,1946,
3.222,,Spot,1,Image 1,S2P,1,1947,
3.66674,,Spot,1,Image 1,S2P,1,1948,
2.79827,,Spot,1,Image 1,S2P,1,1949,
2.88251,,Spot,1,Image 1,S2P,1,1950,
2.95147,,Spot,1,Image 1,S2P,1,1951,
3.13974,,Spot,1,Image 1,S2P,1,1952,
3.21294,,Spot,1,Image 1,S2P,1,1953,
3.47104,,Spot,1,Image 1,S2P,1,1954,
3.31297,,Spot,1,Image 1,S2P,1,1955,
3.27866,,Spot,1,Image 1,S2P,1,1956,
3.00623,,Spot,1,Image 1,S2P,1,1957,
4.11549,,Spot,1,Image 1,S2P,1,1958,
3.57853,,Spot,1,Image 1,S2P,1,1959,
3.2201,,Spot,1,Image 1,S2P,1,1960,
3.60108,,Spot,1,Image 1,S2P,1,1961,
3.33752,,Spot,1,Image 1,S2P,1,1962,
2.99521,,Spot,1,Image 1,S2P,1,1963,
4.17671,,Spot,1,Image 1,S2P,1,1964,
2.73149,,Spot,1,Image 1,S2P,1,1965,
2.72449,,Spot,1,Image 1,S2P,1,1966,
3.64998,,Spot,1,Image 1,S2P,1,1967,
4.15646,,Spot,1,Image 1,S2P,1,1968,
3.52559,,Spot,1,Image 1,S2P,1,1969,
3.09807,,Spot,1,Image 1,S2P,1,1970,
2.88365,,Spot,1,Image 1,S2P,1,1971,
3.14795,,Spot,1,Image 1,S2P,1,1972,
3.20075,,Spot,1,Image 1,S2P,1,1973,
3.11495,,Spot,1,Image 1,S2P,1,1974,
3.31097,,Spot,1,Image 1,S2P,1,1975,
3.22223,,Spot,1,Image 1,S2P,1,1976,
3.64961,,Spot,1,Image 1,S2P,1,1977,
3.91007,,Spot,1,Image 1,S2P,1,1978,
3.66521,,Spot,1,Image 1,S2P,1,1979,
3.96469,,Spot,1,Image 1,S2P,1,1980,
3.0457,,Spot,1,Image 1,S2P,1,1981,
2.92394,,Spot,1,Image 1,S2P,1,1982,
4.51622,,Spot,1,Image 1,S2P,1,1983,
2.87199,,Spot,1,Image 1,S2P,1,1984,
2.75635,,Spot,1,Image 1,S2P,1,1985,
2.39158,,Spot,1,Image 1,S2P,1,1986,
2.69557,,Spot,1,Image 1,S2P,1,1987,
2.65807,,Spot,1,Image 1,S2P,1,1988,
3.51602,,Spot,1,Image 1,S2P,1,1989,
2.99429,,Spot,1,Image 1,S2P,1,1990,
2.77928,,Spot,1,Image 1,S2P,1,1991,
3.35811,,Spot,1,Image 1,S2P,1,1992,
3.82783,,Spot,1,Image 1,S2P,1,1993,
3.02416,,Spot,1,Image 1,S2P,1,1994,
3.11809,,Spot,1,Image 1,S2P,1,1995,
2.87825,,Spot,1,Image 1,S2P,1,1996,
2.86661,,Spot,1,Image 1,S2P,1,1997,
3.10036,,Spot,1,Image 1,S2P,1,1998,
3.47843,,Spot,1,Image 1,S2P,1,1999,
2.61217,,Spot,1,Image 1,S2P,1,2000,
3.29928,,Spot,1,Image 1,S2P,1,2001,
3.47318,,Spot,1,Image 1,S2P,1,2002,
3.76375,,Spot,1,Image 1,S2P,1,2003,
3.53796,,Spot,1,Image 1,S2P,1,2004,
3.60843,,Spot,1,Image 1,S2P,1,2005,
2.87959,,Spot,1,Image 1,S2P,1,2006,
2.8937,,Spot,1,Image 1,S2P,1,2007,
2.75273,,Spot,1,Image 1,S2P,1,2008,
3.30228,,Spot,1,Image 1,S2P,1,2009,
3.03952,,Spot,1,Image 1,S2P,1,2010,
2.61776,,Spot,1,Image 1,S2P,1,2011,
2.6173,,Spot,1,Image 1,S2P,1,2012,
3.23579,,Spot,1,Image 1,S2P,1,2013,
3.06532,,Spot,1,Image 1,S2P,1,2014,
3.14796,,Spot,1,Image 1,S2P,1,2015,
4.35311,,Spot,1,Image 1,S2P,1,2016,
3.84933,,Spot,1,Image 1,S2P,1,2017,
4.58881,,Spot,1,Image 1,S2P,1,2018,
2.877,,Spot,1,Image 1,S2P,1,2019,
4.36488,,Spot,1,Image 1,S2P,1,2020,
3.91818,,Spot,1,Image 1,S2P,1,2021,
3.93683,,Spot,1,Image 1,S2P,1,2022,
3.64002,,Spot,1,Image 1,S2P,1,2023,
2.84072,,Spot,1,Image 1,S2P,1,2024,
2.7003,,Spot,1,Image 1,S2P,1,2025,
2.90182,,Spot,1,Image 1,S2P,1,2026,
2.59193,,Spot,1,Image 1,S2P,1,2027,
2.93915,,Spot,1,Image 1,S2P,1,2028,
2.69179,,Spot,1,Image 1,S2P,1,2029,
3.01744,,Spot,1,Image 1,S2P,1,2030,
4.07252,,Spot,1,Image 1,S2P,1,2031,
3.52893,,Spot,1,Image 1,S2P,1,2032,
3.53619,,Spot,1,Image 1,S2P,1,2033,
3.40208,,Spot,1,Image 1,S2P,1,2034,
3.05644,,Spot,1,Image 1,S2P,1,2035,
2.67027,,Spot,1,Image 1,S2P,1,2036,
2.65943,,Spot,1,Image 1,S2P,1,2037,
2.813,,Spot,1,Image 1,S2P,1,2038,
3.05449,,Spot,1,Image 1,S2P,1,2039,
2.78957,,Spot,1,Image 1,S2P,1,2040,
2.90457,,Spot,1,Image 1,S2P,1,2041,
3.7008,,Spot,1,Image 1,S2P,1,2042,
3.37394,,Spot,1,Image 1,S2P,1,2043,
3.51687,,Spot,1,Image 1,S2P,1,2044,
3.44063,,Spot,1,Image 1,S2P,1,2045,
3.67659,,Spot,1,Image 1,S2P,1,2046,
3.89141,,Spot,1,Image 1,S2P,1,2047,
4.03695,,Spot,1,Image 1,S2P,1,2048,
3.23596,,Spot,1,Image 1,S2P,1,2049,
3.33589,,Spot,1,Image 1,S2P,1,2050,
3.85368,,Spot,1,Image 1,S2P,1,2051,
2.56746,,Spot,1,Image 1,S2P,1,2052,
2.44446,,Spot,1,Image 1,S2P,1,2053,
2.6921,,Spot,1,Image 1,S2P,1,2054,
4.14252,,Spot,1,Image 1,S2P,1,2055,
4.45015,,Spot,1,Image 1,S2P,1,2056,
4.28861,,Spot,1,Image 1,S2P,1,2057,
3.07309,,Spot,1,Image 1,S2P,1,2058,
3.60132,,Spot,1,Image 1,S2P,1,2059,
3.51126,,Spot,1,Image 1,S2P,1,2060,
2.82294,,Spot,1,Image 1,S2P,1,2061,
3.96221,,Spot,1,Image 1,S2P,1,2062,
3.48471,,Spot,1,Image 1,S2P,1,2063,
4.31904,,Spot,1,Image 1,S2P,1,2064,
3.59707,,Spot,1,Image 1,S2P,1,2065,
3.67998,,Spot,1,Image 1,S2P,1,2066,
3.76627,,Spot,1,Image 1,S2P,1,2067,
4.11663,,Spot,1,Image 1,S2P,1,2068,
3.86253,,Spot,1,Image 1,S2P,1,2069,
3.84581,,Spot,1,Image 1,S2P,1,2070,
3.65862,,Spot,1,Image 1,S2P,1,2071,
4.02166,,Spot,1,Image 1,S2P,1,2072,
2.98291,,Spot,1,Image 1,S2P,1,2073,
3.33828,,Spot,1,Image 1,S2P,1,2074,
4.09853,,Spot,1,Image 1,S2P,1,2075,
3.84023,,Spot,1,Image 1,S2P,1,2076,
3.00995,,Spot,1,Image 1,S2P,1,2077,
3.99999,,Spot,1,Image 1,S2P,1,2078,
3.52468,,Spot,1,Image 1,S2P,1,2079,
2.89984,,Spot,1,Image 1,S2P,1,2080,
3.9959,,Spot,1,Image 1,S2P,1,2081,
4.03455,,Spot,1,Image 1,S2P,1,2082,
3.65166,,Spot,1,Image 1,S2P,1,2083,
3.26316,,Spot,1,Image 1,S2P,1,2084,
3.56847,,Spot,1,Image 1,S2P,1,2085,
3.74988,,Spot,1,Image 1,S2P,1,2086,
3.68185,,Spot,1,Image 1,S2P,1,2087,
3.80375,,Spot,1,Image 1,S2P,1,2088,
3.58446,,Spot,1,Image 1,S2P,1,2089,
2.98092,,Spot,1,Image 1,S2P,1,2090,
3.60535,,Spot,1,Image 1,S2P,1,2091,
2.93176,,Spot,1,Image 1,S2P,1,2092,
5.30631,,Spot,1,Image 1,S2P,1,2093,
3.68282,,Spot,1,Image 1,S2P,1,2094,
3.60402,,Spot,1,Image 1,S2P,1,2095,
3.67843,,Spot,1,Image 1,S2P,1,2096,
2.86862,,Spot,1,Image 1,S2P,1,2097,
3.0837,,Spot,1,Image 1,S2P,1,2098,
3.3692,,Spot,1,Image 1,S2P,1,2099,
3.6444,,Spot,1,Image 1,S2P,1,2100,
3.17299,,Spot,1,Image 1,S2P,1,2101,
4.26613,,Spot,1,Image 1,S2P,1,2102,
3.04694,,Spot,1,Image 1,S2P,1,2103,
2.67378,,Spot,1,Image 1,S2P,1,2104,
2.90702,,Spot,1,Image 1,S2P,1,2105,
2.74936,,Spot,1,Image 1,S2P,1,2106,
3.11207,,Spot,1,Image 1,S2P,1,2107,
3.38805,,Spot,1,Image 1,S2P,1,2108,
2.24136,,Spot,1,Image 1,S2P,1,2109,
3.3113,,Spot,1,Image 1,S2P,1,2110,
2.90803,,Spot,1,Image 1,S2P,1,2111,
4.16958,,Spot,1,Image 1,S2P,1,2112,
2.82849,,Spot,1,Image 1,S2P,1,2113,
2.89961,,Spot,1,Image 1,S2P,1,2114,
3.70271,,Spot,1,Image 1,S2P,1,2115,
3.30462,,Spot,1,Image 1,S2P,1,2116,
3.29065,,Spot,1,Image 1,S2P,1,2117,
3.03554,,Spot,1,Image 1,S2P,1,2118,
3.13116,,Spot,1,Image 1,S2P,1,2119,
2.36369,,Spot,1,Image 1,S2P,1,2120,
3.56323,,Spot,1,Image 1,S2P,1,2121,
3.07089,,Spot,1,Image 1,S2P,1,2122,
2.5553,,Spot,1,Image 1,S2P,1,2123,
2.04312,,Spot,1,Image 1,S2P,1,2124,
2.75212,,Spot,1,Image 1,S2P,1,2125,
2.61003,,Spot,1,Image 1,S2P,1,2126,
2.43252,,Spot,1,Image 1,S2P,1,2127,
2.38873,,Spot,1,Image 1,S2P,1,2128,
2.62886,,Spot,1,Image 1,S2P,1,2129,
2.54204,,Spot,1,Image 1,S2P,1,2130,
2.21795,,Spot,1,Image 1,S2P,1,2131,
2.61805,,Spot,1,Image 1,S2P,1,2132,
2.36857,,Spot,1,Image 1,S2P,1,2133,
2.86281,,Spot,1,Image 1,S2P,1,2134,
2.37697,,Spot,1,Image 1,S2P,1,2135,
1.89267,,Spot,1,Image 1,S2P,1,2136,
3.10451,,Spot,1,Image 1,S2P,1,2137,
2.37599,,Spot,1,Image 1,S2P,1,2138,
2.72266,,Spot,1,Image 1,S2P,1,2139,
2.65425,,Spot,1,Image 1,S2P,1,2140,
2.9772,,Spot,1,Image 1,S2P,1,2141,
2.6748,,Spot,1,Image 1,S2P,1,2142,
2.87184,,Spot,1,Image 1,S2P,1,2143,
3.36184,,Spot,1,Image 1,S2P,1,2144,
3.81474,,Spot,1,Image 1,S2P,1,2145,
3.61312,,Spot,1,Image 1,S2P,1,2146,
3.19314,,Spot,1,Image 1,S2P,1,2147,
2.95539,,Spot,1,Image 1,S2P,1,2148,
2.6364,,Spot,1,Image 1,S2P,1,2149,
2.54093,,Spot,1,Image 1,S2P,1,2150,
2.71326,,Spot,1,Image 1,S2P,1,2151,
2.74869,,Spot,1,Image 1,S2P,1,2152,
3.73654,,Spot,1,Image 1,S2P,1,2153,
2.9981,,Spot,1,Image 1,S2P,1,2154,
3.02572,,Spot,1,Image 1,S2P,1,2155,
2.69242,,Spot,1,Image 1,S2P,1,2156,
2.47208,,Spot,1,Image 1,S2P,1,2157,
2.52135,,Spot,1,Image 1,S2P,1,2158,
2.75671,,Spot,1,Image 1,S2P,1,2159,
2.66992,,Spot,1,Image 1,S2P,1,2160,
3.08901,,Spot,1,Image 1,S2P,1,2161,
2.82665,,Spot,1,Image 1,S2P,1,2162,
2.51868,,Spot,1,Image 1,S2P,1,2163,
3.07224,,Spot,1,Image 1,S2P,1,2164,
3.07674,,Spot,1,Image 1,S2P,1,2165,
2.94653,,Spot,1,Image 1,S2P,1,2166,
3.37173,,Spot,1,Image 1,S2P,1,2167,
3.56243,,Spot,1,Image 1,S2P,1,2168,
2.46002,,Spot,1,Image 1,S2P,1,2169,
2.09642,,Spot,1,Image 1,S2P,1,2170,
2.71156,,Spot,1,Image 1,S2P,1,2171,
2.93734,,Spot,1,Image 1,S2P,1,2172,
2.80509,,Spot,1,Image 1,S2P,1,2173,
2.8148,,Spot,1,Image 1,S2P,1,2174,
3.09296,,Spot,1,Image 1,S2P,1,2175,
2.39284,,Spot,1,Image 1,S2P,1,2176,
2.50289,,Spot,1,Image 1,S2P,1,2177,
3.13105,,Spot,1,Image 1,S2P,1,2178,
2.99236,,Spot,1,Image 1,S2P,1,2179,
3.9071,,Spot,1,Image 1,S2P,1,2180,
3.06773,,Spot,1,Image 1,S2P,1,2181,
3.05302,,Spot,1,Image 1,S2P,1,2182,
2.30401,,Spot,1,Image 1,S2P,1,2183,
2.66038,,Spot,1,Image 1,S2P,1,2184,
2.94229,,Spot,1,Image 1,S2P,1,2185,
3.67846,,Spot,1,Image 1,S2P,1,2186,
2.61685,,Spot,1,Image 1,S2P,1,2187,
2.06369,,Spot,1,Image 1,S2P,1,2188,
2.0132,,Spot,1,Image 1,S2P,1,2189,
2.23117,,Spot,1,Image 1,S2P,1,2190,
2.37835,,Spot,1,Image 1,S2P,1,2191,
2.36775,,Spot,1,Image 1,S2P,1,2192,
3.5818,,Spot,1,Image 1,S2P,1,2193,
2.17147,,Spot,1,Image 1,S2P,1,2194,
3.0797,,Spot,1,Image 1,S2P,1,2195,
2.31759,,Spot,1,Image 1,S2P,1,2196,
2.34588,,Spot,1,Image 1,S2P,1,2197,
2.43781,,Spot,1,Image 1,S2P,1,2198,
3.61797,,Spot,1,Image 1,S2P,1,2199,
2.99001,,Spot,1,Image 1,S2P,1,2200,
3.22542,,Spot,1,Image 1,S2P,1,2201,
3.24537,,Spot,1,Image 1,S2P,1,2202,
3.20885,,Spot,1,Image 1,S2P,1,2203,
2.43566,,Spot,1,Image 1,S2P,1,2204,
2.86546,,Spot,1,Image 1,S2P,1,2205,
3.7724,,Spot,1,Image 1,S2P,1,2206,
3.14615,,Spot,1,Image 1,S2P,1,2207,
2.72225,,Spot,1,Image 1,S2P,1,2208,
2.90421,,Spot,1,Image 1,S2P,1,2209,
2.4481,,Spot,1,Image 1,S2P,1,2210,
2.98201,,Spot,1,Image 1,S2P,1,2211,
2.23835,,Spot,1,Image 1,S2P,1,2212,
2.17167,,Spot,1,Image 1,S2P,1,2213,
2.68257,,Spot,1,Image 1,S2P,1,2214,
2.7137,,Spot,1,Image 1,S2P,1,2215,
3.26638,,Spot,1,Image 1,S2P,1,2216,
3.2102,,Spot,1,Image 1,S2P,1,2217,
2.60671,,Spot,1,Image 1,S2P,1,2218,
3.26654,,Spot,1,Image 1,S2P,1,2219,
2.02787,,Spot,1,Image 1,S2P,1,2220,
1.74644,,Spot,1,Image 1,S2P,1,2221,
