
Intensity Sum Ch=2 Img=1
 ==================== 
Intensity Sum,Unit,Category,Channel,Image,Surpass Object,Time,ID,
7.63416e+06,,Surface,2,Image 1,Nucleus,1,0,
144.272,,Spot,2,Image 1,Nucleus center of mass,1,0,
117.93,,Spot,2,Image 1,S2P,1,617,
145.366,,Spot,2,Image 1,S2P,1,618,
240.915,,Spot,2,Image 1,S2P,1,619,
15.6828,,Spot,2,Image 1,S2P,1,620,
299.605,,Spot,2,Image 1,S2P,1,621,
17.6252,,Spot,2,Image 1,S2P,1,622,
4275.09,,Spot,2,Image 1,S2P,1,623,
101.906,,Spot,2,Image 1,S2P,1,624,
1102.12,,Spot,2,Image 1,S2P,1,625,
3321.64,,Spot,2,Image 1,S2P,1,626,
3200.97,,Spot,2,Image 1,S2P,1,627,
77.1719,,Spot,2,Image 1,S2P,1,628,
25.4672,,Spot,2,Image 1,S2P,1,629,
24.3396,,Spot,2,Image 1,S2P,1,630,
3938.88,,Spot,2,Image 1,S2P,1,631,
7035.56,,Spot,2,Image 1,S2P,1,632,
656.529,,Spot,2,Image 1,S2P,1,633,
505.977,,Spot,2,Image 1,S2P,1,634,
759.35,,Spot,2,Image 1,S2P,1,635,
649.018,,Spot,2,Image 1,S2P,1,636,
329.226,,Spot,2,Image 1,S2P,1,637,
113.702,,Spot,2,Image 1,S2P,1,638,
79.0826,,Spot,2,Image 1,S2P,1,639,
574.462,,Spot,2,Image 1,S2P,1,640,
1755.61,,Spot,2,Image 1,S2P,1,641,
676.061,,Spot,2,Image 1,S2P,1,642,
242.301,,Spot,2,Image 1,S2P,1,643,
117.982,,Spot,2,Image 1,S2P,1,644,
1193.34,,Spot,2,Image 1,S2P,1,645,
316.966,,Spot,2,Image 1,S2P,1,646,
116.78,,Spot,2,Image 1,S2P,1,647,
469.239,,Spot,2,Image 1,S2P,1,648,
871.059,,Spot,2,Image 1,S2P,1,649,
743.541,,Spot,2,Image 1,S2P,1,650,
953.963,,Spot,2,Image 1,S2P,1,651,
145.045,,Spot,2,Image 1,S2P,1,652,
1287.47,,Spot,2,Image 1,S2P,1,653,
1499.6,,Spot,2,Image 1,S2P,1,654,
952.782,,Spot,2,Image 1,S2P,1,655,
446,,Spot,2,Image 1,S2P,1,656,
1063.28,,Spot,2,Image 1,S2P,1,657,
941.738,,Spot,2,Image 1,S2P,1,658,
29.3606,,Spot,2,Image 1,S2P,1,659,
152.823,,Spot,2,Image 1,S2P,1,660,
53.2373,,Spot,2,Image 1,S2P,1,661,
426.547,,Spot,2,Image 1,S2P,1,662,
10614.8,,Spot,2,Image 1,S2P,1,663,
281.988,,Spot,2,Image 1,S2P,1,664,
440.34,,Spot,2,Image 1,S2P,1,665,
109.399,,Spot,2,Image 1,S2P,1,666,
138.11,,Spot,2,Image 1,S2P,1,667,
1101.49,,Spot,2,Image 1,S2P,1,668,
200.964,,Spot,2,Image 1,S2P,1,669,
142.511,,Spot,2,Image 1,S2P,1,670,
3156.01,,Spot,2,Image 1,S2P,1,671,
33.5872,,Spot,2,Image 1,S2P,1,672,
1770.76,,Spot,2,Image 1,S2P,1,673,
1126.77,,Spot,2,Image 1,S2P,1,674,
74.0892,,Spot,2,Image 1,S2P,1,675,
3632.76,,Spot,2,Image 1,S2P,1,676,
153.593,,Spot,2,Image 1,S2P,1,677,
799.578,,Spot,2,Image 1,S2P,1,678,
347.937,,Spot,2,Image 1,S2P,1,679,
188.487,,Spot,2,Image 1,S2P,1,680,
95.5673,,Spot,2,Image 1,S2P,1,681,
84.5279,,Spot,2,Image 1,S2P,1,682,
919.295,,Spot,2,Image 1,S2P,1,683,
13.9334,,Spot,2,Image 1,S2P,1,684,
1155.95,,Spot,2,Image 1,S2P,1,685,
105.001,,Spot,2,Image 1,S2P,1,686,
294.341,,Spot,2,Image 1,S2P,1,687,
130.38,,Spot,2,Image 1,S2P,1,688,
442.807,,Spot,2,Image 1,S2P,1,689,
28.1154,,Spot,2,Image 1,S2P,1,690,
2326.72,,Spot,2,Image 1,S2P,1,691,
136.557,,Spot,2,Image 1,S2P,1,692,
789.096,,Spot,2,Image 1,S2P,1,693,
5056.78,,Spot,2,Image 1,S2P,1,694,
756.143,,Spot,2,Image 1,S2P,1,695,
2212.6,,Spot,2,Image 1,S2P,1,696,
609.304,,Spot,2,Image 1,S2P,1,697,
821.643,,Spot,2,Image 1,S2P,1,698,
60.3305,,Spot,2,Image 1,S2P,1,699,
492.713,,Spot,2,Image 1,S2P,1,700,
141.182,,Spot,2,Image 1,S2P,1,701,
499.149,,Spot,2,Image 1,S2P,1,702,
1188.29,,Spot,2,Image 1,S2P,1,703,
4654.61,,Spot,2,Image 1,S2P,1,704,
3872.03,,Spot,2,Image 1,S2P,1,705,
8928.55,,Spot,2,Image 1,S2P,1,706,
637.699,,Spot,2,Image 1,S2P,1,707,
526.008,,Spot,2,Image 1,S2P,1,708,
758.376,,Spot,2,Image 1,S2P,1,709,
190.897,,Spot,2,Image 1,S2P,1,710,
2892.66,,Spot,2,Image 1,S2P,1,711,
2277.98,,Spot,2,Image 1,S2P,1,712,
2419.37,,Spot,2,Image 1,S2P,1,713,
1193.22,,Spot,2,Image 1,S2P,1,714,
932.699,,Spot,2,Image 1,S2P,1,715,
1527.1,,Spot,2,Image 1,S2P,1,716,
347.664,,Spot,2,Image 1,S2P,1,717,
1331.94,,Spot,2,Image 1,S2P,1,718,
18903.9,,Spot,2,Image 1,S2P,1,719,
1205.71,,Spot,2,Image 1,S2P,1,720,
366.2,,Spot,2,Image 1,S2P,1,721,
40960.5,,Spot,2,Image 1,S2P,1,722,
21566.8,,Spot,2,Image 1,S2P,1,723,
2999.99,,Spot,2,Image 1,S2P,1,724,
47.3305,,Spot,2,Image 1,S2P,1,725,
5634.86,,Spot,2,Image 1,S2P,1,726,
10506.2,,Spot,2,Image 1,S2P,1,727,
125.51,,Spot,2,Image 1,S2P,1,728,
1230.36,,Spot,2,Image 1,S2P,1,729,
160.822,,Spot,2,Image 1,S2P,1,730,
684.718,,Spot,2,Image 1,S2P,1,731,
741.13,,Spot,2,Image 1,S2P,1,732,
4200.2,,Spot,2,Image 1,S2P,1,733,
471.229,,Spot,2,Image 1,S2P,1,734,
1052.69,,Spot,2,Image 1,S2P,1,735,
21.817,,Spot,2,Image 1,S2P,1,736,
221.212,,Spot,2,Image 1,S2P,1,737,
885.842,,Spot,2,Image 1,S2P,1,738,
26349.7,,Spot,2,Image 1,S2P,1,739,
14300.8,,Spot,2,Image 1,S2P,1,740,
18440.8,,Spot,2,Image 1,S2P,1,741,
40687.7,,Spot,2,Image 1,S2P,1,742,
534.07,,Spot,2,Image 1,S2P,1,743,
18261.6,,Spot,2,Image 1,S2P,1,744,
21766.6,,Spot,2,Image 1,S2P,1,745,
1387.58,,Spot,2,Image 1,S2P,1,746,
1233.22,,Spot,2,Image 1,S2P,1,747,
3583.47,,Spot,2,Image 1,S2P,1,748,
216.174,,Spot,2,Image 1,S2P,1,749,
1055.53,,Spot,2,Image 1,S2P,1,750,
5263.44,,Spot,2,Image 1,S2P,1,751,
313.615,,Spot,2,Image 1,S2P,1,752,
1875.41,,Spot,2,Image 1,S2P,1,753,
638.377,,Spot,2,Image 1,S2P,1,754,
7856.98,,Spot,2,Image 1,S2P,1,755,
356.212,,Spot,2,Image 1,S2P,1,756,
10195,,Spot,2,Image 1,S2P,1,757,
622.395,,Spot,2,Image 1,S2P,1,758,
32812.6,,Spot,2,Image 1,S2P,1,759,
35.9979,,Spot,2,Image 1,S2P,1,760,
11764.7,,Spot,2,Image 1,S2P,1,761,
2242.43,,Spot,2,Image 1,S2P,1,762,
14921.5,,Spot,2,Image 1,S2P,1,763,
22774.9,,Spot,2,Image 1,S2P,1,764,
6859.97,,Spot,2,Image 1,S2P,1,765,
26122,,Spot,2,Image 1,S2P,1,766,
29986.1,,Spot,2,Image 1,S2P,1,767,
99.9657,,Spot,2,Image 1,S2P,1,768,
610.961,,Spot,2,Image 1,S2P,1,769,
123.777,,Spot,2,Image 1,S2P,1,770,
264.884,,Spot,2,Image 1,S2P,1,771,
65.7196,,Spot,2,Image 1,S2P,1,772,
4525.26,,Spot,2,Image 1,S2P,1,773,
33425.8,,Spot,2,Image 1,S2P,1,774,
249.599,,Spot,2,Image 1,S2P,1,775,
5797.24,,Spot,2,Image 1,S2P,1,776,
27.3538,,Spot,2,Image 1,S2P,1,777,
248.789,,Spot,2,Image 1,S2P,1,778,
911.371,,Spot,2,Image 1,S2P,1,779,
54.9684,,Spot,2,Image 1,S2P,1,780,
15.2702,,Spot,2,Image 1,S2P,1,781,
64.7821,,Spot,2,Image 1,S2P,1,782,
138.745,,Spot,2,Image 1,S2P,1,783,
55.5855,,Spot,2,Image 1,S2P,1,784,
44.099,,Spot,2,Image 1,S2P,1,785,
4051.48,,Spot,2,Image 1,S2P,1,786,
28927.7,,Spot,2,Image 1,S2P,1,787,
25207.3,,Spot,2,Image 1,S2P,1,788,
9742.66,,Spot,2,Image 1,S2P,1,789,
33692.6,,Spot,2,Image 1,S2P,1,790,
11903.2,,Spot,2,Image 1,S2P,1,791,
147.028,,Spot,2,Image 1,S2P,1,792,
283.944,,Spot,2,Image 1,S2P,1,793,
127.096,,Spot,2,Image 1,S2P,1,794,
1387.2,,Spot,2,Image 1,S2P,1,795,
3698.15,,Spot,2,Image 1,S2P,1,796,
118.567,,Spot,2,Image 1,S2P,1,797,
813.923,,Spot,2,Image 1,S2P,1,798,
180.585,,Spot,2,Image 1,S2P,1,799,
1443.62,,Spot,2,Image 1,S2P,1,800,
114.382,,Spot,2,Image 1,S2P,1,801,
2703.15,,Spot,2,Image 1,S2P,1,802,
203.338,,Spot,2,Image 1,S2P,1,803,
81.8315,,Spot,2,Image 1,S2P,1,804,
480.316,,Spot,2,Image 1,S2P,1,805,
674.344,,Spot,2,Image 1,S2P,1,806,
359.263,,Spot,2,Image 1,S2P,1,807,
574.358,,Spot,2,Image 1,S2P,1,808,
14560.3,,Spot,2,Image 1,S2P,1,809,
1986.76,,Spot,2,Image 1,S2P,1,810,
382.941,,Spot,2,Image 1,S2P,1,811,
9360.69,,Spot,2,Image 1,S2P,1,812,
1833.56,,Spot,2,Image 1,S2P,1,813,
227.646,,Spot,2,Image 1,S2P,1,814,
54.4161,,Spot,2,Image 1,S2P,1,815,
15.9746,,Spot,2,Image 1,S2P,1,816,
321.829,,Spot,2,Image 1,S2P,1,817,
185.223,,Spot,2,Image 1,S2P,1,818,
1284.39,,Spot,2,Image 1,S2P,1,819,
328.293,,Spot,2,Image 1,S2P,1,820,
243.924,,Spot,2,Image 1,S2P,1,821,
156.049,,Spot,2,Image 1,S2P,1,822,
1634.38,,Spot,2,Image 1,S2P,1,823,
469.107,,Spot,2,Image 1,S2P,1,824,
554.233,,Spot,2,Image 1,S2P,1,825,
215.808,,Spot,2,Image 1,S2P,1,826,
14330.7,,Spot,2,Image 1,S2P,1,827,
665.659,,Spot,2,Image 1,S2P,1,828,
2036.09,,Spot,2,Image 1,S2P,1,829,
6660.93,,Spot,2,Image 1,S2P,1,830,
10848,,Spot,2,Image 1,S2P,1,831,
33.1202,,Spot,2,Image 1,S2P,1,832,
217.725,,Spot,2,Image 1,S2P,1,833,
365.608,,Spot,2,Image 1,S2P,1,834,
497.344,,Spot,2,Image 1,S2P,1,835,
1327.4,,Spot,2,Image 1,S2P,1,836,
9252.04,,Spot,2,Image 1,S2P,1,837,
101.199,,Spot,2,Image 1,S2P,1,838,
1082.35,,Spot,2,Image 1,S2P,1,839,
203.214,,Spot,2,Image 1,S2P,1,840,
4250.57,,Spot,2,Image 1,S2P,1,841,
183.653,,Spot,2,Image 1,S2P,1,842,
232.527,,Spot,2,Image 1,S2P,1,843,
1220.97,,Spot,2,Image 1,S2P,1,844,
47179,,Spot,2,Image 1,S2P,1,845,
1527.99,,Spot,2,Image 1,S2P,1,846,
3910.26,,Spot,2,Image 1,S2P,1,847,
558.133,,Spot,2,Image 1,S2P,1,848,
194.953,,Spot,2,Image 1,S2P,1,849,
10949.9,,Spot,2,Image 1,S2P,1,850,
2828.91,,Spot,2,Image 1,S2P,1,851,
472.021,,Spot,2,Image 1,S2P,1,852,
30058.8,,Spot,2,Image 1,S2P,1,853,
386.268,,Spot,2,Image 1,S2P,1,854,
31399.6,,Spot,2,Image 1,S2P,1,855,
307.353,,Spot,2,Image 1,S2P,1,856,
16167.9,,Spot,2,Image 1,S2P,1,857,
24462,,Spot,2,Image 1,S2P,1,858,
7338.21,,Spot,2,Image 1,S2P,1,859,
607.413,,Spot,2,Image 1,S2P,1,860,
356.401,,Spot,2,Image 1,S2P,1,861,
24851.2,,Spot,2,Image 1,S2P,1,862,
650.962,,Spot,2,Image 1,S2P,1,863,
1490.43,,Spot,2,Image 1,S2P,1,864,
20731.2,,Spot,2,Image 1,S2P,1,865,
13609.6,,Spot,2,Image 1,S2P,1,866,
12807.1,,Spot,2,Image 1,S2P,1,867,
30527.5,,Spot,2,Image 1,S2P,1,868,
5847.19,,Spot,2,Image 1,S2P,1,869,
5833.33,,Spot,2,Image 1,S2P,1,870,
813.279,,Spot,2,Image 1,S2P,1,871,
7466.8,,Spot,2,Image 1,S2P,1,872,
17686.5,,Spot,2,Image 1,S2P,1,873,
2138.57,,Spot,2,Image 1,S2P,1,874,
2102.33,,Spot,2,Image 1,S2P,1,875,
16882.7,,Spot,2,Image 1,S2P,1,876,
9913.6,,Spot,2,Image 1,S2P,1,877,
1336.19,,Spot,2,Image 1,S2P,1,878,
5376.61,,Spot,2,Image 1,S2P,1,879,
36337.9,,Spot,2,Image 1,S2P,1,880,
1014.93,,Spot,2,Image 1,S2P,1,881,
3484.34,,Spot,2,Image 1,S2P,1,882,
9660.65,,Spot,2,Image 1,S2P,1,883,
372.918,,Spot,2,Image 1,S2P,1,884,
287.635,,Spot,2,Image 1,S2P,1,885,
69.1224,,Spot,2,Image 1,S2P,1,886,
341.247,,Spot,2,Image 1,S2P,1,887,
243.744,,Spot,2,Image 1,S2P,1,888,
672.753,,Spot,2,Image 1,S2P,1,889,
258.48,,Spot,2,Image 1,S2P,1,890,
144.702,,Spot,2,Image 1,S2P,1,891,
352.864,,Spot,2,Image 1,S2P,1,892,
793.474,,Spot,2,Image 1,S2P,1,893,
1861.53,,Spot,2,Image 1,S2P,1,894,
6572.81,,Spot,2,Image 1,S2P,1,895,
277.293,,Spot,2,Image 1,S2P,1,896,
1581.58,,Spot,2,Image 1,S2P,1,897,
4462.09,,Spot,2,Image 1,S2P,1,898,
11004.8,,Spot,2,Image 1,S2P,1,899,
782.574,,Spot,2,Image 1,S2P,1,900,
449.428,,Spot,2,Image 1,S2P,1,901,
2292.85,,Spot,2,Image 1,S2P,1,902,
997.375,,Spot,2,Image 1,S2P,1,903,
1158.19,,Spot,2,Image 1,S2P,1,904,
575.534,,Spot,2,Image 1,S2P,1,905,
4888.57,,Spot,2,Image 1,S2P,1,906,
158.73,,Spot,2,Image 1,S2P,1,907,
1914.48,,Spot,2,Image 1,S2P,1,908,
55697.3,,Spot,2,Image 1,S2P,1,909,
13422.3,,Spot,2,Image 1,S2P,1,910,
1166.75,,Spot,2,Image 1,S2P,1,911,
12595.8,,Spot,2,Image 1,S2P,1,912,
264.157,,Spot,2,Image 1,S2P,1,913,
11151.9,,Spot,2,Image 1,S2P,1,914,
1336.67,,Spot,2,Image 1,S2P,1,915,
5953.44,,Spot,2,Image 1,S2P,1,916,
1845.91,,Spot,2,Image 1,S2P,1,917,
166.205,,Spot,2,Image 1,S2P,1,918,
25880.9,,Spot,2,Image 1,S2P,1,919,
447.96,,Spot,2,Image 1,S2P,1,920,
18815.1,,Spot,2,Image 1,S2P,1,921,
38713.6,,Spot,2,Image 1,S2P,1,922,
7555.36,,Spot,2,Image 1,S2P,1,923,
26481.1,,Spot,2,Image 1,S2P,1,924,
2135.29,,Spot,2,Image 1,S2P,1,925,
4648.86,,Spot,2,Image 1,S2P,1,926,
10116.2,,Spot,2,Image 1,S2P,1,927,
725.219,,Spot,2,Image 1,S2P,1,928,
1289.56,,Spot,2,Image 1,S2P,1,929,
1915.88,,Spot,2,Image 1,S2P,1,930,
10050.5,,Spot,2,Image 1,S2P,1,931,
6273.92,,Spot,2,Image 1,S2P,1,932,
24492.2,,Spot,2,Image 1,S2P,1,933,
22858.4,,Spot,2,Image 1,S2P,1,934,
17177.6,,Spot,2,Image 1,S2P,1,935,
7099.99,,Spot,2,Image 1,S2P,1,936,
23732.2,,Spot,2,Image 1,S2P,1,937,
15.6207,,Spot,2,Image 1,S2P,1,938,
47512.1,,Spot,2,Image 1,S2P,1,939,
6874.69,,Spot,2,Image 1,S2P,1,940,
340.099,,Spot,2,Image 1,S2P,1,941,
107.069,,Spot,2,Image 1,S2P,1,942,
1147.72,,Spot,2,Image 1,S2P,1,943,
1969.72,,Spot,2,Image 1,S2P,1,944,
5865.34,,Spot,2,Image 1,S2P,1,945,
4272.88,,Spot,2,Image 1,S2P,1,946,
5355.08,,Spot,2,Image 1,S2P,1,947,
18307.6,,Spot,2,Image 1,S2P,1,948,
23820.4,,Spot,2,Image 1,S2P,1,949,
11394.4,,Spot,2,Image 1,S2P,1,950,
9972.15,,Spot,2,Image 1,S2P,1,951,
6154.86,,Spot,2,Image 1,S2P,1,952,
21024.1,,Spot,2,Image 1,S2P,1,953,
23256.6,,Spot,2,Image 1,S2P,1,954,
6836.04,,Spot,2,Image 1,S2P,1,955,
24427,,Spot,2,Image 1,S2P,1,956,
6714.24,,Spot,2,Image 1,S2P,1,957,
2070.25,,Spot,2,Image 1,S2P,1,958,
22829.7,,Spot,2,Image 1,S2P,1,959,
484.504,,Spot,2,Image 1,S2P,1,960,
11760.2,,Spot,2,Image 1,S2P,1,961,
11375.9,,Spot,2,Image 1,S2P,1,962,
12936.3,,Spot,2,Image 1,S2P,1,963,
7041.71,,Spot,2,Image 1,S2P,1,964,
4364.05,,Spot,2,Image 1,S2P,1,965,
3359.07,,Spot,2,Image 1,S2P,1,966,
8753.13,,Spot,2,Image 1,S2P,1,967,
25217.3,,Spot,2,Image 1,S2P,1,968,
3051.56,,Spot,2,Image 1,S2P,1,969,
7692.45,,Spot,2,Image 1,S2P,1,970,
378.01,,Spot,2,Image 1,S2P,1,971,
5061.02,,Spot,2,Image 1,S2P,1,972,
5741.83,,Spot,2,Image 1,S2P,1,973,
903.673,,Spot,2,Image 1,S2P,1,974,
5889.3,,Spot,2,Image 1,S2P,1,975,
25884.9,,Spot,2,Image 1,S2P,1,976,
19129.4,,Spot,2,Image 1,S2P,1,977,
10150.8,,Spot,2,Image 1,S2P,1,978,
21617.4,,Spot,2,Image 1,S2P,1,979,
14345.3,,Spot,2,Image 1,S2P,1,980,
3029.87,,Spot,2,Image 1,S2P,1,981,
19949.5,,Spot,2,Image 1,S2P,1,982,
8792.28,,Spot,2,Image 1,S2P,1,983,
3970.91,,Spot,2,Image 1,S2P,1,984,
19055.5,,Spot,2,Image 1,S2P,1,985,
168.675,,Spot,2,Image 1,S2P,1,986,
1844.62,,Spot,2,Image 1,S2P,1,987,
26257.5,,Spot,2,Image 1,S2P,1,988,
11891.3,,Spot,2,Image 1,S2P,1,989,
3811.48,,Spot,2,Image 1,S2P,1,990,
4219.55,,Spot,2,Image 1,S2P,1,991,
8357.92,,Spot,2,Image 1,S2P,1,992,
19601.8,,Spot,2,Image 1,S2P,1,993,
2401.15,,Spot,2,Image 1,S2P,1,994,
3453.35,,Spot,2,Image 1,S2P,1,995,
672.355,,Spot,2,Image 1,S2P,1,996,
3612.25,,Spot,2,Image 1,S2P,1,997,
14578.2,,Spot,2,Image 1,S2P,1,998,
10454.2,,Spot,2,Image 1,S2P,1,999,
3532.56,,Spot,2,Image 1,S2P,1,1000,
13756.1,,Spot,2,Image 1,S2P,1,1001,
14839.7,,Spot,2,Image 1,S2P,1,1002,
307.021,,Spot,2,Image 1,S2P,1,1003,
11183.3,,Spot,2,Image 1,S2P,1,1004,
6526.97,,Spot,2,Image 1,S2P,1,1005,
1069.19,,Spot,2,Image 1,S2P,1,1006,
307.282,,Spot,2,Image 1,S2P,1,1007,
2946.61,,Spot,2,Image 1,S2P,1,1008,
781.015,,Spot,2,Image 1,S2P,1,1009,
4803.38,,Spot,2,Image 1,S2P,1,1010,
10614.3,,Spot,2,Image 1,S2P,1,1011,
2756.64,,Spot,2,Image 1,S2P,1,1012,
7888.27,,Spot,2,Image 1,S2P,1,1013,
8997.36,,Spot,2,Image 1,S2P,1,1014,
9144.45,,Spot,2,Image 1,S2P,1,1015,
3267.36,,Spot,2,Image 1,S2P,1,1016,
367.271,,Spot,2,Image 1,S2P,1,1017,
234.131,,Spot,2,Image 1,S2P,1,1018,
33814.2,,Spot,2,Image 1,S2P,1,1019,
2372.51,,Spot,2,Image 1,S2P,1,1020,
5338,,Spot,2,Image 1,S2P,1,1021,
235.889,,Spot,2,Image 1,S2P,1,1022,
7117.11,,Spot,2,Image 1,S2P,1,1023,
498.246,,Spot,2,Image 1,S2P,1,1024,
10759.9,,Spot,2,Image 1,S2P,1,1025,
27904.8,,Spot,2,Image 1,S2P,1,1026,
34058.5,,Spot,2,Image 1,S2P,1,1027,
8341.09,,Spot,2,Image 1,S2P,1,1028,
625.262,,Spot,2,Image 1,S2P,1,1029,
2351.58,,Spot,2,Image 1,S2P,1,1030,
549.077,,Spot,2,Image 1,S2P,1,1031,
13621.4,,Spot,2,Image 1,S2P,1,1032,
1101.89,,Spot,2,Image 1,S2P,1,1033,
491.838,,Spot,2,Image 1,S2P,1,1034,
2655.64,,Spot,2,Image 1,S2P,1,1035,
82.6414,,Spot,2,Image 1,S2P,1,1036,
1822.8,,Spot,2,Image 1,S2P,1,1037,
4475.62,,Spot,2,Image 1,S2P,1,1038,
5817.06,,Spot,2,Image 1,S2P,1,1039,
9090.62,,Spot,2,Image 1,S2P,1,1040,
1697.05,,Spot,2,Image 1,S2P,1,1041,
5991.1,,Spot,2,Image 1,S2P,1,1042,
9546.71,,Spot,2,Image 1,S2P,1,1043,
1878.75,,Spot,2,Image 1,S2P,1,1044,
15512.3,,Spot,2,Image 1,S2P,1,1045,
2996.56,,Spot,2,Image 1,S2P,1,1046,
1823.58,,Spot,2,Image 1,S2P,1,1047,
299.778,,Spot,2,Image 1,S2P,1,1048,
1090.5,,Spot,2,Image 1,S2P,1,1049,
494.769,,Spot,2,Image 1,S2P,1,1050,
2825.66,,Spot,2,Image 1,S2P,1,1051,
162.335,,Spot,2,Image 1,S2P,1,1052,
6542.16,,Spot,2,Image 1,S2P,1,1053,
403.843,,Spot,2,Image 1,S2P,1,1054,
3633.96,,Spot,2,Image 1,S2P,1,1055,
10859.5,,Spot,2,Image 1,S2P,1,1056,
18326.9,,Spot,2,Image 1,S2P,1,1057,
879.226,,Spot,2,Image 1,S2P,1,1058,
9860.59,,Spot,2,Image 1,S2P,1,1059,
11266.6,,Spot,2,Image 1,S2P,1,1060,
366.268,,Spot,2,Image 1,S2P,1,1061,
39629.3,,Spot,2,Image 1,S2P,1,1062,
15234,,Spot,2,Image 1,S2P,1,1063,
651.966,,Spot,2,Image 1,S2P,1,1064,
10772.5,,Spot,2,Image 1,S2P,1,1065,
587.632,,Spot,2,Image 1,S2P,1,1066,
1627.47,,Spot,2,Image 1,S2P,1,1067,
1280.43,,Spot,2,Image 1,S2P,1,1068,
497.053,,Spot,2,Image 1,S2P,1,1069,
5693.56,,Spot,2,Image 1,S2P,1,1070,
8824.44,,Spot,2,Image 1,S2P,1,1071,
48179,,Spot,2,Image 1,S2P,1,1072,
6077.75,,Spot,2,Image 1,S2P,1,1073,
4206.38,,Spot,2,Image 1,S2P,1,1074,
17383.1,,Spot,2,Image 1,S2P,1,1075,
201.501,,Spot,2,Image 1,S2P,1,1076,
1563.81,,Spot,2,Image 1,S2P,1,1077,
349.019,,Spot,2,Image 1,S2P,1,1078,
300.668,,Spot,2,Image 1,S2P,1,1079,
1618.3,,Spot,2,Image 1,S2P,1,1080,
66.1268,,Spot,2,Image 1,S2P,1,1081,
10601.3,,Spot,2,Image 1,S2P,1,1082,
3743.84,,Spot,2,Image 1,S2P,1,1083,
16542.9,,Spot,2,Image 1,S2P,1,1084,
19035.4,,Spot,2,Image 1,S2P,1,1085,
7783.41,,Spot,2,Image 1,S2P,1,1086,
566.169,,Spot,2,Image 1,S2P,1,1087,
2867.49,,Spot,2,Image 1,S2P,1,1088,
1332.12,,Spot,2,Image 1,S2P,1,1089,
5692.55,,Spot,2,Image 1,S2P,1,1090,
653.391,,Spot,2,Image 1,S2P,1,1091,
5803.07,,Spot,2,Image 1,S2P,1,1092,
450.954,,Spot,2,Image 1,S2P,1,1093,
14556,,Spot,2,Image 1,S2P,1,1094,
18910.8,,Spot,2,Image 1,S2P,1,1095,
5279.57,,Spot,2,Image 1,S2P,1,1096,
3378.29,,Spot,2,Image 1,S2P,1,1097,
2242.35,,Spot,2,Image 1,S2P,1,1098,
1125.94,,Spot,2,Image 1,S2P,1,1099,
234.721,,Spot,2,Image 1,S2P,1,1100,
4698.4,,Spot,2,Image 1,S2P,1,1101,
32804.2,,Spot,2,Image 1,S2P,1,1102,
29123.5,,Spot,2,Image 1,S2P,1,1103,
12635.7,,Spot,2,Image 1,S2P,1,1104,
3937.38,,Spot,2,Image 1,S2P,1,1105,
33748.5,,Spot,2,Image 1,S2P,1,1106,
3619.05,,Spot,2,Image 1,S2P,1,1107,
17739.5,,Spot,2,Image 1,S2P,1,1108,
3402.97,,Spot,2,Image 1,S2P,1,1109,
26008.4,,Spot,2,Image 1,S2P,1,1110,
12598.2,,Spot,2,Image 1,S2P,1,1111,
14403.6,,Spot,2,Image 1,S2P,1,1112,
13109.9,,Spot,2,Image 1,S2P,1,1113,
5683.57,,Spot,2,Image 1,S2P,1,1114,
12806.5,,Spot,2,Image 1,S2P,1,1115,
12034.3,,Spot,2,Image 1,S2P,1,1116,
1603.28,,Spot,2,Image 1,S2P,1,1117,
4334.3,,Spot,2,Image 1,S2P,1,1118,
18217.8,,Spot,2,Image 1,S2P,1,1119,
4718.48,,Spot,2,Image 1,S2P,1,1120,
4304.46,,Spot,2,Image 1,S2P,1,1121,
10150.4,,Spot,2,Image 1,S2P,1,1122,
7388.84,,Spot,2,Image 1,S2P,1,1123,
10932.1,,Spot,2,Image 1,S2P,1,1124,
12487,,Spot,2,Image 1,S2P,1,1125,
5552.8,,Spot,2,Image 1,S2P,1,1126,
4862.93,,Spot,2,Image 1,S2P,1,1127,
2815.26,,Spot,2,Image 1,S2P,1,1128,
8175.55,,Spot,2,Image 1,S2P,1,1129,
15714.1,,Spot,2,Image 1,S2P,1,1130,
8722.12,,Spot,2,Image 1,S2P,1,1131,
7905.4,,Spot,2,Image 1,S2P,1,1132,
1324.18,,Spot,2,Image 1,S2P,1,1133,
7996.64,,Spot,2,Image 1,S2P,1,1134,
4451.68,,Spot,2,Image 1,S2P,1,1135,
6203.41,,Spot,2,Image 1,S2P,1,1136,
1274.46,,Spot,2,Image 1,S2P,1,1137,
119.842,,Spot,2,Image 1,S2P,1,1138,
761.933,,Spot,2,Image 1,S2P,1,1139,
258.693,,Spot,2,Image 1,S2P,1,1140,
270.79,,Spot,2,Image 1,S2P,1,1141,
78.0302,,Spot,2,Image 1,S2P,1,1142,
39754.1,,Spot,2,Image 1,S2P,1,1143,
4670.33,,Spot,2,Image 1,S2P,1,1144,
2263.18,,Spot,2,Image 1,S2P,1,1145,
65.2227,,Spot,2,Image 1,S2P,1,1146,
118.205,,Spot,2,Image 1,S2P,1,1147,
1171.15,,Spot,2,Image 1,S2P,1,1148,
3592.76,,Spot,2,Image 1,S2P,1,1149,
4272.31,,Spot,2,Image 1,S2P,1,1150,
3791.95,,Spot,2,Image 1,S2P,1,1151,
62.0575,,Spot,2,Image 1,S2P,1,1152,
178.518,,Spot,2,Image 1,S2P,1,1153,
8433.8,,Spot,2,Image 1,S2P,1,1154,
23668.3,,Spot,2,Image 1,S2P,1,1155,
5932.88,,Spot,2,Image 1,S2P,1,1156,
2696,,Spot,2,Image 1,S2P,1,1157,
881.887,,Spot,2,Image 1,S2P,1,1158,
13432.9,,Spot,2,Image 1,S2P,1,1159,
1458.86,,Spot,2,Image 1,S2P,1,1160,
6162,,Spot,2,Image 1,S2P,1,1161,
6488.24,,Spot,2,Image 1,S2P,1,1162,
5428.13,,Spot,2,Image 1,S2P,1,1163,
7283.63,,Spot,2,Image 1,S2P,1,1164,
7867.57,,Spot,2,Image 1,S2P,1,1165,
219.217,,Spot,2,Image 1,S2P,1,1166,
42695.6,,Spot,2,Image 1,S2P,1,1167,
21543.4,,Spot,2,Image 1,S2P,1,1168,
12602.4,,Spot,2,Image 1,S2P,1,1169,
8189.02,,Spot,2,Image 1,S2P,1,1170,
241.831,,Spot,2,Image 1,S2P,1,1171,
36030.6,,Spot,2,Image 1,S2P,1,1172,
17636.9,,Spot,2,Image 1,S2P,1,1173,
9877.46,,Spot,2,Image 1,S2P,1,1174,
15117.3,,Spot,2,Image 1,S2P,1,1175,
3625.42,,Spot,2,Image 1,S2P,1,1176,
6720.89,,Spot,2,Image 1,S2P,1,1177,
3991.54,,Spot,2,Image 1,S2P,1,1178,
1344.38,,Spot,2,Image 1,S2P,1,1179,
4729.64,,Spot,2,Image 1,S2P,1,1180,
9766.79,,Spot,2,Image 1,S2P,1,1181,
3671.7,,Spot,2,Image 1,S2P,1,1182,
798.32,,Spot,2,Image 1,S2P,1,1183,
33514.1,,Spot,2,Image 1,S2P,1,1184,
5581.86,,Spot,2,Image 1,S2P,1,1185,
44316.6,,Spot,2,Image 1,S2P,1,1186,
13458.5,,Spot,2,Image 1,S2P,1,1187,
1538.17,,Spot,2,Image 1,S2P,1,1188,
10424.1,,Spot,2,Image 1,S2P,1,1189,
2747.43,,Spot,2,Image 1,S2P,1,1190,
906.542,,Spot,2,Image 1,S2P,1,1191,
2699.21,,Spot,2,Image 1,S2P,1,1192,
44087.6,,Spot,2,Image 1,S2P,1,1193,
1582.37,,Spot,2,Image 1,S2P,1,1194,
6296.38,,Spot,2,Image 1,S2P,1,1195,
463.038,,Spot,2,Image 1,S2P,1,1196,
5762.41,,Spot,2,Image 1,S2P,1,1197,
23341.2,,Spot,2,Image 1,S2P,1,1198,
13666.2,,Spot,2,Image 1,S2P,1,1199,
3553.48,,Spot,2,Image 1,S2P,1,1200,
1139.72,,Spot,2,Image 1,S2P,1,1201,
9499.47,,Spot,2,Image 1,S2P,1,1202,
5444.68,,Spot,2,Image 1,S2P,1,1203,
25312.8,,Spot,2,Image 1,S2P,1,1204,
9537.18,,Spot,2,Image 1,S2P,1,1205,
6714.25,,Spot,2,Image 1,S2P,1,1206,
15417.4,,Spot,2,Image 1,S2P,1,1207,
7680.35,,Spot,2,Image 1,S2P,1,1208,
12692.5,,Spot,2,Image 1,S2P,1,1209,
14903,,Spot,2,Image 1,S2P,1,1210,
7487.45,,Spot,2,Image 1,S2P,1,1211,
7712.44,,Spot,2,Image 1,S2P,1,1212,
4492.18,,Spot,2,Image 1,S2P,1,1213,
8267.16,,Spot,2,Image 1,S2P,1,1214,
10368.5,,Spot,2,Image 1,S2P,1,1215,
7599.31,,Spot,2,Image 1,S2P,1,1216,
25895.1,,Spot,2,Image 1,S2P,1,1217,
4497.16,,Spot,2,Image 1,S2P,1,1218,
1839.93,,Spot,2,Image 1,S2P,1,1219,
5111.74,,Spot,2,Image 1,S2P,1,1220,
1298.19,,Spot,2,Image 1,S2P,1,1221,
4378.46,,Spot,2,Image 1,S2P,1,1222,
4703.23,,Spot,2,Image 1,S2P,1,1223,
2691.67,,Spot,2,Image 1,S2P,1,1224,
15217.4,,Spot,2,Image 1,S2P,1,1225,
2233.23,,Spot,2,Image 1,S2P,1,1226,
23473.3,,Spot,2,Image 1,S2P,1,1227,
13360.4,,Spot,2,Image 1,S2P,1,1228,
11371.2,,Spot,2,Image 1,S2P,1,1229,
2460.86,,Spot,2,Image 1,S2P,1,1230,
3176.98,,Spot,2,Image 1,S2P,1,1231,
6209.05,,Spot,2,Image 1,S2P,1,1232,
13579.4,,Spot,2,Image 1,S2P,1,1233,
42799.3,,Spot,2,Image 1,S2P,1,1234,
401.956,,Spot,2,Image 1,S2P,1,1235,
7608.15,,Spot,2,Image 1,S2P,1,1236,
5348.34,,Spot,2,Image 1,S2P,1,1237,
25351.6,,Spot,2,Image 1,S2P,1,1238,
12029,,Spot,2,Image 1,S2P,1,1239,
46597,,Spot,2,Image 1,S2P,1,1240,
30998.6,,Spot,2,Image 1,S2P,1,1241,
17060.6,,Spot,2,Image 1,S2P,1,1242,
1257.92,,Spot,2,Image 1,S2P,1,1243,
7422.68,,Spot,2,Image 1,S2P,1,1244,
2504.07,,Spot,2,Image 1,S2P,1,1245,
13231.1,,Spot,2,Image 1,S2P,1,1246,
1630.56,,Spot,2,Image 1,S2P,1,1247,
16820.9,,Spot,2,Image 1,S2P,1,1248,
9836.52,,Spot,2,Image 1,S2P,1,1249,
23754.9,,Spot,2,Image 1,S2P,1,1250,
42221.4,,Spot,2,Image 1,S2P,1,1251,
2610.58,,Spot,2,Image 1,S2P,1,1252,
4542.38,,Spot,2,Image 1,S2P,1,1253,
22084.8,,Spot,2,Image 1,S2P,1,1254,
10156.1,,Spot,2,Image 1,S2P,1,1255,
7415.12,,Spot,2,Image 1,S2P,1,1256,
25246.1,,Spot,2,Image 1,S2P,1,1257,
885.635,,Spot,2,Image 1,S2P,1,1258,
14990.1,,Spot,2,Image 1,S2P,1,1259,
16896.4,,Spot,2,Image 1,S2P,1,1260,
6690.12,,Spot,2,Image 1,S2P,1,1261,
8933.43,,Spot,2,Image 1,S2P,1,1262,
8792.85,,Spot,2,Image 1,S2P,1,1263,
10814.9,,Spot,2,Image 1,S2P,1,1264,
15943.9,,Spot,2,Image 1,S2P,1,1265,
8818.99,,Spot,2,Image 1,S2P,1,1266,
21565.9,,Spot,2,Image 1,S2P,1,1267,
17031.7,,Spot,2,Image 1,S2P,1,1268,
2587.8,,Spot,2,Image 1,S2P,1,1269,
4763.6,,Spot,2,Image 1,S2P,1,1270,
17433.6,,Spot,2,Image 1,S2P,1,1271,
11887.2,,Spot,2,Image 1,S2P,1,1272,
4192.03,,Spot,2,Image 1,S2P,1,1273,
12657.3,,Spot,2,Image 1,S2P,1,1274,
9501.34,,Spot,2,Image 1,S2P,1,1275,
1638.54,,Spot,2,Image 1,S2P,1,1276,
25592.5,,Spot,2,Image 1,S2P,1,1277,
191.022,,Spot,2,Image 1,S2P,1,1278,
16261,,Spot,2,Image 1,S2P,1,1279,
7573.08,,Spot,2,Image 1,S2P,1,1280,
9087.76,,Spot,2,Image 1,S2P,1,1281,
4588.62,,Spot,2,Image 1,S2P,1,1282,
1604.4,,Spot,2,Image 1,S2P,1,1283,
1142.3,,Spot,2,Image 1,S2P,1,1284,
780.153,,Spot,2,Image 1,S2P,1,1285,
977.579,,Spot,2,Image 1,S2P,1,1286,
403.188,,Spot,2,Image 1,S2P,1,1287,
785.792,,Spot,2,Image 1,S2P,1,1288,
525.269,,Spot,2,Image 1,S2P,1,1289,
15011.1,,Spot,2,Image 1,S2P,1,1290,
308.221,,Spot,2,Image 1,S2P,1,1291,
5076.86,,Spot,2,Image 1,S2P,1,1292,
854.697,,Spot,2,Image 1,S2P,1,1293,
142.678,,Spot,2,Image 1,S2P,1,1294,
975.377,,Spot,2,Image 1,S2P,1,1295,
695.656,,Spot,2,Image 1,S2P,1,1296,
4153.03,,Spot,2,Image 1,S2P,1,1297,
18237.2,,Spot,2,Image 1,S2P,1,1298,
819.362,,Spot,2,Image 1,S2P,1,1299,
206.399,,Spot,2,Image 1,S2P,1,1300,
360.744,,Spot,2,Image 1,S2P,1,1301,
2323.8,,Spot,2,Image 1,S2P,1,1302,
599.957,,Spot,2,Image 1,S2P,1,1303,
6946.87,,Spot,2,Image 1,S2P,1,1304,
4520.76,,Spot,2,Image 1,S2P,1,1305,
19145.5,,Spot,2,Image 1,S2P,1,1306,
386.592,,Spot,2,Image 1,S2P,1,1307,
165.226,,Spot,2,Image 1,S2P,1,1308,
7438.25,,Spot,2,Image 1,S2P,1,1309,
12387.6,,Spot,2,Image 1,S2P,1,1310,
15742.5,,Spot,2,Image 1,S2P,1,1311,
400.902,,Spot,2,Image 1,S2P,1,1312,
362.497,,Spot,2,Image 1,S2P,1,1313,
7907.21,,Spot,2,Image 1,S2P,1,1314,
612.824,,Spot,2,Image 1,S2P,1,1315,
3872.36,,Spot,2,Image 1,S2P,1,1316,
798.022,,Spot,2,Image 1,S2P,1,1317,
800.616,,Spot,2,Image 1,S2P,1,1318,
786.526,,Spot,2,Image 1,S2P,1,1319,
671.072,,Spot,2,Image 1,S2P,1,1320,
3619.7,,Spot,2,Image 1,S2P,1,1321,
2437.53,,Spot,2,Image 1,S2P,1,1322,
9087.52,,Spot,2,Image 1,S2P,1,1323,
312.07,,Spot,2,Image 1,S2P,1,1324,
9871.22,,Spot,2,Image 1,S2P,1,1325,
413.296,,Spot,2,Image 1,S2P,1,1326,
326.294,,Spot,2,Image 1,S2P,1,1327,
219.326,,Spot,2,Image 1,S2P,1,1328,
623.789,,Spot,2,Image 1,S2P,1,1329,
621.737,,Spot,2,Image 1,S2P,1,1330,
2810.56,,Spot,2,Image 1,S2P,1,1331,
3216.81,,Spot,2,Image 1,S2P,1,1332,
426.947,,Spot,2,Image 1,S2P,1,1333,
497.807,,Spot,2,Image 1,S2P,1,1334,
2440.3,,Spot,2,Image 1,S2P,1,1335,
3692.15,,Spot,2,Image 1,S2P,1,1336,
4371.43,,Spot,2,Image 1,S2P,1,1337,
5107.43,,Spot,2,Image 1,S2P,1,1338,
11617.1,,Spot,2,Image 1,S2P,1,1339,
4477.43,,Spot,2,Image 1,S2P,1,1340,
2981.7,,Spot,2,Image 1,S2P,1,1341,
377.722,,Spot,2,Image 1,S2P,1,1342,
4738.59,,Spot,2,Image 1,S2P,1,1343,
3229.61,,Spot,2,Image 1,S2P,1,1344,
262.524,,Spot,2,Image 1,S2P,1,1345,
1125.58,,Spot,2,Image 1,S2P,1,1346,
7122.58,,Spot,2,Image 1,S2P,1,1347,
5978.2,,Spot,2,Image 1,S2P,1,1348,
3818.8,,Spot,2,Image 1,S2P,1,1349,
23522.8,,Spot,2,Image 1,S2P,1,1350,
7023.61,,Spot,2,Image 1,S2P,1,1351,
1125.84,,Spot,2,Image 1,S2P,1,1352,
658.781,,Spot,2,Image 1,S2P,1,1353,
11183.9,,Spot,2,Image 1,S2P,1,1354,
2149.64,,Spot,2,Image 1,S2P,1,1355,
205.11,,Spot,2,Image 1,S2P,1,1356,
9663.46,,Spot,2,Image 1,S2P,1,1357,
311.409,,Spot,2,Image 1,S2P,1,1358,
1342.65,,Spot,2,Image 1,S2P,1,1359,
421.889,,Spot,2,Image 1,S2P,1,1360,
6456.54,,Spot,2,Image 1,S2P,1,1361,
3707.26,,Spot,2,Image 1,S2P,1,1362,
2526.02,,Spot,2,Image 1,S2P,1,1363,
1884.16,,Spot,2,Image 1,S2P,1,1364,
18899.9,,Spot,2,Image 1,S2P,1,1365,
3763.35,,Spot,2,Image 1,S2P,1,1366,
6008.18,,Spot,2,Image 1,S2P,1,1367,
452.149,,Spot,2,Image 1,S2P,1,1368,
4972.8,,Spot,2,Image 1,S2P,1,1369,
7690.46,,Spot,2,Image 1,S2P,1,1370,
3699.42,,Spot,2,Image 1,S2P,1,1371,
407.397,,Spot,2,Image 1,S2P,1,1372,
1790.61,,Spot,2,Image 1,S2P,1,1373,
5262.5,,Spot,2,Image 1,S2P,1,1374,
9105.55,,Spot,2,Image 1,S2P,1,1375,
6713.62,,Spot,2,Image 1,S2P,1,1376,
4509.59,,Spot,2,Image 1,S2P,1,1377,
1891.52,,Spot,2,Image 1,S2P,1,1378,
1992.84,,Spot,2,Image 1,S2P,1,1379,
11945.6,,Spot,2,Image 1,S2P,1,1380,
15822.9,,Spot,2,Image 1,S2P,1,1381,
531.216,,Spot,2,Image 1,S2P,1,1382,
2127.75,,Spot,2,Image 1,S2P,1,1383,
9743.94,,Spot,2,Image 1,S2P,1,1384,
642.065,,Spot,2,Image 1,S2P,1,1385,
4983.17,,Spot,2,Image 1,S2P,1,1386,
6523.63,,Spot,2,Image 1,S2P,1,1387,
8351.13,,Spot,2,Image 1,S2P,1,1388,
283.41,,Spot,2,Image 1,S2P,1,1389,
532.789,,Spot,2,Image 1,S2P,1,1390,
487.198,,Spot,2,Image 1,S2P,1,1391,
713.026,,Spot,2,Image 1,S2P,1,1392,
638.244,,Spot,2,Image 1,S2P,1,1393,
6048.11,,Spot,2,Image 1,S2P,1,1394,
2493.28,,Spot,2,Image 1,S2P,1,1395,
6225.12,,Spot,2,Image 1,S2P,1,1396,
863.108,,Spot,2,Image 1,S2P,1,1397,
2795.52,,Spot,2,Image 1,S2P,1,1398,
529.808,,Spot,2,Image 1,S2P,1,1399,
3693.54,,Spot,2,Image 1,S2P,1,1400,
940.868,,Spot,2,Image 1,S2P,1,1401,
173.686,,Spot,2,Image 1,S2P,1,1402,
602.463,,Spot,2,Image 1,S2P,1,1403,
4737.8,,Spot,2,Image 1,S2P,1,1404,
190.751,,Spot,2,Image 1,S2P,1,1405,
16008.4,,Spot,2,Image 1,S2P,1,1406,
21090.2,,Spot,2,Image 1,S2P,1,1407,
22746,,Spot,2,Image 1,S2P,1,1408,
9002.16,,Spot,2,Image 1,S2P,1,1409,
4630.8,,Spot,2,Image 1,S2P,1,1410,
8191.17,,Spot,2,Image 1,S2P,1,1411,
5901.19,,Spot,2,Image 1,S2P,1,1412,
721.862,,Spot,2,Image 1,S2P,1,1413,
188.594,,Spot,2,Image 1,S2P,1,1414,
292.595,,Spot,2,Image 1,S2P,1,1415,
125.159,,Spot,2,Image 1,S2P,1,1416,
9191.32,,Spot,2,Image 1,S2P,1,1417,
325.629,,Spot,2,Image 1,S2P,1,1418,
307.838,,Spot,2,Image 1,S2P,1,1419,
9802.9,,Spot,2,Image 1,S2P,1,1420,
490.694,,Spot,2,Image 1,S2P,1,1421,
40854.7,,Spot,2,Image 1,S2P,1,1422,
84168.9,,Spot,2,Image 1,S2P,1,1423,
10772.5,,Spot,2,Image 1,S2P,1,1424,
282.346,,Spot,2,Image 1,S2P,1,1425,
9967.63,,Spot,2,Image 1,S2P,1,1426,
830.497,,Spot,2,Image 1,S2P,1,1427,
222.728,,Spot,2,Image 1,S2P,1,1428,
1014.58,,Spot,2,Image 1,S2P,1,1429,
645.746,,Spot,2,Image 1,S2P,1,1430,
43.8291,,Spot,2,Image 1,S2P,1,1431,
325.071,,Spot,2,Image 1,S2P,1,1432,
7174.39,,Spot,2,Image 1,S2P,1,1433,
3745.82,,Spot,2,Image 1,S2P,1,1434,
6747.9,,Spot,2,Image 1,S2P,1,1435,
4897.44,,Spot,2,Image 1,S2P,1,1436,
2443.02,,Spot,2,Image 1,S2P,1,1437,
489.456,,Spot,2,Image 1,S2P,1,1438,
244.016,,Spot,2,Image 1,S2P,1,1439,
548.722,,Spot,2,Image 1,S2P,1,1440,
14653.6,,Spot,2,Image 1,S2P,1,1441,
282.069,,Spot,2,Image 1,S2P,1,1442,
166.684,,Spot,2,Image 1,S2P,1,1443,
3016.86,,Spot,2,Image 1,S2P,1,1444,
1373.91,,Spot,2,Image 1,S2P,1,1445,
114.176,,Spot,2,Image 1,S2P,1,1446,
2218.55,,Spot,2,Image 1,S2P,1,1447,
630.326,,Spot,2,Image 1,S2P,1,1448,
6579.67,,Spot,2,Image 1,S2P,1,1449,
8581.7,,Spot,2,Image 1,S2P,1,1450,
8095.67,,Spot,2,Image 1,S2P,1,1451,
3725.65,,Spot,2,Image 1,S2P,1,1452,
5733.52,,Spot,2,Image 1,S2P,1,1453,
2265.33,,Spot,2,Image 1,S2P,1,1454,
1240.38,,Spot,2,Image 1,S2P,1,1455,
4938.84,,Spot,2,Image 1,S2P,1,1456,
6737.51,,Spot,2,Image 1,S2P,1,1457,
11076.6,,Spot,2,Image 1,S2P,1,1458,
151.517,,Spot,2,Image 1,S2P,1,1459,
213.877,,Spot,2,Image 1,S2P,1,1460,
503.389,,Spot,2,Image 1,S2P,1,1461,
623.719,,Spot,2,Image 1,S2P,1,1462,
6883.91,,Spot,2,Image 1,S2P,1,1463,
17656.9,,Spot,2,Image 1,S2P,1,1464,
2290.04,,Spot,2,Image 1,S2P,1,1465,
12947.8,,Spot,2,Image 1,S2P,1,1466,
438.682,,Spot,2,Image 1,S2P,1,1467,
13920.5,,Spot,2,Image 1,S2P,1,1468,
11446.7,,Spot,2,Image 1,S2P,1,1469,
9882.22,,Spot,2,Image 1,S2P,1,1470,
3375.85,,Spot,2,Image 1,S2P,1,1471,
1365.02,,Spot,2,Image 1,S2P,1,1472,
5181.04,,Spot,2,Image 1,S2P,1,1473,
8320.13,,Spot,2,Image 1,S2P,1,1474,
308.022,,Spot,2,Image 1,S2P,1,1475,
905.919,,Spot,2,Image 1,S2P,1,1476,
1345.86,,Spot,2,Image 1,S2P,1,1477,
1559.78,,Spot,2,Image 1,S2P,1,1478,
474.084,,Spot,2,Image 1,S2P,1,1479,
892.99,,Spot,2,Image 1,S2P,1,1480,
8916.36,,Spot,2,Image 1,S2P,1,1481,
5722.46,,Spot,2,Image 1,S2P,1,1482,
16981.2,,Spot,2,Image 1,S2P,1,1483,
17794.4,,Spot,2,Image 1,S2P,1,1484,
4217.11,,Spot,2,Image 1,S2P,1,1485,
2104.94,,Spot,2,Image 1,S2P,1,1486,
1954.3,,Spot,2,Image 1,S2P,1,1487,
652.815,,Spot,2,Image 1,S2P,1,1488,
1215.73,,Spot,2,Image 1,S2P,1,1489,
325.383,,Spot,2,Image 1,S2P,1,1490,
6164.23,,Spot,2,Image 1,S2P,1,1491,
57.5019,,Spot,2,Image 1,S2P,1,1492,
320.735,,Spot,2,Image 1,S2P,1,1493,
17811.7,,Spot,2,Image 1,S2P,1,1494,
1216.37,,Spot,2,Image 1,S2P,1,1495,
3320.22,,Spot,2,Image 1,S2P,1,1496,
4899.43,,Spot,2,Image 1,S2P,1,1497,
5374.54,,Spot,2,Image 1,S2P,1,1498,
5548.45,,Spot,2,Image 1,S2P,1,1499,
11516.6,,Spot,2,Image 1,S2P,1,1500,
1752.39,,Spot,2,Image 1,S2P,1,1501,
1204.31,,Spot,2,Image 1,S2P,1,1502,
257.169,,Spot,2,Image 1,S2P,1,1503,
11109.3,,Spot,2,Image 1,S2P,1,1504,
848.629,,Spot,2,Image 1,S2P,1,1505,
1617.57,,Spot,2,Image 1,S2P,1,1506,
550.68,,Spot,2,Image 1,S2P,1,1507,
1579.92,,Spot,2,Image 1,S2P,1,1508,
895.095,,Spot,2,Image 1,S2P,1,1509,
5487.62,,Spot,2,Image 1,S2P,1,1510,
4128.91,,Spot,2,Image 1,S2P,1,1511,
6162,,Spot,2,Image 1,S2P,1,1512,
1009.8,,Spot,2,Image 1,S2P,1,1513,
3993.67,,Spot,2,Image 1,S2P,1,1514,
17813.8,,Spot,2,Image 1,S2P,1,1515,
4016.4,,Spot,2,Image 1,S2P,1,1516,
1355.1,,Spot,2,Image 1,S2P,1,1517,
4683.7,,Spot,2,Image 1,S2P,1,1518,
7285.4,,Spot,2,Image 1,S2P,1,1519,
583.487,,Spot,2,Image 1,S2P,1,1520,
2397.67,,Spot,2,Image 1,S2P,1,1521,
3132.28,,Spot,2,Image 1,S2P,1,1522,
1603.42,,Spot,2,Image 1,S2P,1,1523,
470.253,,Spot,2,Image 1,S2P,1,1524,
8292.13,,Spot,2,Image 1,S2P,1,1525,
547.842,,Spot,2,Image 1,S2P,1,1526,
262.575,,Spot,2,Image 1,S2P,1,1527,
8961.95,,Spot,2,Image 1,S2P,1,1528,
2729.83,,Spot,2,Image 1,S2P,1,1529,
8257.66,,Spot,2,Image 1,S2P,1,1530,
263.085,,Spot,2,Image 1,S2P,1,1531,
743.887,,Spot,2,Image 1,S2P,1,1532,
20683.2,,Spot,2,Image 1,S2P,1,1533,
2841.5,,Spot,2,Image 1,S2P,1,1534,
4023.46,,Spot,2,Image 1,S2P,1,1535,
1730.08,,Spot,2,Image 1,S2P,1,1536,
970.583,,Spot,2,Image 1,S2P,1,1537,
691.913,,Spot,2,Image 1,S2P,1,1538,
10845.5,,Spot,2,Image 1,S2P,1,1539,
5785.11,,Spot,2,Image 1,S2P,1,1540,
32125.8,,Spot,2,Image 1,S2P,1,1541,
1045.63,,Spot,2,Image 1,S2P,1,1542,
7887.63,,Spot,2,Image 1,S2P,1,1543,
534.971,,Spot,2,Image 1,S2P,1,1544,
394.506,,Spot,2,Image 1,S2P,1,1545,
547.938,,Spot,2,Image 1,S2P,1,1546,
5400.6,,Spot,2,Image 1,S2P,1,1547,
4023.01,,Spot,2,Image 1,S2P,1,1548,
3233.3,,Spot,2,Image 1,S2P,1,1549,
644.196,,Spot,2,Image 1,S2P,1,1550,
1190.9,,Spot,2,Image 1,S2P,1,1551,
2887.36,,Spot,2,Image 1,S2P,1,1552,
30976.7,,Spot,2,Image 1,S2P,1,1553,
5997.16,,Spot,2,Image 1,S2P,1,1554,
8195.46,,Spot,2,Image 1,S2P,1,1555,
15893.9,,Spot,2,Image 1,S2P,1,1556,
7680.67,,Spot,2,Image 1,S2P,1,1557,
7000.48,,Spot,2,Image 1,S2P,1,1558,
4929.9,,Spot,2,Image 1,S2P,1,1559,
9300.18,,Spot,2,Image 1,S2P,1,1560,
8153.89,,Spot,2,Image 1,S2P,1,1561,
1247.7,,Spot,2,Image 1,S2P,1,1562,
173.234,,Spot,2,Image 1,S2P,1,1563,
2201.64,,Spot,2,Image 1,S2P,1,1564,
604.193,,Spot,2,Image 1,S2P,1,1565,
1323.01,,Spot,2,Image 1,S2P,1,1566,
188.29,,Spot,2,Image 1,S2P,1,1567,
18504.7,,Spot,2,Image 1,S2P,1,1568,
7976.71,,Spot,2,Image 1,S2P,1,1569,
5403.47,,Spot,2,Image 1,S2P,1,1570,
3565.52,,Spot,2,Image 1,S2P,1,1571,
4097.45,,Spot,2,Image 1,S2P,1,1572,
9368.27,,Spot,2,Image 1,S2P,1,1573,
2234.88,,Spot,2,Image 1,S2P,1,1574,
3383.74,,Spot,2,Image 1,S2P,1,1575,
567.232,,Spot,2,Image 1,S2P,1,1576,
10921.7,,Spot,2,Image 1,S2P,1,1577,
375.918,,Spot,2,Image 1,S2P,1,1578,
3257.08,,Spot,2,Image 1,S2P,1,1579,
9018.94,,Spot,2,Image 1,S2P,1,1580,
5847.29,,Spot,2,Image 1,S2P,1,1581,
1286.09,,Spot,2,Image 1,S2P,1,1582,
8306.6,,Spot,2,Image 1,S2P,1,1583,
4536.28,,Spot,2,Image 1,S2P,1,1584,
5051.84,,Spot,2,Image 1,S2P,1,1585,
10810,,Spot,2,Image 1,S2P,1,1586,
4509.57,,Spot,2,Image 1,S2P,1,1587,
19000.6,,Spot,2,Image 1,S2P,1,1588,
819.081,,Spot,2,Image 1,S2P,1,1589,
20515.5,,Spot,2,Image 1,S2P,1,1590,
340.628,,Spot,2,Image 1,S2P,1,1591,
3002.71,,Spot,2,Image 1,S2P,1,1592,
1694.72,,Spot,2,Image 1,S2P,1,1593,
1003.37,,Spot,2,Image 1,S2P,1,1594,
2882.78,,Spot,2,Image 1,S2P,1,1595,
9362.39,,Spot,2,Image 1,S2P,1,1596,
23928.3,,Spot,2,Image 1,S2P,1,1597,
546.153,,Spot,2,Image 1,S2P,1,1598,
537.274,,Spot,2,Image 1,S2P,1,1599,
8652.1,,Spot,2,Image 1,S2P,1,1600,
1804.75,,Spot,2,Image 1,S2P,1,1601,
7073.91,,Spot,2,Image 1,S2P,1,1602,
5158.35,,Spot,2,Image 1,S2P,1,1603,
2108.27,,Spot,2,Image 1,S2P,1,1604,
6273.37,,Spot,2,Image 1,S2P,1,1605,
3166.14,,Spot,2,Image 1,S2P,1,1606,
1619.05,,Spot,2,Image 1,S2P,1,1607,
1745.76,,Spot,2,Image 1,S2P,1,1608,
3609.33,,Spot,2,Image 1,S2P,1,1609,
21870.4,,Spot,2,Image 1,S2P,1,1610,
8710.3,,Spot,2,Image 1,S2P,1,1611,
2585.75,,Spot,2,Image 1,S2P,1,1612,
525.133,,Spot,2,Image 1,S2P,1,1613,
567.398,,Spot,2,Image 1,S2P,1,1614,
14865.9,,Spot,2,Image 1,S2P,1,1615,
2561.17,,Spot,2,Image 1,S2P,1,1616,
11769.4,,Spot,2,Image 1,S2P,1,1617,
2367.13,,Spot,2,Image 1,S2P,1,1618,
5383.92,,Spot,2,Image 1,S2P,1,1619,
6582.49,,Spot,2,Image 1,S2P,1,1620,
12375.1,,Spot,2,Image 1,S2P,1,1621,
7849.72,,Spot,2,Image 1,S2P,1,1622,
1770.69,,Spot,2,Image 1,S2P,1,1623,
5123.53,,Spot,2,Image 1,S2P,1,1624,
9764.13,,Spot,2,Image 1,S2P,1,1625,
17636.1,,Spot,2,Image 1,S2P,1,1626,
8055.61,,Spot,2,Image 1,S2P,1,1627,
1489.37,,Spot,2,Image 1,S2P,1,1628,
484.499,,Spot,2,Image 1,S2P,1,1629,
26050.1,,Spot,2,Image 1,S2P,1,1630,
14879.2,,Spot,2,Image 1,S2P,1,1631,
1885.17,,Spot,2,Image 1,S2P,1,1632,
1788.03,,Spot,2,Image 1,S2P,1,1633,
1318.54,,Spot,2,Image 1,S2P,1,1634,
2126.43,,Spot,2,Image 1,S2P,1,1635,
1350.97,,Spot,2,Image 1,S2P,1,1636,
1048.7,,Spot,2,Image 1,S2P,1,1637,
7720.27,,Spot,2,Image 1,S2P,1,1638,
14056.4,,Spot,2,Image 1,S2P,1,1639,
1200.59,,Spot,2,Image 1,S2P,1,1640,
12349.3,,Spot,2,Image 1,S2P,1,1641,
9090.34,,Spot,2,Image 1,S2P,1,1642,
954.395,,Spot,2,Image 1,S2P,1,1643,
9238.01,,Spot,2,Image 1,S2P,1,1644,
3016.07,,Spot,2,Image 1,S2P,1,1645,
16690.2,,Spot,2,Image 1,S2P,1,1646,
3527.35,,Spot,2,Image 1,S2P,1,1647,
4686.9,,Spot,2,Image 1,S2P,1,1648,
4325.65,,Spot,2,Image 1,S2P,1,1649,
1320.33,,Spot,2,Image 1,S2P,1,1650,
4902.82,,Spot,2,Image 1,S2P,1,1651,
7714.74,,Spot,2,Image 1,S2P,1,1652,
12857.7,,Spot,2,Image 1,S2P,1,1653,
21982.1,,Spot,2,Image 1,S2P,1,1654,
19380.7,,Spot,2,Image 1,S2P,1,1655,
7790.44,,Spot,2,Image 1,S2P,1,1656,
16792.1,,Spot,2,Image 1,S2P,1,1657,
32942.6,,Spot,2,Image 1,S2P,1,1658,
3144.54,,Spot,2,Image 1,S2P,1,1659,
10506.7,,Spot,2,Image 1,S2P,1,1660,
33628.3,,Spot,2,Image 1,S2P,1,1661,
4392.37,,Spot,2,Image 1,S2P,1,1662,
12036.9,,Spot,2,Image 1,S2P,1,1663,
10418.6,,Spot,2,Image 1,S2P,1,1664,
15947.6,,Spot,2,Image 1,S2P,1,1665,
2830.48,,Spot,2,Image 1,S2P,1,1666,
1705.8,,Spot,2,Image 1,S2P,1,1667,
8371.38,,Spot,2,Image 1,S2P,1,1668,
1545.58,,Spot,2,Image 1,S2P,1,1669,
10365.2,,Spot,2,Image 1,S2P,1,1670,
6408.92,,Spot,2,Image 1,S2P,1,1671,
11729,,Spot,2,Image 1,S2P,1,1672,
18673.1,,Spot,2,Image 1,S2P,1,1673,
12031.6,,Spot,2,Image 1,S2P,1,1674,
5132.41,,Spot,2,Image 1,S2P,1,1675,
13604.4,,Spot,2,Image 1,S2P,1,1676,
700.508,,Spot,2,Image 1,S2P,1,1677,
37596,,Spot,2,Image 1,S2P,1,1678,
9455.62,,Spot,2,Image 1,S2P,1,1679,
8402.29,,Spot,2,Image 1,S2P,1,1680,
25166.7,,Spot,2,Image 1,S2P,1,1681,
21546,,Spot,2,Image 1,S2P,1,1682,
1486.78,,Spot,2,Image 1,S2P,1,1683,
10920.5,,Spot,2,Image 1,S2P,1,1684,
15818.3,,Spot,2,Image 1,S2P,1,1685,
19615.3,,Spot,2,Image 1,S2P,1,1686,
11398.6,,Spot,2,Image 1,S2P,1,1687,
10841,,Spot,2,Image 1,S2P,1,1688,
4733.34,,Spot,2,Image 1,S2P,1,1689,
14147,,Spot,2,Image 1,S2P,1,1690,
20442.3,,Spot,2,Image 1,S2P,1,1691,
3018.19,,Spot,2,Image 1,S2P,1,1692,
2935.85,,Spot,2,Image 1,S2P,1,1693,
1091.52,,Spot,2,Image 1,S2P,1,1694,
1494.81,,Spot,2,Image 1,S2P,1,1695,
4919.17,,Spot,2,Image 1,S2P,1,1696,
6595.04,,Spot,2,Image 1,S2P,1,1697,
1411.99,,Spot,2,Image 1,S2P,1,1698,
12024.7,,Spot,2,Image 1,S2P,1,1699,
1220.11,,Spot,2,Image 1,S2P,1,1700,
628.723,,Spot,2,Image 1,S2P,1,1701,
17447.5,,Spot,2,Image 1,S2P,1,1702,
4116.54,,Spot,2,Image 1,S2P,1,1703,
11560.3,,Spot,2,Image 1,S2P,1,1704,
289.359,,Spot,2,Image 1,S2P,1,1705,
355.062,,Spot,2,Image 1,S2P,1,1706,
2372.08,,Spot,2,Image 1,S2P,1,1707,
2437.14,,Spot,2,Image 1,S2P,1,1708,
1198.96,,Spot,2,Image 1,S2P,1,1709,
5926.13,,Spot,2,Image 1,S2P,1,1710,
11450.5,,Spot,2,Image 1,S2P,1,1711,
839.435,,Spot,2,Image 1,S2P,1,1712,
1432.88,,Spot,2,Image 1,S2P,1,1713,
2331.87,,Spot,2,Image 1,S2P,1,1714,
4831.44,,Spot,2,Image 1,S2P,1,1715,
8920.78,,Spot,2,Image 1,S2P,1,1716,
19197.4,,Spot,2,Image 1,S2P,1,1717,
17136.4,,Spot,2,Image 1,S2P,1,1718,
4047.68,,Spot,2,Image 1,S2P,1,1719,
4019.57,,Spot,2,Image 1,S2P,1,1720,
1646.27,,Spot,2,Image 1,S2P,1,1721,
1556.85,,Spot,2,Image 1,S2P,1,1722,
14509,,Spot,2,Image 1,S2P,1,1723,
1050.65,,Spot,2,Image 1,S2P,1,1724,
651.4,,Spot,2,Image 1,S2P,1,1725,
3702.7,,Spot,2,Image 1,S2P,1,1726,
10140,,Spot,2,Image 1,S2P,1,1727,
10191.6,,Spot,2,Image 1,S2P,1,1728,
4510.5,,Spot,2,Image 1,S2P,1,1729,
4526.36,,Spot,2,Image 1,S2P,1,1730,
8228.3,,Spot,2,Image 1,S2P,1,1731,
4282.52,,Spot,2,Image 1,S2P,1,1732,
1947.6,,Spot,2,Image 1,S2P,1,1733,
6940.71,,Spot,2,Image 1,S2P,1,1734,
19578.6,,Spot,2,Image 1,S2P,1,1735,
9470.64,,Spot,2,Image 1,S2P,1,1736,
6151.61,,Spot,2,Image 1,S2P,1,1737,
582.184,,Spot,2,Image 1,S2P,1,1738,
7232.79,,Spot,2,Image 1,S2P,1,1739,
5139.94,,Spot,2,Image 1,S2P,1,1740,
4369.08,,Spot,2,Image 1,S2P,1,1741,
934.718,,Spot,2,Image 1,S2P,1,1742,
1964.65,,Spot,2,Image 1,S2P,1,1743,
3512.7,,Spot,2,Image 1,S2P,1,1744,
323.338,,Spot,2,Image 1,S2P,1,1745,
440.875,,Spot,2,Image 1,S2P,1,1746,
294.112,,Spot,2,Image 1,S2P,1,1747,
4191.01,,Spot,2,Image 1,S2P,1,1748,
10061.6,,Spot,2,Image 1,S2P,1,1749,
2984.34,,Spot,2,Image 1,S2P,1,1750,
8850.63,,Spot,2,Image 1,S2P,1,1751,
1807.62,,Spot,2,Image 1,S2P,1,1752,
2967.1,,Spot,2,Image 1,S2P,1,1753,
2925.6,,Spot,2,Image 1,S2P,1,1754,
4158.95,,Spot,2,Image 1,S2P,1,1755,
8039.99,,Spot,2,Image 1,S2P,1,1756,
682.949,,Spot,2,Image 1,S2P,1,1757,
2464.83,,Spot,2,Image 1,S2P,1,1758,
8359.61,,Spot,2,Image 1,S2P,1,1759,
91.3991,,Spot,2,Image 1,S2P,1,1760,
3300.76,,Spot,2,Image 1,S2P,1,1761,
2112.68,,Spot,2,Image 1,S2P,1,1762,
7996.45,,Spot,2,Image 1,S2P,1,1763,
1064.76,,Spot,2,Image 1,S2P,1,1764,
9367.7,,Spot,2,Image 1,S2P,1,1765,
2680.73,,Spot,2,Image 1,S2P,1,1766,
9328.04,,Spot,2,Image 1,S2P,1,1767,
3799.87,,Spot,2,Image 1,S2P,1,1768,
3086.35,,Spot,2,Image 1,S2P,1,1769,
3359.07,,Spot,2,Image 1,S2P,1,1770,
3280.69,,Spot,2,Image 1,S2P,1,1771,
3344.46,,Spot,2,Image 1,S2P,1,1772,
7860.67,,Spot,2,Image 1,S2P,1,1773,
1997.95,,Spot,2,Image 1,S2P,1,1774,
5557.23,,Spot,2,Image 1,S2P,1,1775,
1903.66,,Spot,2,Image 1,S2P,1,1776,
547.055,,Spot,2,Image 1,S2P,1,1777,
3972.52,,Spot,2,Image 1,S2P,1,1778,
675.622,,Spot,2,Image 1,S2P,1,1779,
28977.8,,Spot,2,Image 1,S2P,1,1780,
809.219,,Spot,2,Image 1,S2P,1,1781,
11874.1,,Spot,2,Image 1,S2P,1,1782,
9839.43,,Spot,2,Image 1,S2P,1,1783,
2415.37,,Spot,2,Image 1,S2P,1,1784,
2604.43,,Spot,2,Image 1,S2P,1,1785,
7316.45,,Spot,2,Image 1,S2P,1,1786,
2032.81,,Spot,2,Image 1,S2P,1,1787,
6540.66,,Spot,2,Image 1,S2P,1,1788,
5873.55,,Spot,2,Image 1,S2P,1,1789,
5834.12,,Spot,2,Image 1,S2P,1,1790,
901.883,,Spot,2,Image 1,S2P,1,1791,
2553.33,,Spot,2,Image 1,S2P,1,1792,
2736.83,,Spot,2,Image 1,S2P,1,1793,
843.829,,Spot,2,Image 1,S2P,1,1794,
7060.24,,Spot,2,Image 1,S2P,1,1795,
3915.71,,Spot,2,Image 1,S2P,1,1796,
899.888,,Spot,2,Image 1,S2P,1,1797,
2532.74,,Spot,2,Image 1,S2P,1,1798,
2486.24,,Spot,2,Image 1,S2P,1,1799,
9906.98,,Spot,2,Image 1,S2P,1,1800,
20210.5,,Spot,2,Image 1,S2P,1,1801,
12917.9,,Spot,2,Image 1,S2P,1,1802,
1868.95,,Spot,2,Image 1,S2P,1,1803,
5536.41,,Spot,2,Image 1,S2P,1,1804,
3132.38,,Spot,2,Image 1,S2P,1,1805,
272.26,,Spot,2,Image 1,S2P,1,1806,
25190.4,,Spot,2,Image 1,S2P,1,1807,
9441.29,,Spot,2,Image 1,S2P,1,1808,
19257.4,,Spot,2,Image 1,S2P,1,1809,
1659.98,,Spot,2,Image 1,S2P,1,1810,
20188.7,,Spot,2,Image 1,S2P,1,1811,
8264.13,,Spot,2,Image 1,S2P,1,1812,
13466.1,,Spot,2,Image 1,S2P,1,1813,
4454.71,,Spot,2,Image 1,S2P,1,1814,
25233.2,,Spot,2,Image 1,S2P,1,1815,
6717.98,,Spot,2,Image 1,S2P,1,1816,
2984.19,,Spot,2,Image 1,S2P,1,1817,
7216,,Spot,2,Image 1,S2P,1,1818,
153.463,,Spot,2,Image 1,S2P,1,1819,
14588.3,,Spot,2,Image 1,S2P,1,1820,
4625.72,,Spot,2,Image 1,S2P,1,1821,
6871.61,,Spot,2,Image 1,S2P,1,1822,
5199.16,,Spot,2,Image 1,S2P,1,1823,
4802.78,,Spot,2,Image 1,S2P,1,1824,
23713.3,,Spot,2,Image 1,S2P,1,1825,
6572.62,,Spot,2,Image 1,S2P,1,1826,
849.045,,Spot,2,Image 1,S2P,1,1827,
2504.87,,Spot,2,Image 1,S2P,1,1828,
13754.8,,Spot,2,Image 1,S2P,1,1829,
1501.73,,Spot,2,Image 1,S2P,1,1830,
3150.82,,Spot,2,Image 1,S2P,1,1831,
15773.9,,Spot,2,Image 1,S2P,1,1832,
1389.18,,Spot,2,Image 1,S2P,1,1833,
3862.07,,Spot,2,Image 1,S2P,1,1834,
8325.63,,Spot,2,Image 1,S2P,1,1835,
6082.83,,Spot,2,Image 1,S2P,1,1836,
335.246,,Spot,2,Image 1,S2P,1,1837,
4365.64,,Spot,2,Image 1,S2P,1,1838,
2895.92,,Spot,2,Image 1,S2P,1,1839,
3955.85,,Spot,2,Image 1,S2P,1,1840,
4371.44,,Spot,2,Image 1,S2P,1,1841,
5583.18,,Spot,2,Image 1,S2P,1,1842,
4359.11,,Spot,2,Image 1,S2P,1,1843,
282.862,,Spot,2,Image 1,S2P,1,1844,
5380.59,,Spot,2,Image 1,S2P,1,1845,
17726,,Spot,2,Image 1,S2P,1,1846,
2586.91,,Spot,2,Image 1,S2P,1,1847,
95.9146,,Spot,2,Image 1,S2P,1,1848,
4333.88,,Spot,2,Image 1,S2P,1,1849,
520.871,,Spot,2,Image 1,S2P,1,1850,
11324.2,,Spot,2,Image 1,S2P,1,1851,
1706.02,,Spot,2,Image 1,S2P,1,1852,
3928.85,,Spot,2,Image 1,S2P,1,1853,
6415.83,,Spot,2,Image 1,S2P,1,1854,
8905.71,,Spot,2,Image 1,S2P,1,1855,
2843.8,,Spot,2,Image 1,S2P,1,1856,
18606.5,,Spot,2,Image 1,S2P,1,1857,
3029.1,,Spot,2,Image 1,S2P,1,1858,
4669.19,,Spot,2,Image 1,S2P,1,1859,
1378.45,,Spot,2,Image 1,S2P,1,1860,
3833.51,,Spot,2,Image 1,S2P,1,1861,
708.678,,Spot,2,Image 1,S2P,1,1862,
4086.07,,Spot,2,Image 1,S2P,1,1863,
6751.73,,Spot,2,Image 1,S2P,1,1864,
13756.5,,Spot,2,Image 1,S2P,1,1865,
2430.97,,Spot,2,Image 1,S2P,1,1866,
7254.69,,Spot,2,Image 1,S2P,1,1867,
2793.53,,Spot,2,Image 1,S2P,1,1868,
7937.11,,Spot,2,Image 1,S2P,1,1869,
6085.56,,Spot,2,Image 1,S2P,1,1870,
5883.77,,Spot,2,Image 1,S2P,1,1871,
15327,,Spot,2,Image 1,S2P,1,1872,
10564.6,,Spot,2,Image 1,S2P,1,1873,
1336.71,,Spot,2,Image 1,S2P,1,1874,
609.882,,Spot,2,Image 1,S2P,1,1875,
4348.14,,Spot,2,Image 1,S2P,1,1876,
656.514,,Spot,2,Image 1,S2P,1,1877,
2945.21,,Spot,2,Image 1,S2P,1,1878,
1375.9,,Spot,2,Image 1,S2P,1,1879,
1577.73,,Spot,2,Image 1,S2P,1,1880,
20376,,Spot,2,Image 1,S2P,1,1881,
1733.46,,Spot,2,Image 1,S2P,1,1882,
8335.52,,Spot,2,Image 1,S2P,1,1883,
1169.32,,Spot,2,Image 1,S2P,1,1884,
4538.18,,Spot,2,Image 1,S2P,1,1885,
3313.1,,Spot,2,Image 1,S2P,1,1886,
931.11,,Spot,2,Image 1,S2P,1,1887,
4627.75,,Spot,2,Image 1,S2P,1,1888,
11168,,Spot,2,Image 1,S2P,1,1889,
20832.7,,Spot,2,Image 1,S2P,1,1890,
4251.45,,Spot,2,Image 1,S2P,1,1891,
6071.65,,Spot,2,Image 1,S2P,1,1892,
150.452,,Spot,2,Image 1,S2P,1,1893,
6355.85,,Spot,2,Image 1,S2P,1,1894,
13605.2,,Spot,2,Image 1,S2P,1,1895,
6160.01,,Spot,2,Image 1,S2P,1,1896,
2213.76,,Spot,2,Image 1,S2P,1,1897,
4768.83,,Spot,2,Image 1,S2P,1,1898,
2237.57,,Spot,2,Image 1,S2P,1,1899,
4732.71,,Spot,2,Image 1,S2P,1,1900,
3985.77,,Spot,2,Image 1,S2P,1,1901,
3341.12,,Spot,2,Image 1,S2P,1,1902,
1967.76,,Spot,2,Image 1,S2P,1,1903,
3561.52,,Spot,2,Image 1,S2P,1,1904,
3185.42,,Spot,2,Image 1,S2P,1,1905,
7721.09,,Spot,2,Image 1,S2P,1,1906,
2174.56,,Spot,2,Image 1,S2P,1,1907,
423.399,,Spot,2,Image 1,S2P,1,1908,
8600.28,,Spot,2,Image 1,S2P,1,1909,
6101.88,,Spot,2,Image 1,S2P,1,1910,
16839.5,,Spot,2,Image 1,S2P,1,1911,
4371.71,,Spot,2,Image 1,S2P,1,1912,
238.981,,Spot,2,Image 1,S2P,1,1913,
7867.47,,Spot,2,Image 1,S2P,1,1914,
4249.96,,Spot,2,Image 1,S2P,1,1915,
2867.43,,Spot,2,Image 1,S2P,1,1916,
12431.8,,Spot,2,Image 1,S2P,1,1917,
2111.46,,Spot,2,Image 1,S2P,1,1918,
2678.46,,Spot,2,Image 1,S2P,1,1919,
13777.6,,Spot,2,Image 1,S2P,1,1920,
9587.81,,Spot,2,Image 1,S2P,1,1921,
1538.1,,Spot,2,Image 1,S2P,1,1922,
697.853,,Spot,2,Image 1,S2P,1,1923,
4961.46,,Spot,2,Image 1,S2P,1,1924,
2111.2,,Spot,2,Image 1,S2P,1,1925,
14863.3,,Spot,2,Image 1,S2P,1,1926,
13580.1,,Spot,2,Image 1,S2P,1,1927,
4752.2,,Spot,2,Image 1,S2P,1,1928,
1586.4,,Spot,2,Image 1,S2P,1,1929,
25322.8,,Spot,2,Image 1,S2P,1,1930,
7675.72,,Spot,2,Image 1,S2P,1,1931,
6071.57,,Spot,2,Image 1,S2P,1,1932,
10074.1,,Spot,2,Image 1,S2P,1,1933,
5664.95,,Spot,2,Image 1,S2P,1,1934,
5864.18,,Spot,2,Image 1,S2P,1,1935,
5308.11,,Spot,2,Image 1,S2P,1,1936,
2350.63,,Spot,2,Image 1,S2P,1,1937,
989.935,,Spot,2,Image 1,S2P,1,1938,
18083.4,,Spot,2,Image 1,S2P,1,1939,
1346.42,,Spot,2,Image 1,S2P,1,1940,
1992.11,,Spot,2,Image 1,S2P,1,1941,
7807.88,,Spot,2,Image 1,S2P,1,1942,
9811.22,,Spot,2,Image 1,S2P,1,1943,
740.673,,Spot,2,Image 1,S2P,1,1944,
2546.53,,Spot,2,Image 1,S2P,1,1945,
23402.4,,Spot,2,Image 1,S2P,1,1946,
9864.43,,Spot,2,Image 1,S2P,1,1947,
2190.52,,Spot,2,Image 1,S2P,1,1948,
2337.43,,Spot,2,Image 1,S2P,1,1949,
10025.8,,Spot,2,Image 1,S2P,1,1950,
2894.81,,Spot,2,Image 1,S2P,1,1951,
9485,,Spot,2,Image 1,S2P,1,1952,
10675.9,,Spot,2,Image 1,S2P,1,1953,
7496.94,,Spot,2,Image 1,S2P,1,1954,
7280.91,,Spot,2,Image 1,S2P,1,1955,
6767.32,,Spot,2,Image 1,S2P,1,1956,
1017.93,,Spot,2,Image 1,S2P,1,1957,
7258.69,,Spot,2,Image 1,S2P,1,1958,
8446.77,,Spot,2,Image 1,S2P,1,1959,
3637.05,,Spot,2,Image 1,S2P,1,1960,
5129.35,,Spot,2,Image 1,S2P,1,1961,
8013.46,,Spot,2,Image 1,S2P,1,1962,
4506.1,,Spot,2,Image 1,S2P,1,1963,
226.881,,Spot,2,Image 1,S2P,1,1964,
2376.01,,Spot,2,Image 1,S2P,1,1965,
3035.4,,Spot,2,Image 1,S2P,1,1966,
2394.57,,Spot,2,Image 1,S2P,1,1967,
2538.25,,Spot,2,Image 1,S2P,1,1968,
3747.39,,Spot,2,Image 1,S2P,1,1969,
10818.3,,Spot,2,Image 1,S2P,1,1970,
3742.17,,Spot,2,Image 1,S2P,1,1971,
1382.29,,Spot,2,Image 1,S2P,1,1972,
4995.44,,Spot,2,Image 1,S2P,1,1973,
30850,,Spot,2,Image 1,S2P,1,1974,
18531.5,,Spot,2,Image 1,S2P,1,1975,
20236.9,,Spot,2,Image 1,S2P,1,1976,
3531.74,,Spot,2,Image 1,S2P,1,1977,
7135.74,,Spot,2,Image 1,S2P,1,1978,
3490.58,,Spot,2,Image 1,S2P,1,1979,
20902.8,,Spot,2,Image 1,S2P,1,1980,
16164.8,,Spot,2,Image 1,S2P,1,1981,
3865.98,,Spot,2,Image 1,S2P,1,1982,
456.602,,Spot,2,Image 1,S2P,1,1983,
7068.72,,Spot,2,Image 1,S2P,1,1984,
14636.1,,Spot,2,Image 1,S2P,1,1985,
291.742,,Spot,2,Image 1,S2P,1,1986,
2009.31,,Spot,2,Image 1,S2P,1,1987,
742.011,,Spot,2,Image 1,S2P,1,1988,
1201.1,,Spot,2,Image 1,S2P,1,1989,
9000.19,,Spot,2,Image 1,S2P,1,1990,
829.453,,Spot,2,Image 1,S2P,1,1991,
41.6234,,Spot,2,Image 1,S2P,1,1992,
7375.17,,Spot,2,Image 1,S2P,1,1993,
10976.7,,Spot,2,Image 1,S2P,1,1994,
25215.8,,Spot,2,Image 1,S2P,1,1995,
1631.84,,Spot,2,Image 1,S2P,1,1996,
7889.69,,Spot,2,Image 1,S2P,1,1997,
1919.45,,Spot,2,Image 1,S2P,1,1998,
1769.12,,Spot,2,Image 1,S2P,1,1999,
1034.81,,Spot,2,Image 1,S2P,1,2000,
1213.7,,Spot,2,Image 1,S2P,1,2001,
1422.97,,Spot,2,Image 1,S2P,1,2002,
3599.68,,Spot,2,Image 1,S2P,1,2003,
5689.32,,Spot,2,Image 1,S2P,1,2004,
4029.78,,Spot,2,Image 1,S2P,1,2005,
3222.56,,Spot,2,Image 1,S2P,1,2006,
2229.96,,Spot,2,Image 1,S2P,1,2007,
10589.2,,Spot,2,Image 1,S2P,1,2008,
748.354,,Spot,2,Image 1,S2P,1,2009,
5292.45,,Spot,2,Image 1,S2P,1,2010,
4106.52,,Spot,2,Image 1,S2P,1,2011,
1421.12,,Spot,2,Image 1,S2P,1,2012,
6285.28,,Spot,2,Image 1,S2P,1,2013,
3711.86,,Spot,2,Image 1,S2P,1,2014,
10160.9,,Spot,2,Image 1,S2P,1,2015,
175.055,,Spot,2,Image 1,S2P,1,2016,
705.111,,Spot,2,Image 1,S2P,1,2017,
1241.86,,Spot,2,Image 1,S2P,1,2018,
11312.2,,Spot,2,Image 1,S2P,1,2019,
3489.99,,Spot,2,Image 1,S2P,1,2020,
1336.28,,Spot,2,Image 1,S2P,1,2021,
6872.06,,Spot,2,Image 1,S2P,1,2022,
5583.59,,Spot,2,Image 1,S2P,1,2023,
7137.79,,Spot,2,Image 1,S2P,1,2024,
10698.2,,Spot,2,Image 1,S2P,1,2025,
5313.26,,Spot,2,Image 1,S2P,1,2026,
8450.62,,Spot,2,Image 1,S2P,1,2027,
2188.56,,Spot,2,Image 1,S2P,1,2028,
651.885,,Spot,2,Image 1,S2P,1,2029,
4827.97,,Spot,2,Image 1,S2P,1,2030,
1290.17,,Spot,2,Image 1,S2P,1,2031,
2942.89,,Spot,2,Image 1,S2P,1,2032,
3611.91,,Spot,2,Image 1,S2P,1,2033,
952.172,,Spot,2,Image 1,S2P,1,2034,
7965.34,,Spot,2,Image 1,S2P,1,2035,
2942.93,,Spot,2,Image 1,S2P,1,2036,
9987.19,,Spot,2,Image 1,S2P,1,2037,
2491.3,,Spot,2,Image 1,S2P,1,2038,
1887.51,,Spot,2,Image 1,S2P,1,2039,
11833.8,,Spot,2,Image 1,S2P,1,2040,
1490.64,,Spot,2,Image 1,S2P,1,2041,
381.165,,Spot,2,Image 1,S2P,1,2042,
3200.79,,Spot,2,Image 1,S2P,1,2043,
2150.83,,Spot,2,Image 1,S2P,1,2044,
16469.6,,Spot,2,Image 1,S2P,1,2045,
4944.85,,Spot,2,Image 1,S2P,1,2046,
2353.63,,Spot,2,Image 1,S2P,1,2047,
394.304,,Spot,2,Image 1,S2P,1,2048,
1260.94,,Spot,2,Image 1,S2P,1,2049,
3505.61,,Spot,2,Image 1,S2P,1,2050,
2623.86,,Spot,2,Image 1,S2P,1,2051,
4178.71,,Spot,2,Image 1,S2P,1,2052,
2506.74,,Spot,2,Image 1,S2P,1,2053,
4090.57,,Spot,2,Image 1,S2P,1,2054,
2094.97,,Spot,2,Image 1,S2P,1,2055,
810.005,,Spot,2,Image 1,S2P,1,2056,
6974.98,,Spot,2,Image 1,S2P,1,2057,
3238.96,,Spot,2,Image 1,S2P,1,2058,
4844.9,,Spot,2,Image 1,S2P,1,2059,
3910.48,,Spot,2,Image 1,S2P,1,2060,
2883.34,,Spot,2,Image 1,S2P,1,2061,
9660.5,,Spot,2,Image 1,S2P,1,2062,
2322.88,,Spot,2,Image 1,S2P,1,2063,
9892.18,,Spot,2,Image 1,S2P,1,2064,
3110.92,,Spot,2,Image 1,S2P,1,2065,
1794,,Spot,2,Image 1,S2P,1,2066,
3979.39,,Spot,2,Image 1,S2P,1,2067,
11542.3,,Spot,2,Image 1,S2P,1,2068,
18356.7,,Spot,2,Image 1,S2P,1,2069,
3939.55,,Spot,2,Image 1,S2P,1,2070,
10379.1,,Spot,2,Image 1,S2P,1,2071,
6196.67,,Spot,2,Image 1,S2P,1,2072,
6659.31,,Spot,2,Image 1,S2P,1,2073,
6981.65,,Spot,2,Image 1,S2P,1,2074,
17089.8,,Spot,2,Image 1,S2P,1,2075,
7375.73,,Spot,2,Image 1,S2P,1,2076,
11927.1,,Spot,2,Image 1,S2P,1,2077,
7967.37,,Spot,2,Image 1,S2P,1,2078,
22568.2,,Spot,2,Image 1,S2P,1,2079,
7110.69,,Spot,2,Image 1,S2P,1,2080,
10277.9,,Spot,2,Image 1,S2P,1,2081,
14548.1,,Spot,2,Image 1,S2P,1,2082,
4920.63,,Spot,2,Image 1,S2P,1,2083,
16209.3,,Spot,2,Image 1,S2P,1,2084,
5466.87,,Spot,2,Image 1,S2P,1,2085,
9039.25,,Spot,2,Image 1,S2P,1,2086,
24296.8,,Spot,2,Image 1,S2P,1,2087,
2034.86,,Spot,2,Image 1,S2P,1,2088,
5460.13,,Spot,2,Image 1,S2P,1,2089,
1034.74,,Spot,2,Image 1,S2P,1,2090,
15809,,Spot,2,Image 1,S2P,1,2091,
3378.15,,Spot,2,Image 1,S2P,1,2092,
994.297,,Spot,2,Image 1,S2P,1,2093,
5457.21,,Spot,2,Image 1,S2P,1,2094,
10824.7,,Spot,2,Image 1,S2P,1,2095,
4936.2,,Spot,2,Image 1,S2P,1,2096,
3206.48,,Spot,2,Image 1,S2P,1,2097,
798.721,,Spot,2,Image 1,S2P,1,2098,
3624.82,,Spot,2,Image 1,S2P,1,2099,
13981.4,,Spot,2,Image 1,S2P,1,2100,
13118.8,,Spot,2,Image 1,S2P,1,2101,
3390.43,,Spot,2,Image 1,S2P,1,2102,
11278,,Spot,2,Image 1,S2P,1,2103,
11720.4,,Spot,2,Image 1,S2P,1,2104,
6373.96,,Spot,2,Image 1,S2P,1,2105,
307.246,,Spot,2,Image 1,S2P,1,2106,
4490.07,,Spot,2,Image 1,S2P,1,2107,
19365.6,,Spot,2,Image 1,S2P,1,2108,
925.161,,Spot,2,Image 1,S2P,1,2109,
8432.51,,Spot,2,Image 1,S2P,1,2110,
5196.39,,Spot,2,Image 1,S2P,1,2111,
2667.52,,Spot,2,Image 1,S2P,1,2112,
1068.31,,Spot,2,Image 1,S2P,1,2113,
5019.91,,Spot,2,Image 1,S2P,1,2114,
11901.3,,Spot,2,Image 1,S2P,1,2115,
5322.75,,Spot,2,Image 1,S2P,1,2116,
3019.3,,Spot,2,Image 1,S2P,1,2117,
4447.66,,Spot,2,Image 1,S2P,1,2118,
3064.71,,Spot,2,Image 1,S2P,1,2119,
1527.19,,Spot,2,Image 1,S2P,1,2120,
1642.42,,Spot,2,Image 1,S2P,1,2121,
747.019,,Spot,2,Image 1,S2P,1,2122,
3244.01,,Spot,2,Image 1,S2P,1,2123,
1752.2,,Spot,2,Image 1,S2P,1,2124,
1192.1,,Spot,2,Image 1,S2P,1,2125,
934.896,,Spot,2,Image 1,S2P,1,2126,
4954.7,,Spot,2,Image 1,S2P,1,2127,
1234.67,,Spot,2,Image 1,S2P,1,2128,
4748.36,,Spot,2,Image 1,S2P,1,2129,
10166.4,,Spot,2,Image 1,S2P,1,2130,
3464.78,,Spot,2,Image 1,S2P,1,2131,
11395.2,,Spot,2,Image 1,S2P,1,2132,
3970.3,,Spot,2,Image 1,S2P,1,2133,
4665.14,,Spot,2,Image 1,S2P,1,2134,
1730.59,,Spot,2,Image 1,S2P,1,2135,
2326.34,,Spot,2,Image 1,S2P,1,2136,
2337.56,,Spot,2,Image 1,S2P,1,2137,
968.395,,Spot,2,Image 1,S2P,1,2138,
13330.3,,Spot,2,Image 1,S2P,1,2139,
2688.07,,Spot,2,Image 1,S2P,1,2140,
8141.95,,Spot,2,Image 1,S2P,1,2141,
7762.74,,Spot,2,Image 1,S2P,1,2142,
17408.3,,Spot,2,Image 1,S2P,1,2143,
8485.67,,Spot,2,Image 1,S2P,1,2144,
4708.16,,Spot,2,Image 1,S2P,1,2145,
5767.54,,Spot,2,Image 1,S2P,1,2146,
4661.71,,Spot,2,Image 1,S2P,1,2147,
341.584,,Spot,2,Image 1,S2P,1,2148,
11929.8,,Spot,2,Image 1,S2P,1,2149,
2496.5,,Spot,2,Image 1,S2P,1,2150,
1059.12,,Spot,2,Image 1,S2P,1,2151,
6784.03,,Spot,2,Image 1,S2P,1,2152,
3205.33,,Spot,2,Image 1,S2P,1,2153,
2500.71,,Spot,2,Image 1,S2P,1,2154,
2683.1,,Spot,2,Image 1,S2P,1,2155,
3628.59,,Spot,2,Image 1,S2P,1,2156,
1135.31,,Spot,2,Image 1,S2P,1,2157,
891.304,,Spot,2,Image 1,S2P,1,2158,
7806.02,,Spot,2,Image 1,S2P,1,2159,
3731,,Spot,2,Image 1,S2P,1,2160,
2789.38,,Spot,2,Image 1,S2P,1,2161,
12147.6,,Spot,2,Image 1,S2P,1,2162,
1975.93,,Spot,2,Image 1,S2P,1,2163,
13882.3,,Spot,2,Image 1,S2P,1,2164,
8569.59,,Spot,2,Image 1,S2P,1,2165,
15115.5,,Spot,2,Image 1,S2P,1,2166,
3342.9,,Spot,2,Image 1,S2P,1,2167,
3242.19,,Spot,2,Image 1,S2P,1,2168,
10960.6,,Spot,2,Image 1,S2P,1,2169,
566.275,,Spot,2,Image 1,S2P,1,2170,
615.978,,Spot,2,Image 1,S2P,1,2171,
1878.26,,Spot,2,Image 1,S2P,1,2172,
854.628,,Spot,2,Image 1,S2P,1,2173,
2769.99,,Spot,2,Image 1,S2P,1,2174,
2923.16,,Spot,2,Image 1,S2P,1,2175,
7349.81,,Spot,2,Image 1,S2P,1,2176,
13992.9,,Spot,2,Image 1,S2P,1,2177,
7623.94,,Spot,2,Image 1,S2P,1,2178,
4490.75,,Spot,2,Image 1,S2P,1,2179,
2122.74,,Spot,2,Image 1,S2P,1,2180,
482.066,,Spot,2,Image 1,S2P,1,2181,
1636.15,,Spot,2,Image 1,S2P,1,2182,
4188.23,,Spot,2,Image 1,S2P,1,2183,
2951.23,,Spot,2,Image 1,S2P,1,2184,
1436.21,,Spot,2,Image 1,S2P,1,2185,
1653.08,,Spot,2,Image 1,S2P,1,2186,
6927.77,,Spot,2,Image 1,S2P,1,2187,
2878.69,,Spot,2,Image 1,S2P,1,2188,
397.314,,Spot,2,Image 1,S2P,1,2189,
2169.52,,Spot,2,Image 1,S2P,1,2190,
486.208,,Spot,2,Image 1,S2P,1,2191,
2107.17,,Spot,2,Image 1,S2P,1,2192,
1720.43,,Spot,2,Image 1,S2P,1,2193,
428.226,,Spot,2,Image 1,S2P,1,2194,
1080.43,,Spot,2,Image 1,S2P,1,2195,
7676.07,,Spot,2,Image 1,S2P,1,2196,
663.766,,Spot,2,Image 1,S2P,1,2197,
200.883,,Spot,2,Image 1,S2P,1,2198,
1384.74,,Spot,2,Image 1,S2P,1,2199,
9783.71,,Spot,2,Image 1,S2P,1,2200,
3604.47,,Spot,2,Image 1,S2P,1,2201,
11105.4,,Spot,2,Image 1,S2P,1,2202,
4600.17,,Spot,2,Image 1,S2P,1,2203,
875.362,,Spot,2,Image 1,S2P,1,2204,
6706.45,,Spot,2,Image 1,S2P,1,2205,
7410.15,,Spot,2,Image 1,S2P,1,2206,
10375.6,,Spot,2,Image 1,S2P,1,2207,
7378.48,,Spot,2,Image 1,S2P,1,2208,
2867.12,,Spot,2,Image 1,S2P,1,2209,
21142.8,,Spot,2,Image 1,S2P,1,2210,
3058.08,,Spot,2,Image 1,S2P,1,2211,
712.45,,Spot,2,Image 1,S2P,1,2212,
1552.74,,Spot,2,Image 1,S2P,1,2213,
3724.54,,Spot,2,Image 1,S2P,1,2214,
4228.13,,Spot,2,Image 1,S2P,1,2215,
369.164,,Spot,2,Image 1,S2P,1,2216,
2143.48,,Spot,2,Image 1,S2P,1,2217,
4897.07,,Spot,2,Image 1,S2P,1,2218,
1157.52,,Spot,2,Image 1,S2P,1,2219,
2219.1,,Spot,2,Image 1,S2P,1,2220,
860.39,,Spot,2,Image 1,S2P,1,2221,
