
Intensity StdDev Ch=1 Img=1
 ==================== 
Intensity StdDev,Unit,Category,Channel,Image,Surpass Object,Time,ID,
1.72292,,Surface,1,Image 1,Nucleus,1,0,
0.53005,,Spot,1,Image 1,Nucleus center of mass,1,0,
3.62333,,Spot,1,Image 1,S2P,1,617,
2.82195,,Spot,1,Image 1,S2P,1,618,
3.00665,,Spot,1,Image 1,S2P,1,619,
0.35947,,Spot,1,Image 1,S2P,1,620,
1.34326,,Spot,1,Image 1,S2P,1,621,
0.772745,,Spot,1,Image 1,S2P,1,622,
2.65709,,Spot,1,Image 1,S2P,1,623,
1.92063,,Spot,1,Image 1,S2P,1,624,
1.08977,,Spot,1,Image 1,S2P,1,625,
1.64308,,Spot,1,Image 1,S2P,1,626,
2.87797,,Spot,1,Image 1,S2P,1,627,
0.768614,,Spot,1,Image 1,S2P,1,628,
0.676602,,Spot,1,Image 1,S2P,1,629,
0.512278,,Spot,1,Image 1,S2P,1,630,
2.1105,,Spot,1,Image 1,S2P,1,631,
1.92492,,Spot,1,Image 1,S2P,1,632,
1.18818,,Spot,1,Image 1,S2P,1,633,
3.14146,,Spot,1,Image 1,S2P,1,634,
2.52669,,Spot,1,Image 1,S2P,1,635,
2.18568,,Spot,1,Image 1,S2P,1,636,
2.02558,,Spot,1,Image 1,S2P,1,637,
1.65705,,Spot,1,Image 1,S2P,1,638,
2.04622,,Spot,1,Image 1,S2P,1,639,
2.42854,,Spot,1,Image 1,S2P,1,640,
2.38013,,Spot,1,Image 1,S2P,1,641,
2.15957,,Spot,1,Image 1,S2P,1,642,
2.26081,,Spot,1,Image 1,S2P,1,643,
1.83097,,Spot,1,Image 1,S2P,1,644,
2.76643,,Spot,1,Image 1,S2P,1,645,
1.70795,,Spot,1,Image 1,S2P,1,646,
1.91716,,Spot,1,Image 1,S2P,1,647,
2.67704,,Spot,1,Image 1,S2P,1,648,
1.8193,,Spot,1,Image 1,S2P,1,649,
1.63959,,Spot,1,Image 1,S2P,1,650,
2.47766,,Spot,1,Image 1,S2P,1,651,
2.01128,,Spot,1,Image 1,S2P,1,652,
1.88753,,Spot,1,Image 1,S2P,1,653,
1.98449,,Spot,1,Image 1,S2P,1,654,
2.43051,,Spot,1,Image 1,S2P,1,655,
1.95994,,Spot,1,Image 1,S2P,1,656,
2.01544,,Spot,1,Image 1,S2P,1,657,
2.18936,,Spot,1,Image 1,S2P,1,658,
0.944202,,Spot,1,Image 1,S2P,1,659,
2.19904,,Spot,1,Image 1,S2P,1,660,
2.35281,,Spot,1,Image 1,S2P,1,661,
1.04681,,Spot,1,Image 1,S2P,1,662,
1.884,,Spot,1,Image 1,S2P,1,663,
1.80902,,Spot,1,Image 1,S2P,1,664,
2.36155,,Spot,1,Image 1,S2P,1,665,
1.50751,,Spot,1,Image 1,S2P,1,666,
2.41058,,Spot,1,Image 1,S2P,1,667,
2.07666,,Spot,1,Image 1,S2P,1,668,
2.20964,,Spot,1,Image 1,S2P,1,669,
1.62645,,Spot,1,Image 1,S2P,1,670,
2.267,,Spot,1,Image 1,S2P,1,671,
1.60203,,Spot,1,Image 1,S2P,1,672,
2.07417,,Spot,1,Image 1,S2P,1,673,
1.75684,,Spot,1,Image 1,S2P,1,674,
1.14653,,Spot,1,Image 1,S2P,1,675,
1.72311,,Spot,1,Image 1,S2P,1,676,
1.67261,,Spot,1,Image 1,S2P,1,677,
2.07633,,Spot,1,Image 1,S2P,1,678,
1.90646,,Spot,1,Image 1,S2P,1,679,
2.12332,,Spot,1,Image 1,S2P,1,680,
1.63594,,Spot,1,Image 1,S2P,1,681,
1.78,,Spot,1,Image 1,S2P,1,682,
1.89257,,Spot,1,Image 1,S2P,1,683,
0.875028,,Spot,1,Image 1,S2P,1,684,
2.0105,,Spot,1,Image 1,S2P,1,685,
1.41321,,Spot,1,Image 1,S2P,1,686,
1.78977,,Spot,1,Image 1,S2P,1,687,
1.57557,,Spot,1,Image 1,S2P,1,688,
0.957333,,Spot,1,Image 1,S2P,1,689,
0.962452,,Spot,1,Image 1,S2P,1,690,
1.41174,,Spot,1,Image 1,S2P,1,691,
1.57041,,Spot,1,Image 1,S2P,1,692,
1.00367,,Spot,1,Image 1,S2P,1,693,
1.68361,,Spot,1,Image 1,S2P,1,694,
1.53906,,Spot,1,Image 1,S2P,1,695,
1.62536,,Spot,1,Image 1,S2P,1,696,
1.61664,,Spot,1,Image 1,S2P,1,697,
1.90926,,Spot,1,Image 1,S2P,1,698,
1.19394,,Spot,1,Image 1,S2P,1,699,
0.989583,,Spot,1,Image 1,S2P,1,700,
1.60534,,Spot,1,Image 1,S2P,1,701,
1.11181,,Spot,1,Image 1,S2P,1,702,
1.51298,,Spot,1,Image 1,S2P,1,703,
1.94053,,Spot,1,Image 1,S2P,1,704,
1.34161,,Spot,1,Image 1,S2P,1,705,
1.23138,,Spot,1,Image 1,S2P,1,706,
1.39026,,Spot,1,Image 1,S2P,1,707,
1.72167,,Spot,1,Image 1,S2P,1,708,
0.904238,,Spot,1,Image 1,S2P,1,709,
1.82663,,Spot,1,Image 1,S2P,1,710,
1.06592,,Spot,1,Image 1,S2P,1,711,
1.32398,,Spot,1,Image 1,S2P,1,712,
1.39483,,Spot,1,Image 1,S2P,1,713,
1.78476,,Spot,1,Image 1,S2P,1,714,
1.32743,,Spot,1,Image 1,S2P,1,715,
1.42901,,Spot,1,Image 1,S2P,1,716,
1.00507,,Spot,1,Image 1,S2P,1,717,
1.59076,,Spot,1,Image 1,S2P,1,718,
1.33286,,Spot,1,Image 1,S2P,1,719,
1.09831,,Spot,1,Image 1,S2P,1,720,
1.06688,,Spot,1,Image 1,S2P,1,721,
1.52411,,Spot,1,Image 1,S2P,1,722,
2.01958,,Spot,1,Image 1,S2P,1,723,
1.66592,,Spot,1,Image 1,S2P,1,724,
1.44298,,Spot,1,Image 1,S2P,1,725,
1.53242,,Spot,1,Image 1,S2P,1,726,
2.34517,,Spot,1,Image 1,S2P,1,727,
1.48753,,Spot,1,Image 1,S2P,1,728,
1.10757,,Spot,1,Image 1,S2P,1,729,
1.19951,,Spot,1,Image 1,S2P,1,730,
1.22426,,Spot,1,Image 1,S2P,1,731,
1.59816,,Spot,1,Image 1,S2P,1,732,
1.26969,,Spot,1,Image 1,S2P,1,733,
1.61087,,Spot,1,Image 1,S2P,1,734,
0.839339,,Spot,1,Image 1,S2P,1,735,
0.300531,,Spot,1,Image 1,S2P,1,736,
1.98917,,Spot,1,Image 1,S2P,1,737,
1.05126,,Spot,1,Image 1,S2P,1,738,
2.03743,,Spot,1,Image 1,S2P,1,739,
1.60339,,Spot,1,Image 1,S2P,1,740,
1.6064,,Spot,1,Image 1,S2P,1,741,
1.37533,,Spot,1,Image 1,S2P,1,742,
1.72653,,Spot,1,Image 1,S2P,1,743,
2.09052,,Spot,1,Image 1,S2P,1,744,
1.61594,,Spot,1,Image 1,S2P,1,745,
1.15445,,Spot,1,Image 1,S2P,1,746,
1.06222,,Spot,1,Image 1,S2P,1,747,
1.47905,,Spot,1,Image 1,S2P,1,748,
0.965386,,Spot,1,Image 1,S2P,1,749,
1.48392,,Spot,1,Image 1,S2P,1,750,
1.25332,,Spot,1,Image 1,S2P,1,751,
1.73973,,Spot,1,Image 1,S2P,1,752,
0.986969,,Spot,1,Image 1,S2P,1,753,
1.25214,,Spot,1,Image 1,S2P,1,754,
1.66912,,Spot,1,Image 1,S2P,1,755,
1.51039,,Spot,1,Image 1,S2P,1,756,
1.38151,,Spot,1,Image 1,S2P,1,757,
1.3746,,Spot,1,Image 1,S2P,1,758,
1.9162,,Spot,1,Image 1,S2P,1,759,
0.374921,,Spot,1,Image 1,S2P,1,760,
1.614,,Spot,1,Image 1,S2P,1,761,
1.39257,,Spot,1,Image 1,S2P,1,762,
1.87618,,Spot,1,Image 1,S2P,1,763,
2.01252,,Spot,1,Image 1,S2P,1,764,
1.45899,,Spot,1,Image 1,S2P,1,765,
2.04515,,Spot,1,Image 1,S2P,1,766,
2.00256,,Spot,1,Image 1,S2P,1,767,
0.894934,,Spot,1,Image 1,S2P,1,768,
0.945317,,Spot,1,Image 1,S2P,1,769,
0.960505,,Spot,1,Image 1,S2P,1,770,
1.08083,,Spot,1,Image 1,S2P,1,771,
1.02035,,Spot,1,Image 1,S2P,1,772,
2.46544,,Spot,1,Image 1,S2P,1,773,
1.5449,,Spot,1,Image 1,S2P,1,774,
1.27314,,Spot,1,Image 1,S2P,1,775,
1.37019,,Spot,1,Image 1,S2P,1,776,
1.17009,,Spot,1,Image 1,S2P,1,777,
1.84268,,Spot,1,Image 1,S2P,1,778,
1.27569,,Spot,1,Image 1,S2P,1,779,
1.82207,,Spot,1,Image 1,S2P,1,780,
0.604108,,Spot,1,Image 1,S2P,1,781,
1.52811,,Spot,1,Image 1,S2P,1,782,
1.06383,,Spot,1,Image 1,S2P,1,783,
0.572875,,Spot,1,Image 1,S2P,1,784,
0.814964,,Spot,1,Image 1,S2P,1,785,
2.05926,,Spot,1,Image 1,S2P,1,786,
2.00356,,Spot,1,Image 1,S2P,1,787,
1.14505,,Spot,1,Image 1,S2P,1,788,
1.30336,,Spot,1,Image 1,S2P,1,789,
1.60772,,Spot,1,Image 1,S2P,1,790,
2.44242,,Spot,1,Image 1,S2P,1,791,
2.16947,,Spot,1,Image 1,S2P,1,792,
1.53983,,Spot,1,Image 1,S2P,1,793,
2.1014,,Spot,1,Image 1,S2P,1,794,
0.979735,,Spot,1,Image 1,S2P,1,795,
2.0218,,Spot,1,Image 1,S2P,1,796,
1.86162,,Spot,1,Image 1,S2P,1,797,
1.60506,,Spot,1,Image 1,S2P,1,798,
1.92467,,Spot,1,Image 1,S2P,1,799,
1.48009,,Spot,1,Image 1,S2P,1,800,
1.16271,,Spot,1,Image 1,S2P,1,801,
1.36504,,Spot,1,Image 1,S2P,1,802,
1.57293,,Spot,1,Image 1,S2P,1,803,
1.77779,,Spot,1,Image 1,S2P,1,804,
1.77502,,Spot,1,Image 1,S2P,1,805,
1.71742,,Spot,1,Image 1,S2P,1,806,
1.68426,,Spot,1,Image 1,S2P,1,807,
1.39041,,Spot,1,Image 1,S2P,1,808,
1.86959,,Spot,1,Image 1,S2P,1,809,
0.877995,,Spot,1,Image 1,S2P,1,810,
1.10594,,Spot,1,Image 1,S2P,1,811,
1.52772,,Spot,1,Image 1,S2P,1,812,
1.30776,,Spot,1,Image 1,S2P,1,813,
1.41013,,Spot,1,Image 1,S2P,1,814,
1.54266,,Spot,1,Image 1,S2P,1,815,
0.804305,,Spot,1,Image 1,S2P,1,816,
0.781418,,Spot,1,Image 1,S2P,1,817,
0.722114,,Spot,1,Image 1,S2P,1,818,
0.829902,,Spot,1,Image 1,S2P,1,819,
0.940565,,Spot,1,Image 1,S2P,1,820,
0.941938,,Spot,1,Image 1,S2P,1,821,
0.875927,,Spot,1,Image 1,S2P,1,822,
0.873615,,Spot,1,Image 1,S2P,1,823,
1.54978,,Spot,1,Image 1,S2P,1,824,
1.30297,,Spot,1,Image 1,S2P,1,825,
1.2937,,Spot,1,Image 1,S2P,1,826,
2.18331,,Spot,1,Image 1,S2P,1,827,
1.94933,,Spot,1,Image 1,S2P,1,828,
1.97019,,Spot,1,Image 1,S2P,1,829,
2.20697,,Spot,1,Image 1,S2P,1,830,
2.24976,,Spot,1,Image 1,S2P,1,831,
1.19278,,Spot,1,Image 1,S2P,1,832,
1.47334,,Spot,1,Image 1,S2P,1,833,
1.43162,,Spot,1,Image 1,S2P,1,834,
1.67991,,Spot,1,Image 1,S2P,1,835,
1.47226,,Spot,1,Image 1,S2P,1,836,
1.46797,,Spot,1,Image 1,S2P,1,837,
1.44197,,Spot,1,Image 1,S2P,1,838,
1.39134,,Spot,1,Image 1,S2P,1,839,
1.18089,,Spot,1,Image 1,S2P,1,840,
1.21009,,Spot,1,Image 1,S2P,1,841,
0.854638,,Spot,1,Image 1,S2P,1,842,
0.943826,,Spot,1,Image 1,S2P,1,843,
0.573597,,Spot,1,Image 1,S2P,1,844,
2.14624,,Spot,1,Image 1,S2P,1,845,
1.46259,,Spot,1,Image 1,S2P,1,846,
1.4202,,Spot,1,Image 1,S2P,1,847,
1.08222,,Spot,1,Image 1,S2P,1,848,
0.562335,,Spot,1,Image 1,S2P,1,849,
1.55564,,Spot,1,Image 1,S2P,1,850,
1.37163,,Spot,1,Image 1,S2P,1,851,
1.0609,,Spot,1,Image 1,S2P,1,852,
1.94388,,Spot,1,Image 1,S2P,1,853,
0.932466,,Spot,1,Image 1,S2P,1,854,
1.81243,,Spot,1,Image 1,S2P,1,855,
1.07867,,Spot,1,Image 1,S2P,1,856,
2.17977,,Spot,1,Image 1,S2P,1,857,
2.18967,,Spot,1,Image 1,S2P,1,858,
2.6322,,Spot,1,Image 1,S2P,1,859,
0.888899,,Spot,1,Image 1,S2P,1,860,
1.19512,,Spot,1,Image 1,S2P,1,861,
1.74624,,Spot,1,Image 1,S2P,1,862,
0.925557,,Spot,1,Image 1,S2P,1,863,
1.38738,,Spot,1,Image 1,S2P,1,864,
1.88092,,Spot,1,Image 1,S2P,1,865,
1.88925,,Spot,1,Image 1,S2P,1,866,
1.33164,,Spot,1,Image 1,S2P,1,867,
1.44417,,Spot,1,Image 1,S2P,1,868,
2.05053,,Spot,1,Image 1,S2P,1,869,
1.34478,,Spot,1,Image 1,S2P,1,870,
3.21346,,Spot,1,Image 1,S2P,1,871,
1.59221,,Spot,1,Image 1,S2P,1,872,
1.58127,,Spot,1,Image 1,S2P,1,873,
1.355,,Spot,1,Image 1,S2P,1,874,
2.03683,,Spot,1,Image 1,S2P,1,875,
1.77507,,Spot,1,Image 1,S2P,1,876,
1.994,,Spot,1,Image 1,S2P,1,877,
1.57868,,Spot,1,Image 1,S2P,1,878,
1.12219,,Spot,1,Image 1,S2P,1,879,
2.00172,,Spot,1,Image 1,S2P,1,880,
1.0554,,Spot,1,Image 1,S2P,1,881,
1.23309,,Spot,1,Image 1,S2P,1,882,
1.50314,,Spot,1,Image 1,S2P,1,883,
1.03419,,Spot,1,Image 1,S2P,1,884,
1.53669,,Spot,1,Image 1,S2P,1,885,
1.21818,,Spot,1,Image 1,S2P,1,886,
0.767844,,Spot,1,Image 1,S2P,1,887,
1.20129,,Spot,1,Image 1,S2P,1,888,
1.14785,,Spot,1,Image 1,S2P,1,889,
0.637712,,Spot,1,Image 1,S2P,1,890,
1.19084,,Spot,1,Image 1,S2P,1,891,
0.867095,,Spot,1,Image 1,S2P,1,892,
1.14643,,Spot,1,Image 1,S2P,1,893,
1.58183,,Spot,1,Image 1,S2P,1,894,
1.41157,,Spot,1,Image 1,S2P,1,895,
0.813009,,Spot,1,Image 1,S2P,1,896,
1.30545,,Spot,1,Image 1,S2P,1,897,
2.12795,,Spot,1,Image 1,S2P,1,898,
1.4505,,Spot,1,Image 1,S2P,1,899,
1.89745,,Spot,1,Image 1,S2P,1,900,
1.58991,,Spot,1,Image 1,S2P,1,901,
2.46736,,Spot,1,Image 1,S2P,1,902,
0.90892,,Spot,1,Image 1,S2P,1,903,
1.57435,,Spot,1,Image 1,S2P,1,904,
1.046,,Spot,1,Image 1,S2P,1,905,
1.52723,,Spot,1,Image 1,S2P,1,906,
1.00917,,Spot,1,Image 1,S2P,1,907,
1.18528,,Spot,1,Image 1,S2P,1,908,
1.49701,,Spot,1,Image 1,S2P,1,909,
1.47412,,Spot,1,Image 1,S2P,1,910,
1.31512,,Spot,1,Image 1,S2P,1,911,
1.52816,,Spot,1,Image 1,S2P,1,912,
1.01144,,Spot,1,Image 1,S2P,1,913,
1.93328,,Spot,1,Image 1,S2P,1,914,
0.923331,,Spot,1,Image 1,S2P,1,915,
1.20896,,Spot,1,Image 1,S2P,1,916,
1.78151,,Spot,1,Image 1,S2P,1,917,
1.54236,,Spot,1,Image 1,S2P,1,918,
1.5936,,Spot,1,Image 1,S2P,1,919,
1.14863,,Spot,1,Image 1,S2P,1,920,
1.67903,,Spot,1,Image 1,S2P,1,921,
1.72891,,Spot,1,Image 1,S2P,1,922,
2.19088,,Spot,1,Image 1,S2P,1,923,
1.55556,,Spot,1,Image 1,S2P,1,924,
1.18125,,Spot,1,Image 1,S2P,1,925,
1.80301,,Spot,1,Image 1,S2P,1,926,
1.64809,,Spot,1,Image 1,S2P,1,927,
1.37517,,Spot,1,Image 1,S2P,1,928,
0.984162,,Spot,1,Image 1,S2P,1,929,
1.24148,,Spot,1,Image 1,S2P,1,930,
1.76122,,Spot,1,Image 1,S2P,1,931,
1.33298,,Spot,1,Image 1,S2P,1,932,
1.19434,,Spot,1,Image 1,S2P,1,933,
1.93432,,Spot,1,Image 1,S2P,1,934,
1.68221,,Spot,1,Image 1,S2P,1,935,
1.47533,,Spot,1,Image 1,S2P,1,936,
1.385,,Spot,1,Image 1,S2P,1,937,
0.573655,,Spot,1,Image 1,S2P,1,938,
1.87656,,Spot,1,Image 1,S2P,1,939,
2.0157,,Spot,1,Image 1,S2P,1,940,
1.7013,,Spot,1,Image 1,S2P,1,941,
0.950575,,Spot,1,Image 1,S2P,1,942,
1.04448,,Spot,1,Image 1,S2P,1,943,
1.69953,,Spot,1,Image 1,S2P,1,944,
1.18977,,Spot,1,Image 1,S2P,1,945,
1.16229,,Spot,1,Image 1,S2P,1,946,
2.7938,,Spot,1,Image 1,S2P,1,947,
1.61591,,Spot,1,Image 1,S2P,1,948,
1.96703,,Spot,1,Image 1,S2P,1,949,
1.6832,,Spot,1,Image 1,S2P,1,950,
1.85609,,Spot,1,Image 1,S2P,1,951,
1.27771,,Spot,1,Image 1,S2P,1,952,
1.85282,,Spot,1,Image 1,S2P,1,953,
1.28927,,Spot,1,Image 1,S2P,1,954,
1.37728,,Spot,1,Image 1,S2P,1,955,
1.53301,,Spot,1,Image 1,S2P,1,956,
1.44709,,Spot,1,Image 1,S2P,1,957,
1.15068,,Spot,1,Image 1,S2P,1,958,
1.38137,,Spot,1,Image 1,S2P,1,959,
0.980561,,Spot,1,Image 1,S2P,1,960,
1.55149,,Spot,1,Image 1,S2P,1,961,
1.36213,,Spot,1,Image 1,S2P,1,962,
1.1582,,Spot,1,Image 1,S2P,1,963,
2.37771,,Spot,1,Image 1,S2P,1,964,
2.92065,,Spot,1,Image 1,S2P,1,965,
2.09015,,Spot,1,Image 1,S2P,1,966,
1.74377,,Spot,1,Image 1,S2P,1,967,
1.5053,,Spot,1,Image 1,S2P,1,968,
2.54904,,Spot,1,Image 1,S2P,1,969,
1.3495,,Spot,1,Image 1,S2P,1,970,
1.27599,,Spot,1,Image 1,S2P,1,971,
1.65955,,Spot,1,Image 1,S2P,1,972,
1.55283,,Spot,1,Image 1,S2P,1,973,
2.1603,,Spot,1,Image 1,S2P,1,974,
1.44278,,Spot,1,Image 1,S2P,1,975,
1.52374,,Spot,1,Image 1,S2P,1,976,
1.41024,,Spot,1,Image 1,S2P,1,977,
1.55707,,Spot,1,Image 1,S2P,1,978,
1.32577,,Spot,1,Image 1,S2P,1,979,
1.46047,,Spot,1,Image 1,S2P,1,980,
1.60114,,Spot,1,Image 1,S2P,1,981,
1.34018,,Spot,1,Image 1,S2P,1,982,
1.58954,,Spot,1,Image 1,S2P,1,983,
1.31382,,Spot,1,Image 1,S2P,1,984,
2.6343,,Spot,1,Image 1,S2P,1,985,
2.04337,,Spot,1,Image 1,S2P,1,986,
1.22703,,Spot,1,Image 1,S2P,1,987,
1.86493,,Spot,1,Image 1,S2P,1,988,
1.61448,,Spot,1,Image 1,S2P,1,989,
1.12559,,Spot,1,Image 1,S2P,1,990,
1.11945,,Spot,1,Image 1,S2P,1,991,
1.74955,,Spot,1,Image 1,S2P,1,992,
1.41363,,Spot,1,Image 1,S2P,1,993,
1.221,,Spot,1,Image 1,S2P,1,994,
1.3731,,Spot,1,Image 1,S2P,1,995,
1.6113,,Spot,1,Image 1,S2P,1,996,
1.79863,,Spot,1,Image 1,S2P,1,997,
1.52687,,Spot,1,Image 1,S2P,1,998,
1.32423,,Spot,1,Image 1,S2P,1,999,
1.86631,,Spot,1,Image 1,S2P,1,1000,
1.68086,,Spot,1,Image 1,S2P,1,1001,
1.65419,,Spot,1,Image 1,S2P,1,1002,
2.01645,,Spot,1,Image 1,S2P,1,1003,
1.73244,,Spot,1,Image 1,S2P,1,1004,
1.50567,,Spot,1,Image 1,S2P,1,1005,
0.800941,,Spot,1,Image 1,S2P,1,1006,
0.919073,,Spot,1,Image 1,S2P,1,1007,
1.52142,,Spot,1,Image 1,S2P,1,1008,
0.866727,,Spot,1,Image 1,S2P,1,1009,
1.31368,,Spot,1,Image 1,S2P,1,1010,
1.6317,,Spot,1,Image 1,S2P,1,1011,
1.19299,,Spot,1,Image 1,S2P,1,1012,
1.17147,,Spot,1,Image 1,S2P,1,1013,
1.63397,,Spot,1,Image 1,S2P,1,1014,
1.856,,Spot,1,Image 1,S2P,1,1015,
1.2072,,Spot,1,Image 1,S2P,1,1016,
0.951131,,Spot,1,Image 1,S2P,1,1017,
2.52691,,Spot,1,Image 1,S2P,1,1018,
1.4409,,Spot,1,Image 1,S2P,1,1019,
1.56401,,Spot,1,Image 1,S2P,1,1020,
1.46203,,Spot,1,Image 1,S2P,1,1021,
2.41698,,Spot,1,Image 1,S2P,1,1022,
1.41269,,Spot,1,Image 1,S2P,1,1023,
0.984068,,Spot,1,Image 1,S2P,1,1024,
1.75575,,Spot,1,Image 1,S2P,1,1025,
1.80514,,Spot,1,Image 1,S2P,1,1026,
1.64654,,Spot,1,Image 1,S2P,1,1027,
2.16751,,Spot,1,Image 1,S2P,1,1028,
1.25633,,Spot,1,Image 1,S2P,1,1029,
1.57431,,Spot,1,Image 1,S2P,1,1030,
0.981041,,Spot,1,Image 1,S2P,1,1031,
1.47623,,Spot,1,Image 1,S2P,1,1032,
1.68273,,Spot,1,Image 1,S2P,1,1033,
2.66871,,Spot,1,Image 1,S2P,1,1034,
1.1397,,Spot,1,Image 1,S2P,1,1035,
2.46254,,Spot,1,Image 1,S2P,1,1036,
1.55628,,Spot,1,Image 1,S2P,1,1037,
1.66588,,Spot,1,Image 1,S2P,1,1038,
1.5394,,Spot,1,Image 1,S2P,1,1039,
1.65299,,Spot,1,Image 1,S2P,1,1040,
1.06663,,Spot,1,Image 1,S2P,1,1041,
1.68909,,Spot,1,Image 1,S2P,1,1042,
1.58909,,Spot,1,Image 1,S2P,1,1043,
1.28848,,Spot,1,Image 1,S2P,1,1044,
1.39867,,Spot,1,Image 1,S2P,1,1045,
1.25283,,Spot,1,Image 1,S2P,1,1046,
0.906855,,Spot,1,Image 1,S2P,1,1047,
0.738648,,Spot,1,Image 1,S2P,1,1048,
1.00772,,Spot,1,Image 1,S2P,1,1049,
0.863252,,Spot,1,Image 1,S2P,1,1050,
1.34766,,Spot,1,Image 1,S2P,1,1051,
1.9172,,Spot,1,Image 1,S2P,1,1052,
1.33119,,Spot,1,Image 1,S2P,1,1053,
1.69181,,Spot,1,Image 1,S2P,1,1054,
1.92869,,Spot,1,Image 1,S2P,1,1055,
1.92691,,Spot,1,Image 1,S2P,1,1056,
1.50065,,Spot,1,Image 1,S2P,1,1057,
1.31587,,Spot,1,Image 1,S2P,1,1058,
1.0909,,Spot,1,Image 1,S2P,1,1059,
1.57106,,Spot,1,Image 1,S2P,1,1060,
0.927474,,Spot,1,Image 1,S2P,1,1061,
1.43581,,Spot,1,Image 1,S2P,1,1062,
1.28575,,Spot,1,Image 1,S2P,1,1063,
0.807082,,Spot,1,Image 1,S2P,1,1064,
1.58746,,Spot,1,Image 1,S2P,1,1065,
0.766158,,Spot,1,Image 1,S2P,1,1066,
1.02377,,Spot,1,Image 1,S2P,1,1067,
1.00937,,Spot,1,Image 1,S2P,1,1068,
0.990031,,Spot,1,Image 1,S2P,1,1069,
1.5458,,Spot,1,Image 1,S2P,1,1070,
1.59467,,Spot,1,Image 1,S2P,1,1071,
2.26499,,Spot,1,Image 1,S2P,1,1072,
1.65818,,Spot,1,Image 1,S2P,1,1073,
1.49243,,Spot,1,Image 1,S2P,1,1074,
1.30287,,Spot,1,Image 1,S2P,1,1075,
0.828064,,Spot,1,Image 1,S2P,1,1076,
1.26597,,Spot,1,Image 1,S2P,1,1077,
0.730884,,Spot,1,Image 1,S2P,1,1078,
0.873086,,Spot,1,Image 1,S2P,1,1079,
1.1035,,Spot,1,Image 1,S2P,1,1080,
0.990227,,Spot,1,Image 1,S2P,1,1081,
1.33543,,Spot,1,Image 1,S2P,1,1082,
1.88671,,Spot,1,Image 1,S2P,1,1083,
1.44046,,Spot,1,Image 1,S2P,1,1084,
1.58819,,Spot,1,Image 1,S2P,1,1085,
1.43509,,Spot,1,Image 1,S2P,1,1086,
1.76371,,Spot,1,Image 1,S2P,1,1087,
2.38445,,Spot,1,Image 1,S2P,1,1088,
0.792232,,Spot,1,Image 1,S2P,1,1089,
1.29457,,Spot,1,Image 1,S2P,1,1090,
0.808057,,Spot,1,Image 1,S2P,1,1091,
1.42695,,Spot,1,Image 1,S2P,1,1092,
1.1482,,Spot,1,Image 1,S2P,1,1093,
1.33156,,Spot,1,Image 1,S2P,1,1094,
1.58031,,Spot,1,Image 1,S2P,1,1095,
1.38791,,Spot,1,Image 1,S2P,1,1096,
0.9778,,Spot,1,Image 1,S2P,1,1097,
1.33811,,Spot,1,Image 1,S2P,1,1098,
0.895465,,Spot,1,Image 1,S2P,1,1099,
1.098,,Spot,1,Image 1,S2P,1,1100,
1.90709,,Spot,1,Image 1,S2P,1,1101,
1.76092,,Spot,1,Image 1,S2P,1,1102,
1.544,,Spot,1,Image 1,S2P,1,1103,
1.50508,,Spot,1,Image 1,S2P,1,1104,
1.3663,,Spot,1,Image 1,S2P,1,1105,
1.91916,,Spot,1,Image 1,S2P,1,1106,
2.10925,,Spot,1,Image 1,S2P,1,1107,
1.6707,,Spot,1,Image 1,S2P,1,1108,
1.70717,,Spot,1,Image 1,S2P,1,1109,
1.72582,,Spot,1,Image 1,S2P,1,1110,
1.36536,,Spot,1,Image 1,S2P,1,1111,
1.45853,,Spot,1,Image 1,S2P,1,1112,
1.88762,,Spot,1,Image 1,S2P,1,1113,
2.24283,,Spot,1,Image 1,S2P,1,1114,
2.20319,,Spot,1,Image 1,S2P,1,1115,
1.85118,,Spot,1,Image 1,S2P,1,1116,
1.69409,,Spot,1,Image 1,S2P,1,1117,
1.64952,,Spot,1,Image 1,S2P,1,1118,
2.20062,,Spot,1,Image 1,S2P,1,1119,
2.1119,,Spot,1,Image 1,S2P,1,1120,
2.01483,,Spot,1,Image 1,S2P,1,1121,
1.31425,,Spot,1,Image 1,S2P,1,1122,
1.62513,,Spot,1,Image 1,S2P,1,1123,
1.37388,,Spot,1,Image 1,S2P,1,1124,
1.35912,,Spot,1,Image 1,S2P,1,1125,
1.57652,,Spot,1,Image 1,S2P,1,1126,
2.57174,,Spot,1,Image 1,S2P,1,1127,
1.86785,,Spot,1,Image 1,S2P,1,1128,
1.38841,,Spot,1,Image 1,S2P,1,1129,
1.43838,,Spot,1,Image 1,S2P,1,1130,
1.51075,,Spot,1,Image 1,S2P,1,1131,
1.74981,,Spot,1,Image 1,S2P,1,1132,
1.59936,,Spot,1,Image 1,S2P,1,1133,
1.45924,,Spot,1,Image 1,S2P,1,1134,
2.077,,Spot,1,Image 1,S2P,1,1135,
2.38777,,Spot,1,Image 1,S2P,1,1136,
1.17466,,Spot,1,Image 1,S2P,1,1137,
1.03171,,Spot,1,Image 1,S2P,1,1138,
0.988171,,Spot,1,Image 1,S2P,1,1139,
1.01588,,Spot,1,Image 1,S2P,1,1140,
0.757067,,Spot,1,Image 1,S2P,1,1141,
1.02197,,Spot,1,Image 1,S2P,1,1142,
1.73767,,Spot,1,Image 1,S2P,1,1143,
1.53307,,Spot,1,Image 1,S2P,1,1144,
1.43957,,Spot,1,Image 1,S2P,1,1145,
1.47632,,Spot,1,Image 1,S2P,1,1146,
1.31185,,Spot,1,Image 1,S2P,1,1147,
0.980533,,Spot,1,Image 1,S2P,1,1148,
1.96834,,Spot,1,Image 1,S2P,1,1149,
1.48787,,Spot,1,Image 1,S2P,1,1150,
1.25362,,Spot,1,Image 1,S2P,1,1151,
1.32805,,Spot,1,Image 1,S2P,1,1152,
1.0187,,Spot,1,Image 1,S2P,1,1153,
1.76801,,Spot,1,Image 1,S2P,1,1154,
1.8878,,Spot,1,Image 1,S2P,1,1155,
1.2881,,Spot,1,Image 1,S2P,1,1156,
1.00437,,Spot,1,Image 1,S2P,1,1157,
0.940551,,Spot,1,Image 1,S2P,1,1158,
1.19291,,Spot,1,Image 1,S2P,1,1159,
1.44695,,Spot,1,Image 1,S2P,1,1160,
1.63943,,Spot,1,Image 1,S2P,1,1161,
1.59355,,Spot,1,Image 1,S2P,1,1162,
1.49254,,Spot,1,Image 1,S2P,1,1163,
1.67831,,Spot,1,Image 1,S2P,1,1164,
1.11965,,Spot,1,Image 1,S2P,1,1165,
1.3012,,Spot,1,Image 1,S2P,1,1166,
1.71975,,Spot,1,Image 1,S2P,1,1167,
1.56715,,Spot,1,Image 1,S2P,1,1168,
1.71936,,Spot,1,Image 1,S2P,1,1169,
2.15877,,Spot,1,Image 1,S2P,1,1170,
1.5401,,Spot,1,Image 1,S2P,1,1171,
1.45496,,Spot,1,Image 1,S2P,1,1172,
1.47171,,Spot,1,Image 1,S2P,1,1173,
1.66396,,Spot,1,Image 1,S2P,1,1174,
1.4654,,Spot,1,Image 1,S2P,1,1175,
1.30436,,Spot,1,Image 1,S2P,1,1176,
2.171,,Spot,1,Image 1,S2P,1,1177,
1.19034,,Spot,1,Image 1,S2P,1,1178,
1.31347,,Spot,1,Image 1,S2P,1,1179,
1.75025,,Spot,1,Image 1,S2P,1,1180,
1.43144,,Spot,1,Image 1,S2P,1,1181,
1.52568,,Spot,1,Image 1,S2P,1,1182,
0.917019,,Spot,1,Image 1,S2P,1,1183,
2.35829,,Spot,1,Image 1,S2P,1,1184,
2.89927,,Spot,1,Image 1,S2P,1,1185,
1.49539,,Spot,1,Image 1,S2P,1,1186,
1.63316,,Spot,1,Image 1,S2P,1,1187,
1.75039,,Spot,1,Image 1,S2P,1,1188,
1.5721,,Spot,1,Image 1,S2P,1,1189,
1.03386,,Spot,1,Image 1,S2P,1,1190,
0.8842,,Spot,1,Image 1,S2P,1,1191,
2.13385,,Spot,1,Image 1,S2P,1,1192,
1.59036,,Spot,1,Image 1,S2P,1,1193,
1.49089,,Spot,1,Image 1,S2P,1,1194,
1.314,,Spot,1,Image 1,S2P,1,1195,
0.921046,,Spot,1,Image 1,S2P,1,1196,
1.53039,,Spot,1,Image 1,S2P,1,1197,
1.56771,,Spot,1,Image 1,S2P,1,1198,
2.09067,,Spot,1,Image 1,S2P,1,1199,
1.18987,,Spot,1,Image 1,S2P,1,1200,
1.33993,,Spot,1,Image 1,S2P,1,1201,
1.73791,,Spot,1,Image 1,S2P,1,1202,
1.7801,,Spot,1,Image 1,S2P,1,1203,
1.80661,,Spot,1,Image 1,S2P,1,1204,
1.85346,,Spot,1,Image 1,S2P,1,1205,
1.23404,,Spot,1,Image 1,S2P,1,1206,
2.15581,,Spot,1,Image 1,S2P,1,1207,
1.5623,,Spot,1,Image 1,S2P,1,1208,
1.91156,,Spot,1,Image 1,S2P,1,1209,
2.38016,,Spot,1,Image 1,S2P,1,1210,
1.76596,,Spot,1,Image 1,S2P,1,1211,
1.61127,,Spot,1,Image 1,S2P,1,1212,
2.88672,,Spot,1,Image 1,S2P,1,1213,
1.53582,,Spot,1,Image 1,S2P,1,1214,
1.61551,,Spot,1,Image 1,S2P,1,1215,
1.61443,,Spot,1,Image 1,S2P,1,1216,
2.29548,,Spot,1,Image 1,S2P,1,1217,
1.66416,,Spot,1,Image 1,S2P,1,1218,
2.13719,,Spot,1,Image 1,S2P,1,1219,
1.57269,,Spot,1,Image 1,S2P,1,1220,
0.836399,,Spot,1,Image 1,S2P,1,1221,
1.58901,,Spot,1,Image 1,S2P,1,1222,
1.40126,,Spot,1,Image 1,S2P,1,1223,
0.851859,,Spot,1,Image 1,S2P,1,1224,
1.8712,,Spot,1,Image 1,S2P,1,1225,
1.61784,,Spot,1,Image 1,S2P,1,1226,
1.55712,,Spot,1,Image 1,S2P,1,1227,
1.34694,,Spot,1,Image 1,S2P,1,1228,
1.91393,,Spot,1,Image 1,S2P,1,1229,
1.99414,,Spot,1,Image 1,S2P,1,1230,
1.71972,,Spot,1,Image 1,S2P,1,1231,
1.15051,,Spot,1,Image 1,S2P,1,1232,
1.47094,,Spot,1,Image 1,S2P,1,1233,
1.45582,,Spot,1,Image 1,S2P,1,1234,
0.887082,,Spot,1,Image 1,S2P,1,1235,
1.4081,,Spot,1,Image 1,S2P,1,1236,
1.99079,,Spot,1,Image 1,S2P,1,1237,
1.86522,,Spot,1,Image 1,S2P,1,1238,
1.61671,,Spot,1,Image 1,S2P,1,1239,
1.38763,,Spot,1,Image 1,S2P,1,1240,
2.30118,,Spot,1,Image 1,S2P,1,1241,
1.80433,,Spot,1,Image 1,S2P,1,1242,
1.83837,,Spot,1,Image 1,S2P,1,1243,
2.33365,,Spot,1,Image 1,S2P,1,1244,
2.2348,,Spot,1,Image 1,S2P,1,1245,
1.84442,,Spot,1,Image 1,S2P,1,1246,
0.982895,,Spot,1,Image 1,S2P,1,1247,
1.48995,,Spot,1,Image 1,S2P,1,1248,
1.28815,,Spot,1,Image 1,S2P,1,1249,
1.26833,,Spot,1,Image 1,S2P,1,1250,
1.56988,,Spot,1,Image 1,S2P,1,1251,
2.02611,,Spot,1,Image 1,S2P,1,1252,
1.79194,,Spot,1,Image 1,S2P,1,1253,
1.50363,,Spot,1,Image 1,S2P,1,1254,
1.81705,,Spot,1,Image 1,S2P,1,1255,
1.83229,,Spot,1,Image 1,S2P,1,1256,
1.67788,,Spot,1,Image 1,S2P,1,1257,
1.43622,,Spot,1,Image 1,S2P,1,1258,
1.82212,,Spot,1,Image 1,S2P,1,1259,
2.51496,,Spot,1,Image 1,S2P,1,1260,
1.72732,,Spot,1,Image 1,S2P,1,1261,
1.4138,,Spot,1,Image 1,S2P,1,1262,
1.56457,,Spot,1,Image 1,S2P,1,1263,
1.48093,,Spot,1,Image 1,S2P,1,1264,
1.44558,,Spot,1,Image 1,S2P,1,1265,
1.43102,,Spot,1,Image 1,S2P,1,1266,
1.72499,,Spot,1,Image 1,S2P,1,1267,
1.69113,,Spot,1,Image 1,S2P,1,1268,
2.18017,,Spot,1,Image 1,S2P,1,1269,
1.58475,,Spot,1,Image 1,S2P,1,1270,
1.64218,,Spot,1,Image 1,S2P,1,1271,
1.99932,,Spot,1,Image 1,S2P,1,1272,
1.75475,,Spot,1,Image 1,S2P,1,1273,
1.70431,,Spot,1,Image 1,S2P,1,1274,
1.38633,,Spot,1,Image 1,S2P,1,1275,
1.50085,,Spot,1,Image 1,S2P,1,1276,
1.43281,,Spot,1,Image 1,S2P,1,1277,
1.55918,,Spot,1,Image 1,S2P,1,1278,
1.59999,,Spot,1,Image 1,S2P,1,1279,
2.42583,,Spot,1,Image 1,S2P,1,1280,
2.02238,,Spot,1,Image 1,S2P,1,1281,
1.87154,,Spot,1,Image 1,S2P,1,1282,
1.81775,,Spot,1,Image 1,S2P,1,1283,
1.61456,,Spot,1,Image 1,S2P,1,1284,
0.823273,,Spot,1,Image 1,S2P,1,1285,
0.921448,,Spot,1,Image 1,S2P,1,1286,
0.742827,,Spot,1,Image 1,S2P,1,1287,
1.05131,,Spot,1,Image 1,S2P,1,1288,
0.977992,,Spot,1,Image 1,S2P,1,1289,
1.22645,,Spot,1,Image 1,S2P,1,1290,
1.8742,,Spot,1,Image 1,S2P,1,1291,
1.7179,,Spot,1,Image 1,S2P,1,1292,
0.998819,,Spot,1,Image 1,S2P,1,1293,
1.00682,,Spot,1,Image 1,S2P,1,1294,
1.01054,,Spot,1,Image 1,S2P,1,1295,
0.872916,,Spot,1,Image 1,S2P,1,1296,
1.27719,,Spot,1,Image 1,S2P,1,1297,
1.91296,,Spot,1,Image 1,S2P,1,1298,
0.855791,,Spot,1,Image 1,S2P,1,1299,
0.859716,,Spot,1,Image 1,S2P,1,1300,
4.26034,,Spot,1,Image 1,S2P,1,1301,
2.21097,,Spot,1,Image 1,S2P,1,1302,
0.914352,,Spot,1,Image 1,S2P,1,1303,
1.30621,,Spot,1,Image 1,S2P,1,1304,
1.82764,,Spot,1,Image 1,S2P,1,1305,
1.48433,,Spot,1,Image 1,S2P,1,1306,
0.818938,,Spot,1,Image 1,S2P,1,1307,
0.79535,,Spot,1,Image 1,S2P,1,1308,
1.44995,,Spot,1,Image 1,S2P,1,1309,
1.52065,,Spot,1,Image 1,S2P,1,1310,
1.91902,,Spot,1,Image 1,S2P,1,1311,
0.939938,,Spot,1,Image 1,S2P,1,1312,
0.980395,,Spot,1,Image 1,S2P,1,1313,
1.14738,,Spot,1,Image 1,S2P,1,1314,
1.05466,,Spot,1,Image 1,S2P,1,1315,
1.81059,,Spot,1,Image 1,S2P,1,1316,
1.2781,,Spot,1,Image 1,S2P,1,1317,
1.04835,,Spot,1,Image 1,S2P,1,1318,
0.982768,,Spot,1,Image 1,S2P,1,1319,
0.896398,,Spot,1,Image 1,S2P,1,1320,
1.9342,,Spot,1,Image 1,S2P,1,1321,
1.33076,,Spot,1,Image 1,S2P,1,1322,
1.52819,,Spot,1,Image 1,S2P,1,1323,
0.93844,,Spot,1,Image 1,S2P,1,1324,
1.61199,,Spot,1,Image 1,S2P,1,1325,
0.827116,,Spot,1,Image 1,S2P,1,1326,
1.04275,,Spot,1,Image 1,S2P,1,1327,
0.866353,,Spot,1,Image 1,S2P,1,1328,
0.856973,,Spot,1,Image 1,S2P,1,1329,
0.966829,,Spot,1,Image 1,S2P,1,1330,
1.63824,,Spot,1,Image 1,S2P,1,1331,
1.63282,,Spot,1,Image 1,S2P,1,1332,
1.77778,,Spot,1,Image 1,S2P,1,1333,
1.0526,,Spot,1,Image 1,S2P,1,1334,
1.1946,,Spot,1,Image 1,S2P,1,1335,
1.4549,,Spot,1,Image 1,S2P,1,1336,
1.97363,,Spot,1,Image 1,S2P,1,1337,
1.2535,,Spot,1,Image 1,S2P,1,1338,
1.42797,,Spot,1,Image 1,S2P,1,1339,
1.79116,,Spot,1,Image 1,S2P,1,1340,
1.27083,,Spot,1,Image 1,S2P,1,1341,
1.23337,,Spot,1,Image 1,S2P,1,1342,
1.36857,,Spot,1,Image 1,S2P,1,1343,
1.60158,,Spot,1,Image 1,S2P,1,1344,
2.25318,,Spot,1,Image 1,S2P,1,1345,
1.91089,,Spot,1,Image 1,S2P,1,1346,
1.56985,,Spot,1,Image 1,S2P,1,1347,
1.18644,,Spot,1,Image 1,S2P,1,1348,
1.33109,,Spot,1,Image 1,S2P,1,1349,
1.86576,,Spot,1,Image 1,S2P,1,1350,
1.37509,,Spot,1,Image 1,S2P,1,1351,
1.24926,,Spot,1,Image 1,S2P,1,1352,
1.4634,,Spot,1,Image 1,S2P,1,1353,
1.64746,,Spot,1,Image 1,S2P,1,1354,
1.36961,,Spot,1,Image 1,S2P,1,1355,
1.23342,,Spot,1,Image 1,S2P,1,1356,
1.10454,,Spot,1,Image 1,S2P,1,1357,
0.618047,,Spot,1,Image 1,S2P,1,1358,
0.98472,,Spot,1,Image 1,S2P,1,1359,
1.07882,,Spot,1,Image 1,S2P,1,1360,
1.16158,,Spot,1,Image 1,S2P,1,1361,
1.23544,,Spot,1,Image 1,S2P,1,1362,
1.57295,,Spot,1,Image 1,S2P,1,1363,
1.74485,,Spot,1,Image 1,S2P,1,1364,
1.08787,,Spot,1,Image 1,S2P,1,1365,
1.0825,,Spot,1,Image 1,S2P,1,1366,
1.17268,,Spot,1,Image 1,S2P,1,1367,
0.926802,,Spot,1,Image 1,S2P,1,1368,
1.2588,,Spot,1,Image 1,S2P,1,1369,
1.91579,,Spot,1,Image 1,S2P,1,1370,
0.932207,,Spot,1,Image 1,S2P,1,1371,
0.841602,,Spot,1,Image 1,S2P,1,1372,
1.47125,,Spot,1,Image 1,S2P,1,1373,
1.67026,,Spot,1,Image 1,S2P,1,1374,
1.32829,,Spot,1,Image 1,S2P,1,1375,
1.2981,,Spot,1,Image 1,S2P,1,1376,
1.60945,,Spot,1,Image 1,S2P,1,1377,
1.44222,,Spot,1,Image 1,S2P,1,1378,
1.42603,,Spot,1,Image 1,S2P,1,1379,
1.68868,,Spot,1,Image 1,S2P,1,1380,
1.52686,,Spot,1,Image 1,S2P,1,1381,
1.05345,,Spot,1,Image 1,S2P,1,1382,
0.815689,,Spot,1,Image 1,S2P,1,1383,
1.68997,,Spot,1,Image 1,S2P,1,1384,
0.909824,,Spot,1,Image 1,S2P,1,1385,
1.45581,,Spot,1,Image 1,S2P,1,1386,
1.39495,,Spot,1,Image 1,S2P,1,1387,
1.91867,,Spot,1,Image 1,S2P,1,1388,
1.39693,,Spot,1,Image 1,S2P,1,1389,
0.979035,,Spot,1,Image 1,S2P,1,1390,
1.11373,,Spot,1,Image 1,S2P,1,1391,
1.07888,,Spot,1,Image 1,S2P,1,1392,
0.988357,,Spot,1,Image 1,S2P,1,1393,
2.33395,,Spot,1,Image 1,S2P,1,1394,
1.31481,,Spot,1,Image 1,S2P,1,1395,
1.27352,,Spot,1,Image 1,S2P,1,1396,
1.05485,,Spot,1,Image 1,S2P,1,1397,
1.42766,,Spot,1,Image 1,S2P,1,1398,
1.11062,,Spot,1,Image 1,S2P,1,1399,
1.56133,,Spot,1,Image 1,S2P,1,1400,
1.02695,,Spot,1,Image 1,S2P,1,1401,
0.972074,,Spot,1,Image 1,S2P,1,1402,
0.674108,,Spot,1,Image 1,S2P,1,1403,
1.29481,,Spot,1,Image 1,S2P,1,1404,
0.856064,,Spot,1,Image 1,S2P,1,1405,
1.40699,,Spot,1,Image 1,S2P,1,1406,
1.55385,,Spot,1,Image 1,S2P,1,1407,
1.28273,,Spot,1,Image 1,S2P,1,1408,
1.52831,,Spot,1,Image 1,S2P,1,1409,
1.2112,,Spot,1,Image 1,S2P,1,1410,
1.58725,,Spot,1,Image 1,S2P,1,1411,
1.046,,Spot,1,Image 1,S2P,1,1412,
0.96096,,Spot,1,Image 1,S2P,1,1413,
0.67561,,Spot,1,Image 1,S2P,1,1414,
1.15013,,Spot,1,Image 1,S2P,1,1415,
1.08302,,Spot,1,Image 1,S2P,1,1416,
1.31332,,Spot,1,Image 1,S2P,1,1417,
0.912835,,Spot,1,Image 1,S2P,1,1418,
0.844969,,Spot,1,Image 1,S2P,1,1419,
1.52017,,Spot,1,Image 1,S2P,1,1420,
0.95346,,Spot,1,Image 1,S2P,1,1421,
1.23336,,Spot,1,Image 1,S2P,1,1422,
1.39142,,Spot,1,Image 1,S2P,1,1423,
1.29877,,Spot,1,Image 1,S2P,1,1424,
0.675504,,Spot,1,Image 1,S2P,1,1425,
1.299,,Spot,1,Image 1,S2P,1,1426,
1.13721,,Spot,1,Image 1,S2P,1,1427,
0.963353,,Spot,1,Image 1,S2P,1,1428,
1.17404,,Spot,1,Image 1,S2P,1,1429,
1.21458,,Spot,1,Image 1,S2P,1,1430,
0.95171,,Spot,1,Image 1,S2P,1,1431,
0.936272,,Spot,1,Image 1,S2P,1,1432,
1.30832,,Spot,1,Image 1,S2P,1,1433,
1.40571,,Spot,1,Image 1,S2P,1,1434,
1.34109,,Spot,1,Image 1,S2P,1,1435,
1.71508,,Spot,1,Image 1,S2P,1,1436,
1.06713,,Spot,1,Image 1,S2P,1,1437,
2.04689,,Spot,1,Image 1,S2P,1,1438,
0.577951,,Spot,1,Image 1,S2P,1,1439,
1.10927,,Spot,1,Image 1,S2P,1,1440,
1.40983,,Spot,1,Image 1,S2P,1,1441,
0.971882,,Spot,1,Image 1,S2P,1,1442,
0.910438,,Spot,1,Image 1,S2P,1,1443,
0.957087,,Spot,1,Image 1,S2P,1,1444,
1.46086,,Spot,1,Image 1,S2P,1,1445,
0.831228,,Spot,1,Image 1,S2P,1,1446,
1.78363,,Spot,1,Image 1,S2P,1,1447,
0.823225,,Spot,1,Image 1,S2P,1,1448,
1.34536,,Spot,1,Image 1,S2P,1,1449,
1.74065,,Spot,1,Image 1,S2P,1,1450,
1.29232,,Spot,1,Image 1,S2P,1,1451,
1.41976,,Spot,1,Image 1,S2P,1,1452,
1.40887,,Spot,1,Image 1,S2P,1,1453,
1.56526,,Spot,1,Image 1,S2P,1,1454,
1.18243,,Spot,1,Image 1,S2P,1,1455,
1.47583,,Spot,1,Image 1,S2P,1,1456,
1.41782,,Spot,1,Image 1,S2P,1,1457,
1.46711,,Spot,1,Image 1,S2P,1,1458,
0.914563,,Spot,1,Image 1,S2P,1,1459,
1.0771,,Spot,1,Image 1,S2P,1,1460,
1.03902,,Spot,1,Image 1,S2P,1,1461,
0.962615,,Spot,1,Image 1,S2P,1,1462,
1.31611,,Spot,1,Image 1,S2P,1,1463,
1.43551,,Spot,1,Image 1,S2P,1,1464,
1.14839,,Spot,1,Image 1,S2P,1,1465,
1.34174,,Spot,1,Image 1,S2P,1,1466,
0.925188,,Spot,1,Image 1,S2P,1,1467,
1.3816,,Spot,1,Image 1,S2P,1,1468,
1.34427,,Spot,1,Image 1,S2P,1,1469,
1.4231,,Spot,1,Image 1,S2P,1,1470,
2.07058,,Spot,1,Image 1,S2P,1,1471,
1.24878,,Spot,1,Image 1,S2P,1,1472,
1.03361,,Spot,1,Image 1,S2P,1,1473,
1.21239,,Spot,1,Image 1,S2P,1,1474,
0.998957,,Spot,1,Image 1,S2P,1,1475,
1.11323,,Spot,1,Image 1,S2P,1,1476,
0.994062,,Spot,1,Image 1,S2P,1,1477,
1.61963,,Spot,1,Image 1,S2P,1,1478,
0.997665,,Spot,1,Image 1,S2P,1,1479,
0.969703,,Spot,1,Image 1,S2P,1,1480,
1.50547,,Spot,1,Image 1,S2P,1,1481,
1.67996,,Spot,1,Image 1,S2P,1,1482,
1.40466,,Spot,1,Image 1,S2P,1,1483,
1.50408,,Spot,1,Image 1,S2P,1,1484,
1.02393,,Spot,1,Image 1,S2P,1,1485,
1.44037,,Spot,1,Image 1,S2P,1,1486,
0.995242,,Spot,1,Image 1,S2P,1,1487,
1.05914,,Spot,1,Image 1,S2P,1,1488,
0.975267,,Spot,1,Image 1,S2P,1,1489,
0.968792,,Spot,1,Image 1,S2P,1,1490,
1.58557,,Spot,1,Image 1,S2P,1,1491,
0.803144,,Spot,1,Image 1,S2P,1,1492,
0.979178,,Spot,1,Image 1,S2P,1,1493,
1.53143,,Spot,1,Image 1,S2P,1,1494,
1.07168,,Spot,1,Image 1,S2P,1,1495,
1.63482,,Spot,1,Image 1,S2P,1,1496,
1.75021,,Spot,1,Image 1,S2P,1,1497,
1.43217,,Spot,1,Image 1,S2P,1,1498,
1.53016,,Spot,1,Image 1,S2P,1,1499,
1.47623,,Spot,1,Image 1,S2P,1,1500,
1.02775,,Spot,1,Image 1,S2P,1,1501,
1.61634,,Spot,1,Image 1,S2P,1,1502,
1.1526,,Spot,1,Image 1,S2P,1,1503,
1.30768,,Spot,1,Image 1,S2P,1,1504,
1.08287,,Spot,1,Image 1,S2P,1,1505,
0.981409,,Spot,1,Image 1,S2P,1,1506,
0.955811,,Spot,1,Image 1,S2P,1,1507,
0.956278,,Spot,1,Image 1,S2P,1,1508,
2.7023,,Spot,1,Image 1,S2P,1,1509,
1.08303,,Spot,1,Image 1,S2P,1,1510,
1.94336,,Spot,1,Image 1,S2P,1,1511,
1.52732,,Spot,1,Image 1,S2P,1,1512,
1.38575,,Spot,1,Image 1,S2P,1,1513,
1.49072,,Spot,1,Image 1,S2P,1,1514,
1.39549,,Spot,1,Image 1,S2P,1,1515,
1.87747,,Spot,1,Image 1,S2P,1,1516,
1.13776,,Spot,1,Image 1,S2P,1,1517,
1.42936,,Spot,1,Image 1,S2P,1,1518,
1.74088,,Spot,1,Image 1,S2P,1,1519,
1.99434,,Spot,1,Image 1,S2P,1,1520,
1.57138,,Spot,1,Image 1,S2P,1,1521,
1.28281,,Spot,1,Image 1,S2P,1,1522,
0.953597,,Spot,1,Image 1,S2P,1,1523,
0.89231,,Spot,1,Image 1,S2P,1,1524,
1.50323,,Spot,1,Image 1,S2P,1,1525,
1.37951,,Spot,1,Image 1,S2P,1,1526,
1.72038,,Spot,1,Image 1,S2P,1,1527,
1.56832,,Spot,1,Image 1,S2P,1,1528,
1.27127,,Spot,1,Image 1,S2P,1,1529,
1.33096,,Spot,1,Image 1,S2P,1,1530,
0.667957,,Spot,1,Image 1,S2P,1,1531,
1.05123,,Spot,1,Image 1,S2P,1,1532,
1.61354,,Spot,1,Image 1,S2P,1,1533,
1.45379,,Spot,1,Image 1,S2P,1,1534,
1.64111,,Spot,1,Image 1,S2P,1,1535,
1.6784,,Spot,1,Image 1,S2P,1,1536,
0.99495,,Spot,1,Image 1,S2P,1,1537,
1.58592,,Spot,1,Image 1,S2P,1,1538,
1.41195,,Spot,1,Image 1,S2P,1,1539,
1.34155,,Spot,1,Image 1,S2P,1,1540,
1.42166,,Spot,1,Image 1,S2P,1,1541,
1.16048,,Spot,1,Image 1,S2P,1,1542,
1.55296,,Spot,1,Image 1,S2P,1,1543,
1.39528,,Spot,1,Image 1,S2P,1,1544,
0.856666,,Spot,1,Image 1,S2P,1,1545,
1.04629,,Spot,1,Image 1,S2P,1,1546,
1.23231,,Spot,1,Image 1,S2P,1,1547,
1.34694,,Spot,1,Image 1,S2P,1,1548,
1.65945,,Spot,1,Image 1,S2P,1,1549,
0.88261,,Spot,1,Image 1,S2P,1,1550,
0.986724,,Spot,1,Image 1,S2P,1,1551,
0.899568,,Spot,1,Image 1,S2P,1,1552,
1.50049,,Spot,1,Image 1,S2P,1,1553,
1.83078,,Spot,1,Image 1,S2P,1,1554,
1.61654,,Spot,1,Image 1,S2P,1,1555,
1.44739,,Spot,1,Image 1,S2P,1,1556,
1.55638,,Spot,1,Image 1,S2P,1,1557,
1.37232,,Spot,1,Image 1,S2P,1,1558,
1.30038,,Spot,1,Image 1,S2P,1,1559,
1.25853,,Spot,1,Image 1,S2P,1,1560,
1.19425,,Spot,1,Image 1,S2P,1,1561,
0.975351,,Spot,1,Image 1,S2P,1,1562,
1.27196,,Spot,1,Image 1,S2P,1,1563,
1.16829,,Spot,1,Image 1,S2P,1,1564,
0.834729,,Spot,1,Image 1,S2P,1,1565,
0.962976,,Spot,1,Image 1,S2P,1,1566,
1.4217,,Spot,1,Image 1,S2P,1,1567,
1.30147,,Spot,1,Image 1,S2P,1,1568,
1.4954,,Spot,1,Image 1,S2P,1,1569,
1.19806,,Spot,1,Image 1,S2P,1,1570,
1.47885,,Spot,1,Image 1,S2P,1,1571,
1.35556,,Spot,1,Image 1,S2P,1,1572,
1.67311,,Spot,1,Image 1,S2P,1,1573,
0.969837,,Spot,1,Image 1,S2P,1,1574,
0.89398,,Spot,1,Image 1,S2P,1,1575,
1.07774,,Spot,1,Image 1,S2P,1,1576,
1.52412,,Spot,1,Image 1,S2P,1,1577,
0.607152,,Spot,1,Image 1,S2P,1,1578,
1.39079,,Spot,1,Image 1,S2P,1,1579,
1.55847,,Spot,1,Image 1,S2P,1,1580,
1.34054,,Spot,1,Image 1,S2P,1,1581,
0.984278,,Spot,1,Image 1,S2P,1,1582,
1.52797,,Spot,1,Image 1,S2P,1,1583,
1.20977,,Spot,1,Image 1,S2P,1,1584,
1.46482,,Spot,1,Image 1,S2P,1,1585,
1.50126,,Spot,1,Image 1,S2P,1,1586,
1.26329,,Spot,1,Image 1,S2P,1,1587,
1.39511,,Spot,1,Image 1,S2P,1,1588,
0.970143,,Spot,1,Image 1,S2P,1,1589,
1.38808,,Spot,1,Image 1,S2P,1,1590,
0.848685,,Spot,1,Image 1,S2P,1,1591,
2.03498,,Spot,1,Image 1,S2P,1,1592,
1.32786,,Spot,1,Image 1,S2P,1,1593,
1.04592,,Spot,1,Image 1,S2P,1,1594,
1.24845,,Spot,1,Image 1,S2P,1,1595,
1.51166,,Spot,1,Image 1,S2P,1,1596,
1.51849,,Spot,1,Image 1,S2P,1,1597,
1.3414,,Spot,1,Image 1,S2P,1,1598,
1.86019,,Spot,1,Image 1,S2P,1,1599,
1.42232,,Spot,1,Image 1,S2P,1,1600,
1.44839,,Spot,1,Image 1,S2P,1,1601,
1.68078,,Spot,1,Image 1,S2P,1,1602,
2.3501,,Spot,1,Image 1,S2P,1,1603,
1.01936,,Spot,1,Image 1,S2P,1,1604,
1.51808,,Spot,1,Image 1,S2P,1,1605,
1.66685,,Spot,1,Image 1,S2P,1,1606,
0.946552,,Spot,1,Image 1,S2P,1,1607,
2.25598,,Spot,1,Image 1,S2P,1,1608,
1.05429,,Spot,1,Image 1,S2P,1,1609,
1.51972,,Spot,1,Image 1,S2P,1,1610,
1.30762,,Spot,1,Image 1,S2P,1,1611,
0.984957,,Spot,1,Image 1,S2P,1,1612,
1.07927,,Spot,1,Image 1,S2P,1,1613,
1.47474,,Spot,1,Image 1,S2P,1,1614,
1.32638,,Spot,1,Image 1,S2P,1,1615,
1.1239,,Spot,1,Image 1,S2P,1,1616,
1.23029,,Spot,1,Image 1,S2P,1,1617,
1.52993,,Spot,1,Image 1,S2P,1,1618,
1.29868,,Spot,1,Image 1,S2P,1,1619,
1.36523,,Spot,1,Image 1,S2P,1,1620,
1.51157,,Spot,1,Image 1,S2P,1,1621,
1.30093,,Spot,1,Image 1,S2P,1,1622,
1.12783,,Spot,1,Image 1,S2P,1,1623,
1.44121,,Spot,1,Image 1,S2P,1,1624,
2.06114,,Spot,1,Image 1,S2P,1,1625,
1.86915,,Spot,1,Image 1,S2P,1,1626,
1.55164,,Spot,1,Image 1,S2P,1,1627,
2.04942,,Spot,1,Image 1,S2P,1,1628,
1.61695,,Spot,1,Image 1,S2P,1,1629,
1.40761,,Spot,1,Image 1,S2P,1,1630,
1.85909,,Spot,1,Image 1,S2P,1,1631,
1.49827,,Spot,1,Image 1,S2P,1,1632,
1.16813,,Spot,1,Image 1,S2P,1,1633,
1.152,,Spot,1,Image 1,S2P,1,1634,
1.4273,,Spot,1,Image 1,S2P,1,1635,
1.82879,,Spot,1,Image 1,S2P,1,1636,
1.33524,,Spot,1,Image 1,S2P,1,1637,
1.544,,Spot,1,Image 1,S2P,1,1638,
1.64222,,Spot,1,Image 1,S2P,1,1639,
1.68008,,Spot,1,Image 1,S2P,1,1640,
1.19079,,Spot,1,Image 1,S2P,1,1641,
1.1209,,Spot,1,Image 1,S2P,1,1642,
1.39574,,Spot,1,Image 1,S2P,1,1643,
1.63903,,Spot,1,Image 1,S2P,1,1644,
1.14284,,Spot,1,Image 1,S2P,1,1645,
1.46391,,Spot,1,Image 1,S2P,1,1646,
1.35585,,Spot,1,Image 1,S2P,1,1647,
1.76938,,Spot,1,Image 1,S2P,1,1648,
1.77911,,Spot,1,Image 1,S2P,1,1649,
1.63606,,Spot,1,Image 1,S2P,1,1650,
2.23547,,Spot,1,Image 1,S2P,1,1651,
1.51599,,Spot,1,Image 1,S2P,1,1652,
1.40381,,Spot,1,Image 1,S2P,1,1653,
1.81695,,Spot,1,Image 1,S2P,1,1654,
1.40961,,Spot,1,Image 1,S2P,1,1655,
1.2731,,Spot,1,Image 1,S2P,1,1656,
1.425,,Spot,1,Image 1,S2P,1,1657,
1.56059,,Spot,1,Image 1,S2P,1,1658,
1.36339,,Spot,1,Image 1,S2P,1,1659,
1.46289,,Spot,1,Image 1,S2P,1,1660,
1.88848,,Spot,1,Image 1,S2P,1,1661,
1.69027,,Spot,1,Image 1,S2P,1,1662,
1.71991,,Spot,1,Image 1,S2P,1,1663,
2.1443,,Spot,1,Image 1,S2P,1,1664,
2.00334,,Spot,1,Image 1,S2P,1,1665,
1.69393,,Spot,1,Image 1,S2P,1,1666,
1.45552,,Spot,1,Image 1,S2P,1,1667,
1.13202,,Spot,1,Image 1,S2P,1,1668,
1.51779,,Spot,1,Image 1,S2P,1,1669,
1.49667,,Spot,1,Image 1,S2P,1,1670,
1.2597,,Spot,1,Image 1,S2P,1,1671,
1.93208,,Spot,1,Image 1,S2P,1,1672,
1.76238,,Spot,1,Image 1,S2P,1,1673,
2.00573,,Spot,1,Image 1,S2P,1,1674,
1.23267,,Spot,1,Image 1,S2P,1,1675,
1.67178,,Spot,1,Image 1,S2P,1,1676,
2.01893,,Spot,1,Image 1,S2P,1,1677,
1.49617,,Spot,1,Image 1,S2P,1,1678,
1.54923,,Spot,1,Image 1,S2P,1,1679,
1.3379,,Spot,1,Image 1,S2P,1,1680,
1.72838,,Spot,1,Image 1,S2P,1,1681,
1.41999,,Spot,1,Image 1,S2P,1,1682,
1.13805,,Spot,1,Image 1,S2P,1,1683,
1.43156,,Spot,1,Image 1,S2P,1,1684,
2.09966,,Spot,1,Image 1,S2P,1,1685,
1.88332,,Spot,1,Image 1,S2P,1,1686,
1.47198,,Spot,1,Image 1,S2P,1,1687,
1.47327,,Spot,1,Image 1,S2P,1,1688,
1.53638,,Spot,1,Image 1,S2P,1,1689,
1.67978,,Spot,1,Image 1,S2P,1,1690,
1.71427,,Spot,1,Image 1,S2P,1,1691,
2.07922,,Spot,1,Image 1,S2P,1,1692,
1.28559,,Spot,1,Image 1,S2P,1,1693,
1.8175,,Spot,1,Image 1,S2P,1,1694,
1.55135,,Spot,1,Image 1,S2P,1,1695,
1.35978,,Spot,1,Image 1,S2P,1,1696,
1.71127,,Spot,1,Image 1,S2P,1,1697,
1.64692,,Spot,1,Image 1,S2P,1,1698,
1.6282,,Spot,1,Image 1,S2P,1,1699,
0.977269,,Spot,1,Image 1,S2P,1,1700,
1.28945,,Spot,1,Image 1,S2P,1,1701,
1.54715,,Spot,1,Image 1,S2P,1,1702,
1.85207,,Spot,1,Image 1,S2P,1,1703,
1.41947,,Spot,1,Image 1,S2P,1,1704,
1.10756,,Spot,1,Image 1,S2P,1,1705,
1.07927,,Spot,1,Image 1,S2P,1,1706,
1.80311,,Spot,1,Image 1,S2P,1,1707,
1.70943,,Spot,1,Image 1,S2P,1,1708,
1.84281,,Spot,1,Image 1,S2P,1,1709,
1.39964,,Spot,1,Image 1,S2P,1,1710,
1.45602,,Spot,1,Image 1,S2P,1,1711,
1.15473,,Spot,1,Image 1,S2P,1,1712,
1.79905,,Spot,1,Image 1,S2P,1,1713,
1.20195,,Spot,1,Image 1,S2P,1,1714,
1.33791,,Spot,1,Image 1,S2P,1,1715,
2.23687,,Spot,1,Image 1,S2P,1,1716,
2.17823,,Spot,1,Image 1,S2P,1,1717,
1.5657,,Spot,1,Image 1,S2P,1,1718,
1.91145,,Spot,1,Image 1,S2P,1,1719,
1.87482,,Spot,1,Image 1,S2P,1,1720,
1.42711,,Spot,1,Image 1,S2P,1,1721,
1.54965,,Spot,1,Image 1,S2P,1,1722,
1.47084,,Spot,1,Image 1,S2P,1,1723,
1.00967,,Spot,1,Image 1,S2P,1,1724,
3.00609,,Spot,1,Image 1,S2P,1,1725,
1.36942,,Spot,1,Image 1,S2P,1,1726,
1.11636,,Spot,1,Image 1,S2P,1,1727,
1.38082,,Spot,1,Image 1,S2P,1,1728,
1.73623,,Spot,1,Image 1,S2P,1,1729,
1.76836,,Spot,1,Image 1,S2P,1,1730,
1.54166,,Spot,1,Image 1,S2P,1,1731,
1.63299,,Spot,1,Image 1,S2P,1,1732,
1.47497,,Spot,1,Image 1,S2P,1,1733,
1.25716,,Spot,1,Image 1,S2P,1,1734,
1.54706,,Spot,1,Image 1,S2P,1,1735,
1.55378,,Spot,1,Image 1,S2P,1,1736,
1.68748,,Spot,1,Image 1,S2P,1,1737,
1.36093,,Spot,1,Image 1,S2P,1,1738,
1.72804,,Spot,1,Image 1,S2P,1,1739,
1.68288,,Spot,1,Image 1,S2P,1,1740,
1.67094,,Spot,1,Image 1,S2P,1,1741,
1.90682,,Spot,1,Image 1,S2P,1,1742,
1.76528,,Spot,1,Image 1,S2P,1,1743,
1.19695,,Spot,1,Image 1,S2P,1,1744,
1.33574,,Spot,1,Image 1,S2P,1,1745,
1.57895,,Spot,1,Image 1,S2P,1,1746,
3.67614,,Spot,1,Image 1,S2P,1,1747,
1.40066,,Spot,1,Image 1,S2P,1,1748,
1.793,,Spot,1,Image 1,S2P,1,1749,
1.48895,,Spot,1,Image 1,S2P,1,1750,
1.52091,,Spot,1,Image 1,S2P,1,1751,
2.49932,,Spot,1,Image 1,S2P,1,1752,
1.63693,,Spot,1,Image 1,S2P,1,1753,
1.98086,,Spot,1,Image 1,S2P,1,1754,
2.3368,,Spot,1,Image 1,S2P,1,1755,
1.73156,,Spot,1,Image 1,S2P,1,1756,
1.63828,,Spot,1,Image 1,S2P,1,1757,
2.58056,,Spot,1,Image 1,S2P,1,1758,
1.7281,,Spot,1,Image 1,S2P,1,1759,
1.47059,,Spot,1,Image 1,S2P,1,1760,
1.62159,,Spot,1,Image 1,S2P,1,1761,
1.39095,,Spot,1,Image 1,S2P,1,1762,
1.46975,,Spot,1,Image 1,S2P,1,1763,
1.84781,,Spot,1,Image 1,S2P,1,1764,
1.84954,,Spot,1,Image 1,S2P,1,1765,
1.65787,,Spot,1,Image 1,S2P,1,1766,
1.55029,,Spot,1,Image 1,S2P,1,1767,
1.22695,,Spot,1,Image 1,S2P,1,1768,
1.29703,,Spot,1,Image 1,S2P,1,1769,
2.75939,,Spot,1,Image 1,S2P,1,1770,
1.50416,,Spot,1,Image 1,S2P,1,1771,
1.60379,,Spot,1,Image 1,S2P,1,1772,
1.63443,,Spot,1,Image 1,S2P,1,1773,
1.27739,,Spot,1,Image 1,S2P,1,1774,
2.05799,,Spot,1,Image 1,S2P,1,1775,
1.8218,,Spot,1,Image 1,S2P,1,1776,
1.27635,,Spot,1,Image 1,S2P,1,1777,
1.98845,,Spot,1,Image 1,S2P,1,1778,
1.98549,,Spot,1,Image 1,S2P,1,1779,
1.63053,,Spot,1,Image 1,S2P,1,1780,
1.61447,,Spot,1,Image 1,S2P,1,1781,
1.74938,,Spot,1,Image 1,S2P,1,1782,
1.88374,,Spot,1,Image 1,S2P,1,1783,
1.30334,,Spot,1,Image 1,S2P,1,1784,
1.35267,,Spot,1,Image 1,S2P,1,1785,
1.45807,,Spot,1,Image 1,S2P,1,1786,
1.49969,,Spot,1,Image 1,S2P,1,1787,
1.61775,,Spot,1,Image 1,S2P,1,1788,
1.89073,,Spot,1,Image 1,S2P,1,1789,
1.67682,,Spot,1,Image 1,S2P,1,1790,
2.39315,,Spot,1,Image 1,S2P,1,1791,
1.30551,,Spot,1,Image 1,S2P,1,1792,
1.37426,,Spot,1,Image 1,S2P,1,1793,
2.22725,,Spot,1,Image 1,S2P,1,1794,
1.5745,,Spot,1,Image 1,S2P,1,1795,
1.6776,,Spot,1,Image 1,S2P,1,1796,
2.08106,,Spot,1,Image 1,S2P,1,1797,
1.21365,,Spot,1,Image 1,S2P,1,1798,
1.07079,,Spot,1,Image 1,S2P,1,1799,
1.18008,,Spot,1,Image 1,S2P,1,1800,
1.17352,,Spot,1,Image 1,S2P,1,1801,
1.32395,,Spot,1,Image 1,S2P,1,1802,
1.203,,Spot,1,Image 1,S2P,1,1803,
1.68836,,Spot,1,Image 1,S2P,1,1804,
1.63781,,Spot,1,Image 1,S2P,1,1805,
0.469012,,Spot,1,Image 1,S2P,1,1806,
1.45032,,Spot,1,Image 1,S2P,1,1807,
1.34962,,Spot,1,Image 1,S2P,1,1808,
2.02968,,Spot,1,Image 1,S2P,1,1809,
1.12367,,Spot,1,Image 1,S2P,1,1810,
1.16354,,Spot,1,Image 1,S2P,1,1811,
1.05778,,Spot,1,Image 1,S2P,1,1812,
1.06989,,Spot,1,Image 1,S2P,1,1813,
1.43899,,Spot,1,Image 1,S2P,1,1814,
1.33622,,Spot,1,Image 1,S2P,1,1815,
1.50954,,Spot,1,Image 1,S2P,1,1816,
1.10254,,Spot,1,Image 1,S2P,1,1817,
1.17923,,Spot,1,Image 1,S2P,1,1818,
1.02858,,Spot,1,Image 1,S2P,1,1819,
1.58361,,Spot,1,Image 1,S2P,1,1820,
0.989375,,Spot,1,Image 1,S2P,1,1821,
1.09494,,Spot,1,Image 1,S2P,1,1822,
1.40921,,Spot,1,Image 1,S2P,1,1823,
1.44975,,Spot,1,Image 1,S2P,1,1824,
1.2412,,Spot,1,Image 1,S2P,1,1825,
1.4272,,Spot,1,Image 1,S2P,1,1826,
0.858445,,Spot,1,Image 1,S2P,1,1827,
1.2612,,Spot,1,Image 1,S2P,1,1828,
1.12468,,Spot,1,Image 1,S2P,1,1829,
1.01774,,Spot,1,Image 1,S2P,1,1830,
1.31034,,Spot,1,Image 1,S2P,1,1831,
1.33288,,Spot,1,Image 1,S2P,1,1832,
1.11814,,Spot,1,Image 1,S2P,1,1833,
1.17157,,Spot,1,Image 1,S2P,1,1834,
1.3385,,Spot,1,Image 1,S2P,1,1835,
1.4276,,Spot,1,Image 1,S2P,1,1836,
1.42156,,Spot,1,Image 1,S2P,1,1837,
1.36709,,Spot,1,Image 1,S2P,1,1838,
1.2303,,Spot,1,Image 1,S2P,1,1839,
1.29662,,Spot,1,Image 1,S2P,1,1840,
1.7281,,Spot,1,Image 1,S2P,1,1841,
1.10437,,Spot,1,Image 1,S2P,1,1842,
1.28971,,Spot,1,Image 1,S2P,1,1843,
1.40022,,Spot,1,Image 1,S2P,1,1844,
1.00211,,Spot,1,Image 1,S2P,1,1845,
1.56418,,Spot,1,Image 1,S2P,1,1846,
1.07396,,Spot,1,Image 1,S2P,1,1847,
0.864972,,Spot,1,Image 1,S2P,1,1848,
1.25898,,Spot,1,Image 1,S2P,1,1849,
3.91075,,Spot,1,Image 1,S2P,1,1850,
1.81084,,Spot,1,Image 1,S2P,1,1851,
1.01652,,Spot,1,Image 1,S2P,1,1852,
1.45987,,Spot,1,Image 1,S2P,1,1853,
1.36479,,Spot,1,Image 1,S2P,1,1854,
1.46399,,Spot,1,Image 1,S2P,1,1855,
1.56026,,Spot,1,Image 1,S2P,1,1856,
1.57967,,Spot,1,Image 1,S2P,1,1857,
1.68652,,Spot,1,Image 1,S2P,1,1858,
1.59914,,Spot,1,Image 1,S2P,1,1859,
1.78968,,Spot,1,Image 1,S2P,1,1860,
1.38038,,Spot,1,Image 1,S2P,1,1861,
0.946485,,Spot,1,Image 1,S2P,1,1862,
1.53149,,Spot,1,Image 1,S2P,1,1863,
1.55429,,Spot,1,Image 1,S2P,1,1864,
1.275,,Spot,1,Image 1,S2P,1,1865,
1.28569,,Spot,1,Image 1,S2P,1,1866,
1.37566,,Spot,1,Image 1,S2P,1,1867,
1.20503,,Spot,1,Image 1,S2P,1,1868,
1.71441,,Spot,1,Image 1,S2P,1,1869,
1.37455,,Spot,1,Image 1,S2P,1,1870,
1.34423,,Spot,1,Image 1,S2P,1,1871,
1.56941,,Spot,1,Image 1,S2P,1,1872,
1.19007,,Spot,1,Image 1,S2P,1,1873,
1.80009,,Spot,1,Image 1,S2P,1,1874,
1.28576,,Spot,1,Image 1,S2P,1,1875,
1.29915,,Spot,1,Image 1,S2P,1,1876,
1.46984,,Spot,1,Image 1,S2P,1,1877,
1.40413,,Spot,1,Image 1,S2P,1,1878,
1.34969,,Spot,1,Image 1,S2P,1,1879,
1.26205,,Spot,1,Image 1,S2P,1,1880,
1.58705,,Spot,1,Image 1,S2P,1,1881,
1.85738,,Spot,1,Image 1,S2P,1,1882,
1.52642,,Spot,1,Image 1,S2P,1,1883,
1.22211,,Spot,1,Image 1,S2P,1,1884,
1.27754,,Spot,1,Image 1,S2P,1,1885,
1.59674,,Spot,1,Image 1,S2P,1,1886,
1.6102,,Spot,1,Image 1,S2P,1,1887,
1.33738,,Spot,1,Image 1,S2P,1,1888,
1.49198,,Spot,1,Image 1,S2P,1,1889,
1.49363,,Spot,1,Image 1,S2P,1,1890,
1.20627,,Spot,1,Image 1,S2P,1,1891,
1.0339,,Spot,1,Image 1,S2P,1,1892,
1.0764,,Spot,1,Image 1,S2P,1,1893,
1.3516,,Spot,1,Image 1,S2P,1,1894,
1.26887,,Spot,1,Image 1,S2P,1,1895,
1.09893,,Spot,1,Image 1,S2P,1,1896,
1.85217,,Spot,1,Image 1,S2P,1,1897,
2.04469,,Spot,1,Image 1,S2P,1,1898,
1.35109,,Spot,1,Image 1,S2P,1,1899,
1.6891,,Spot,1,Image 1,S2P,1,1900,
1.44274,,Spot,1,Image 1,S2P,1,1901,
1.48271,,Spot,1,Image 1,S2P,1,1902,
1.58238,,Spot,1,Image 1,S2P,1,1903,
1.50003,,Spot,1,Image 1,S2P,1,1904,
1.62678,,Spot,1,Image 1,S2P,1,1905,
1.06402,,Spot,1,Image 1,S2P,1,1906,
1.17169,,Spot,1,Image 1,S2P,1,1907,
1.28918,,Spot,1,Image 1,S2P,1,1908,
1.25163,,Spot,1,Image 1,S2P,1,1909,
1.34805,,Spot,1,Image 1,S2P,1,1910,
1.51934,,Spot,1,Image 1,S2P,1,1911,
1.4176,,Spot,1,Image 1,S2P,1,1912,
1.19959,,Spot,1,Image 1,S2P,1,1913,
1.02189,,Spot,1,Image 1,S2P,1,1914,
1.17715,,Spot,1,Image 1,S2P,1,1915,
1.27261,,Spot,1,Image 1,S2P,1,1916,
1.39863,,Spot,1,Image 1,S2P,1,1917,
1.66235,,Spot,1,Image 1,S2P,1,1918,
1.53084,,Spot,1,Image 1,S2P,1,1919,
1.53832,,Spot,1,Image 1,S2P,1,1920,
1.49617,,Spot,1,Image 1,S2P,1,1921,
1.16737,,Spot,1,Image 1,S2P,1,1922,
1.29072,,Spot,1,Image 1,S2P,1,1923,
1.85906,,Spot,1,Image 1,S2P,1,1924,
1.16896,,Spot,1,Image 1,S2P,1,1925,
1.24161,,Spot,1,Image 1,S2P,1,1926,
1.39974,,Spot,1,Image 1,S2P,1,1927,
2.19109,,Spot,1,Image 1,S2P,1,1928,
1.58663,,Spot,1,Image 1,S2P,1,1929,
1.4996,,Spot,1,Image 1,S2P,1,1930,
1.27823,,Spot,1,Image 1,S2P,1,1931,
1.76488,,Spot,1,Image 1,S2P,1,1932,
1.41352,,Spot,1,Image 1,S2P,1,1933,
1.22275,,Spot,1,Image 1,S2P,1,1934,
1.39882,,Spot,1,Image 1,S2P,1,1935,
1.44086,,Spot,1,Image 1,S2P,1,1936,
1.83122,,Spot,1,Image 1,S2P,1,1937,
1.25939,,Spot,1,Image 1,S2P,1,1938,
1.34096,,Spot,1,Image 1,S2P,1,1939,
1.58091,,Spot,1,Image 1,S2P,1,1940,
1.07769,,Spot,1,Image 1,S2P,1,1941,
1.49846,,Spot,1,Image 1,S2P,1,1942,
1.34507,,Spot,1,Image 1,S2P,1,1943,
1.336,,Spot,1,Image 1,S2P,1,1944,
1.34287,,Spot,1,Image 1,S2P,1,1945,
1.20639,,Spot,1,Image 1,S2P,1,1946,
1.32392,,Spot,1,Image 1,S2P,1,1947,
2.26101,,Spot,1,Image 1,S2P,1,1948,
1.42199,,Spot,1,Image 1,S2P,1,1949,
1.50539,,Spot,1,Image 1,S2P,1,1950,
1.21892,,Spot,1,Image 1,S2P,1,1951,
1.28585,,Spot,1,Image 1,S2P,1,1952,
1.34799,,Spot,1,Image 1,S2P,1,1953,
1.40365,,Spot,1,Image 1,S2P,1,1954,
1.44642,,Spot,1,Image 1,S2P,1,1955,
1.6313,,Spot,1,Image 1,S2P,1,1956,
1.13203,,Spot,1,Image 1,S2P,1,1957,
1.53726,,Spot,1,Image 1,S2P,1,1958,
1.35861,,Spot,1,Image 1,S2P,1,1959,
1.34878,,Spot,1,Image 1,S2P,1,1960,
1.484,,Spot,1,Image 1,S2P,1,1961,
1.37976,,Spot,1,Image 1,S2P,1,1962,
1.22411,,Spot,1,Image 1,S2P,1,1963,
2.42235,,Spot,1,Image 1,S2P,1,1964,
1.49955,,Spot,1,Image 1,S2P,1,1965,
1.05437,,Spot,1,Image 1,S2P,1,1966,
1.53297,,Spot,1,Image 1,S2P,1,1967,
1.59204,,Spot,1,Image 1,S2P,1,1968,
1.55144,,Spot,1,Image 1,S2P,1,1969,
1.45502,,Spot,1,Image 1,S2P,1,1970,
1.41145,,Spot,1,Image 1,S2P,1,1971,
1.46291,,Spot,1,Image 1,S2P,1,1972,
2.02714,,Spot,1,Image 1,S2P,1,1973,
1.31179,,Spot,1,Image 1,S2P,1,1974,
1.48768,,Spot,1,Image 1,S2P,1,1975,
1.27574,,Spot,1,Image 1,S2P,1,1976,
1.40996,,Spot,1,Image 1,S2P,1,1977,
2.15682,,Spot,1,Image 1,S2P,1,1978,
2.08171,,Spot,1,Image 1,S2P,1,1979,
1.56156,,Spot,1,Image 1,S2P,1,1980,
1.36743,,Spot,1,Image 1,S2P,1,1981,
1.26072,,Spot,1,Image 1,S2P,1,1982,
2.47449,,Spot,1,Image 1,S2P,1,1983,
1.25261,,Spot,1,Image 1,S2P,1,1984,
1.34042,,Spot,1,Image 1,S2P,1,1985,
0.852612,,Spot,1,Image 1,S2P,1,1986,
1.08957,,Spot,1,Image 1,S2P,1,1987,
0.981597,,Spot,1,Image 1,S2P,1,1988,
0.885749,,Spot,1,Image 1,S2P,1,1989,
1.22765,,Spot,1,Image 1,S2P,1,1990,
1.04248,,Spot,1,Image 1,S2P,1,1991,
1.25866,,Spot,1,Image 1,S2P,1,1992,
1.48448,,Spot,1,Image 1,S2P,1,1993,
1.51815,,Spot,1,Image 1,S2P,1,1994,
1.26646,,Spot,1,Image 1,S2P,1,1995,
1.83307,,Spot,1,Image 1,S2P,1,1996,
1.16922,,Spot,1,Image 1,S2P,1,1997,
1.4756,,Spot,1,Image 1,S2P,1,1998,
1.92205,,Spot,1,Image 1,S2P,1,1999,
1.26234,,Spot,1,Image 1,S2P,1,2000,
1.71329,,Spot,1,Image 1,S2P,1,2001,
1.53961,,Spot,1,Image 1,S2P,1,2002,
1.57143,,Spot,1,Image 1,S2P,1,2003,
1.34783,,Spot,1,Image 1,S2P,1,2004,
1.96042,,Spot,1,Image 1,S2P,1,2005,
1.34552,,Spot,1,Image 1,S2P,1,2006,
1.29435,,Spot,1,Image 1,S2P,1,2007,
1.20013,,Spot,1,Image 1,S2P,1,2008,
1.57109,,Spot,1,Image 1,S2P,1,2009,
1.67402,,Spot,1,Image 1,S2P,1,2010,
2.38823,,Spot,1,Image 1,S2P,1,2011,
1.23849,,Spot,1,Image 1,S2P,1,2012,
1.56389,,Spot,1,Image 1,S2P,1,2013,
1.40572,,Spot,1,Image 1,S2P,1,2014,
1.36778,,Spot,1,Image 1,S2P,1,2015,
1.86893,,Spot,1,Image 1,S2P,1,2016,
1.33336,,Spot,1,Image 1,S2P,1,2017,
2.30141,,Spot,1,Image 1,S2P,1,2018,
1.25478,,Spot,1,Image 1,S2P,1,2019,
1.6673,,Spot,1,Image 1,S2P,1,2020,
1.4376,,Spot,1,Image 1,S2P,1,2021,
1.37267,,Spot,1,Image 1,S2P,1,2022,
1.58461,,Spot,1,Image 1,S2P,1,2023,
1.43908,,Spot,1,Image 1,S2P,1,2024,
1.26215,,Spot,1,Image 1,S2P,1,2025,
1.42788,,Spot,1,Image 1,S2P,1,2026,
1.26832,,Spot,1,Image 1,S2P,1,2027,
1.45162,,Spot,1,Image 1,S2P,1,2028,
1.01346,,Spot,1,Image 1,S2P,1,2029,
1.53218,,Spot,1,Image 1,S2P,1,2030,
1.60394,,Spot,1,Image 1,S2P,1,2031,
1.34543,,Spot,1,Image 1,S2P,1,2032,
1.2853,,Spot,1,Image 1,S2P,1,2033,
2.01493,,Spot,1,Image 1,S2P,1,2034,
1.4717,,Spot,1,Image 1,S2P,1,2035,
1.17688,,Spot,1,Image 1,S2P,1,2036,
1.97117,,Spot,1,Image 1,S2P,1,2037,
1.20578,,Spot,1,Image 1,S2P,1,2038,
2.06246,,Spot,1,Image 1,S2P,1,2039,
1.33202,,Spot,1,Image 1,S2P,1,2040,
1.40764,,Spot,1,Image 1,S2P,1,2041,
1.3821,,Spot,1,Image 1,S2P,1,2042,
1.77623,,Spot,1,Image 1,S2P,1,2043,
1.74571,,Spot,1,Image 1,S2P,1,2044,
1.46802,,Spot,1,Image 1,S2P,1,2045,
1.84342,,Spot,1,Image 1,S2P,1,2046,
1.38052,,Spot,1,Image 1,S2P,1,2047,
2.08439,,Spot,1,Image 1,S2P,1,2048,
1.61187,,Spot,1,Image 1,S2P,1,2049,
1.64497,,Spot,1,Image 1,S2P,1,2050,
1.44054,,Spot,1,Image 1,S2P,1,2051,
1.10787,,Spot,1,Image 1,S2P,1,2052,
1.56048,,Spot,1,Image 1,S2P,1,2053,
1.52382,,Spot,1,Image 1,S2P,1,2054,
1.85832,,Spot,1,Image 1,S2P,1,2055,
1.90212,,Spot,1,Image 1,S2P,1,2056,
1.76014,,Spot,1,Image 1,S2P,1,2057,
1.32277,,Spot,1,Image 1,S2P,1,2058,
1.33096,,Spot,1,Image 1,S2P,1,2059,
1.45177,,Spot,1,Image 1,S2P,1,2060,
1.95929,,Spot,1,Image 1,S2P,1,2061,
1.53049,,Spot,1,Image 1,S2P,1,2062,
1.53227,,Spot,1,Image 1,S2P,1,2063,
1.74751,,Spot,1,Image 1,S2P,1,2064,
1.82217,,Spot,1,Image 1,S2P,1,2065,
1.59877,,Spot,1,Image 1,S2P,1,2066,
1.3684,,Spot,1,Image 1,S2P,1,2067,
1.48319,,Spot,1,Image 1,S2P,1,2068,
1.52822,,Spot,1,Image 1,S2P,1,2069,
1.36583,,Spot,1,Image 1,S2P,1,2070,
1.47985,,Spot,1,Image 1,S2P,1,2071,
1.58076,,Spot,1,Image 1,S2P,1,2072,
1.32711,,Spot,1,Image 1,S2P,1,2073,
1.80397,,Spot,1,Image 1,S2P,1,2074,
1.74113,,Spot,1,Image 1,S2P,1,2075,
1.3344,,Spot,1,Image 1,S2P,1,2076,
1.43346,,Spot,1,Image 1,S2P,1,2077,
1.72434,,Spot,1,Image 1,S2P,1,2078,
1.6486,,Spot,1,Image 1,S2P,1,2079,
1.13187,,Spot,1,Image 1,S2P,1,2080,
2.16595,,Spot,1,Image 1,S2P,1,2081,
1.97394,,Spot,1,Image 1,S2P,1,2082,
1.48438,,Spot,1,Image 1,S2P,1,2083,
1.69689,,Spot,1,Image 1,S2P,1,2084,
1.21963,,Spot,1,Image 1,S2P,1,2085,
1.46008,,Spot,1,Image 1,S2P,1,2086,
1.5678,,Spot,1,Image 1,S2P,1,2087,
1.33877,,Spot,1,Image 1,S2P,1,2088,
1.79635,,Spot,1,Image 1,S2P,1,2089,
1.30467,,Spot,1,Image 1,S2P,1,2090,
2.2729,,Spot,1,Image 1,S2P,1,2091,
1.41601,,Spot,1,Image 1,S2P,1,2092,
2.26928,,Spot,1,Image 1,S2P,1,2093,
1.58836,,Spot,1,Image 1,S2P,1,2094,
1.75849,,Spot,1,Image 1,S2P,1,2095,
1.61429,,Spot,1,Image 1,S2P,1,2096,
1.22922,,Spot,1,Image 1,S2P,1,2097,
1.30903,,Spot,1,Image 1,S2P,1,2098,
2.09953,,Spot,1,Image 1,S2P,1,2099,
1.553,,Spot,1,Image 1,S2P,1,2100,
1.44873,,Spot,1,Image 1,S2P,1,2101,
1.69055,,Spot,1,Image 1,S2P,1,2102,
1.28519,,Spot,1,Image 1,S2P,1,2103,
1.60463,,Spot,1,Image 1,S2P,1,2104,
1.31133,,Spot,1,Image 1,S2P,1,2105,
0.890967,,Spot,1,Image 1,S2P,1,2106,
1.18186,,Spot,1,Image 1,S2P,1,2107,
1.44865,,Spot,1,Image 1,S2P,1,2108,
2.54645,,Spot,1,Image 1,S2P,1,2109,
1.76089,,Spot,1,Image 1,S2P,1,2110,
1.95099,,Spot,1,Image 1,S2P,1,2111,
2.35161,,Spot,1,Image 1,S2P,1,2112,
1.26064,,Spot,1,Image 1,S2P,1,2113,
1.85137,,Spot,1,Image 1,S2P,1,2114,
1.45928,,Spot,1,Image 1,S2P,1,2115,
1.24145,,Spot,1,Image 1,S2P,1,2116,
1.45646,,Spot,1,Image 1,S2P,1,2117,
1.50308,,Spot,1,Image 1,S2P,1,2118,
1.88652,,Spot,1,Image 1,S2P,1,2119,
1.70391,,Spot,1,Image 1,S2P,1,2120,
1.68249,,Spot,1,Image 1,S2P,1,2121,
1.34559,,Spot,1,Image 1,S2P,1,2122,
1.31566,,Spot,1,Image 1,S2P,1,2123,
0.949194,,Spot,1,Image 1,S2P,1,2124,
1.23443,,Spot,1,Image 1,S2P,1,2125,
0.910912,,Spot,1,Image 1,S2P,1,2126,
1.33039,,Spot,1,Image 1,S2P,1,2127,
1.76668,,Spot,1,Image 1,S2P,1,2128,
1.14808,,Spot,1,Image 1,S2P,1,2129,
1.79735,,Spot,1,Image 1,S2P,1,2130,
1.59578,,Spot,1,Image 1,S2P,1,2131,
1.60323,,Spot,1,Image 1,S2P,1,2132,
1.68451,,Spot,1,Image 1,S2P,1,2133,
1.42998,,Spot,1,Image 1,S2P,1,2134,
1.83731,,Spot,1,Image 1,S2P,1,2135,
1.46843,,Spot,1,Image 1,S2P,1,2136,
1.8808,,Spot,1,Image 1,S2P,1,2137,
1.01793,,Spot,1,Image 1,S2P,1,2138,
1.33946,,Spot,1,Image 1,S2P,1,2139,
1.14281,,Spot,1,Image 1,S2P,1,2140,
1.45646,,Spot,1,Image 1,S2P,1,2141,
1.18018,,Spot,1,Image 1,S2P,1,2142,
1.3063,,Spot,1,Image 1,S2P,1,2143,
1.5175,,Spot,1,Image 1,S2P,1,2144,
1.82275,,Spot,1,Image 1,S2P,1,2145,
1.53603,,Spot,1,Image 1,S2P,1,2146,
1.49105,,Spot,1,Image 1,S2P,1,2147,
1.85195,,Spot,1,Image 1,S2P,1,2148,
1.38573,,Spot,1,Image 1,S2P,1,2149,
1.18528,,Spot,1,Image 1,S2P,1,2150,
1.22928,,Spot,1,Image 1,S2P,1,2151,
1.23918,,Spot,1,Image 1,S2P,1,2152,
2.08902,,Spot,1,Image 1,S2P,1,2153,
1.63688,,Spot,1,Image 1,S2P,1,2154,
1.26159,,Spot,1,Image 1,S2P,1,2155,
1.26298,,Spot,1,Image 1,S2P,1,2156,
1.26354,,Spot,1,Image 1,S2P,1,2157,
1.54262,,Spot,1,Image 1,S2P,1,2158,
1.42839,,Spot,1,Image 1,S2P,1,2159,
1.06984,,Spot,1,Image 1,S2P,1,2160,
1.85788,,Spot,1,Image 1,S2P,1,2161,
1.39185,,Spot,1,Image 1,S2P,1,2162,
1.12647,,Spot,1,Image 1,S2P,1,2163,
1.4186,,Spot,1,Image 1,S2P,1,2164,
1.47208,,Spot,1,Image 1,S2P,1,2165,
1.8542,,Spot,1,Image 1,S2P,1,2166,
1.54219,,Spot,1,Image 1,S2P,1,2167,
1.95678,,Spot,1,Image 1,S2P,1,2168,
1.71737,,Spot,1,Image 1,S2P,1,2169,
0.802509,,Spot,1,Image 1,S2P,1,2170,
1.17516,,Spot,1,Image 1,S2P,1,2171,
1.14493,,Spot,1,Image 1,S2P,1,2172,
1.40064,,Spot,1,Image 1,S2P,1,2173,
1.42499,,Spot,1,Image 1,S2P,1,2174,
2.05513,,Spot,1,Image 1,S2P,1,2175,
1.82088,,Spot,1,Image 1,S2P,1,2176,
1.5587,,Spot,1,Image 1,S2P,1,2177,
1.39092,,Spot,1,Image 1,S2P,1,2178,
1.8494,,Spot,1,Image 1,S2P,1,2179,
1.6509,,Spot,1,Image 1,S2P,1,2180,
1.58015,,Spot,1,Image 1,S2P,1,2181,
1.97384,,Spot,1,Image 1,S2P,1,2182,
1.43924,,Spot,1,Image 1,S2P,1,2183,
2.05076,,Spot,1,Image 1,S2P,1,2184,
1.40857,,Spot,1,Image 1,S2P,1,2185,
1.49242,,Spot,1,Image 1,S2P,1,2186,
1.34677,,Spot,1,Image 1,S2P,1,2187,
1.62927,,Spot,1,Image 1,S2P,1,2188,
1.52896,,Spot,1,Image 1,S2P,1,2189,
1.93325,,Spot,1,Image 1,S2P,1,2190,
1.61399,,Spot,1,Image 1,S2P,1,2191,
1.63878,,Spot,1,Image 1,S2P,1,2192,
2.59402,,Spot,1,Image 1,S2P,1,2193,
1.63252,,Spot,1,Image 1,S2P,1,2194,
1.89042,,Spot,1,Image 1,S2P,1,2195,
1.98288,,Spot,1,Image 1,S2P,1,2196,
2.10013,,Spot,1,Image 1,S2P,1,2197,
1.69596,,Spot,1,Image 1,S2P,1,2198,
1.51739,,Spot,1,Image 1,S2P,1,2199,
1.45978,,Spot,1,Image 1,S2P,1,2200,
1.26566,,Spot,1,Image 1,S2P,1,2201,
2.1364,,Spot,1,Image 1,S2P,1,2202,
1.46186,,Spot,1,Image 1,S2P,1,2203,
2.0443,,Spot,1,Image 1,S2P,1,2204,
1.15482,,Spot,1,Image 1,S2P,1,2205,
2.07265,,Spot,1,Image 1,S2P,1,2206,
1.51942,,Spot,1,Image 1,S2P,1,2207,
2.27507,,Spot,1,Image 1,S2P,1,2208,
2.54309,,Spot,1,Image 1,S2P,1,2209,
1.46926,,Spot,1,Image 1,S2P,1,2210,
1.41995,,Spot,1,Image 1,S2P,1,2211,
1.22222,,Spot,1,Image 1,S2P,1,2212,
1.42965,,Spot,1,Image 1,S2P,1,2213,
1.18599,,Spot,1,Image 1,S2P,1,2214,
1.34237,,Spot,1,Image 1,S2P,1,2215,
1.46628,,Spot,1,Image 1,S2P,1,2216,
1.8126,,Spot,1,Image 1,S2P,1,2217,
2.61782,,Spot,1,Image 1,S2P,1,2218,
1.69229,,Spot,1,Image 1,S2P,1,2219,
1.53141,,Spot,1,Image 1,S2P,1,2220,
1.62278,,Spot,1,Image 1,S2P,1,2221,
