
Intensity StdDev Ch=2 Img=1
 ==================== 
Intensity StdDev,Unit,Category,Channel,Image,Surpass Object,Time,ID,
3.12787,,Surface,2,Image 1,Nucleus,1,0,
0.387933,,Spot,2,Image 1,Nucleus center of mass,1,0,
1.17616,,Spot,2,Image 1,S2P,1,617,
0.709912,,Spot,2,Image 1,S2P,1,618,
0.684678,,Spot,2,Image 1,S2P,1,619,
0.12254,,Spot,2,Image 1,S2P,1,620,
0.286725,,Spot,2,Image 1,S2P,1,621,
0.131115,,Spot,2,Image 1,S2P,1,622,
1.31995,,Spot,2,Image 1,S2P,1,623,
1.3155,,Spot,2,Image 1,S2P,1,624,
0.608258,,Spot,2,Image 1,S2P,1,625,
1.4251,,Spot,2,Image 1,S2P,1,626,
1.59651,,Spot,2,Image 1,S2P,1,627,
1.39522,,Spot,2,Image 1,S2P,1,628,
0.160284,,Spot,2,Image 1,S2P,1,629,
0.0947624,,Spot,2,Image 1,S2P,1,630,
1.27944,,Spot,2,Image 1,S2P,1,631,
2.13165,,Spot,2,Image 1,S2P,1,632,
0.371738,,Spot,2,Image 1,S2P,1,633,
2.62565,,Spot,2,Image 1,S2P,1,634,
3.45503,,Spot,2,Image 1,S2P,1,635,
3.4474,,Spot,2,Image 1,S2P,1,636,
3.09488,,Spot,2,Image 1,S2P,1,637,
1.80071,,Spot,2,Image 1,S2P,1,638,
2.07776,,Spot,2,Image 1,S2P,1,639,
2.49603,,Spot,2,Image 1,S2P,1,640,
3.87554,,Spot,2,Image 1,S2P,1,641,
2.7297,,Spot,2,Image 1,S2P,1,642,
1.74957,,Spot,2,Image 1,S2P,1,643,
1.31974,,Spot,2,Image 1,S2P,1,644,
2.88948,,Spot,2,Image 1,S2P,1,645,
3.03231,,Spot,2,Image 1,S2P,1,646,
2.11759,,Spot,2,Image 1,S2P,1,647,
2.29234,,Spot,2,Image 1,S2P,1,648,
3.0431,,Spot,2,Image 1,S2P,1,649,
2.17339,,Spot,2,Image 1,S2P,1,650,
2.77844,,Spot,2,Image 1,S2P,1,651,
1.6724,,Spot,2,Image 1,S2P,1,652,
3.77699,,Spot,2,Image 1,S2P,1,653,
2.52866,,Spot,2,Image 1,S2P,1,654,
2.78569,,Spot,2,Image 1,S2P,1,655,
2.07497,,Spot,2,Image 1,S2P,1,656,
3.09289,,Spot,2,Image 1,S2P,1,657,
2.28377,,Spot,2,Image 1,S2P,1,658,
0.0967871,,Spot,2,Image 1,S2P,1,659,
1.26351,,Spot,2,Image 1,S2P,1,660,
1.1197,,Spot,2,Image 1,S2P,1,661,
0.352818,,Spot,2,Image 1,S2P,1,662,
4.81813,,Spot,2,Image 1,S2P,1,663,
1.69409,,Spot,2,Image 1,S2P,1,664,
2.18806,,Spot,2,Image 1,S2P,1,665,
1.37164,,Spot,2,Image 1,S2P,1,666,
1.77313,,Spot,2,Image 1,S2P,1,667,
2.6515,,Spot,2,Image 1,S2P,1,668,
1.80598,,Spot,2,Image 1,S2P,1,669,
1.04714,,Spot,2,Image 1,S2P,1,670,
2.9599,,Spot,2,Image 1,S2P,1,671,
1.02164,,Spot,2,Image 1,S2P,1,672,
1.90245,,Spot,2,Image 1,S2P,1,673,
0.559434,,Spot,2,Image 1,S2P,1,674,
1.34718,,Spot,2,Image 1,S2P,1,675,
1.71645,,Spot,2,Image 1,S2P,1,676,
1.88673,,Spot,2,Image 1,S2P,1,677,
1.91598,,Spot,2,Image 1,S2P,1,678,
1.74994,,Spot,2,Image 1,S2P,1,679,
1.54125,,Spot,2,Image 1,S2P,1,680,
1.44501,,Spot,2,Image 1,S2P,1,681,
1.5391,,Spot,2,Image 1,S2P,1,682,
1.69945,,Spot,2,Image 1,S2P,1,683,
0.124044,,Spot,2,Image 1,S2P,1,684,
1.86824,,Spot,2,Image 1,S2P,1,685,
1.2769,,Spot,2,Image 1,S2P,1,686,
1.61113,,Spot,2,Image 1,S2P,1,687,
1.70627,,Spot,2,Image 1,S2P,1,688,
0.402178,,Spot,2,Image 1,S2P,1,689,
0.0845933,,Spot,2,Image 1,S2P,1,690,
0.939667,,Spot,2,Image 1,S2P,1,691,
1.15076,,Spot,2,Image 1,S2P,1,692,
0.759965,,Spot,2,Image 1,S2P,1,693,
1.98972,,Spot,2,Image 1,S2P,1,694,
0.384273,,Spot,2,Image 1,S2P,1,695,
1.94845,,Spot,2,Image 1,S2P,1,696,
0.891073,,Spot,2,Image 1,S2P,1,697,
1.49509,,Spot,2,Image 1,S2P,1,698,
1.05917,,Spot,2,Image 1,S2P,1,699,
0.489065,,Spot,2,Image 1,S2P,1,700,
1.78656,,Spot,2,Image 1,S2P,1,701,
0.892316,,Spot,2,Image 1,S2P,1,702,
1.02411,,Spot,2,Image 1,S2P,1,703,
1.57148,,Spot,2,Image 1,S2P,1,704,
1.71001,,Spot,2,Image 1,S2P,1,705,
3.39135,,Spot,2,Image 1,S2P,1,706,
0.919012,,Spot,2,Image 1,S2P,1,707,
2.14086,,Spot,2,Image 1,S2P,1,708,
0.542375,,Spot,2,Image 1,S2P,1,709,
1.18348,,Spot,2,Image 1,S2P,1,710,
1.11093,,Spot,2,Image 1,S2P,1,711,
0.85398,,Spot,2,Image 1,S2P,1,712,
2.15634,,Spot,2,Image 1,S2P,1,713,
1.61011,,Spot,2,Image 1,S2P,1,714,
1.35147,,Spot,2,Image 1,S2P,1,715,
0.502623,,Spot,2,Image 1,S2P,1,716,
0.313845,,Spot,2,Image 1,S2P,1,717,
0.737527,,Spot,2,Image 1,S2P,1,718,
4.05146,,Spot,2,Image 1,S2P,1,719,
0.591398,,Spot,2,Image 1,S2P,1,720,
0.223067,,Spot,2,Image 1,S2P,1,721,
4.21015,,Spot,2,Image 1,S2P,1,722,
4.73572,,Spot,2,Image 1,S2P,1,723,
1.12413,,Spot,2,Image 1,S2P,1,724,
0.863331,,Spot,2,Image 1,S2P,1,725,
2.41832,,Spot,2,Image 1,S2P,1,726,
2.15914,,Spot,2,Image 1,S2P,1,727,
0.856868,,Spot,2,Image 1,S2P,1,728,
0.666878,,Spot,2,Image 1,S2P,1,729,
1.34325,,Spot,2,Image 1,S2P,1,730,
2.15791,,Spot,2,Image 1,S2P,1,731,
1.44606,,Spot,2,Image 1,S2P,1,732,
1.67154,,Spot,2,Image 1,S2P,1,733,
1.71405,,Spot,2,Image 1,S2P,1,734,
0.583031,,Spot,2,Image 1,S2P,1,735,
0.068945,,Spot,2,Image 1,S2P,1,736,
1.11667,,Spot,2,Image 1,S2P,1,737,
0.491581,,Spot,2,Image 1,S2P,1,738,
2.94294,,Spot,2,Image 1,S2P,1,739,
3.5937,,Spot,2,Image 1,S2P,1,740,
2.00133,,Spot,2,Image 1,S2P,1,741,
3.75244,,Spot,2,Image 1,S2P,1,742,
1.498,,Spot,2,Image 1,S2P,1,743,
2.43979,,Spot,2,Image 1,S2P,1,744,
2.17934,,Spot,2,Image 1,S2P,1,745,
1.81212,,Spot,2,Image 1,S2P,1,746,
0.501845,,Spot,2,Image 1,S2P,1,747,
1.97634,,Spot,2,Image 1,S2P,1,748,
1.0663,,Spot,2,Image 1,S2P,1,749,
0.759211,,Spot,2,Image 1,S2P,1,750,
1.76989,,Spot,2,Image 1,S2P,1,751,
1.50573,,Spot,2,Image 1,S2P,1,752,
0.845698,,Spot,2,Image 1,S2P,1,753,
1.28153,,Spot,2,Image 1,S2P,1,754,
2.24496,,Spot,2,Image 1,S2P,1,755,
0.972568,,Spot,2,Image 1,S2P,1,756,
1.59216,,Spot,2,Image 1,S2P,1,757,
1.46572,,Spot,2,Image 1,S2P,1,758,
3.15134,,Spot,2,Image 1,S2P,1,759,
0.199657,,Spot,2,Image 1,S2P,1,760,
2.29218,,Spot,2,Image 1,S2P,1,761,
0.66779,,Spot,2,Image 1,S2P,1,762,
3.20122,,Spot,2,Image 1,S2P,1,763,
3.31475,,Spot,2,Image 1,S2P,1,764,
1.80505,,Spot,2,Image 1,S2P,1,765,
4.13612,,Spot,2,Image 1,S2P,1,766,
4.09687,,Spot,2,Image 1,S2P,1,767,
0.781189,,Spot,2,Image 1,S2P,1,768,
0.284837,,Spot,2,Image 1,S2P,1,769,
1.15467,,Spot,2,Image 1,S2P,1,770,
0.645593,,Spot,2,Image 1,S2P,1,771,
0.112117,,Spot,2,Image 1,S2P,1,772,
1.87224,,Spot,2,Image 1,S2P,1,773,
3.87152,,Spot,2,Image 1,S2P,1,774,
0.690986,,Spot,2,Image 1,S2P,1,775,
1.71445,,Spot,2,Image 1,S2P,1,776,
0.288829,,Spot,2,Image 1,S2P,1,777,
1.62197,,Spot,2,Image 1,S2P,1,778,
1.06386,,Spot,2,Image 1,S2P,1,779,
1.08847,,Spot,2,Image 1,S2P,1,780,
0.0559974,,Spot,2,Image 1,S2P,1,781,
0.762341,,Spot,2,Image 1,S2P,1,782,
1.0874,,Spot,2,Image 1,S2P,1,783,
0.0664093,,Spot,2,Image 1,S2P,1,784,
0.860329,,Spot,2,Image 1,S2P,1,785,
1.62223,,Spot,2,Image 1,S2P,1,786,
4.23394,,Spot,2,Image 1,S2P,1,787,
3.32722,,Spot,2,Image 1,S2P,1,788,
2.67389,,Spot,2,Image 1,S2P,1,789,
4.1629,,Spot,2,Image 1,S2P,1,790,
4.47943,,Spot,2,Image 1,S2P,1,791,
1.4748,,Spot,2,Image 1,S2P,1,792,
1.34777,,Spot,2,Image 1,S2P,1,793,
1.27903,,Spot,2,Image 1,S2P,1,794,
0.962743,,Spot,2,Image 1,S2P,1,795,
2.51669,,Spot,2,Image 1,S2P,1,796,
1.39037,,Spot,2,Image 1,S2P,1,797,
2.55335,,Spot,2,Image 1,S2P,1,798,
1.37523,,Spot,2,Image 1,S2P,1,799,
1.70879,,Spot,2,Image 1,S2P,1,800,
1.37923,,Spot,2,Image 1,S2P,1,801,
0.83405,,Spot,2,Image 1,S2P,1,802,
0.741134,,Spot,2,Image 1,S2P,1,803,
1.48608,,Spot,2,Image 1,S2P,1,804,
1.0023,,Spot,2,Image 1,S2P,1,805,
1.78966,,Spot,2,Image 1,S2P,1,806,
1.4737,,Spot,2,Image 1,S2P,1,807,
2.08464,,Spot,2,Image 1,S2P,1,808,
2.61556,,Spot,2,Image 1,S2P,1,809,
1.03667,,Spot,2,Image 1,S2P,1,810,
0.695481,,Spot,2,Image 1,S2P,1,811,
2.21037,,Spot,2,Image 1,S2P,1,812,
1.59787,,Spot,2,Image 1,S2P,1,813,
1.73654,,Spot,2,Image 1,S2P,1,814,
0.398471,,Spot,2,Image 1,S2P,1,815,
0.464408,,Spot,2,Image 1,S2P,1,816,
0.33526,,Spot,2,Image 1,S2P,1,817,
0.139639,,Spot,2,Image 1,S2P,1,818,
0.304309,,Spot,2,Image 1,S2P,1,819,
0.257521,,Spot,2,Image 1,S2P,1,820,
0.269337,,Spot,2,Image 1,S2P,1,821,
0.126942,,Spot,2,Image 1,S2P,1,822,
0.680524,,Spot,2,Image 1,S2P,1,823,
2.00734,,Spot,2,Image 1,S2P,1,824,
1.76791,,Spot,2,Image 1,S2P,1,825,
1.55264,,Spot,2,Image 1,S2P,1,826,
2.02651,,Spot,2,Image 1,S2P,1,827,
1.14759,,Spot,2,Image 1,S2P,1,828,
2.17349,,Spot,2,Image 1,S2P,1,829,
2.43454,,Spot,2,Image 1,S2P,1,830,
2.59599,,Spot,2,Image 1,S2P,1,831,
0.60749,,Spot,2,Image 1,S2P,1,832,
1.01043,,Spot,2,Image 1,S2P,1,833,
1.64224,,Spot,2,Image 1,S2P,1,834,
0.508039,,Spot,2,Image 1,S2P,1,835,
2.09693,,Spot,2,Image 1,S2P,1,836,
2.78806,,Spot,2,Image 1,S2P,1,837,
1.17086,,Spot,2,Image 1,S2P,1,838,
1.23813,,Spot,2,Image 1,S2P,1,839,
0.593934,,Spot,2,Image 1,S2P,1,840,
2.83758,,Spot,2,Image 1,S2P,1,841,
0.248575,,Spot,2,Image 1,S2P,1,842,
0.335673,,Spot,2,Image 1,S2P,1,843,
0.50613,,Spot,2,Image 1,S2P,1,844,
5.05824,,Spot,2,Image 1,S2P,1,845,
0.680473,,Spot,2,Image 1,S2P,1,846,
1.72666,,Spot,2,Image 1,S2P,1,847,
0.453449,,Spot,2,Image 1,S2P,1,848,
0.293853,,Spot,2,Image 1,S2P,1,849,
2.21803,,Spot,2,Image 1,S2P,1,850,
1.39792,,Spot,2,Image 1,S2P,1,851,
0.220449,,Spot,2,Image 1,S2P,1,852,
2.83197,,Spot,2,Image 1,S2P,1,853,
0.213875,,Spot,2,Image 1,S2P,1,854,
2.95248,,Spot,2,Image 1,S2P,1,855,
0.176045,,Spot,2,Image 1,S2P,1,856,
3.22534,,Spot,2,Image 1,S2P,1,857,
3.06903,,Spot,2,Image 1,S2P,1,858,
2.6241,,Spot,2,Image 1,S2P,1,859,
0.306127,,Spot,2,Image 1,S2P,1,860,
0.296173,,Spot,2,Image 1,S2P,1,861,
5.33192,,Spot,2,Image 1,S2P,1,862,
0.465409,,Spot,2,Image 1,S2P,1,863,
1.73127,,Spot,2,Image 1,S2P,1,864,
2.53239,,Spot,2,Image 1,S2P,1,865,
2.47632,,Spot,2,Image 1,S2P,1,866,
2.26773,,Spot,2,Image 1,S2P,1,867,
3.41085,,Spot,2,Image 1,S2P,1,868,
1.82448,,Spot,2,Image 1,S2P,1,869,
2.19168,,Spot,2,Image 1,S2P,1,870,
0.303609,,Spot,2,Image 1,S2P,1,871,
3.00415,,Spot,2,Image 1,S2P,1,872,
4.30782,,Spot,2,Image 1,S2P,1,873,
1.22685,,Spot,2,Image 1,S2P,1,874,
1.62644,,Spot,2,Image 1,S2P,1,875,
3.16913,,Spot,2,Image 1,S2P,1,876,
3.50903,,Spot,2,Image 1,S2P,1,877,
0.588096,,Spot,2,Image 1,S2P,1,878,
1.67632,,Spot,2,Image 1,S2P,1,879,
3.68292,,Spot,2,Image 1,S2P,1,880,
0.393344,,Spot,2,Image 1,S2P,1,881,
2.05104,,Spot,2,Image 1,S2P,1,882,
3.33207,,Spot,2,Image 1,S2P,1,883,
0.439572,,Spot,2,Image 1,S2P,1,884,
0.612818,,Spot,2,Image 1,S2P,1,885,
0.803528,,Spot,2,Image 1,S2P,1,886,
0.905669,,Spot,2,Image 1,S2P,1,887,
0.253868,,Spot,2,Image 1,S2P,1,888,
0.579446,,Spot,2,Image 1,S2P,1,889,
0.232338,,Spot,2,Image 1,S2P,1,890,
0.31172,,Spot,2,Image 1,S2P,1,891,
0.29261,,Spot,2,Image 1,S2P,1,892,
0.178597,,Spot,2,Image 1,S2P,1,893,
0.701367,,Spot,2,Image 1,S2P,1,894,
0.854451,,Spot,2,Image 1,S2P,1,895,
0.77853,,Spot,2,Image 1,S2P,1,896,
1.25194,,Spot,2,Image 1,S2P,1,897,
1.86396,,Spot,2,Image 1,S2P,1,898,
1.7589,,Spot,2,Image 1,S2P,1,899,
0.379531,,Spot,2,Image 1,S2P,1,900,
0.243976,,Spot,2,Image 1,S2P,1,901,
1.30741,,Spot,2,Image 1,S2P,1,902,
0.194446,,Spot,2,Image 1,S2P,1,903,
0.319248,,Spot,2,Image 1,S2P,1,904,
0.278894,,Spot,2,Image 1,S2P,1,905,
1.39608,,Spot,2,Image 1,S2P,1,906,
0.34343,,Spot,2,Image 1,S2P,1,907,
0.990708,,Spot,2,Image 1,S2P,1,908,
2.93706,,Spot,2,Image 1,S2P,1,909,
2.46634,,Spot,2,Image 1,S2P,1,910,
0.725632,,Spot,2,Image 1,S2P,1,911,
2.1014,,Spot,2,Image 1,S2P,1,912,
0.447249,,Spot,2,Image 1,S2P,1,913,
2.04228,,Spot,2,Image 1,S2P,1,914,
0.900373,,Spot,2,Image 1,S2P,1,915,
1.58917,,Spot,2,Image 1,S2P,1,916,
0.86625,,Spot,2,Image 1,S2P,1,917,
1.91766,,Spot,2,Image 1,S2P,1,918,
2.62455,,Spot,2,Image 1,S2P,1,919,
1.71725,,Spot,2,Image 1,S2P,1,920,
2.26707,,Spot,2,Image 1,S2P,1,921,
4.29688,,Spot,2,Image 1,S2P,1,922,
2.44896,,Spot,2,Image 1,S2P,1,923,
3.6464,,Spot,2,Image 1,S2P,1,924,
1.3357,,Spot,2,Image 1,S2P,1,925,
1.84617,,Spot,2,Image 1,S2P,1,926,
2.77644,,Spot,2,Image 1,S2P,1,927,
1.69736,,Spot,2,Image 1,S2P,1,928,
1.52615,,Spot,2,Image 1,S2P,1,929,
1.22389,,Spot,2,Image 1,S2P,1,930,
1.5358,,Spot,2,Image 1,S2P,1,931,
1.20913,,Spot,2,Image 1,S2P,1,932,
3.38916,,Spot,2,Image 1,S2P,1,933,
2.47402,,Spot,2,Image 1,S2P,1,934,
1.93952,,Spot,2,Image 1,S2P,1,935,
3.58433,,Spot,2,Image 1,S2P,1,936,
1.57491,,Spot,2,Image 1,S2P,1,937,
0.154634,,Spot,2,Image 1,S2P,1,938,
3.26572,,Spot,2,Image 1,S2P,1,939,
2.66937,,Spot,2,Image 1,S2P,1,940,
1.19242,,Spot,2,Image 1,S2P,1,941,
0.94804,,Spot,2,Image 1,S2P,1,942,
0.829811,,Spot,2,Image 1,S2P,1,943,
1.16196,,Spot,2,Image 1,S2P,1,944,
1.28121,,Spot,2,Image 1,S2P,1,945,
1.77428,,Spot,2,Image 1,S2P,1,946,
1.74178,,Spot,2,Image 1,S2P,1,947,
2.67519,,Spot,2,Image 1,S2P,1,948,
3.29525,,Spot,2,Image 1,S2P,1,949,
3.04828,,Spot,2,Image 1,S2P,1,950,
2.94353,,Spot,2,Image 1,S2P,1,951,
1.97199,,Spot,2,Image 1,S2P,1,952,
4.43988,,Spot,2,Image 1,S2P,1,953,
3.82631,,Spot,2,Image 1,S2P,1,954,
1.7127,,Spot,2,Image 1,S2P,1,955,
2.44628,,Spot,2,Image 1,S2P,1,956,
1.75807,,Spot,2,Image 1,S2P,1,957,
0.952888,,Spot,2,Image 1,S2P,1,958,
2.32985,,Spot,2,Image 1,S2P,1,959,
1.03117,,Spot,2,Image 1,S2P,1,960,
2.5712,,Spot,2,Image 1,S2P,1,961,
1.73033,,Spot,2,Image 1,S2P,1,962,
2.45707,,Spot,2,Image 1,S2P,1,963,
2.56964,,Spot,2,Image 1,S2P,1,964,
1.74145,,Spot,2,Image 1,S2P,1,965,
1.38577,,Spot,2,Image 1,S2P,1,966,
3.22501,,Spot,2,Image 1,S2P,1,967,
2.34593,,Spot,2,Image 1,S2P,1,968,
0.592531,,Spot,2,Image 1,S2P,1,969,
2.12419,,Spot,2,Image 1,S2P,1,970,
0.698359,,Spot,2,Image 1,S2P,1,971,
0.879916,,Spot,2,Image 1,S2P,1,972,
1.9306,,Spot,2,Image 1,S2P,1,973,
0.619915,,Spot,2,Image 1,S2P,1,974,
2.31784,,Spot,2,Image 1,S2P,1,975,
3.86112,,Spot,2,Image 1,S2P,1,976,
3.28961,,Spot,2,Image 1,S2P,1,977,
2.18197,,Spot,2,Image 1,S2P,1,978,
3.93725,,Spot,2,Image 1,S2P,1,979,
2.27265,,Spot,2,Image 1,S2P,1,980,
1.8415,,Spot,2,Image 1,S2P,1,981,
4.66926,,Spot,2,Image 1,S2P,1,982,
1.58676,,Spot,2,Image 1,S2P,1,983,
1.19589,,Spot,2,Image 1,S2P,1,984,
3.12321,,Spot,2,Image 1,S2P,1,985,
0.246072,,Spot,2,Image 1,S2P,1,986,
0.779165,,Spot,2,Image 1,S2P,1,987,
2.37057,,Spot,2,Image 1,S2P,1,988,
2.98031,,Spot,2,Image 1,S2P,1,989,
2.0409,,Spot,2,Image 1,S2P,1,990,
1.5572,,Spot,2,Image 1,S2P,1,991,
2.37333,,Spot,2,Image 1,S2P,1,992,
4.57376,,Spot,2,Image 1,S2P,1,993,
1.02913,,Spot,2,Image 1,S2P,1,994,
2.15673,,Spot,2,Image 1,S2P,1,995,
0.358757,,Spot,2,Image 1,S2P,1,996,
0.675973,,Spot,2,Image 1,S2P,1,997,
2.81138,,Spot,2,Image 1,S2P,1,998,
2.46494,,Spot,2,Image 1,S2P,1,999,
2.06729,,Spot,2,Image 1,S2P,1,1000,
2.2804,,Spot,2,Image 1,S2P,1,1001,
2.56361,,Spot,2,Image 1,S2P,1,1002,
0.215051,,Spot,2,Image 1,S2P,1,1003,
2.95249,,Spot,2,Image 1,S2P,1,1004,
1.62609,,Spot,2,Image 1,S2P,1,1005,
0.365172,,Spot,2,Image 1,S2P,1,1006,
0.212254,,Spot,2,Image 1,S2P,1,1007,
1.50803,,Spot,2,Image 1,S2P,1,1008,
0.315832,,Spot,2,Image 1,S2P,1,1009,
1.66996,,Spot,2,Image 1,S2P,1,1010,
2.35685,,Spot,2,Image 1,S2P,1,1011,
1.74859,,Spot,2,Image 1,S2P,1,1012,
3.03229,,Spot,2,Image 1,S2P,1,1013,
1.71637,,Spot,2,Image 1,S2P,1,1014,
2.02065,,Spot,2,Image 1,S2P,1,1015,
1.02205,,Spot,2,Image 1,S2P,1,1016,
0.472603,,Spot,2,Image 1,S2P,1,1017,
0.204172,,Spot,2,Image 1,S2P,1,1018,
4.97272,,Spot,2,Image 1,S2P,1,1019,
1.13101,,Spot,2,Image 1,S2P,1,1020,
1.8966,,Spot,2,Image 1,S2P,1,1021,
0.162818,,Spot,2,Image 1,S2P,1,1022,
1.91428,,Spot,2,Image 1,S2P,1,1023,
0.207536,,Spot,2,Image 1,S2P,1,1024,
1.90074,,Spot,2,Image 1,S2P,1,1025,
2.76207,,Spot,2,Image 1,S2P,1,1026,
3.16916,,Spot,2,Image 1,S2P,1,1027,
1.88075,,Spot,2,Image 1,S2P,1,1028,
0.25069,,Spot,2,Image 1,S2P,1,1029,
0.884711,,Spot,2,Image 1,S2P,1,1030,
0.210375,,Spot,2,Image 1,S2P,1,1031,
1.98981,,Spot,2,Image 1,S2P,1,1032,
0.297356,,Spot,2,Image 1,S2P,1,1033,
0.233176,,Spot,2,Image 1,S2P,1,1034,
1.26778,,Spot,2,Image 1,S2P,1,1035,
0.0806794,,Spot,2,Image 1,S2P,1,1036,
1.26114,,Spot,2,Image 1,S2P,1,1037,
1.52145,,Spot,2,Image 1,S2P,1,1038,
1.40193,,Spot,2,Image 1,S2P,1,1039,
1.44875,,Spot,2,Image 1,S2P,1,1040,
0.788269,,Spot,2,Image 1,S2P,1,1041,
1.41488,,Spot,2,Image 1,S2P,1,1042,
1.3026,,Spot,2,Image 1,S2P,1,1043,
1.31263,,Spot,2,Image 1,S2P,1,1044,
2.44355,,Spot,2,Image 1,S2P,1,1045,
2.2183,,Spot,2,Image 1,S2P,1,1046,
0.258878,,Spot,2,Image 1,S2P,1,1047,
0.193256,,Spot,2,Image 1,S2P,1,1048,
0.48921,,Spot,2,Image 1,S2P,1,1049,
0.278224,,Spot,2,Image 1,S2P,1,1050,
1.16795,,Spot,2,Image 1,S2P,1,1051,
0.122626,,Spot,2,Image 1,S2P,1,1052,
1.30069,,Spot,2,Image 1,S2P,1,1053,
0.22066,,Spot,2,Image 1,S2P,1,1054,
1.48058,,Spot,2,Image 1,S2P,1,1055,
3.315,,Spot,2,Image 1,S2P,1,1056,
2.33194,,Spot,2,Image 1,S2P,1,1057,
0.720986,,Spot,2,Image 1,S2P,1,1058,
2.21749,,Spot,2,Image 1,S2P,1,1059,
2.35603,,Spot,2,Image 1,S2P,1,1060,
0.207741,,Spot,2,Image 1,S2P,1,1061,
3.82758,,Spot,2,Image 1,S2P,1,1062,
3.20542,,Spot,2,Image 1,S2P,1,1063,
0.226318,,Spot,2,Image 1,S2P,1,1064,
2.3544,,Spot,2,Image 1,S2P,1,1065,
0.233566,,Spot,2,Image 1,S2P,1,1066,
0.235344,,Spot,2,Image 1,S2P,1,1067,
0.344977,,Spot,2,Image 1,S2P,1,1068,
0.271312,,Spot,2,Image 1,S2P,1,1069,
1.41584,,Spot,2,Image 1,S2P,1,1070,
1.49069,,Spot,2,Image 1,S2P,1,1071,
3.65256,,Spot,2,Image 1,S2P,1,1072,
2.18049,,Spot,2,Image 1,S2P,1,1073,
1.55654,,Spot,2,Image 1,S2P,1,1074,
2.73165,,Spot,2,Image 1,S2P,1,1075,
0.141033,,Spot,2,Image 1,S2P,1,1076,
0.799582,,Spot,2,Image 1,S2P,1,1077,
0.171733,,Spot,2,Image 1,S2P,1,1078,
0.220723,,Spot,2,Image 1,S2P,1,1079,
0.387994,,Spot,2,Image 1,S2P,1,1080,
0.129555,,Spot,2,Image 1,S2P,1,1081,
2.18348,,Spot,2,Image 1,S2P,1,1082,
1.61506,,Spot,2,Image 1,S2P,1,1083,
2.52136,,Spot,2,Image 1,S2P,1,1084,
2.03467,,Spot,2,Image 1,S2P,1,1085,
2.27591,,Spot,2,Image 1,S2P,1,1086,
0.383397,,Spot,2,Image 1,S2P,1,1087,
1.38426,,Spot,2,Image 1,S2P,1,1088,
0.331626,,Spot,2,Image 1,S2P,1,1089,
2.10804,,Spot,2,Image 1,S2P,1,1090,
0.235089,,Spot,2,Image 1,S2P,1,1091,
2.26102,,Spot,2,Image 1,S2P,1,1092,
0.203732,,Spot,2,Image 1,S2P,1,1093,
2.45255,,Spot,2,Image 1,S2P,1,1094,
2.44276,,Spot,2,Image 1,S2P,1,1095,
1.66266,,Spot,2,Image 1,S2P,1,1096,
0.380807,,Spot,2,Image 1,S2P,1,1097,
1.03944,,Spot,2,Image 1,S2P,1,1098,
0.259247,,Spot,2,Image 1,S2P,1,1099,
0.234716,,Spot,2,Image 1,S2P,1,1100,
2.00372,,Spot,2,Image 1,S2P,1,1101,
4.72776,,Spot,2,Image 1,S2P,1,1102,
3.05374,,Spot,2,Image 1,S2P,1,1103,
2.7463,,Spot,2,Image 1,S2P,1,1104,
1.88949,,Spot,2,Image 1,S2P,1,1105,
4.13021,,Spot,2,Image 1,S2P,1,1106,
3.13971,,Spot,2,Image 1,S2P,1,1107,
2.93697,,Spot,2,Image 1,S2P,1,1108,
0.978272,,Spot,2,Image 1,S2P,1,1109,
5.43328,,Spot,2,Image 1,S2P,1,1110,
2.51958,,Spot,2,Image 1,S2P,1,1111,
2.46248,,Spot,2,Image 1,S2P,1,1112,
2.78201,,Spot,2,Image 1,S2P,1,1113,
1.56311,,Spot,2,Image 1,S2P,1,1114,
3.33705,,Spot,2,Image 1,S2P,1,1115,
3.12481,,Spot,2,Image 1,S2P,1,1116,
1.17425,,Spot,2,Image 1,S2P,1,1117,
1.55431,,Spot,2,Image 1,S2P,1,1118,
3.43998,,Spot,2,Image 1,S2P,1,1119,
2.02094,,Spot,2,Image 1,S2P,1,1120,
1.45848,,Spot,2,Image 1,S2P,1,1121,
2.5125,,Spot,2,Image 1,S2P,1,1122,
2.07269,,Spot,2,Image 1,S2P,1,1123,
2.21036,,Spot,2,Image 1,S2P,1,1124,
3.28842,,Spot,2,Image 1,S2P,1,1125,
2.21952,,Spot,2,Image 1,S2P,1,1126,
3.99566,,Spot,2,Image 1,S2P,1,1127,
2.35073,,Spot,2,Image 1,S2P,1,1128,
2.18088,,Spot,2,Image 1,S2P,1,1129,
3.60194,,Spot,2,Image 1,S2P,1,1130,
2.15601,,Spot,2,Image 1,S2P,1,1131,
3.71177,,Spot,2,Image 1,S2P,1,1132,
0.70035,,Spot,2,Image 1,S2P,1,1133,
2.86635,,Spot,2,Image 1,S2P,1,1134,
3.19399,,Spot,2,Image 1,S2P,1,1135,
1.77119,,Spot,2,Image 1,S2P,1,1136,
0.50847,,Spot,2,Image 1,S2P,1,1137,
0.591568,,Spot,2,Image 1,S2P,1,1138,
0.590949,,Spot,2,Image 1,S2P,1,1139,
0.259382,,Spot,2,Image 1,S2P,1,1140,
0.907866,,Spot,2,Image 1,S2P,1,1141,
1.08217,,Spot,2,Image 1,S2P,1,1142,
2.96099,,Spot,2,Image 1,S2P,1,1143,
2.01755,,Spot,2,Image 1,S2P,1,1144,
1.26201,,Spot,2,Image 1,S2P,1,1145,
0.669316,,Spot,2,Image 1,S2P,1,1146,
1.15528,,Spot,2,Image 1,S2P,1,1147,
0.461412,,Spot,2,Image 1,S2P,1,1148,
1.37555,,Spot,2,Image 1,S2P,1,1149,
1.15547,,Spot,2,Image 1,S2P,1,1150,
1.51477,,Spot,2,Image 1,S2P,1,1151,
0.460282,,Spot,2,Image 1,S2P,1,1152,
0.635333,,Spot,2,Image 1,S2P,1,1153,
2.55842,,Spot,2,Image 1,S2P,1,1154,
3.52275,,Spot,2,Image 1,S2P,1,1155,
3.07178,,Spot,2,Image 1,S2P,1,1156,
0.948247,,Spot,2,Image 1,S2P,1,1157,
0.375414,,Spot,2,Image 1,S2P,1,1158,
2.13553,,Spot,2,Image 1,S2P,1,1159,
1.43623,,Spot,2,Image 1,S2P,1,1160,
2.17276,,Spot,2,Image 1,S2P,1,1161,
2.41641,,Spot,2,Image 1,S2P,1,1162,
1.79839,,Spot,2,Image 1,S2P,1,1163,
2.03766,,Spot,2,Image 1,S2P,1,1164,
1.67264,,Spot,2,Image 1,S2P,1,1165,
0.967179,,Spot,2,Image 1,S2P,1,1166,
4.48461,,Spot,2,Image 1,S2P,1,1167,
2.75703,,Spot,2,Image 1,S2P,1,1168,
2.38855,,Spot,2,Image 1,S2P,1,1169,
1.83849,,Spot,2,Image 1,S2P,1,1170,
0.20311,,Spot,2,Image 1,S2P,1,1171,
3.56721,,Spot,2,Image 1,S2P,1,1172,
1.94331,,Spot,2,Image 1,S2P,1,1173,
1.78856,,Spot,2,Image 1,S2P,1,1174,
2.30764,,Spot,2,Image 1,S2P,1,1175,
1.43379,,Spot,2,Image 1,S2P,1,1176,
2.09315,,Spot,2,Image 1,S2P,1,1177,
0.899415,,Spot,2,Image 1,S2P,1,1178,
0.777072,,Spot,2,Image 1,S2P,1,1179,
1.65571,,Spot,2,Image 1,S2P,1,1180,
1.78968,,Spot,2,Image 1,S2P,1,1181,
1.13727,,Spot,2,Image 1,S2P,1,1182,
0.526471,,Spot,2,Image 1,S2P,1,1183,
4.37306,,Spot,2,Image 1,S2P,1,1184,
1.81008,,Spot,2,Image 1,S2P,1,1185,
3.48397,,Spot,2,Image 1,S2P,1,1186,
1.91685,,Spot,2,Image 1,S2P,1,1187,
0.788606,,Spot,2,Image 1,S2P,1,1188,
2.68104,,Spot,2,Image 1,S2P,1,1189,
0.952912,,Spot,2,Image 1,S2P,1,1190,
0.57343,,Spot,2,Image 1,S2P,1,1191,
1.12774,,Spot,2,Image 1,S2P,1,1192,
4.03268,,Spot,2,Image 1,S2P,1,1193,
0.8972,,Spot,2,Image 1,S2P,1,1194,
1.88136,,Spot,2,Image 1,S2P,1,1195,
0.368903,,Spot,2,Image 1,S2P,1,1196,
1.53749,,Spot,2,Image 1,S2P,1,1197,
2.78434,,Spot,2,Image 1,S2P,1,1198,
3.60134,,Spot,2,Image 1,S2P,1,1199,
1.10728,,Spot,2,Image 1,S2P,1,1200,
0.468509,,Spot,2,Image 1,S2P,1,1201,
1.8072,,Spot,2,Image 1,S2P,1,1202,
1.07934,,Spot,2,Image 1,S2P,1,1203,
2.52651,,Spot,2,Image 1,S2P,1,1204,
2.67956,,Spot,2,Image 1,S2P,1,1205,
1.51815,,Spot,2,Image 1,S2P,1,1206,
3.1754,,Spot,2,Image 1,S2P,1,1207,
2.4149,,Spot,2,Image 1,S2P,1,1208,
2.58524,,Spot,2,Image 1,S2P,1,1209,
2.81185,,Spot,2,Image 1,S2P,1,1210,
2.89835,,Spot,2,Image 1,S2P,1,1211,
2.24083,,Spot,2,Image 1,S2P,1,1212,
2.27671,,Spot,2,Image 1,S2P,1,1213,
2.09485,,Spot,2,Image 1,S2P,1,1214,
2.95578,,Spot,2,Image 1,S2P,1,1215,
2.43272,,Spot,2,Image 1,S2P,1,1216,
3.68485,,Spot,2,Image 1,S2P,1,1217,
1.97268,,Spot,2,Image 1,S2P,1,1218,
1.48231,,Spot,2,Image 1,S2P,1,1219,
2.68279,,Spot,2,Image 1,S2P,1,1220,
0.567456,,Spot,2,Image 1,S2P,1,1221,
1.64506,,Spot,2,Image 1,S2P,1,1222,
1.34926,,Spot,2,Image 1,S2P,1,1223,
1.6816,,Spot,2,Image 1,S2P,1,1224,
2.72169,,Spot,2,Image 1,S2P,1,1225,
0.962096,,Spot,2,Image 1,S2P,1,1226,
3.14235,,Spot,2,Image 1,S2P,1,1227,
3.19906,,Spot,2,Image 1,S2P,1,1228,
2.63834,,Spot,2,Image 1,S2P,1,1229,
1.24198,,Spot,2,Image 1,S2P,1,1230,
1.01579,,Spot,2,Image 1,S2P,1,1231,
2.57156,,Spot,2,Image 1,S2P,1,1232,
3.05732,,Spot,2,Image 1,S2P,1,1233,
4.04365,,Spot,2,Image 1,S2P,1,1234,
0.354377,,Spot,2,Image 1,S2P,1,1235,
1.86535,,Spot,2,Image 1,S2P,1,1236,
2.34731,,Spot,2,Image 1,S2P,1,1237,
3.66637,,Spot,2,Image 1,S2P,1,1238,
3.72606,,Spot,2,Image 1,S2P,1,1239,
4.65026,,Spot,2,Image 1,S2P,1,1240,
3.68367,,Spot,2,Image 1,S2P,1,1241,
2.05859,,Spot,2,Image 1,S2P,1,1242,
1.19568,,Spot,2,Image 1,S2P,1,1243,
2.06123,,Spot,2,Image 1,S2P,1,1244,
0.82653,,Spot,2,Image 1,S2P,1,1245,
2.08904,,Spot,2,Image 1,S2P,1,1246,
1.04491,,Spot,2,Image 1,S2P,1,1247,
1.85559,,Spot,2,Image 1,S2P,1,1248,
3.41603,,Spot,2,Image 1,S2P,1,1249,
3.91161,,Spot,2,Image 1,S2P,1,1250,
4.52958,,Spot,2,Image 1,S2P,1,1251,
1.09978,,Spot,2,Image 1,S2P,1,1252,
1.43002,,Spot,2,Image 1,S2P,1,1253,
3.41903,,Spot,2,Image 1,S2P,1,1254,
2.66852,,Spot,2,Image 1,S2P,1,1255,
2.87371,,Spot,2,Image 1,S2P,1,1256,
3.46549,,Spot,2,Image 1,S2P,1,1257,
0.986915,,Spot,2,Image 1,S2P,1,1258,
4.13801,,Spot,2,Image 1,S2P,1,1259,
2.53614,,Spot,2,Image 1,S2P,1,1260,
1.98561,,Spot,2,Image 1,S2P,1,1261,
2.13648,,Spot,2,Image 1,S2P,1,1262,
2.31709,,Spot,2,Image 1,S2P,1,1263,
2.80597,,Spot,2,Image 1,S2P,1,1264,
3.35041,,Spot,2,Image 1,S2P,1,1265,
3.42969,,Spot,2,Image 1,S2P,1,1266,
2.46878,,Spot,2,Image 1,S2P,1,1267,
2.76393,,Spot,2,Image 1,S2P,1,1268,
0.826131,,Spot,2,Image 1,S2P,1,1269,
1.46939,,Spot,2,Image 1,S2P,1,1270,
3.28487,,Spot,2,Image 1,S2P,1,1271,
2.22774,,Spot,2,Image 1,S2P,1,1272,
3.09987,,Spot,2,Image 1,S2P,1,1273,
3.15278,,Spot,2,Image 1,S2P,1,1274,
2.53587,,Spot,2,Image 1,S2P,1,1275,
0.857021,,Spot,2,Image 1,S2P,1,1276,
2.66743,,Spot,2,Image 1,S2P,1,1277,
0.310646,,Spot,2,Image 1,S2P,1,1278,
2.50047,,Spot,2,Image 1,S2P,1,1279,
1.70301,,Spot,2,Image 1,S2P,1,1280,
3.42002,,Spot,2,Image 1,S2P,1,1281,
2.06763,,Spot,2,Image 1,S2P,1,1282,
0.719392,,Spot,2,Image 1,S2P,1,1283,
0.501392,,Spot,2,Image 1,S2P,1,1284,
0.379157,,Spot,2,Image 1,S2P,1,1285,
0.28278,,Spot,2,Image 1,S2P,1,1286,
0.232568,,Spot,2,Image 1,S2P,1,1287,
0.216655,,Spot,2,Image 1,S2P,1,1288,
0.604058,,Spot,2,Image 1,S2P,1,1289,
1.80223,,Spot,2,Image 1,S2P,1,1290,
0.28962,,Spot,2,Image 1,S2P,1,1291,
1.28941,,Spot,2,Image 1,S2P,1,1292,
0.283857,,Spot,2,Image 1,S2P,1,1293,
0.41508,,Spot,2,Image 1,S2P,1,1294,
0.322583,,Spot,2,Image 1,S2P,1,1295,
0.414121,,Spot,2,Image 1,S2P,1,1296,
1.69764,,Spot,2,Image 1,S2P,1,1297,
1.97322,,Spot,2,Image 1,S2P,1,1298,
0.236478,,Spot,2,Image 1,S2P,1,1299,
0.149205,,Spot,2,Image 1,S2P,1,1300,
0.608891,,Spot,2,Image 1,S2P,1,1301,
0.989897,,Spot,2,Image 1,S2P,1,1302,
0.392473,,Spot,2,Image 1,S2P,1,1303,
1.44735,,Spot,2,Image 1,S2P,1,1304,
1.42593,,Spot,2,Image 1,S2P,1,1305,
2.0968,,Spot,2,Image 1,S2P,1,1306,
0.314838,,Spot,2,Image 1,S2P,1,1307,
0.128397,,Spot,2,Image 1,S2P,1,1308,
1.98956,,Spot,2,Image 1,S2P,1,1309,
2.06726,,Spot,2,Image 1,S2P,1,1310,
1.73156,,Spot,2,Image 1,S2P,1,1311,
0.194228,,Spot,2,Image 1,S2P,1,1312,
0.214257,,Spot,2,Image 1,S2P,1,1313,
2.18969,,Spot,2,Image 1,S2P,1,1314,
0.26326,,Spot,2,Image 1,S2P,1,1315,
1.52593,,Spot,2,Image 1,S2P,1,1316,
0.28124,,Spot,2,Image 1,S2P,1,1317,
0.362358,,Spot,2,Image 1,S2P,1,1318,
0.315543,,Spot,2,Image 1,S2P,1,1319,
0.344928,,Spot,2,Image 1,S2P,1,1320,
1.55958,,Spot,2,Image 1,S2P,1,1321,
0.932262,,Spot,2,Image 1,S2P,1,1322,
2.28444,,Spot,2,Image 1,S2P,1,1323,
0.239797,,Spot,2,Image 1,S2P,1,1324,
1.54603,,Spot,2,Image 1,S2P,1,1325,
0.259944,,Spot,2,Image 1,S2P,1,1326,
0.326771,,Spot,2,Image 1,S2P,1,1327,
0.22304,,Spot,2,Image 1,S2P,1,1328,
0.245371,,Spot,2,Image 1,S2P,1,1329,
0.497415,,Spot,2,Image 1,S2P,1,1330,
0.631892,,Spot,2,Image 1,S2P,1,1331,
1.20017,,Spot,2,Image 1,S2P,1,1332,
0.360909,,Spot,2,Image 1,S2P,1,1333,
0.260876,,Spot,2,Image 1,S2P,1,1334,
0.899314,,Spot,2,Image 1,S2P,1,1335,
1.41026,,Spot,2,Image 1,S2P,1,1336,
0.865473,,Spot,2,Image 1,S2P,1,1337,
0.961424,,Spot,2,Image 1,S2P,1,1338,
2.39745,,Spot,2,Image 1,S2P,1,1339,
1.30907,,Spot,2,Image 1,S2P,1,1340,
1.76194,,Spot,2,Image 1,S2P,1,1341,
0.205781,,Spot,2,Image 1,S2P,1,1342,
1.16332,,Spot,2,Image 1,S2P,1,1343,
1.06543,,Spot,2,Image 1,S2P,1,1344,
0.254259,,Spot,2,Image 1,S2P,1,1345,
0.539353,,Spot,2,Image 1,S2P,1,1346,
1.64706,,Spot,2,Image 1,S2P,1,1347,
2.76434,,Spot,2,Image 1,S2P,1,1348,
1.13279,,Spot,2,Image 1,S2P,1,1349,
3.00008,,Spot,2,Image 1,S2P,1,1350,
1.6386,,Spot,2,Image 1,S2P,1,1351,
0.632157,,Spot,2,Image 1,S2P,1,1352,
0.46335,,Spot,2,Image 1,S2P,1,1353,
2.01001,,Spot,2,Image 1,S2P,1,1354,
0.658269,,Spot,2,Image 1,S2P,1,1355,
0.182437,,Spot,2,Image 1,S2P,1,1356,
1.51985,,Spot,2,Image 1,S2P,1,1357,
0.331158,,Spot,2,Image 1,S2P,1,1358,
0.777619,,Spot,2,Image 1,S2P,1,1359,
0.239202,,Spot,2,Image 1,S2P,1,1360,
1.40562,,Spot,2,Image 1,S2P,1,1361,
1.8011,,Spot,2,Image 1,S2P,1,1362,
0.933779,,Spot,2,Image 1,S2P,1,1363,
0.844213,,Spot,2,Image 1,S2P,1,1364,
2.5569,,Spot,2,Image 1,S2P,1,1365,
0.751604,,Spot,2,Image 1,S2P,1,1366,
1.91749,,Spot,2,Image 1,S2P,1,1367,
0.380787,,Spot,2,Image 1,S2P,1,1368,
1.04033,,Spot,2,Image 1,S2P,1,1369,
2.38548,,Spot,2,Image 1,S2P,1,1370,
0.866931,,Spot,2,Image 1,S2P,1,1371,
0.313142,,Spot,2,Image 1,S2P,1,1372,
0.622168,,Spot,2,Image 1,S2P,1,1373,
1.17425,,Spot,2,Image 1,S2P,1,1374,
1.44532,,Spot,2,Image 1,S2P,1,1375,
1.44474,,Spot,2,Image 1,S2P,1,1376,
1.09138,,Spot,2,Image 1,S2P,1,1377,
1.37547,,Spot,2,Image 1,S2P,1,1378,
0.764371,,Spot,2,Image 1,S2P,1,1379,
1.52069,,Spot,2,Image 1,S2P,1,1380,
2.4467,,Spot,2,Image 1,S2P,1,1381,
0.298018,,Spot,2,Image 1,S2P,1,1382,
0.271728,,Spot,2,Image 1,S2P,1,1383,
1.2913,,Spot,2,Image 1,S2P,1,1384,
0.277827,,Spot,2,Image 1,S2P,1,1385,
1.60145,,Spot,2,Image 1,S2P,1,1386,
1.42126,,Spot,2,Image 1,S2P,1,1387,
1.75146,,Spot,2,Image 1,S2P,1,1388,
0.155111,,Spot,2,Image 1,S2P,1,1389,
0.280949,,Spot,2,Image 1,S2P,1,1390,
0.301162,,Spot,2,Image 1,S2P,1,1391,
0.300917,,Spot,2,Image 1,S2P,1,1392,
0.261341,,Spot,2,Image 1,S2P,1,1393,
1.66231,,Spot,2,Image 1,S2P,1,1394,
1.20461,,Spot,2,Image 1,S2P,1,1395,
2.35861,,Spot,2,Image 1,S2P,1,1396,
0.266991,,Spot,2,Image 1,S2P,1,1397,
1.21436,,Spot,2,Image 1,S2P,1,1398,
0.240688,,Spot,2,Image 1,S2P,1,1399,
1.6987,,Spot,2,Image 1,S2P,1,1400,
0.191423,,Spot,2,Image 1,S2P,1,1401,
0.142022,,Spot,2,Image 1,S2P,1,1402,
0.314026,,Spot,2,Image 1,S2P,1,1403,
1.61144,,Spot,2,Image 1,S2P,1,1404,
0.17127,,Spot,2,Image 1,S2P,1,1405,
2.64002,,Spot,2,Image 1,S2P,1,1406,
2.38722,,Spot,2,Image 1,S2P,1,1407,
5.41073,,Spot,2,Image 1,S2P,1,1408,
1.98712,,Spot,2,Image 1,S2P,1,1409,
1.22625,,Spot,2,Image 1,S2P,1,1410,
2.83949,,Spot,2,Image 1,S2P,1,1411,
2.60425,,Spot,2,Image 1,S2P,1,1412,
0.256213,,Spot,2,Image 1,S2P,1,1413,
0.150679,,Spot,2,Image 1,S2P,1,1414,
0.2583,,Spot,2,Image 1,S2P,1,1415,
0.0996734,,Spot,2,Image 1,S2P,1,1416,
2.03001,,Spot,2,Image 1,S2P,1,1417,
0.141987,,Spot,2,Image 1,S2P,1,1418,
0.170782,,Spot,2,Image 1,S2P,1,1419,
2.23846,,Spot,2,Image 1,S2P,1,1420,
0.27322,,Spot,2,Image 1,S2P,1,1421,
5.90429,,Spot,2,Image 1,S2P,1,1422,
6.75126,,Spot,2,Image 1,S2P,1,1423,
2.63211,,Spot,2,Image 1,S2P,1,1424,
0.30027,,Spot,2,Image 1,S2P,1,1425,
4.12945,,Spot,2,Image 1,S2P,1,1426,
0.323376,,Spot,2,Image 1,S2P,1,1427,
0.15021,,Spot,2,Image 1,S2P,1,1428,
0.351572,,Spot,2,Image 1,S2P,1,1429,
0.292843,,Spot,2,Image 1,S2P,1,1430,
0.0415059,,Spot,2,Image 1,S2P,1,1431,
0.214984,,Spot,2,Image 1,S2P,1,1432,
2.0112,,Spot,2,Image 1,S2P,1,1433,
1.46285,,Spot,2,Image 1,S2P,1,1434,
1.73752,,Spot,2,Image 1,S2P,1,1435,
1.95261,,Spot,2,Image 1,S2P,1,1436,
0.624338,,Spot,2,Image 1,S2P,1,1437,
0.237675,,Spot,2,Image 1,S2P,1,1438,
0.192459,,Spot,2,Image 1,S2P,1,1439,
0.229019,,Spot,2,Image 1,S2P,1,1440,
2.66456,,Spot,2,Image 1,S2P,1,1441,
0.169598,,Spot,2,Image 1,S2P,1,1442,
0.142554,,Spot,2,Image 1,S2P,1,1443,
0.378826,,Spot,2,Image 1,S2P,1,1444,
0.828227,,Spot,2,Image 1,S2P,1,1445,
0.0831305,,Spot,2,Image 1,S2P,1,1446,
0.744811,,Spot,2,Image 1,S2P,1,1447,
0.286456,,Spot,2,Image 1,S2P,1,1448,
1.19544,,Spot,2,Image 1,S2P,1,1449,
1.79568,,Spot,2,Image 1,S2P,1,1450,
1.61595,,Spot,2,Image 1,S2P,1,1451,
1.22689,,Spot,2,Image 1,S2P,1,1452,
1.51951,,Spot,2,Image 1,S2P,1,1453,
1.29025,,Spot,2,Image 1,S2P,1,1454,
0.6879,,Spot,2,Image 1,S2P,1,1455,
1.63298,,Spot,2,Image 1,S2P,1,1456,
1.4934,,Spot,2,Image 1,S2P,1,1457,
1.64101,,Spot,2,Image 1,S2P,1,1458,
0.1052,,Spot,2,Image 1,S2P,1,1459,
0.126836,,Spot,2,Image 1,S2P,1,1460,
0.293219,,Spot,2,Image 1,S2P,1,1461,
0.300094,,Spot,2,Image 1,S2P,1,1462,
2.13394,,Spot,2,Image 1,S2P,1,1463,
2.78466,,Spot,2,Image 1,S2P,1,1464,
1.09089,,Spot,2,Image 1,S2P,1,1465,
3.17788,,Spot,2,Image 1,S2P,1,1466,
0.265707,,Spot,2,Image 1,S2P,1,1467,
1.79316,,Spot,2,Image 1,S2P,1,1468,
1.89464,,Spot,2,Image 1,S2P,1,1469,
2.57713,,Spot,2,Image 1,S2P,1,1470,
1.53603,,Spot,2,Image 1,S2P,1,1471,
0.927203,,Spot,2,Image 1,S2P,1,1472,
1.50085,,Spot,2,Image 1,S2P,1,1473,
2.11952,,Spot,2,Image 1,S2P,1,1474,
0.164868,,Spot,2,Image 1,S2P,1,1475,
0.43486,,Spot,2,Image 1,S2P,1,1476,
0.511885,,Spot,2,Image 1,S2P,1,1477,
1.02467,,Spot,2,Image 1,S2P,1,1478,
0.478884,,Spot,2,Image 1,S2P,1,1479,
0.37206,,Spot,2,Image 1,S2P,1,1480,
1.64667,,Spot,2,Image 1,S2P,1,1481,
1.85251,,Spot,2,Image 1,S2P,1,1482,
2.37792,,Spot,2,Image 1,S2P,1,1483,
2.5897,,Spot,2,Image 1,S2P,1,1484,
1.22679,,Spot,2,Image 1,S2P,1,1485,
0.816172,,Spot,2,Image 1,S2P,1,1486,
0.427676,,Spot,2,Image 1,S2P,1,1487,
0.220214,,Spot,2,Image 1,S2P,1,1488,
0.343853,,Spot,2,Image 1,S2P,1,1489,
0.208348,,Spot,2,Image 1,S2P,1,1490,
1.72731,,Spot,2,Image 1,S2P,1,1491,
0.0607808,,Spot,2,Image 1,S2P,1,1492,
0.260529,,Spot,2,Image 1,S2P,1,1493,
3.42726,,Spot,2,Image 1,S2P,1,1494,
0.500964,,Spot,2,Image 1,S2P,1,1495,
1.47552,,Spot,2,Image 1,S2P,1,1496,
1.63457,,Spot,2,Image 1,S2P,1,1497,
1.56707,,Spot,2,Image 1,S2P,1,1498,
1.63928,,Spot,2,Image 1,S2P,1,1499,
1.7045,,Spot,2,Image 1,S2P,1,1500,
0.710145,,Spot,2,Image 1,S2P,1,1501,
0.366913,,Spot,2,Image 1,S2P,1,1502,
0.224576,,Spot,2,Image 1,S2P,1,1503,
1.58224,,Spot,2,Image 1,S2P,1,1504,
0.510056,,Spot,2,Image 1,S2P,1,1505,
0.397122,,Spot,2,Image 1,S2P,1,1506,
0.450776,,Spot,2,Image 1,S2P,1,1507,
0.605142,,Spot,2,Image 1,S2P,1,1508,
0.785839,,Spot,2,Image 1,S2P,1,1509,
1.24137,,Spot,2,Image 1,S2P,1,1510,
1.37853,,Spot,2,Image 1,S2P,1,1511,
1.80209,,Spot,2,Image 1,S2P,1,1512,
0.501618,,Spot,2,Image 1,S2P,1,1513,
1.02638,,Spot,2,Image 1,S2P,1,1514,
3.99984,,Spot,2,Image 1,S2P,1,1515,
1.01413,,Spot,2,Image 1,S2P,1,1516,
0.392303,,Spot,2,Image 1,S2P,1,1517,
1.82024,,Spot,2,Image 1,S2P,1,1518,
2.269,,Spot,2,Image 1,S2P,1,1519,
0.514085,,Spot,2,Image 1,S2P,1,1520,
1.0796,,Spot,2,Image 1,S2P,1,1521,
1.01524,,Spot,2,Image 1,S2P,1,1522,
0.665951,,Spot,2,Image 1,S2P,1,1523,
0.493496,,Spot,2,Image 1,S2P,1,1524,
1.97781,,Spot,2,Image 1,S2P,1,1525,
0.327856,,Spot,2,Image 1,S2P,1,1526,
0.224472,,Spot,2,Image 1,S2P,1,1527,
2.35729,,Spot,2,Image 1,S2P,1,1528,
0.712252,,Spot,2,Image 1,S2P,1,1529,
1.78327,,Spot,2,Image 1,S2P,1,1530,
0.210026,,Spot,2,Image 1,S2P,1,1531,
0.289458,,Spot,2,Image 1,S2P,1,1532,
2.47304,,Spot,2,Image 1,S2P,1,1533,
0.95953,,Spot,2,Image 1,S2P,1,1534,
1.7752,,Spot,2,Image 1,S2P,1,1535,
1.02716,,Spot,2,Image 1,S2P,1,1536,
0.580853,,Spot,2,Image 1,S2P,1,1537,
0.525843,,Spot,2,Image 1,S2P,1,1538,
2.03887,,Spot,2,Image 1,S2P,1,1539,
1.41658,,Spot,2,Image 1,S2P,1,1540,
3.82975,,Spot,2,Image 1,S2P,1,1541,
0.688149,,Spot,2,Image 1,S2P,1,1542,
1.48192,,Spot,2,Image 1,S2P,1,1543,
0.354101,,Spot,2,Image 1,S2P,1,1544,
0.35738,,Spot,2,Image 1,S2P,1,1545,
0.293852,,Spot,2,Image 1,S2P,1,1546,
2.46194,,Spot,2,Image 1,S2P,1,1547,
1.38581,,Spot,2,Image 1,S2P,1,1548,
1.01844,,Spot,2,Image 1,S2P,1,1549,
0.329583,,Spot,2,Image 1,S2P,1,1550,
0.517681,,Spot,2,Image 1,S2P,1,1551,
0.630641,,Spot,2,Image 1,S2P,1,1552,
3.58882,,Spot,2,Image 1,S2P,1,1553,
2.23854,,Spot,2,Image 1,S2P,1,1554,
2.65689,,Spot,2,Image 1,S2P,1,1555,
2.46424,,Spot,2,Image 1,S2P,1,1556,
1.85112,,Spot,2,Image 1,S2P,1,1557,
2.25332,,Spot,2,Image 1,S2P,1,1558,
1.47497,,Spot,2,Image 1,S2P,1,1559,
2.22617,,Spot,2,Image 1,S2P,1,1560,
1.24546,,Spot,2,Image 1,S2P,1,1561,
0.406079,,Spot,2,Image 1,S2P,1,1562,
0.115887,,Spot,2,Image 1,S2P,1,1563,
1.1385,,Spot,2,Image 1,S2P,1,1564,
0.291032,,Spot,2,Image 1,S2P,1,1565,
0.42952,,Spot,2,Image 1,S2P,1,1566,
0.21328,,Spot,2,Image 1,S2P,1,1567,
2.20045,,Spot,2,Image 1,S2P,1,1568,
2.69586,,Spot,2,Image 1,S2P,1,1569,
1.28082,,Spot,2,Image 1,S2P,1,1570,
1.01914,,Spot,2,Image 1,S2P,1,1571,
0.924202,,Spot,2,Image 1,S2P,1,1572,
1.85632,,Spot,2,Image 1,S2P,1,1573,
0.665559,,Spot,2,Image 1,S2P,1,1574,
0.757691,,Spot,2,Image 1,S2P,1,1575,
0.363189,,Spot,2,Image 1,S2P,1,1576,
3.0468,,Spot,2,Image 1,S2P,1,1577,
0.258974,,Spot,2,Image 1,S2P,1,1578,
1.0588,,Spot,2,Image 1,S2P,1,1579,
1.97692,,Spot,2,Image 1,S2P,1,1580,
1.90722,,Spot,2,Image 1,S2P,1,1581,
0.674426,,Spot,2,Image 1,S2P,1,1582,
2.38616,,Spot,2,Image 1,S2P,1,1583,
1.46025,,Spot,2,Image 1,S2P,1,1584,
2.16689,,Spot,2,Image 1,S2P,1,1585,
3.3597,,Spot,2,Image 1,S2P,1,1586,
1.17404,,Spot,2,Image 1,S2P,1,1587,
1.93813,,Spot,2,Image 1,S2P,1,1588,
0.393014,,Spot,2,Image 1,S2P,1,1589,
2.99809,,Spot,2,Image 1,S2P,1,1590,
0.212959,,Spot,2,Image 1,S2P,1,1591,
1.18237,,Spot,2,Image 1,S2P,1,1592,
1.08495,,Spot,2,Image 1,S2P,1,1593,
0.41804,,Spot,2,Image 1,S2P,1,1594,
1.19178,,Spot,2,Image 1,S2P,1,1595,
2.06095,,Spot,2,Image 1,S2P,1,1596,
2.36413,,Spot,2,Image 1,S2P,1,1597,
0.372956,,Spot,2,Image 1,S2P,1,1598,
0.369152,,Spot,2,Image 1,S2P,1,1599,
2.23083,,Spot,2,Image 1,S2P,1,1600,
0.897727,,Spot,2,Image 1,S2P,1,1601,
1.1898,,Spot,2,Image 1,S2P,1,1602,
1.67461,,Spot,2,Image 1,S2P,1,1603,
0.847667,,Spot,2,Image 1,S2P,1,1604,
1.95608,,Spot,2,Image 1,S2P,1,1605,
0.918698,,Spot,2,Image 1,S2P,1,1606,
0.680286,,Spot,2,Image 1,S2P,1,1607,
0.900625,,Spot,2,Image 1,S2P,1,1608,
1.24563,,Spot,2,Image 1,S2P,1,1609,
2.72237,,Spot,2,Image 1,S2P,1,1610,
2.52116,,Spot,2,Image 1,S2P,1,1611,
1.2633,,Spot,2,Image 1,S2P,1,1612,
0.246796,,Spot,2,Image 1,S2P,1,1613,
0.300887,,Spot,2,Image 1,S2P,1,1614,
2.1614,,Spot,2,Image 1,S2P,1,1615,
0.848695,,Spot,2,Image 1,S2P,1,1616,
2.84769,,Spot,2,Image 1,S2P,1,1617,
0.593607,,Spot,2,Image 1,S2P,1,1618,
2.01447,,Spot,2,Image 1,S2P,1,1619,
2.10013,,Spot,2,Image 1,S2P,1,1620,
2.19892,,Spot,2,Image 1,S2P,1,1621,
2.73445,,Spot,2,Image 1,S2P,1,1622,
1.30334,,Spot,2,Image 1,S2P,1,1623,
2.43817,,Spot,2,Image 1,S2P,1,1624,
3.54219,,Spot,2,Image 1,S2P,1,1625,
4.18411,,Spot,2,Image 1,S2P,1,1626,
2.08987,,Spot,2,Image 1,S2P,1,1627,
0.902106,,Spot,2,Image 1,S2P,1,1628,
0.340475,,Spot,2,Image 1,S2P,1,1629,
2.5842,,Spot,2,Image 1,S2P,1,1630,
2.98285,,Spot,2,Image 1,S2P,1,1631,
0.959117,,Spot,2,Image 1,S2P,1,1632,
0.708196,,Spot,2,Image 1,S2P,1,1633,
1.10272,,Spot,2,Image 1,S2P,1,1634,
1.42502,,Spot,2,Image 1,S2P,1,1635,
1.23555,,Spot,2,Image 1,S2P,1,1636,
1.18256,,Spot,2,Image 1,S2P,1,1637,
2.67918,,Spot,2,Image 1,S2P,1,1638,
1.97704,,Spot,2,Image 1,S2P,1,1639,
1.01088,,Spot,2,Image 1,S2P,1,1640,
2.84227,,Spot,2,Image 1,S2P,1,1641,
3.06243,,Spot,2,Image 1,S2P,1,1642,
0.717726,,Spot,2,Image 1,S2P,1,1643,
2.67654,,Spot,2,Image 1,S2P,1,1644,
1.28654,,Spot,2,Image 1,S2P,1,1645,
3.97761,,Spot,2,Image 1,S2P,1,1646,
1.63997,,Spot,2,Image 1,S2P,1,1647,
2.42108,,Spot,2,Image 1,S2P,1,1648,
2.31628,,Spot,2,Image 1,S2P,1,1649,
1.19829,,Spot,2,Image 1,S2P,1,1650,
2.13004,,Spot,2,Image 1,S2P,1,1651,
2.84112,,Spot,2,Image 1,S2P,1,1652,
2.58641,,Spot,2,Image 1,S2P,1,1653,
3.09734,,Spot,2,Image 1,S2P,1,1654,
3.50292,,Spot,2,Image 1,S2P,1,1655,
2.74217,,Spot,2,Image 1,S2P,1,1656,
3.3065,,Spot,2,Image 1,S2P,1,1657,
5.14459,,Spot,2,Image 1,S2P,1,1658,
1.65326,,Spot,2,Image 1,S2P,1,1659,
2.12308,,Spot,2,Image 1,S2P,1,1660,
3.3113,,Spot,2,Image 1,S2P,1,1661,
0.87245,,Spot,2,Image 1,S2P,1,1662,
2.42675,,Spot,2,Image 1,S2P,1,1663,
2.90461,,Spot,2,Image 1,S2P,1,1664,
3.20368,,Spot,2,Image 1,S2P,1,1665,
1.79799,,Spot,2,Image 1,S2P,1,1666,
1.1745,,Spot,2,Image 1,S2P,1,1667,
3.31077,,Spot,2,Image 1,S2P,1,1668,
1.16116,,Spot,2,Image 1,S2P,1,1669,
2.22426,,Spot,2,Image 1,S2P,1,1670,
2.60344,,Spot,2,Image 1,S2P,1,1671,
2.49042,,Spot,2,Image 1,S2P,1,1672,
3.07218,,Spot,2,Image 1,S2P,1,1673,
2.14072,,Spot,2,Image 1,S2P,1,1674,
2.22489,,Spot,2,Image 1,S2P,1,1675,
2.89019,,Spot,2,Image 1,S2P,1,1676,
0.414222,,Spot,2,Image 1,S2P,1,1677,
3.65194,,Spot,2,Image 1,S2P,1,1678,
3.91065,,Spot,2,Image 1,S2P,1,1679,
2.27203,,Spot,2,Image 1,S2P,1,1680,
4.52634,,Spot,2,Image 1,S2P,1,1681,
4.32074,,Spot,2,Image 1,S2P,1,1682,
0.877712,,Spot,2,Image 1,S2P,1,1683,
4.48434,,Spot,2,Image 1,S2P,1,1684,
2.61804,,Spot,2,Image 1,S2P,1,1685,
4.38433,,Spot,2,Image 1,S2P,1,1686,
3.36415,,Spot,2,Image 1,S2P,1,1687,
2.23954,,Spot,2,Image 1,S2P,1,1688,
1.49592,,Spot,2,Image 1,S2P,1,1689,
2.22659,,Spot,2,Image 1,S2P,1,1690,
2.03736,,Spot,2,Image 1,S2P,1,1691,
2.03345,,Spot,2,Image 1,S2P,1,1692,
1.0546,,Spot,2,Image 1,S2P,1,1693,
0.699185,,Spot,2,Image 1,S2P,1,1694,
0.927594,,Spot,2,Image 1,S2P,1,1695,
1.08504,,Spot,2,Image 1,S2P,1,1696,
3.01507,,Spot,2,Image 1,S2P,1,1697,
0.724563,,Spot,2,Image 1,S2P,1,1698,
2.54266,,Spot,2,Image 1,S2P,1,1699,
0.9971,,Spot,2,Image 1,S2P,1,1700,
0.417815,,Spot,2,Image 1,S2P,1,1701,
4.01148,,Spot,2,Image 1,S2P,1,1702,
2.22781,,Spot,2,Image 1,S2P,1,1703,
2.73136,,Spot,2,Image 1,S2P,1,1704,
0.412897,,Spot,2,Image 1,S2P,1,1705,
0.29901,,Spot,2,Image 1,S2P,1,1706,
0.920236,,Spot,2,Image 1,S2P,1,1707,
1.181,,Spot,2,Image 1,S2P,1,1708,
0.447096,,Spot,2,Image 1,S2P,1,1709,
1.81974,,Spot,2,Image 1,S2P,1,1710,
2.15205,,Spot,2,Image 1,S2P,1,1711,
0.461271,,Spot,2,Image 1,S2P,1,1712,
1.01092,,Spot,2,Image 1,S2P,1,1713,
0.915541,,Spot,2,Image 1,S2P,1,1714,
1.02103,,Spot,2,Image 1,S2P,1,1715,
3.06638,,Spot,2,Image 1,S2P,1,1716,
2.35612,,Spot,2,Image 1,S2P,1,1717,
2.7919,,Spot,2,Image 1,S2P,1,1718,
2.64376,,Spot,2,Image 1,S2P,1,1719,
1.36647,,Spot,2,Image 1,S2P,1,1720,
1.36632,,Spot,2,Image 1,S2P,1,1721,
0.789867,,Spot,2,Image 1,S2P,1,1722,
2.17134,,Spot,2,Image 1,S2P,1,1723,
0.711249,,Spot,2,Image 1,S2P,1,1724,
0.474912,,Spot,2,Image 1,S2P,1,1725,
1.41094,,Spot,2,Image 1,S2P,1,1726,
2.63514,,Spot,2,Image 1,S2P,1,1727,
2.3116,,Spot,2,Image 1,S2P,1,1728,
1.37038,,Spot,2,Image 1,S2P,1,1729,
1.42131,,Spot,2,Image 1,S2P,1,1730,
2.68831,,Spot,2,Image 1,S2P,1,1731,
1.54046,,Spot,2,Image 1,S2P,1,1732,
0.773482,,Spot,2,Image 1,S2P,1,1733,
3.39845,,Spot,2,Image 1,S2P,1,1734,
2.05094,,Spot,2,Image 1,S2P,1,1735,
2.14702,,Spot,2,Image 1,S2P,1,1736,
1.17144,,Spot,2,Image 1,S2P,1,1737,
0.37247,,Spot,2,Image 1,S2P,1,1738,
1.69035,,Spot,2,Image 1,S2P,1,1739,
1.59225,,Spot,2,Image 1,S2P,1,1740,
1.67428,,Spot,2,Image 1,S2P,1,1741,
0.803878,,Spot,2,Image 1,S2P,1,1742,
1.24233,,Spot,2,Image 1,S2P,1,1743,
1.30169,,Spot,2,Image 1,S2P,1,1744,
0.277912,,Spot,2,Image 1,S2P,1,1745,
0.60683,,Spot,2,Image 1,S2P,1,1746,
0.370216,,Spot,2,Image 1,S2P,1,1747,
1.76499,,Spot,2,Image 1,S2P,1,1748,
2.11669,,Spot,2,Image 1,S2P,1,1749,
1.95338,,Spot,2,Image 1,S2P,1,1750,
1.53007,,Spot,2,Image 1,S2P,1,1751,
1.61391,,Spot,2,Image 1,S2P,1,1752,
2.14958,,Spot,2,Image 1,S2P,1,1753,
1.47365,,Spot,2,Image 1,S2P,1,1754,
2.44241,,Spot,2,Image 1,S2P,1,1755,
3.40037,,Spot,2,Image 1,S2P,1,1756,
0.837102,,Spot,2,Image 1,S2P,1,1757,
0.966204,,Spot,2,Image 1,S2P,1,1758,
2.57374,,Spot,2,Image 1,S2P,1,1759,
0.11812,,Spot,2,Image 1,S2P,1,1760,
1.3352,,Spot,2,Image 1,S2P,1,1761,
1.03663,,Spot,2,Image 1,S2P,1,1762,
1.99846,,Spot,2,Image 1,S2P,1,1763,
0.653557,,Spot,2,Image 1,S2P,1,1764,
1.67552,,Spot,2,Image 1,S2P,1,1765,
1.35605,,Spot,2,Image 1,S2P,1,1766,
1.82244,,Spot,2,Image 1,S2P,1,1767,
1.60416,,Spot,2,Image 1,S2P,1,1768,
1.19355,,Spot,2,Image 1,S2P,1,1769,
2.13097,,Spot,2,Image 1,S2P,1,1770,
1.11987,,Spot,2,Image 1,S2P,1,1771,
1.98183,,Spot,2,Image 1,S2P,1,1772,
2.32319,,Spot,2,Image 1,S2P,1,1773,
1.5685,,Spot,2,Image 1,S2P,1,1774,
1.8904,,Spot,2,Image 1,S2P,1,1775,
0.899849,,Spot,2,Image 1,S2P,1,1776,
0.341312,,Spot,2,Image 1,S2P,1,1777,
2.00257,,Spot,2,Image 1,S2P,1,1778,
0.616759,,Spot,2,Image 1,S2P,1,1779,
3.02385,,Spot,2,Image 1,S2P,1,1780,
0.629878,,Spot,2,Image 1,S2P,1,1781,
2.56347,,Spot,2,Image 1,S2P,1,1782,
2.73009,,Spot,2,Image 1,S2P,1,1783,
1.67975,,Spot,2,Image 1,S2P,1,1784,
0.650492,,Spot,2,Image 1,S2P,1,1785,
1.93382,,Spot,2,Image 1,S2P,1,1786,
1.02941,,Spot,2,Image 1,S2P,1,1787,
2.67054,,Spot,2,Image 1,S2P,1,1788,
2.83181,,Spot,2,Image 1,S2P,1,1789,
1.98719,,Spot,2,Image 1,S2P,1,1790,
0.606438,,Spot,2,Image 1,S2P,1,1791,
1.47559,,Spot,2,Image 1,S2P,1,1792,
1.13797,,Spot,2,Image 1,S2P,1,1793,
0.464931,,Spot,2,Image 1,S2P,1,1794,
2.65211,,Spot,2,Image 1,S2P,1,1795,
1.80824,,Spot,2,Image 1,S2P,1,1796,
0.8831,,Spot,2,Image 1,S2P,1,1797,
1.23054,,Spot,2,Image 1,S2P,1,1798,
1.29983,,Spot,2,Image 1,S2P,1,1799,
2.76258,,Spot,2,Image 1,S2P,1,1800,
1.87194,,Spot,2,Image 1,S2P,1,1801,
1.59276,,Spot,2,Image 1,S2P,1,1802,
0.895003,,Spot,2,Image 1,S2P,1,1803,
1.38371,,Spot,2,Image 1,S2P,1,1804,
1.19763,,Spot,2,Image 1,S2P,1,1805,
0.277299,,Spot,2,Image 1,S2P,1,1806,
3.86695,,Spot,2,Image 1,S2P,1,1807,
1.60946,,Spot,2,Image 1,S2P,1,1808,
1.59249,,Spot,2,Image 1,S2P,1,1809,
1.0956,,Spot,2,Image 1,S2P,1,1810,
4.76186,,Spot,2,Image 1,S2P,1,1811,
1.43591,,Spot,2,Image 1,S2P,1,1812,
2.83792,,Spot,2,Image 1,S2P,1,1813,
0.90852,,Spot,2,Image 1,S2P,1,1814,
3.27556,,Spot,2,Image 1,S2P,1,1815,
1.5845,,Spot,2,Image 1,S2P,1,1816,
1.05499,,Spot,2,Image 1,S2P,1,1817,
1.65641,,Spot,2,Image 1,S2P,1,1818,
0.357177,,Spot,2,Image 1,S2P,1,1819,
2.002,,Spot,2,Image 1,S2P,1,1820,
1.54637,,Spot,2,Image 1,S2P,1,1821,
1.92427,,Spot,2,Image 1,S2P,1,1822,
1.80458,,Spot,2,Image 1,S2P,1,1823,
1.91985,,Spot,2,Image 1,S2P,1,1824,
4.88039,,Spot,2,Image 1,S2P,1,1825,
1.31869,,Spot,2,Image 1,S2P,1,1826,
0.592011,,Spot,2,Image 1,S2P,1,1827,
1.41222,,Spot,2,Image 1,S2P,1,1828,
2.81087,,Spot,2,Image 1,S2P,1,1829,
0.826594,,Spot,2,Image 1,S2P,1,1830,
1.24431,,Spot,2,Image 1,S2P,1,1831,
2.44832,,Spot,2,Image 1,S2P,1,1832,
0.843234,,Spot,2,Image 1,S2P,1,1833,
1.58543,,Spot,2,Image 1,S2P,1,1834,
1.99611,,Spot,2,Image 1,S2P,1,1835,
1.78304,,Spot,2,Image 1,S2P,1,1836,
0.411161,,Spot,2,Image 1,S2P,1,1837,
1.66033,,Spot,2,Image 1,S2P,1,1838,
1.25687,,Spot,2,Image 1,S2P,1,1839,
1.94521,,Spot,2,Image 1,S2P,1,1840,
1.94696,,Spot,2,Image 1,S2P,1,1841,
1.56154,,Spot,2,Image 1,S2P,1,1842,
1.34772,,Spot,2,Image 1,S2P,1,1843,
0.3255,,Spot,2,Image 1,S2P,1,1844,
1.55407,,Spot,2,Image 1,S2P,1,1845,
4.23397,,Spot,2,Image 1,S2P,1,1846,
1.27537,,Spot,2,Image 1,S2P,1,1847,
0.175013,,Spot,2,Image 1,S2P,1,1848,
1.36228,,Spot,2,Image 1,S2P,1,1849,
0.599153,,Spot,2,Image 1,S2P,1,1850,
2.44099,,Spot,2,Image 1,S2P,1,1851,
1.323,,Spot,2,Image 1,S2P,1,1852,
1.62555,,Spot,2,Image 1,S2P,1,1853,
2.22992,,Spot,2,Image 1,S2P,1,1854,
2.22637,,Spot,2,Image 1,S2P,1,1855,
0.943611,,Spot,2,Image 1,S2P,1,1856,
3.28771,,Spot,2,Image 1,S2P,1,1857,
2.04556,,Spot,2,Image 1,S2P,1,1858,
1.71479,,Spot,2,Image 1,S2P,1,1859,
1.56693,,Spot,2,Image 1,S2P,1,1860,
1.00994,,Spot,2,Image 1,S2P,1,1861,
0.819393,,Spot,2,Image 1,S2P,1,1862,
0.89186,,Spot,2,Image 1,S2P,1,1863,
1.18119,,Spot,2,Image 1,S2P,1,1864,
1.53462,,Spot,2,Image 1,S2P,1,1865,
1.12771,,Spot,2,Image 1,S2P,1,1866,
2.4776,,Spot,2,Image 1,S2P,1,1867,
1.27169,,Spot,2,Image 1,S2P,1,1868,
1.52269,,Spot,2,Image 1,S2P,1,1869,
1.92538,,Spot,2,Image 1,S2P,1,1870,
1.87346,,Spot,2,Image 1,S2P,1,1871,
2.90291,,Spot,2,Image 1,S2P,1,1872,
2.01445,,Spot,2,Image 1,S2P,1,1873,
0.92038,,Spot,2,Image 1,S2P,1,1874,
0.409989,,Spot,2,Image 1,S2P,1,1875,
1.66988,,Spot,2,Image 1,S2P,1,1876,
0.329499,,Spot,2,Image 1,S2P,1,1877,
1.60345,,Spot,2,Image 1,S2P,1,1878,
0.768488,,Spot,2,Image 1,S2P,1,1879,
0.924393,,Spot,2,Image 1,S2P,1,1880,
3.66959,,Spot,2,Image 1,S2P,1,1881,
0.583095,,Spot,2,Image 1,S2P,1,1882,
3.31607,,Spot,2,Image 1,S2P,1,1883,
0.55017,,Spot,2,Image 1,S2P,1,1884,
1.36295,,Spot,2,Image 1,S2P,1,1885,
1.08344,,Spot,2,Image 1,S2P,1,1886,
0.546096,,Spot,2,Image 1,S2P,1,1887,
3.09094,,Spot,2,Image 1,S2P,1,1888,
2.95,,Spot,2,Image 1,S2P,1,1889,
2.22031,,Spot,2,Image 1,S2P,1,1890,
1.49562,,Spot,2,Image 1,S2P,1,1891,
1.36968,,Spot,2,Image 1,S2P,1,1892,
0.176955,,Spot,2,Image 1,S2P,1,1893,
3.01844,,Spot,2,Image 1,S2P,1,1894,
3.32942,,Spot,2,Image 1,S2P,1,1895,
1.47181,,Spot,2,Image 1,S2P,1,1896,
1.13844,,Spot,2,Image 1,S2P,1,1897,
1.10836,,Spot,2,Image 1,S2P,1,1898,
1.03866,,Spot,2,Image 1,S2P,1,1899,
1.48523,,Spot,2,Image 1,S2P,1,1900,
1.6222,,Spot,2,Image 1,S2P,1,1901,
1.1414,,Spot,2,Image 1,S2P,1,1902,
0.843523,,Spot,2,Image 1,S2P,1,1903,
1.88278,,Spot,2,Image 1,S2P,1,1904,
1.5049,,Spot,2,Image 1,S2P,1,1905,
1.24272,,Spot,2,Image 1,S2P,1,1906,
0.962857,,Spot,2,Image 1,S2P,1,1907,
0.274964,,Spot,2,Image 1,S2P,1,1908,
2.05615,,Spot,2,Image 1,S2P,1,1909,
2.3023,,Spot,2,Image 1,S2P,1,1910,
3.20163,,Spot,2,Image 1,S2P,1,1911,
1.34094,,Spot,2,Image 1,S2P,1,1912,
0.235453,,Spot,2,Image 1,S2P,1,1913,
1.30562,,Spot,2,Image 1,S2P,1,1914,
1.59653,,Spot,2,Image 1,S2P,1,1915,
1.65293,,Spot,2,Image 1,S2P,1,1916,
2.14357,,Spot,2,Image 1,S2P,1,1917,
1.03335,,Spot,2,Image 1,S2P,1,1918,
1.01341,,Spot,2,Image 1,S2P,1,1919,
1.9289,,Spot,2,Image 1,S2P,1,1920,
2.28094,,Spot,2,Image 1,S2P,1,1921,
0.861144,,Spot,2,Image 1,S2P,1,1922,
0.632905,,Spot,2,Image 1,S2P,1,1923,
2.03489,,Spot,2,Image 1,S2P,1,1924,
0.932615,,Spot,2,Image 1,S2P,1,1925,
2.02555,,Spot,2,Image 1,S2P,1,1926,
1.98264,,Spot,2,Image 1,S2P,1,1927,
2.09908,,Spot,2,Image 1,S2P,1,1928,
0.639104,,Spot,2,Image 1,S2P,1,1929,
3.27742,,Spot,2,Image 1,S2P,1,1930,
1.80894,,Spot,2,Image 1,S2P,1,1931,
2.09488,,Spot,2,Image 1,S2P,1,1932,
2.98089,,Spot,2,Image 1,S2P,1,1933,
1.30826,,Spot,2,Image 1,S2P,1,1934,
1.12885,,Spot,2,Image 1,S2P,1,1935,
1.26836,,Spot,2,Image 1,S2P,1,1936,
1.61939,,Spot,2,Image 1,S2P,1,1937,
0.523003,,Spot,2,Image 1,S2P,1,1938,
1.68743,,Spot,2,Image 1,S2P,1,1939,
0.636715,,Spot,2,Image 1,S2P,1,1940,
0.832322,,Spot,2,Image 1,S2P,1,1941,
1.83123,,Spot,2,Image 1,S2P,1,1942,
2.21593,,Spot,2,Image 1,S2P,1,1943,
0.691766,,Spot,2,Image 1,S2P,1,1944,
0.828614,,Spot,2,Image 1,S2P,1,1945,
2.63141,,Spot,2,Image 1,S2P,1,1946,
1.38271,,Spot,2,Image 1,S2P,1,1947,
2.30022,,Spot,2,Image 1,S2P,1,1948,
0.849176,,Spot,2,Image 1,S2P,1,1949,
1.81891,,Spot,2,Image 1,S2P,1,1950,
1.31885,,Spot,2,Image 1,S2P,1,1951,
2.05913,,Spot,2,Image 1,S2P,1,1952,
2.19774,,Spot,2,Image 1,S2P,1,1953,
2.51287,,Spot,2,Image 1,S2P,1,1954,
1.76435,,Spot,2,Image 1,S2P,1,1955,
1.56073,,Spot,2,Image 1,S2P,1,1956,
0.879011,,Spot,2,Image 1,S2P,1,1957,
2.0163,,Spot,2,Image 1,S2P,1,1958,
1.95404,,Spot,2,Image 1,S2P,1,1959,
1.0803,,Spot,2,Image 1,S2P,1,1960,
2.51951,,Spot,2,Image 1,S2P,1,1961,
1.55128,,Spot,2,Image 1,S2P,1,1962,
1.24352,,Spot,2,Image 1,S2P,1,1963,
0.296351,,Spot,2,Image 1,S2P,1,1964,
0.955213,,Spot,2,Image 1,S2P,1,1965,
1.13298,,Spot,2,Image 1,S2P,1,1966,
2.05019,,Spot,2,Image 1,S2P,1,1967,
0.902785,,Spot,2,Image 1,S2P,1,1968,
1.76323,,Spot,2,Image 1,S2P,1,1969,
2.12242,,Spot,2,Image 1,S2P,1,1970,
1.20645,,Spot,2,Image 1,S2P,1,1971,
0.771913,,Spot,2,Image 1,S2P,1,1972,
2.45277,,Spot,2,Image 1,S2P,1,1973,
3.27477,,Spot,2,Image 1,S2P,1,1974,
2.34983,,Spot,2,Image 1,S2P,1,1975,
3.91459,,Spot,2,Image 1,S2P,1,1976,
1.21088,,Spot,2,Image 1,S2P,1,1977,
3.69972,,Spot,2,Image 1,S2P,1,1978,
1.45075,,Spot,2,Image 1,S2P,1,1979,
2.63172,,Spot,2,Image 1,S2P,1,1980,
2.77332,,Spot,2,Image 1,S2P,1,1981,
1.17515,,Spot,2,Image 1,S2P,1,1982,
0.412781,,Spot,2,Image 1,S2P,1,1983,
1.29142,,Spot,2,Image 1,S2P,1,1984,
2.86145,,Spot,2,Image 1,S2P,1,1985,
0.408716,,Spot,2,Image 1,S2P,1,1986,
1.16243,,Spot,2,Image 1,S2P,1,1987,
0.45411,,Spot,2,Image 1,S2P,1,1988,
1.25815,,Spot,2,Image 1,S2P,1,1989,
1.53843,,Spot,2,Image 1,S2P,1,1990,
0.725143,,Spot,2,Image 1,S2P,1,1991,
0.105279,,Spot,2,Image 1,S2P,1,1992,
1.82398,,Spot,2,Image 1,S2P,1,1993,
1.94315,,Spot,2,Image 1,S2P,1,1994,
2.76516,,Spot,2,Image 1,S2P,1,1995,
1.45098,,Spot,2,Image 1,S2P,1,1996,
1.99735,,Spot,2,Image 1,S2P,1,1997,
1.31177,,Spot,2,Image 1,S2P,1,1998,
0.943434,,Spot,2,Image 1,S2P,1,1999,
1.28938,,Spot,2,Image 1,S2P,1,2000,
0.903936,,Spot,2,Image 1,S2P,1,2001,
0.705618,,Spot,2,Image 1,S2P,1,2002,
1.87959,,Spot,2,Image 1,S2P,1,2003,
1.95469,,Spot,2,Image 1,S2P,1,2004,
1.57002,,Spot,2,Image 1,S2P,1,2005,
1.72221,,Spot,2,Image 1,S2P,1,2006,
1.46401,,Spot,2,Image 1,S2P,1,2007,
1.70984,,Spot,2,Image 1,S2P,1,2008,
0.569353,,Spot,2,Image 1,S2P,1,2009,
1.7875,,Spot,2,Image 1,S2P,1,2010,
2.70714,,Spot,2,Image 1,S2P,1,2011,
0.760927,,Spot,2,Image 1,S2P,1,2012,
1.74715,,Spot,2,Image 1,S2P,1,2013,
1.76288,,Spot,2,Image 1,S2P,1,2014,
2.67187,,Spot,2,Image 1,S2P,1,2015,
0.219839,,Spot,2,Image 1,S2P,1,2016,
1.1051,,Spot,2,Image 1,S2P,1,2017,
1.94856,,Spot,2,Image 1,S2P,1,2018,
2.43424,,Spot,2,Image 1,S2P,1,2019,
1.45403,,Spot,2,Image 1,S2P,1,2020,
0.885872,,Spot,2,Image 1,S2P,1,2021,
1.87429,,Spot,2,Image 1,S2P,1,2022,
2.00105,,Spot,2,Image 1,S2P,1,2023,
3.3569,,Spot,2,Image 1,S2P,1,2024,
2.03839,,Spot,2,Image 1,S2P,1,2025,
1.45862,,Spot,2,Image 1,S2P,1,2026,
1.52852,,Spot,2,Image 1,S2P,1,2027,
1.40374,,Spot,2,Image 1,S2P,1,2028,
0.359752,,Spot,2,Image 1,S2P,1,2029,
1.93367,,Spot,2,Image 1,S2P,1,2030,
1.46809,,Spot,2,Image 1,S2P,1,2031,
1.23635,,Spot,2,Image 1,S2P,1,2032,
1.61105,,Spot,2,Image 1,S2P,1,2033,
0.699785,,Spot,2,Image 1,S2P,1,2034,
1.93437,,Spot,2,Image 1,S2P,1,2035,
1.19109,,Spot,2,Image 1,S2P,1,2036,
3.48249,,Spot,2,Image 1,S2P,1,2037,
1.17208,,Spot,2,Image 1,S2P,1,2038,
1.48265,,Spot,2,Image 1,S2P,1,2039,
2.02425,,Spot,2,Image 1,S2P,1,2040,
0.710505,,Spot,2,Image 1,S2P,1,2041,
0.328519,,Spot,2,Image 1,S2P,1,2042,
1.75363,,Spot,2,Image 1,S2P,1,2043,
0.948025,,Spot,2,Image 1,S2P,1,2044,
4.11638,,Spot,2,Image 1,S2P,1,2045,
1.81366,,Spot,2,Image 1,S2P,1,2046,
1.75831,,Spot,2,Image 1,S2P,1,2047,
0.525254,,Spot,2,Image 1,S2P,1,2048,
1.29076,,Spot,2,Image 1,S2P,1,2049,
2.04566,,Spot,2,Image 1,S2P,1,2050,
1.77531,,Spot,2,Image 1,S2P,1,2051,
1.5277,,Spot,2,Image 1,S2P,1,2052,
1.74294,,Spot,2,Image 1,S2P,1,2053,
1.58268,,Spot,2,Image 1,S2P,1,2054,
1.43327,,Spot,2,Image 1,S2P,1,2055,
0.544825,,Spot,2,Image 1,S2P,1,2056,
2.52936,,Spot,2,Image 1,S2P,1,2057,
1.46655,,Spot,2,Image 1,S2P,1,2058,
1.98839,,Spot,2,Image 1,S2P,1,2059,
1.24186,,Spot,2,Image 1,S2P,1,2060,
1.41276,,Spot,2,Image 1,S2P,1,2061,
1.51807,,Spot,2,Image 1,S2P,1,2062,
1.13068,,Spot,2,Image 1,S2P,1,2063,
1.74794,,Spot,2,Image 1,S2P,1,2064,
1.40159,,Spot,2,Image 1,S2P,1,2065,
0.902643,,Spot,2,Image 1,S2P,1,2066,
1.777,,Spot,2,Image 1,S2P,1,2067,
2.8266,,Spot,2,Image 1,S2P,1,2068,
3.04056,,Spot,2,Image 1,S2P,1,2069,
1.44363,,Spot,2,Image 1,S2P,1,2070,
2.13594,,Spot,2,Image 1,S2P,1,2071,
1.52922,,Spot,2,Image 1,S2P,1,2072,
1.83217,,Spot,2,Image 1,S2P,1,2073,
2.71184,,Spot,2,Image 1,S2P,1,2074,
2.79433,,Spot,2,Image 1,S2P,1,2075,
2.06824,,Spot,2,Image 1,S2P,1,2076,
2.16345,,Spot,2,Image 1,S2P,1,2077,
1.81031,,Spot,2,Image 1,S2P,1,2078,
3.71117,,Spot,2,Image 1,S2P,1,2079,
2.65393,,Spot,2,Image 1,S2P,1,2080,
2.10107,,Spot,2,Image 1,S2P,1,2081,
3.47349,,Spot,2,Image 1,S2P,1,2082,
1.77501,,Spot,2,Image 1,S2P,1,2083,
2.70018,,Spot,2,Image 1,S2P,1,2084,
1.61327,,Spot,2,Image 1,S2P,1,2085,
1.90371,,Spot,2,Image 1,S2P,1,2086,
2.85711,,Spot,2,Image 1,S2P,1,2087,
1.06977,,Spot,2,Image 1,S2P,1,2088,
3.04776,,Spot,2,Image 1,S2P,1,2089,
0.903917,,Spot,2,Image 1,S2P,1,2090,
3.61631,,Spot,2,Image 1,S2P,1,2091,
1.32018,,Spot,2,Image 1,S2P,1,2092,
1.07224,,Spot,2,Image 1,S2P,1,2093,
1.6233,,Spot,2,Image 1,S2P,1,2094,
2.33068,,Spot,2,Image 1,S2P,1,2095,
1.84696,,Spot,2,Image 1,S2P,1,2096,
1.59035,,Spot,2,Image 1,S2P,1,2097,
0.610163,,Spot,2,Image 1,S2P,1,2098,
2.64337,,Spot,2,Image 1,S2P,1,2099,
3.16451,,Spot,2,Image 1,S2P,1,2100,
2.92058,,Spot,2,Image 1,S2P,1,2101,
1.26595,,Spot,2,Image 1,S2P,1,2102,
2.92137,,Spot,2,Image 1,S2P,1,2103,
2.30694,,Spot,2,Image 1,S2P,1,2104,
2.08889,,Spot,2,Image 1,S2P,1,2105,
0.433242,,Spot,2,Image 1,S2P,1,2106,
1.51814,,Spot,2,Image 1,S2P,1,2107,
3.22303,,Spot,2,Image 1,S2P,1,2108,
1.58683,,Spot,2,Image 1,S2P,1,2109,
4.01048,,Spot,2,Image 1,S2P,1,2110,
1.62476,,Spot,2,Image 1,S2P,1,2111,
1.78878,,Spot,2,Image 1,S2P,1,2112,
0.865211,,Spot,2,Image 1,S2P,1,2113,
2.18707,,Spot,2,Image 1,S2P,1,2114,
2.78696,,Spot,2,Image 1,S2P,1,2115,
1.88059,,Spot,2,Image 1,S2P,1,2116,
1.35962,,Spot,2,Image 1,S2P,1,2117,
1.34482,,Spot,2,Image 1,S2P,1,2118,
1.40548,,Spot,2,Image 1,S2P,1,2119,
1.7939,,Spot,2,Image 1,S2P,1,2120,
1.15092,,Spot,2,Image 1,S2P,1,2121,
0.584254,,Spot,2,Image 1,S2P,1,2122,
1.60722,,Spot,2,Image 1,S2P,1,2123,
0.979078,,Spot,2,Image 1,S2P,1,2124,
0.838471,,Spot,2,Image 1,S2P,1,2125,
0.6069,,Spot,2,Image 1,S2P,1,2126,
1.87162,,Spot,2,Image 1,S2P,1,2127,
1.08942,,Spot,2,Image 1,S2P,1,2128,
1.99522,,Spot,2,Image 1,S2P,1,2129,
3.06538,,Spot,2,Image 1,S2P,1,2130,
1.58186,,Spot,2,Image 1,S2P,1,2131,
3.09169,,Spot,2,Image 1,S2P,1,2132,
2.01772,,Spot,2,Image 1,S2P,1,2133,
2.79259,,Spot,2,Image 1,S2P,1,2134,
1.03391,,Spot,2,Image 1,S2P,1,2135,
1.00126,,Spot,2,Image 1,S2P,1,2136,
2.109,,Spot,2,Image 1,S2P,1,2137,
0.881872,,Spot,2,Image 1,S2P,1,2138,
2.46591,,Spot,2,Image 1,S2P,1,2139,
1.695,,Spot,2,Image 1,S2P,1,2140,
2.65376,,Spot,2,Image 1,S2P,1,2141,
2.76073,,Spot,2,Image 1,S2P,1,2142,
3.40369,,Spot,2,Image 1,S2P,1,2143,
2.01436,,Spot,2,Image 1,S2P,1,2144,
1.10642,,Spot,2,Image 1,S2P,1,2145,
1.26676,,Spot,2,Image 1,S2P,1,2146,
1.43928,,Spot,2,Image 1,S2P,1,2147,
0.479145,,Spot,2,Image 1,S2P,1,2148,
2.0647,,Spot,2,Image 1,S2P,1,2149,
1.28692,,Spot,2,Image 1,S2P,1,2150,
0.485288,,Spot,2,Image 1,S2P,1,2151,
2.33809,,Spot,2,Image 1,S2P,1,2152,
1.18871,,Spot,2,Image 1,S2P,1,2153,
1.53001,,Spot,2,Image 1,S2P,1,2154,
1.06462,,Spot,2,Image 1,S2P,1,2155,
1.20791,,Spot,2,Image 1,S2P,1,2156,
0.703273,,Spot,2,Image 1,S2P,1,2157,
1.30728,,Spot,2,Image 1,S2P,1,2158,
1.27591,,Spot,2,Image 1,S2P,1,2159,
1.45775,,Spot,2,Image 1,S2P,1,2160,
1.63352,,Spot,2,Image 1,S2P,1,2161,
2.99098,,Spot,2,Image 1,S2P,1,2162,
1.32803,,Spot,2,Image 1,S2P,1,2163,
3.29212,,Spot,2,Image 1,S2P,1,2164,
2.92204,,Spot,2,Image 1,S2P,1,2165,
3.13184,,Spot,2,Image 1,S2P,1,2166,
1.62382,,Spot,2,Image 1,S2P,1,2167,
1.42996,,Spot,2,Image 1,S2P,1,2168,
2.62081,,Spot,2,Image 1,S2P,1,2169,
0.608822,,Spot,2,Image 1,S2P,1,2170,
0.75613,,Spot,2,Image 1,S2P,1,2171,
1.53854,,Spot,2,Image 1,S2P,1,2172,
0.421556,,Spot,2,Image 1,S2P,1,2173,
1.87398,,Spot,2,Image 1,S2P,1,2174,
2.56732,,Spot,2,Image 1,S2P,1,2175,
3.31929,,Spot,2,Image 1,S2P,1,2176,
3.52943,,Spot,2,Image 1,S2P,1,2177,
3.82795,,Spot,2,Image 1,S2P,1,2178,
1.74133,,Spot,2,Image 1,S2P,1,2179,
0.737524,,Spot,2,Image 1,S2P,1,2180,
0.412818,,Spot,2,Image 1,S2P,1,2181,
0.877976,,Spot,2,Image 1,S2P,1,2182,
2.16573,,Spot,2,Image 1,S2P,1,2183,
1.38513,,Spot,2,Image 1,S2P,1,2184,
1.07254,,Spot,2,Image 1,S2P,1,2185,
1.24438,,Spot,2,Image 1,S2P,1,2186,
2.30768,,Spot,2,Image 1,S2P,1,2187,
1.73411,,Spot,2,Image 1,S2P,1,2188,
0.483135,,Spot,2,Image 1,S2P,1,2189,
1.64095,,Spot,2,Image 1,S2P,1,2190,
0.853531,,Spot,2,Image 1,S2P,1,2191,
1.31545,,Spot,2,Image 1,S2P,1,2192,
0.879658,,Spot,2,Image 1,S2P,1,2193,
0.905895,,Spot,2,Image 1,S2P,1,2194,
1.73223,,Spot,2,Image 1,S2P,1,2195,
2.80002,,Spot,2,Image 1,S2P,1,2196,
1.46945,,Spot,2,Image 1,S2P,1,2197,
0.421779,,Spot,2,Image 1,S2P,1,2198,
1.209,,Spot,2,Image 1,S2P,1,2199,
2.04783,,Spot,2,Image 1,S2P,1,2200,
1.09851,,Spot,2,Image 1,S2P,1,2201,
3.16712,,Spot,2,Image 1,S2P,1,2202,
2.01008,,Spot,2,Image 1,S2P,1,2203,
1.80561,,Spot,2,Image 1,S2P,1,2204,
1.34058,,Spot,2,Image 1,S2P,1,2205,
4.41117,,Spot,2,Image 1,S2P,1,2206,
2.68293,,Spot,2,Image 1,S2P,1,2207,
3.22482,,Spot,2,Image 1,S2P,1,2208,
1.94167,,Spot,2,Image 1,S2P,1,2209,
4.41821,,Spot,2,Image 1,S2P,1,2210,
1.56844,,Spot,2,Image 1,S2P,1,2211,
1.36344,,Spot,2,Image 1,S2P,1,2212,
1.16398,,Spot,2,Image 1,S2P,1,2213,
1.42161,,Spot,2,Image 1,S2P,1,2214,
1.6414,,Spot,2,Image 1,S2P,1,2215,
0.572244,,Spot,2,Image 1,S2P,1,2216,
1.58335,,Spot,2,Image 1,S2P,1,2217,
2.52167,,Spot,2,Image 1,S2P,1,2218,
1.37383,,Spot,2,Image 1,S2P,1,2219,
1.96722,,Spot,2,Image 1,S2P,1,2220,
2.29895,,Spot,2,Image 1,S2P,1,2221,
