
Intensity Mean Ch=2 Img=1
 ==================== 
Intensity Mean,Unit,Category,Channel,Image,Surpass Object,Time,ID,
3.52518,,Surface,2,Image 1,Nucleus,1,0,
2.40453,,Spot,2,Image 1,Nucleus center of mass,1,0,
1.73427,,Spot,2,Image 1,S2P,1,617,
0.73417,,Spot,2,Image 1,S2P,1,618,
0.919521,,Spot,2,Image 1,S2P,1,619,
1.96034,,Spot,2,Image 1,S2P,1,620,
3.56672,,Spot,2,Image 1,S2P,1,621,
2.20315,,Spot,2,Image 1,S2P,1,622,
3.15272,,Spot,2,Image 1,S2P,1,623,
1.81975,,Spot,2,Image 1,S2P,1,624,
2.82594,,Spot,2,Image 1,S2P,1,625,
5.31462,,Spot,2,Image 1,S2P,1,626,
6.27641,,Spot,2,Image 1,S2P,1,627,
2.41162,,Spot,2,Image 1,S2P,1,628,
3.1834,,Spot,2,Image 1,S2P,1,629,
3.04245,,Spot,2,Image 1,S2P,1,630,
5.50123,,Spot,2,Image 1,S2P,1,631,
6.25939,,Spot,2,Image 1,S2P,1,632,
1.53037,,Spot,2,Image 1,S2P,1,633,
3.9223,,Spot,2,Image 1,S2P,1,634,
5.42393,,Spot,2,Image 1,S2P,1,635,
5.69314,,Spot,2,Image 1,S2P,1,636,
6.33127,,Spot,2,Image 1,S2P,1,637,
3.66782,,Spot,2,Image 1,S2P,1,638,
2.92899,,Spot,2,Image 1,S2P,1,639,
3.80439,,Spot,2,Image 1,S2P,1,640,
5.95121,,Spot,2,Image 1,S2P,1,641,
3.95357,,Spot,2,Image 1,S2P,1,642,
2.75343,,Spot,2,Image 1,S2P,1,643,
2.87761,,Spot,2,Image 1,S2P,1,644,
4.33942,,Spot,2,Image 1,S2P,1,645,
5.56081,,Spot,2,Image 1,S2P,1,646,
3.64938,,Spot,2,Image 1,S2P,1,647,
3.4251,,Spot,2,Image 1,S2P,1,648,
5.34392,,Spot,2,Image 1,S2P,1,649,
7.01453,,Spot,2,Image 1,S2P,1,650,
4.56442,,Spot,2,Image 1,S2P,1,651,
2.19765,,Spot,2,Image 1,S2P,1,652,
7.31518,,Spot,2,Image 1,S2P,1,653,
3.09196,,Spot,2,Image 1,S2P,1,654,
4.1246,,Spot,2,Image 1,S2P,1,655,
3.62601,,Spot,2,Image 1,S2P,1,656,
5.28993,,Spot,2,Image 1,S2P,1,657,
3.39978,,Spot,2,Image 1,S2P,1,658,
3.67008,,Spot,2,Image 1,S2P,1,659,
2.15244,,Spot,2,Image 1,S2P,1,660,
1.71733,,Spot,2,Image 1,S2P,1,661,
5.76415,,Spot,2,Image 1,S2P,1,662,
8.80165,,Spot,2,Image 1,S2P,1,663,
2.54043,,Spot,2,Image 1,S2P,1,664,
3.23779,,Spot,2,Image 1,S2P,1,665,
2.73497,,Spot,2,Image 1,S2P,1,666,
2.2641,,Spot,2,Image 1,S2P,1,667,
3.65942,,Spot,2,Image 1,S2P,1,668,
2.64426,,Spot,2,Image 1,S2P,1,669,
1.97932,,Spot,2,Image 1,S2P,1,670,
4.62081,,Spot,2,Image 1,S2P,1,671,
2.0992,,Spot,2,Image 1,S2P,1,672,
4.70947,,Spot,2,Image 1,S2P,1,673,
6.82894,,Spot,2,Image 1,S2P,1,674,
2.31529,,Spot,2,Image 1,S2P,1,675,
5.83107,,Spot,2,Image 1,S2P,1,676,
3.74618,,Spot,2,Image 1,S2P,1,677,
3.58555,,Spot,2,Image 1,S2P,1,678,
2.92384,,Spot,2,Image 1,S2P,1,679,
3.19469,,Spot,2,Image 1,S2P,1,680,
2.98648,,Spot,2,Image 1,S2P,1,681,
2.6415,,Spot,2,Image 1,S2P,1,682,
2.94646,,Spot,2,Image 1,S2P,1,683,
1.99049,,Spot,2,Image 1,S2P,1,684,
4.81644,,Spot,2,Image 1,S2P,1,685,
1.98115,,Spot,2,Image 1,S2P,1,686,
2.62805,,Spot,2,Image 1,S2P,1,687,
3.72514,,Spot,2,Image 1,S2P,1,688,
3.98925,,Spot,2,Image 1,S2P,1,689,
3.51442,,Spot,2,Image 1,S2P,1,690,
7.75573,,Spot,2,Image 1,S2P,1,691,
2.43851,,Spot,2,Image 1,S2P,1,692,
6.63106,,Spot,2,Image 1,S2P,1,693,
3.96921,,Spot,2,Image 1,S2P,1,694,
4.04355,,Spot,2,Image 1,S2P,1,695,
4.99458,,Spot,2,Image 1,S2P,1,696,
3.60535,,Spot,2,Image 1,S2P,1,697,
3.73474,,Spot,2,Image 1,S2P,1,698,
2.41322,,Spot,2,Image 1,S2P,1,699,
4.03863,,Spot,2,Image 1,S2P,1,700,
2.43417,,Spot,2,Image 1,S2P,1,701,
3.49056,,Spot,2,Image 1,S2P,1,702,
3.33789,,Spot,2,Image 1,S2P,1,703,
7.34166,,Spot,2,Image 1,S2P,1,704,
5.07475,,Spot,2,Image 1,S2P,1,705,
10.1002,,Spot,2,Image 1,S2P,1,706,
2.7487,,Spot,2,Image 1,S2P,1,707,
3.3936,,Spot,2,Image 1,S2P,1,708,
4.86138,,Spot,2,Image 1,S2P,1,709,
2.07497,,Spot,2,Image 1,S2P,1,710,
5.16546,,Spot,2,Image 1,S2P,1,711,
4.57425,,Spot,2,Image 1,S2P,1,712,
6.99241,,Spot,2,Image 1,S2P,1,713,
2.16556,,Spot,2,Image 1,S2P,1,714,
3.55992,,Spot,2,Image 1,S2P,1,715,
3.96648,,Spot,2,Image 1,S2P,1,716,
5.26763,,Spot,2,Image 1,S2P,1,717,
5.14262,,Spot,2,Image 1,S2P,1,718,
11.8297,,Spot,2,Image 1,S2P,1,719,
3.76785,,Spot,2,Image 1,S2P,1,720,
2.61572,,Spot,2,Image 1,S2P,1,721,
8.74478,,Spot,2,Image 1,S2P,1,722,
8.33339,,Spot,2,Image 1,S2P,1,723,
5.52484,,Spot,2,Image 1,S2P,1,724,
1.47908,,Spot,2,Image 1,S2P,1,725,
6.85506,,Spot,2,Image 1,S2P,1,726,
8.37148,,Spot,2,Image 1,S2P,1,727,
1.90166,,Spot,2,Image 1,S2P,1,728,
3.98176,,Spot,2,Image 1,S2P,1,729,
1.89203,,Spot,2,Image 1,S2P,1,730,
3.373,,Spot,2,Image 1,S2P,1,731,
2.38306,,Spot,2,Image 1,S2P,1,732,
5.62276,,Spot,2,Image 1,S2P,1,733,
2.04882,,Spot,2,Image 1,S2P,1,734,
4.44171,,Spot,2,Image 1,S2P,1,735,
2.72713,,Spot,2,Image 1,S2P,1,736,
1.47475,,Spot,2,Image 1,S2P,1,737,
3.17506,,Spot,2,Image 1,S2P,1,738,
7.1331,,Spot,2,Image 1,S2P,1,739,
8.93803,,Spot,2,Image 1,S2P,1,740,
7.55769,,Spot,2,Image 1,S2P,1,741,
10.3007,,Spot,2,Image 1,S2P,1,742,
2.25346,,Spot,2,Image 1,S2P,1,743,
6.05692,,Spot,2,Image 1,S2P,1,744,
6.32749,,Spot,2,Image 1,S2P,1,745,
3.57625,,Spot,2,Image 1,S2P,1,746,
3.97811,,Spot,2,Image 1,S2P,1,747,
6.81268,,Spot,2,Image 1,S2P,1,748,
3.48667,,Spot,2,Image 1,S2P,1,749,
4.81977,,Spot,2,Image 1,S2P,1,750,
5.15013,,Spot,2,Image 1,S2P,1,751,
2.11902,,Spot,2,Image 1,S2P,1,752,
3.6845,,Spot,2,Image 1,S2P,1,753,
1.9703,,Spot,2,Image 1,S2P,1,754,
7.44032,,Spot,2,Image 1,S2P,1,755,
1.54875,,Spot,2,Image 1,S2P,1,756,
7.43077,,Spot,2,Image 1,S2P,1,757,
2.50966,,Spot,2,Image 1,S2P,1,758,
7.62196,,Spot,2,Image 1,S2P,1,759,
2.99983,,Spot,2,Image 1,S2P,1,760,
8.10802,,Spot,2,Image 1,S2P,1,761,
4.97213,,Spot,2,Image 1,S2P,1,762,
8.72094,,Spot,2,Image 1,S2P,1,763,
9.09177,,Spot,2,Image 1,S2P,1,764,
5.79389,,Spot,2,Image 1,S2P,1,765,
11.3623,,Spot,2,Image 1,S2P,1,766,
8.28804,,Spot,2,Image 1,S2P,1,767,
1.13597,,Spot,2,Image 1,S2P,1,768,
2.69146,,Spot,2,Image 1,S2P,1,769,
1.62864,,Spot,2,Image 1,S2P,1,770,
0.750379,,Spot,2,Image 1,S2P,1,771,
3.28598,,Spot,2,Image 1,S2P,1,772,
6.86686,,Spot,2,Image 1,S2P,1,773,
8.14667,,Spot,2,Image 1,S2P,1,774,
1.02716,,Spot,2,Image 1,S2P,1,775,
6.99305,,Spot,2,Image 1,S2P,1,776,
2.73538,,Spot,2,Image 1,S2P,1,777,
2.70422,,Spot,2,Image 1,S2P,1,778,
8.13724,,Spot,2,Image 1,S2P,1,779,
1.30877,,Spot,2,Image 1,S2P,1,780,
1.90877,,Spot,2,Image 1,S2P,1,781,
0.938871,,Spot,2,Image 1,S2P,1,782,
1.7129,,Spot,2,Image 1,S2P,1,783,
1.85285,,Spot,2,Image 1,S2P,1,784,
2.09995,,Spot,2,Image 1,S2P,1,785,
3.75833,,Spot,2,Image 1,S2P,1,786,
9.46897,,Spot,2,Image 1,S2P,1,787,
10.6495,,Spot,2,Image 1,S2P,1,788,
7.93377,,Spot,2,Image 1,S2P,1,789,
7.885,,Spot,2,Image 1,S2P,1,790,
9.63819,,Spot,2,Image 1,S2P,1,791,
2.22769,,Spot,2,Image 1,S2P,1,792,
2.95775,,Spot,2,Image 1,S2P,1,793,
2.44414,,Spot,2,Image 1,S2P,1,794,
5.95366,,Spot,2,Image 1,S2P,1,795,
5.79647,,Spot,2,Image 1,S2P,1,796,
2.96417,,Spot,2,Image 1,S2P,1,797,
3.932,,Spot,2,Image 1,S2P,1,798,
1.96288,,Spot,2,Image 1,S2P,1,799,
4.01005,,Spot,2,Image 1,S2P,1,800,
2.93287,,Spot,2,Image 1,S2P,1,801,
4.10813,,Spot,2,Image 1,S2P,1,802,
2.71118,,Spot,2,Image 1,S2P,1,803,
2.55723,,Spot,2,Image 1,S2P,1,804,
2.38963,,Spot,2,Image 1,S2P,1,805,
2.68663,,Spot,2,Image 1,S2P,1,806,
2.36357,,Spot,2,Image 1,S2P,1,807,
3.24496,,Spot,2,Image 1,S2P,1,808,
8.92725,,Spot,2,Image 1,S2P,1,809,
4.89349,,Spot,2,Image 1,S2P,1,810,
4.84736,,Spot,2,Image 1,S2P,1,811,
4.48524,,Spot,2,Image 1,S2P,1,812,
4.17668,,Spot,2,Image 1,S2P,1,813,
3.55697,,Spot,2,Image 1,S2P,1,814,
0.572801,,Spot,2,Image 1,S2P,1,815,
0.798728,,Spot,2,Image 1,S2P,1,816,
1.3872,,Spot,2,Image 1,S2P,1,817,
1.44706,,Spot,2,Image 1,S2P,1,818,
1.47462,,Spot,2,Image 1,S2P,1,819,
1.11286,,Spot,2,Image 1,S2P,1,820,
1.07456,,Spot,2,Image 1,S2P,1,821,
1.20037,,Spot,2,Image 1,S2P,1,822,
2.06361,,Spot,2,Image 1,S2P,1,823,
2.98794,,Spot,2,Image 1,S2P,1,824,
2.45236,,Spot,2,Image 1,S2P,1,825,
2.63181,,Spot,2,Image 1,S2P,1,826,
3.03359,,Spot,2,Image 1,S2P,1,827,
2.8447,,Spot,2,Image 1,S2P,1,828,
6.24568,,Spot,2,Image 1,S2P,1,829,
7.45905,,Spot,2,Image 1,S2P,1,830,
4.14678,,Spot,2,Image 1,S2P,1,831,
2.20801,,Spot,2,Image 1,S2P,1,832,
1.39567,,Spot,2,Image 1,S2P,1,833,
3.76915,,Spot,2,Image 1,S2P,1,834,
3.85538,,Spot,2,Image 1,S2P,1,835,
3.66685,,Spot,2,Image 1,S2P,1,836,
7.38391,,Spot,2,Image 1,S2P,1,837,
2.19998,,Spot,2,Image 1,S2P,1,838,
1.80995,,Spot,2,Image 1,S2P,1,839,
1.12897,,Spot,2,Image 1,S2P,1,840,
5.05419,,Spot,2,Image 1,S2P,1,841,
3.16642,,Spot,2,Image 1,S2P,1,842,
1.52979,,Spot,2,Image 1,S2P,1,843,
4.57291,,Spot,2,Image 1,S2P,1,844,
8.54382,,Spot,2,Image 1,S2P,1,845,
5.17962,,Spot,2,Image 1,S2P,1,846,
4.24567,,Spot,2,Image 1,S2P,1,847,
1.95836,,Spot,2,Image 1,S2P,1,848,
3.19594,,Spot,2,Image 1,S2P,1,849,
6.52947,,Spot,2,Image 1,S2P,1,850,
3.74689,,Spot,2,Image 1,S2P,1,851,
0.925531,,Spot,2,Image 1,S2P,1,852,
5.79502,,Spot,2,Image 1,S2P,1,853,
1.21851,,Spot,2,Image 1,S2P,1,854,
4.06941,,Spot,2,Image 1,S2P,1,855,
1.47766,,Spot,2,Image 1,S2P,1,856,
6.36283,,Spot,2,Image 1,S2P,1,857,
7.59688,,Spot,2,Image 1,S2P,1,858,
2.64535,,Spot,2,Image 1,S2P,1,859,
1.60691,,Spot,2,Image 1,S2P,1,860,
2.54572,,Spot,2,Image 1,S2P,1,861,
7.85685,,Spot,2,Image 1,S2P,1,862,
1.96073,,Spot,2,Image 1,S2P,1,863,
13.1897,,Spot,2,Image 1,S2P,1,864,
5.03429,,Spot,2,Image 1,S2P,1,865,
7.06993,,Spot,2,Image 1,S2P,1,866,
6.10154,,Spot,2,Image 1,S2P,1,867,
11.17,,Spot,2,Image 1,S2P,1,868,
2.17773,,Spot,2,Image 1,S2P,1,869,
7.52688,,Spot,2,Image 1,S2P,1,870,
1.58534,,Spot,2,Image 1,S2P,1,871,
13.9306,,Spot,2,Image 1,S2P,1,872,
8.2416,,Spot,2,Image 1,S2P,1,873,
5.73344,,Spot,2,Image 1,S2P,1,874,
1.92697,,Spot,2,Image 1,S2P,1,875,
4.96403,,Spot,2,Image 1,S2P,1,876,
9.79605,,Spot,2,Image 1,S2P,1,877,
3.35726,,Spot,2,Image 1,S2P,1,878,
6.06157,,Spot,2,Image 1,S2P,1,879,
5.72701,,Spot,2,Image 1,S2P,1,880,
1.77745,,Spot,2,Image 1,S2P,1,881,
6.24434,,Spot,2,Image 1,S2P,1,882,
3.03985,,Spot,2,Image 1,S2P,1,883,
0.694447,,Spot,2,Image 1,S2P,1,884,
0.731897,,Spot,2,Image 1,S2P,1,885,
1.64577,,Spot,2,Image 1,S2P,1,886,
2.40315,,Spot,2,Image 1,S2P,1,887,
1.4254,,Spot,2,Image 1,S2P,1,888,
2.54831,,Spot,2,Image 1,S2P,1,889,
1.7232,,Spot,2,Image 1,S2P,1,890,
0.777967,,Spot,2,Image 1,S2P,1,891,
2.02796,,Spot,2,Image 1,S2P,1,892,
0.771112,,Spot,2,Image 1,S2P,1,893,
1.25187,,Spot,2,Image 1,S2P,1,894,
1.30052,,Spot,2,Image 1,S2P,1,895,
1.45944,,Spot,2,Image 1,S2P,1,896,
3.37945,,Spot,2,Image 1,S2P,1,897,
3.96983,,Spot,2,Image 1,S2P,1,898,
3.84515,,Spot,2,Image 1,S2P,1,899,
0.947426,,Spot,2,Image 1,S2P,1,900,
0.71112,,Spot,2,Image 1,S2P,1,901,
1.90594,,Spot,2,Image 1,S2P,1,902,
0.68407,,Spot,2,Image 1,S2P,1,903,
0.812196,,Spot,2,Image 1,S2P,1,904,
1.11107,,Spot,2,Image 1,S2P,1,905,
6.81809,,Spot,2,Image 1,S2P,1,906,
2.51952,,Spot,2,Image 1,S2P,1,907,
8.11219,,Spot,2,Image 1,S2P,1,908,
8.22343,,Spot,2,Image 1,S2P,1,909,
8.53838,,Spot,2,Image 1,S2P,1,910,
5.58253,,Spot,2,Image 1,S2P,1,911,
6.02957,,Spot,2,Image 1,S2P,1,912,
1.43564,,Spot,2,Image 1,S2P,1,913,
7.04036,,Spot,2,Image 1,S2P,1,914,
7.86274,,Spot,2,Image 1,S2P,1,915,
6.34695,,Spot,2,Image 1,S2P,1,916,
3.63368,,Spot,2,Image 1,S2P,1,917,
2.91588,,Spot,2,Image 1,S2P,1,918,
8.62984,,Spot,2,Image 1,S2P,1,919,
2.47492,,Spot,2,Image 1,S2P,1,920,
5.97303,,Spot,2,Image 1,S2P,1,921,
9.07491,,Spot,2,Image 1,S2P,1,922,
4.7221,,Spot,2,Image 1,S2P,1,923,
7.46366,,Spot,2,Image 1,S2P,1,924,
3.43294,,Spot,2,Image 1,S2P,1,925,
8.05695,,Spot,2,Image 1,S2P,1,926,
10.3227,,Spot,2,Image 1,S2P,1,927,
2.33941,,Spot,2,Image 1,S2P,1,928,
3.71631,,Spot,2,Image 1,S2P,1,929,
6.22039,,Spot,2,Image 1,S2P,1,930,
5.40929,,Spot,2,Image 1,S2P,1,931,
5.16372,,Spot,2,Image 1,S2P,1,932,
8.14505,,Spot,2,Image 1,S2P,1,933,
7.76441,,Spot,2,Image 1,S2P,1,934,
6.78419,,Spot,2,Image 1,S2P,1,935,
11.526,,Spot,2,Image 1,S2P,1,936,
6.09613,,Spot,2,Image 1,S2P,1,937,
2.60346,,Spot,2,Image 1,S2P,1,938,
7.47634,,Spot,2,Image 1,S2P,1,939,
10.1847,,Spot,2,Image 1,S2P,1,940,
2.03652,,Spot,2,Image 1,S2P,1,941,
2.05902,,Spot,2,Image 1,S2P,1,942,
3.39562,,Spot,2,Image 1,S2P,1,943,
4.65655,,Spot,2,Image 1,S2P,1,944,
4.55384,,Spot,2,Image 1,S2P,1,945,
5.76637,,Spot,2,Image 1,S2P,1,946,
7.18803,,Spot,2,Image 1,S2P,1,947,
8.66836,,Spot,2,Image 1,S2P,1,948,
8.66828,,Spot,2,Image 1,S2P,1,949,
8.67152,,Spot,2,Image 1,S2P,1,950,
4.02265,,Spot,2,Image 1,S2P,1,951,
8.62026,,Spot,2,Image 1,S2P,1,952,
12.2589,,Spot,2,Image 1,S2P,1,953,
6.65996,,Spot,2,Image 1,S2P,1,954,
8.07089,,Spot,2,Image 1,S2P,1,955,
8.86,,Spot,2,Image 1,S2P,1,956,
6.76157,,Spot,2,Image 1,S2P,1,957,
3.56325,,Spot,2,Image 1,S2P,1,958,
6.85781,,Spot,2,Image 1,S2P,1,959,
2.27467,,Spot,2,Image 1,S2P,1,960,
8.84226,,Spot,2,Image 1,S2P,1,961,
6.9791,,Spot,2,Image 1,S2P,1,962,
4.42265,,Spot,2,Image 1,S2P,1,963,
4.57551,,Spot,2,Image 1,S2P,1,964,
6.41772,,Spot,2,Image 1,S2P,1,965,
6.77232,,Spot,2,Image 1,S2P,1,966,
9.41197,,Spot,2,Image 1,S2P,1,967,
6.12218,,Spot,2,Image 1,S2P,1,968,
1.1323,,Spot,2,Image 1,S2P,1,969,
4.64801,,Spot,2,Image 1,S2P,1,970,
1.85299,,Spot,2,Image 1,S2P,1,971,
3.85161,,Spot,2,Image 1,S2P,1,972,
7.21336,,Spot,2,Image 1,S2P,1,973,
3.86185,,Spot,2,Image 1,S2P,1,974,
7.77979,,Spot,2,Image 1,S2P,1,975,
7.1171,,Spot,2,Image 1,S2P,1,976,
7.43468,,Spot,2,Image 1,S2P,1,977,
4.59936,,Spot,2,Image 1,S2P,1,978,
9.15216,,Spot,2,Image 1,S2P,1,979,
6.65364,,Spot,2,Image 1,S2P,1,980,
7.06264,,Spot,2,Image 1,S2P,1,981,
8.85858,,Spot,2,Image 1,S2P,1,982,
2.23324,,Spot,2,Image 1,S2P,1,983,
4.59596,,Spot,2,Image 1,S2P,1,984,
9.40546,,Spot,2,Image 1,S2P,1,985,
5.6225,,Spot,2,Image 1,S2P,1,986,
3.8112,,Spot,2,Image 1,S2P,1,987,
6.16807,,Spot,2,Image 1,S2P,1,988,
8.90734,,Spot,2,Image 1,S2P,1,989,
3.38197,,Spot,2,Image 1,S2P,1,990,
6.98601,,Spot,2,Image 1,S2P,1,991,
3.08638,,Spot,2,Image 1,S2P,1,992,
9.48778,,Spot,2,Image 1,S2P,1,993,
4.37369,,Spot,2,Image 1,S2P,1,994,
10.3085,,Spot,2,Image 1,S2P,1,995,
4.22865,,Spot,2,Image 1,S2P,1,996,
4.05415,,Spot,2,Image 1,S2P,1,997,
7.60071,,Spot,2,Image 1,S2P,1,998,
7.39856,,Spot,2,Image 1,S2P,1,999,
8.92061,,Spot,2,Image 1,S2P,1,1000,
6.94404,,Spot,2,Image 1,S2P,1,1001,
3.63541,,Spot,2,Image 1,S2P,1,1002,
0.987205,,Spot,2,Image 1,S2P,1,1003,
8.06874,,Spot,2,Image 1,S2P,1,1004,
3.92718,,Spot,2,Image 1,S2P,1,1005,
1.91956,,Spot,2,Image 1,S2P,1,1006,
2.03498,,Spot,2,Image 1,S2P,1,1007,
9.85488,,Spot,2,Image 1,S2P,1,1008,
2.56913,,Spot,2,Image 1,S2P,1,1009,
7.95261,,Spot,2,Image 1,S2P,1,1010,
5.76867,,Spot,2,Image 1,S2P,1,1011,
7.06831,,Spot,2,Image 1,S2P,1,1012,
8.88319,,Spot,2,Image 1,S2P,1,1013,
6.13317,,Spot,2,Image 1,S2P,1,1014,
6.03196,,Spot,2,Image 1,S2P,1,1015,
3.48704,,Spot,2,Image 1,S2P,1,1016,
4.12664,,Spot,2,Image 1,S2P,1,1017,
1.13656,,Spot,2,Image 1,S2P,1,1018,
10.7176,,Spot,2,Image 1,S2P,1,1019,
5.03717,,Spot,2,Image 1,S2P,1,1020,
8.5408,,Spot,2,Image 1,S2P,1,1021,
1.0578,,Spot,2,Image 1,S2P,1,1022,
7.01885,,Spot,2,Image 1,S2P,1,1023,
0.620481,,Spot,2,Image 1,S2P,1,1024,
7.28496,,Spot,2,Image 1,S2P,1,1025,
6.84109,,Spot,2,Image 1,S2P,1,1026,
6.09057,,Spot,2,Image 1,S2P,1,1027,
5.69746,,Spot,2,Image 1,S2P,1,1028,
0.937425,,Spot,2,Image 1,S2P,1,1029,
3.57382,,Spot,2,Image 1,S2P,1,1030,
0.608059,,Spot,2,Image 1,S2P,1,1031,
7.65677,,Spot,2,Image 1,S2P,1,1032,
0.958999,,Spot,2,Image 1,S2P,1,1033,
0.914197,,Spot,2,Image 1,S2P,1,1034,
3.69353,,Spot,2,Image 1,S2P,1,1035,
1.00782,,Spot,2,Image 1,S2P,1,1036,
6.26393,,Spot,2,Image 1,S2P,1,1037,
6.5818,,Spot,2,Image 1,S2P,1,1038,
6.57295,,Spot,2,Image 1,S2P,1,1039,
5.57023,,Spot,2,Image 1,S2P,1,1040,
6.92672,,Spot,2,Image 1,S2P,1,1041,
4.89869,,Spot,2,Image 1,S2P,1,1042,
3.74528,,Spot,2,Image 1,S2P,1,1043,
5.21874,,Spot,2,Image 1,S2P,1,1044,
5.10945,,Spot,2,Image 1,S2P,1,1045,
8.32379,,Spot,2,Image 1,S2P,1,1046,
0.945351,,Spot,2,Image 1,S2P,1,1047,
1.35646,,Spot,2,Image 1,S2P,1,1048,
1.92667,,Spot,2,Image 1,S2P,1,1049,
1.09462,,Spot,2,Image 1,S2P,1,1050,
5.89909,,Spot,2,Image 1,S2P,1,1051,
1.04732,,Spot,2,Image 1,S2P,1,1052,
4.0309,,Spot,2,Image 1,S2P,1,1053,
1.30693,,Spot,2,Image 1,S2P,1,1054,
5.74994,,Spot,2,Image 1,S2P,1,1055,
8.48398,,Spot,2,Image 1,S2P,1,1056,
6.89499,,Spot,2,Image 1,S2P,1,1057,
6.6608,,Spot,2,Image 1,S2P,1,1058,
3.87602,,Spot,2,Image 1,S2P,1,1059,
8.01894,,Spot,2,Image 1,S2P,1,1060,
1.10655,,Spot,2,Image 1,S2P,1,1061,
5.75088,,Spot,2,Image 1,S2P,1,1062,
7.65529,,Spot,2,Image 1,S2P,1,1063,
0.728453,,Spot,2,Image 1,S2P,1,1064,
7.03165,,Spot,2,Image 1,S2P,1,1065,
1.20416,,Spot,2,Image 1,S2P,1,1066,
0.770947,,Spot,2,Image 1,S2P,1,1067,
1.25779,,Spot,2,Image 1,S2P,1,1068,
1.13742,,Spot,2,Image 1,S2P,1,1069,
6.84322,,Spot,2,Image 1,S2P,1,1070,
4.63956,,Spot,2,Image 1,S2P,1,1071,
5.97014,,Spot,2,Image 1,S2P,1,1072,
5.62234,,Spot,2,Image 1,S2P,1,1073,
5.42059,,Spot,2,Image 1,S2P,1,1074,
6.81959,,Spot,2,Image 1,S2P,1,1075,
0.887672,,Spot,2,Image 1,S2P,1,1076,
4.73881,,Spot,2,Image 1,S2P,1,1077,
0.793225,,Spot,2,Image 1,S2P,1,1078,
1.34227,,Spot,2,Image 1,S2P,1,1079,
1.02489,,Spot,2,Image 1,S2P,1,1080,
1.34953,,Spot,2,Image 1,S2P,1,1081,
4.62739,,Spot,2,Image 1,S2P,1,1082,
8.7066,,Spot,2,Image 1,S2P,1,1083,
8.0072,,Spot,2,Image 1,S2P,1,1084,
4.73988,,Spot,2,Image 1,S2P,1,1085,
6.77407,,Spot,2,Image 1,S2P,1,1086,
4.16301,,Spot,2,Image 1,S2P,1,1087,
5.04839,,Spot,2,Image 1,S2P,1,1088,
1.00918,,Spot,2,Image 1,S2P,1,1089,
6.31803,,Spot,2,Image 1,S2P,1,1090,
0.921567,,Spot,2,Image 1,S2P,1,1091,
8.30197,,Spot,2,Image 1,S2P,1,1092,
0.86722,,Spot,2,Image 1,S2P,1,1093,
6.44069,,Spot,2,Image 1,S2P,1,1094,
6.10813,,Spot,2,Image 1,S2P,1,1095,
6.44636,,Spot,2,Image 1,S2P,1,1096,
0.958108,,Spot,2,Image 1,S2P,1,1097,
6.02783,,Spot,2,Image 1,S2P,1,1098,
0.990269,,Spot,2,Image 1,S2P,1,1099,
1.24191,,Spot,2,Image 1,S2P,1,1100,
3.63653,,Spot,2,Image 1,S2P,1,1101,
10.6059,,Spot,2,Image 1,S2P,1,1102,
10.8266,,Spot,2,Image 1,S2P,1,1103,
7.81428,,Spot,2,Image 1,S2P,1,1104,
2.88664,,Spot,2,Image 1,S2P,1,1105,
8.24744,,Spot,2,Image 1,S2P,1,1106,
6.42816,,Spot,2,Image 1,S2P,1,1107,
6.27503,,Spot,2,Image 1,S2P,1,1108,
3.47952,,Spot,2,Image 1,S2P,1,1109,
9.80338,,Spot,2,Image 1,S2P,1,1110,
8.07057,,Spot,2,Image 1,S2P,1,1111,
4.46899,,Spot,2,Image 1,S2P,1,1112,
6.21321,,Spot,2,Image 1,S2P,1,1113,
3.70024,,Spot,2,Image 1,S2P,1,1114,
4.0234,,Spot,2,Image 1,S2P,1,1115,
9.09625,,Spot,2,Image 1,S2P,1,1116,
0.993973,,Spot,2,Image 1,S2P,1,1117,
5.77137,,Spot,2,Image 1,S2P,1,1118,
5.51886,,Spot,2,Image 1,S2P,1,1119,
6.56257,,Spot,2,Image 1,S2P,1,1120,
3.67903,,Spot,2,Image 1,S2P,1,1121,
4.08629,,Spot,2,Image 1,S2P,1,1122,
5.87348,,Spot,2,Image 1,S2P,1,1123,
6.05991,,Spot,2,Image 1,S2P,1,1124,
6.17864,,Spot,2,Image 1,S2P,1,1125,
7.00227,,Spot,2,Image 1,S2P,1,1126,
4.2883,,Spot,2,Image 1,S2P,1,1127,
5.45592,,Spot,2,Image 1,S2P,1,1128,
7.30612,,Spot,2,Image 1,S2P,1,1129,
5.56054,,Spot,2,Image 1,S2P,1,1130,
6.85163,,Spot,2,Image 1,S2P,1,1131,
6.00258,,Spot,2,Image 1,S2P,1,1132,
4.37025,,Spot,2,Image 1,S2P,1,1133,
5.00103,,Spot,2,Image 1,S2P,1,1134,
7.72862,,Spot,2,Image 1,S2P,1,1135,
2.78305,,Spot,2,Image 1,S2P,1,1136,
1.47166,,Spot,2,Image 1,S2P,1,1137,
0.982311,,Spot,2,Image 1,S2P,1,1138,
4.48196,,Spot,2,Image 1,S2P,1,1139,
4.79061,,Spot,2,Image 1,S2P,1,1140,
3.65932,,Spot,2,Image 1,S2P,1,1141,
2.6907,,Spot,2,Image 1,S2P,1,1142,
6.7039,,Spot,2,Image 1,S2P,1,1143,
2.09057,,Spot,2,Image 1,S2P,1,1144,
5.56064,,Spot,2,Image 1,S2P,1,1145,
1.06922,,Spot,2,Image 1,S2P,1,1146,
2.03802,,Spot,2,Image 1,S2P,1,1147,
3.74168,,Spot,2,Image 1,S2P,1,1148,
7.04462,,Spot,2,Image 1,S2P,1,1149,
5.24853,,Spot,2,Image 1,S2P,1,1150,
5.23028,,Spot,2,Image 1,S2P,1,1151,
0.87405,,Spot,2,Image 1,S2P,1,1152,
2.47941,,Spot,2,Image 1,S2P,1,1153,
5.61131,,Spot,2,Image 1,S2P,1,1154,
9.01993,,Spot,2,Image 1,S2P,1,1155,
8.36796,,Spot,2,Image 1,S2P,1,1156,
4.73814,,Spot,2,Image 1,S2P,1,1157,
3.25419,,Spot,2,Image 1,S2P,1,1158,
6.05357,,Spot,2,Image 1,S2P,1,1159,
3.80902,,Spot,2,Image 1,S2P,1,1160,
8.74042,,Spot,2,Image 1,S2P,1,1161,
9.11269,,Spot,2,Image 1,S2P,1,1162,
6.91482,,Spot,2,Image 1,S2P,1,1163,
6.2147,,Spot,2,Image 1,S2P,1,1164,
5.49028,,Spot,2,Image 1,S2P,1,1165,
1.92296,,Spot,2,Image 1,S2P,1,1166,
9.09773,,Spot,2,Image 1,S2P,1,1167,
7.18353,,Spot,2,Image 1,S2P,1,1168,
6.25738,,Spot,2,Image 1,S2P,1,1169,
6.59873,,Spot,2,Image 1,S2P,1,1170,
1.32874,,Spot,2,Image 1,S2P,1,1171,
6.78159,,Spot,2,Image 1,S2P,1,1172,
5.38859,,Spot,2,Image 1,S2P,1,1173,
6.83088,,Spot,2,Image 1,S2P,1,1174,
5.00408,,Spot,2,Image 1,S2P,1,1175,
4.54883,,Spot,2,Image 1,S2P,1,1176,
5.90588,,Spot,2,Image 1,S2P,1,1177,
4.34335,,Spot,2,Image 1,S2P,1,1178,
5.48726,,Spot,2,Image 1,S2P,1,1179,
5.59059,,Spot,2,Image 1,S2P,1,1180,
6.13492,,Spot,2,Image 1,S2P,1,1181,
3.80487,,Spot,2,Image 1,S2P,1,1182,
2.28091,,Spot,2,Image 1,S2P,1,1183,
6.86624,,Spot,2,Image 1,S2P,1,1184,
3.08902,,Spot,2,Image 1,S2P,1,1185,
7.36646,,Spot,2,Image 1,S2P,1,1186,
5.42902,,Spot,2,Image 1,S2P,1,1187,
4.5508,,Spot,2,Image 1,S2P,1,1188,
9.15195,,Spot,2,Image 1,S2P,1,1189,
5.01356,,Spot,2,Image 1,S2P,1,1190,
2.24949,,Spot,2,Image 1,S2P,1,1191,
7.04754,,Spot,2,Image 1,S2P,1,1192,
8.54079,,Spot,2,Image 1,S2P,1,1193,
5.03939,,Spot,2,Image 1,S2P,1,1194,
7.44253,,Spot,2,Image 1,S2P,1,1195,
5.4475,,Spot,2,Image 1,S2P,1,1196,
4.60256,,Spot,2,Image 1,S2P,1,1197,
5.32661,,Spot,2,Image 1,S2P,1,1198,
7.25766,,Spot,2,Image 1,S2P,1,1199,
6.31168,,Spot,2,Image 1,S2P,1,1200,
4.61427,,Spot,2,Image 1,S2P,1,1201,
6.35416,,Spot,2,Image 1,S2P,1,1202,
4.03908,,Spot,2,Image 1,S2P,1,1203,
4.80958,,Spot,2,Image 1,S2P,1,1204,
6.24979,,Spot,2,Image 1,S2P,1,1205,
5.29933,,Spot,2,Image 1,S2P,1,1206,
9.0851,,Spot,2,Image 1,S2P,1,1207,
6.63243,,Spot,2,Image 1,S2P,1,1208,
9.17752,,Spot,2,Image 1,S2P,1,1209,
5.67734,,Spot,2,Image 1,S2P,1,1210,
4.67966,,Spot,2,Image 1,S2P,1,1211,
7.07563,,Spot,2,Image 1,S2P,1,1212,
6.03787,,Spot,2,Image 1,S2P,1,1213,
7.18883,,Spot,2,Image 1,S2P,1,1214,
7.56824,,Spot,2,Image 1,S2P,1,1215,
4.50196,,Spot,2,Image 1,S2P,1,1216,
5.10047,,Spot,2,Image 1,S2P,1,1217,
5.23534,,Spot,2,Image 1,S2P,1,1218,
2.26872,,Spot,2,Image 1,S2P,1,1219,
4.02183,,Spot,2,Image 1,S2P,1,1220,
1.31529,,Spot,2,Image 1,S2P,1,1221,
4.14235,,Spot,2,Image 1,S2P,1,1222,
4.48354,,Spot,2,Image 1,S2P,1,1223,
3.74363,,Spot,2,Image 1,S2P,1,1224,
6.84544,,Spot,2,Image 1,S2P,1,1225,
2.55226,,Spot,2,Image 1,S2P,1,1226,
5.80735,,Spot,2,Image 1,S2P,1,1227,
5.41566,,Spot,2,Image 1,S2P,1,1228,
5.55508,,Spot,2,Image 1,S2P,1,1229,
3.86928,,Spot,2,Image 1,S2P,1,1230,
3.15177,,Spot,2,Image 1,S2P,1,1231,
6.92974,,Spot,2,Image 1,S2P,1,1232,
8.08299,,Spot,2,Image 1,S2P,1,1233,
8.55644,,Spot,2,Image 1,S2P,1,1234,
1.86091,,Spot,2,Image 1,S2P,1,1235,
5.66504,,Spot,2,Image 1,S2P,1,1236,
6.20457,,Spot,2,Image 1,S2P,1,1237,
8.8673,,Spot,2,Image 1,S2P,1,1238,
8.01401,,Spot,2,Image 1,S2P,1,1239,
8.51864,,Spot,2,Image 1,S2P,1,1240,
3.68242,,Spot,2,Image 1,S2P,1,1241,
2.96552,,Spot,2,Image 1,S2P,1,1242,
0.960245,,Spot,2,Image 1,S2P,1,1243,
5.38266,,Spot,2,Image 1,S2P,1,1244,
2.14206,,Spot,2,Image 1,S2P,1,1245,
6.75744,,Spot,2,Image 1,S2P,1,1246,
7.34488,,Spot,2,Image 1,S2P,1,1247,
3.74797,,Spot,2,Image 1,S2P,1,1248,
5.52614,,Spot,2,Image 1,S2P,1,1249,
9.16824,,Spot,2,Image 1,S2P,1,1250,
7.54223,,Spot,2,Image 1,S2P,1,1251,
2.02214,,Spot,2,Image 1,S2P,1,1252,
3.32045,,Spot,2,Image 1,S2P,1,1253,
6.55336,,Spot,2,Image 1,S2P,1,1254,
2.35258,,Spot,2,Image 1,S2P,1,1255,
3.72619,,Spot,2,Image 1,S2P,1,1256,
5.8671,,Spot,2,Image 1,S2P,1,1257,
0.837084,,Spot,2,Image 1,S2P,1,1258,
3.67224,,Spot,2,Image 1,S2P,1,1259,
4.93759,,Spot,2,Image 1,S2P,1,1260,
4.33018,,Spot,2,Image 1,S2P,1,1261,
5.01034,,Spot,2,Image 1,S2P,1,1262,
4.35289,,Spot,2,Image 1,S2P,1,1263,
5.57469,,Spot,2,Image 1,S2P,1,1264,
7.31036,,Spot,2,Image 1,S2P,1,1265,
3.34053,,Spot,2,Image 1,S2P,1,1266,
4.11014,,Spot,2,Image 1,S2P,1,1267,
8.06809,,Spot,2,Image 1,S2P,1,1268,
1.06757,,Spot,2,Image 1,S2P,1,1269,
5.88099,,Spot,2,Image 1,S2P,1,1270,
7.58642,,Spot,2,Image 1,S2P,1,1271,
1.86086,,Spot,2,Image 1,S2P,1,1272,
5.00242,,Spot,2,Image 1,S2P,1,1273,
4.30959,,Spot,2,Image 1,S2P,1,1274,
6.57077,,Spot,2,Image 1,S2P,1,1275,
1.39808,,Spot,2,Image 1,S2P,1,1276,
4.51446,,Spot,2,Image 1,S2P,1,1277,
0.195719,,Spot,2,Image 1,S2P,1,1278,
2.55515,,Spot,2,Image 1,S2P,1,1279,
1.48667,,Spot,2,Image 1,S2P,1,1280,
4.78303,,Spot,2,Image 1,S2P,1,1281,
2.73457,,Spot,2,Image 1,S2P,1,1282,
1.01673,,Spot,2,Image 1,S2P,1,1283,
1.73076,,Spot,2,Image 1,S2P,1,1284,
1.02923,,Spot,2,Image 1,S2P,1,1285,
0.785204,,Spot,2,Image 1,S2P,1,1286,
0.769444,,Spot,2,Image 1,S2P,1,1287,
0.757025,,Spot,2,Image 1,S2P,1,1288,
1.47963,,Spot,2,Image 1,S2P,1,1289,
4.12505,,Spot,2,Image 1,S2P,1,1290,
1.1675,,Spot,2,Image 1,S2P,1,1291,
2.39814,,Spot,2,Image 1,S2P,1,1292,
0.948609,,Spot,2,Image 1,S2P,1,1293,
0.555169,,Spot,2,Image 1,S2P,1,1294,
1.19973,,Spot,2,Image 1,S2P,1,1295,
1.83067,,Spot,2,Image 1,S2P,1,1296,
5.34496,,Spot,2,Image 1,S2P,1,1297,
3.96462,,Spot,2,Image 1,S2P,1,1298,
1.13015,,Spot,2,Image 1,S2P,1,1299,
1.14666,,Spot,2,Image 1,S2P,1,1300,
0.743801,,Spot,2,Image 1,S2P,1,1301,
1.43978,,Spot,2,Image 1,S2P,1,1302,
1.8071,,Spot,2,Image 1,S2P,1,1303,
3.14338,,Spot,2,Image 1,S2P,1,1304,
4.24485,,Spot,2,Image 1,S2P,1,1305,
4.24795,,Spot,2,Image 1,S2P,1,1306,
1.19688,,Spot,2,Image 1,S2P,1,1307,
1.37688,,Spot,2,Image 1,S2P,1,1308,
4.7227,,Spot,2,Image 1,S2P,1,1309,
4.25253,,Spot,2,Image 1,S2P,1,1310,
3.24054,,Spot,2,Image 1,S2P,1,1311,
1.10746,,Spot,2,Image 1,S2P,1,1312,
1.536,,Spot,2,Image 1,S2P,1,1313,
4.45226,,Spot,2,Image 1,S2P,1,1314,
1.71659,,Spot,2,Image 1,S2P,1,1315,
2.28323,,Spot,2,Image 1,S2P,1,1316,
1.52585,,Spot,2,Image 1,S2P,1,1317,
1.79109,,Spot,2,Image 1,S2P,1,1318,
1.60844,,Spot,2,Image 1,S2P,1,1319,
1.33946,,Spot,2,Image 1,S2P,1,1320,
1.76055,,Spot,2,Image 1,S2P,1,1321,
2.17443,,Spot,2,Image 1,S2P,1,1322,
4.62234,,Spot,2,Image 1,S2P,1,1323,
1.77312,,Spot,2,Image 1,S2P,1,1324,
2.98404,,Spot,2,Image 1,S2P,1,1325,
1.55374,,Spot,2,Image 1,S2P,1,1326,
1.63967,,Spot,2,Image 1,S2P,1,1327,
1.62464,,Spot,2,Image 1,S2P,1,1328,
1.14878,,Spot,2,Image 1,S2P,1,1329,
1.72226,,Spot,2,Image 1,S2P,1,1330,
2.52748,,Spot,2,Image 1,S2P,1,1331,
3.00918,,Spot,2,Image 1,S2P,1,1332,
0.477036,,Spot,2,Image 1,S2P,1,1333,
1.60067,,Spot,2,Image 1,S2P,1,1334,
2.75429,,Spot,2,Image 1,S2P,1,1335,
2.83793,,Spot,2,Image 1,S2P,1,1336,
2.13867,,Spot,2,Image 1,S2P,1,1337,
2.5614,,Spot,2,Image 1,S2P,1,1338,
5.82312,,Spot,2,Image 1,S2P,1,1339,
4.05932,,Spot,2,Image 1,S2P,1,1340,
2.45408,,Spot,2,Image 1,S2P,1,1341,
1.38868,,Spot,2,Image 1,S2P,1,1342,
2.08565,,Spot,2,Image 1,S2P,1,1343,
4.15651,,Spot,2,Image 1,S2P,1,1344,
1.07592,,Spot,2,Image 1,S2P,1,1345,
1.73166,,Spot,2,Image 1,S2P,1,1346,
2.37895,,Spot,2,Image 1,S2P,1,1347,
7.06643,,Spot,2,Image 1,S2P,1,1348,
3.96965,,Spot,2,Image 1,S2P,1,1349,
6.13691,,Spot,2,Image 1,S2P,1,1350,
1.76163,,Spot,2,Image 1,S2P,1,1351,
4.02087,,Spot,2,Image 1,S2P,1,1352,
3.26129,,Spot,2,Image 1,S2P,1,1353,
3.95051,,Spot,2,Image 1,S2P,1,1354,
3.11994,,Spot,2,Image 1,S2P,1,1355,
1.64088,,Spot,2,Image 1,S2P,1,1356,
4.61263,,Spot,2,Image 1,S2P,1,1357,
2.66162,,Spot,2,Image 1,S2P,1,1358,
2.59199,,Spot,2,Image 1,S2P,1,1359,
1.52307,,Spot,2,Image 1,S2P,1,1360,
2.96036,,Spot,2,Image 1,S2P,1,1361,
4.62829,,Spot,2,Image 1,S2P,1,1362,
4.31798,,Spot,2,Image 1,S2P,1,1363,
4.21512,,Spot,2,Image 1,S2P,1,1364,
4.87112,,Spot,2,Image 1,S2P,1,1365,
2.40777,,Spot,2,Image 1,S2P,1,1366,
5.41278,,Spot,2,Image 1,S2P,1,1367,
2.72379,,Spot,2,Image 1,S2P,1,1368,
3.36683,,Spot,2,Image 1,S2P,1,1369,
3.74961,,Spot,2,Image 1,S2P,1,1370,
3.09057,,Spot,2,Image 1,S2P,1,1371,
1.71175,,Spot,2,Image 1,S2P,1,1372,
3.39774,,Spot,2,Image 1,S2P,1,1373,
3.32859,,Spot,2,Image 1,S2P,1,1374,
2.9506,,Spot,2,Image 1,S2P,1,1375,
3.34677,,Spot,2,Image 1,S2P,1,1376,
2.50812,,Spot,2,Image 1,S2P,1,1377,
4.7288,,Spot,2,Image 1,S2P,1,1378,
3.49009,,Spot,2,Image 1,S2P,1,1379,
5.69379,,Spot,2,Image 1,S2P,1,1380,
4.66065,,Spot,2,Image 1,S2P,1,1381,
1.64974,,Spot,2,Image 1,S2P,1,1382,
1.00035,,Spot,2,Image 1,S2P,1,1383,
4.93864,,Spot,2,Image 1,S2P,1,1384,
1.07548,,Spot,2,Image 1,S2P,1,1385,
5.39889,,Spot,2,Image 1,S2P,1,1386,
3.79501,,Spot,2,Image 1,S2P,1,1387,
5.48694,,Spot,2,Image 1,S2P,1,1388,
1.73871,,Spot,2,Image 1,S2P,1,1389,
1.1264,,Spot,2,Image 1,S2P,1,1390,
1.17681,,Spot,2,Image 1,S2P,1,1391,
1.38721,,Spot,2,Image 1,S2P,1,1392,
1.31056,,Spot,2,Image 1,S2P,1,1393,
7.14907,,Spot,2,Image 1,S2P,1,1394,
6.61347,,Spot,2,Image 1,S2P,1,1395,
6.55276,,Spot,2,Image 1,S2P,1,1396,
1.31974,,Spot,2,Image 1,S2P,1,1397,
3.33196,,Spot,2,Image 1,S2P,1,1398,
0.875716,,Spot,2,Image 1,S2P,1,1399,
4.71114,,Spot,2,Image 1,S2P,1,1400,
0.972976,,Spot,2,Image 1,S2P,1,1401,
0.914139,,Spot,2,Image 1,S2P,1,1402,
0.874402,,Spot,2,Image 1,S2P,1,1403,
6.21758,,Spot,2,Image 1,S2P,1,1404,
1.28021,,Spot,2,Image 1,S2P,1,1405,
6.65352,,Spot,2,Image 1,S2P,1,1406,
4.87973,,Spot,2,Image 1,S2P,1,1407,
10.709,,Spot,2,Image 1,S2P,1,1408,
5.47576,,Spot,2,Image 1,S2P,1,1409,
3.68694,,Spot,2,Image 1,S2P,1,1410,
7.90654,,Spot,2,Image 1,S2P,1,1411,
8.72956,,Spot,2,Image 1,S2P,1,1412,
1.54574,,Spot,2,Image 1,S2P,1,1413,
0.924479,,Spot,2,Image 1,S2P,1,1414,
0.93183,,Spot,2,Image 1,S2P,1,1415,
1.06067,,Spot,2,Image 1,S2P,1,1416,
6.45458,,Spot,2,Image 1,S2P,1,1417,
1.13459,,Spot,2,Image 1,S2P,1,1418,
1.54692,,Spot,2,Image 1,S2P,1,1419,
6.75131,,Spot,2,Image 1,S2P,1,1420,
1.4141,,Spot,2,Image 1,S2P,1,1421,
9.97185,,Spot,2,Image 1,S2P,1,1422,
10.0861,,Spot,2,Image 1,S2P,1,1423,
6.1982,,Spot,2,Image 1,S2P,1,1424,
1.57735,,Spot,2,Image 1,S2P,1,1425,
6.68968,,Spot,2,Image 1,S2P,1,1426,
1.60949,,Spot,2,Image 1,S2P,1,1427,
1.45574,,Spot,2,Image 1,S2P,1,1428,
1.56571,,Spot,2,Image 1,S2P,1,1429,
1.75952,,Spot,2,Image 1,S2P,1,1430,
1.28909,,Spot,2,Image 1,S2P,1,1431,
1.35446,,Spot,2,Image 1,S2P,1,1432,
7.23954,,Spot,2,Image 1,S2P,1,1433,
5.54116,,Spot,2,Image 1,S2P,1,1434,
5.29247,,Spot,2,Image 1,S2P,1,1435,
2.10643,,Spot,2,Image 1,S2P,1,1436,
3.0576,,Spot,2,Image 1,S2P,1,1437,
2.3419,,Spot,2,Image 1,S2P,1,1438,
1.26433,,Spot,2,Image 1,S2P,1,1439,
1.12674,,Spot,2,Image 1,S2P,1,1440,
6.7466,,Spot,2,Image 1,S2P,1,1441,
1.14198,,Spot,2,Image 1,S2P,1,1442,
1.77323,,Spot,2,Image 1,S2P,1,1443,
1.0903,,Spot,2,Image 1,S2P,1,1444,
6.54242,,Spot,2,Image 1,S2P,1,1445,
1.2277,,Spot,2,Image 1,S2P,1,1446,
3.96878,,Spot,2,Image 1,S2P,1,1447,
1.34112,,Spot,2,Image 1,S2P,1,1448,
3.71943,,Spot,2,Image 1,S2P,1,1449,
8.0807,,Spot,2,Image 1,S2P,1,1450,
5.76614,,Spot,2,Image 1,S2P,1,1451,
8.26086,,Spot,2,Image 1,S2P,1,1452,
6.15846,,Spot,2,Image 1,S2P,1,1453,
3.55068,,Spot,2,Image 1,S2P,1,1454,
4.19047,,Spot,2,Image 1,S2P,1,1455,
6.32374,,Spot,2,Image 1,S2P,1,1456,
6.22116,,Spot,2,Image 1,S2P,1,1457,
4.14543,,Spot,2,Image 1,S2P,1,1458,
1.91794,,Spot,2,Image 1,S2P,1,1459,
1.11978,,Spot,2,Image 1,S2P,1,1460,
1.36791,,Spot,2,Image 1,S2P,1,1461,
1.40162,,Spot,2,Image 1,S2P,1,1462,
5.58306,,Spot,2,Image 1,S2P,1,1463,
7.2692,,Spot,2,Image 1,S2P,1,1464,
3.54496,,Spot,2,Image 1,S2P,1,1465,
8.69562,,Spot,2,Image 1,S2P,1,1466,
1.6554,,Spot,2,Image 1,S2P,1,1467,
5.87363,,Spot,2,Image 1,S2P,1,1468,
6.15412,,Spot,2,Image 1,S2P,1,1469,
6.7919,,Spot,2,Image 1,S2P,1,1470,
6.84756,,Spot,2,Image 1,S2P,1,1471,
3.53633,,Spot,2,Image 1,S2P,1,1472,
3.613,,Spot,2,Image 1,S2P,1,1473,
4.63001,,Spot,2,Image 1,S2P,1,1474,
1.19853,,Spot,2,Image 1,S2P,1,1475,
2.07304,,Spot,2,Image 1,S2P,1,1476,
2.18484,,Spot,2,Image 1,S2P,1,1477,
5.59063,,Spot,2,Image 1,S2P,1,1478,
2.87324,,Spot,2,Image 1,S2P,1,1479,
1.75096,,Spot,2,Image 1,S2P,1,1480,
3.69207,,Spot,2,Image 1,S2P,1,1481,
4.92467,,Spot,2,Image 1,S2P,1,1482,
6.95664,,Spot,2,Image 1,S2P,1,1483,
3.7258,,Spot,2,Image 1,S2P,1,1484,
5.88981,,Spot,2,Image 1,S2P,1,1485,
2.84067,,Spot,2,Image 1,S2P,1,1486,
1.54612,,Spot,2,Image 1,S2P,1,1487,
1.25541,,Spot,2,Image 1,S2P,1,1488,
1.57274,,Spot,2,Image 1,S2P,1,1489,
1.31203,,Spot,2,Image 1,S2P,1,1490,
4.7637,,Spot,2,Image 1,S2P,1,1491,
1.30686,,Spot,2,Image 1,S2P,1,1492,
1.34763,,Spot,2,Image 1,S2P,1,1493,
7.86734,,Spot,2,Image 1,S2P,1,1494,
1.88584,,Spot,2,Image 1,S2P,1,1495,
5.1159,,Spot,2,Image 1,S2P,1,1496,
7.77688,,Spot,2,Image 1,S2P,1,1497,
7.71097,,Spot,2,Image 1,S2P,1,1498,
2.9141,,Spot,2,Image 1,S2P,1,1499,
4.49517,,Spot,2,Image 1,S2P,1,1500,
2.27583,,Spot,2,Image 1,S2P,1,1501,
2.71854,,Spot,2,Image 1,S2P,1,1502,
1.63802,,Spot,2,Image 1,S2P,1,1503,
3.83212,,Spot,2,Image 1,S2P,1,1504,
3.80551,,Spot,2,Image 1,S2P,1,1505,
1.39326,,Spot,2,Image 1,S2P,1,1506,
2.63483,,Spot,2,Image 1,S2P,1,1507,
1.95777,,Spot,2,Image 1,S2P,1,1508,
4.9181,,Spot,2,Image 1,S2P,1,1509,
3.3584,,Spot,2,Image 1,S2P,1,1510,
8.39209,,Spot,2,Image 1,S2P,1,1511,
4.03272,,Spot,2,Image 1,S2P,1,1512,
2.4274,,Spot,2,Image 1,S2P,1,1513,
5.20688,,Spot,2,Image 1,S2P,1,1514,
5.59129,,Spot,2,Image 1,S2P,1,1515,
4.05697,,Spot,2,Image 1,S2P,1,1516,
1.99279,,Spot,2,Image 1,S2P,1,1517,
6.55062,,Spot,2,Image 1,S2P,1,1518,
6.93187,,Spot,2,Image 1,S2P,1,1519,
3.00767,,Spot,2,Image 1,S2P,1,1520,
4.21384,,Spot,2,Image 1,S2P,1,1521,
4.3085,,Spot,2,Image 1,S2P,1,1522,
2.69483,,Spot,2,Image 1,S2P,1,1523,
2.43654,,Spot,2,Image 1,S2P,1,1524,
5.67954,,Spot,2,Image 1,S2P,1,1525,
1.99942,,Spot,2,Image 1,S2P,1,1526,
2.32367,,Spot,2,Image 1,S2P,1,1527,
4.67743,,Spot,2,Image 1,S2P,1,1528,
2.80558,,Spot,2,Image 1,S2P,1,1529,
4.42533,,Spot,2,Image 1,S2P,1,1530,
1.65462,,Spot,2,Image 1,S2P,1,1531,
1.77539,,Spot,2,Image 1,S2P,1,1532,
6.7328,,Spot,2,Image 1,S2P,1,1533,
3.86599,,Spot,2,Image 1,S2P,1,1534,
4.83589,,Spot,2,Image 1,S2P,1,1535,
5.40649,,Spot,2,Image 1,S2P,1,1536,
2.87155,,Spot,2,Image 1,S2P,1,1537,
4.14319,,Spot,2,Image 1,S2P,1,1538,
5.92325,,Spot,2,Image 1,S2P,1,1539,
4.89434,,Spot,2,Image 1,S2P,1,1540,
5.59878,,Spot,2,Image 1,S2P,1,1541,
3.60561,,Spot,2,Image 1,S2P,1,1542,
4.13398,,Spot,2,Image 1,S2P,1,1543,
2.90745,,Spot,2,Image 1,S2P,1,1544,
2.13246,,Spot,2,Image 1,S2P,1,1545,
1.75621,,Spot,2,Image 1,S2P,1,1546,
8.43843,,Spot,2,Image 1,S2P,1,1547,
3.5197,,Spot,2,Image 1,S2P,1,1548,
3.64932,,Spot,2,Image 1,S2P,1,1549,
2.1545,,Spot,2,Image 1,S2P,1,1550,
2.56107,,Spot,2,Image 1,S2P,1,1551,
2.39417,,Spot,2,Image 1,S2P,1,1552,
7.32483,,Spot,2,Image 1,S2P,1,1553,
6.38676,,Spot,2,Image 1,S2P,1,1554,
1.59631,,Spot,2,Image 1,S2P,1,1555,
6.68374,,Spot,2,Image 1,S2P,1,1556,
6.03352,,Spot,2,Image 1,S2P,1,1557,
5.99356,,Spot,2,Image 1,S2P,1,1558,
4.38994,,Spot,2,Image 1,S2P,1,1559,
4.81625,,Spot,2,Image 1,S2P,1,1560,
3.60313,,Spot,2,Image 1,S2P,1,1561,
1.72097,,Spot,2,Image 1,S2P,1,1562,
1.63428,,Spot,2,Image 1,S2P,1,1563,
4.18563,,Spot,2,Image 1,S2P,1,1564,
1.77704,,Spot,2,Image 1,S2P,1,1565,
1.83752,,Spot,2,Image 1,S2P,1,1566,
2.38341,,Spot,2,Image 1,S2P,1,1567,
4.22288,,Spot,2,Image 1,S2P,1,1568,
8.24893,,Spot,2,Image 1,S2P,1,1569,
3.17105,,Spot,2,Image 1,S2P,1,1570,
3.44495,,Spot,2,Image 1,S2P,1,1571,
2.81225,,Spot,2,Image 1,S2P,1,1572,
4.15628,,Spot,2,Image 1,S2P,1,1573,
2.16768,,Spot,2,Image 1,S2P,1,1574,
2.0926,,Spot,2,Image 1,S2P,1,1575,
2.07777,,Spot,2,Image 1,S2P,1,1576,
6.83031,,Spot,2,Image 1,S2P,1,1577,
1.96815,,Spot,2,Image 1,S2P,1,1578,
4.16507,,Spot,2,Image 1,S2P,1,1579,
5.53989,,Spot,2,Image 1,S2P,1,1580,
4.04937,,Spot,2,Image 1,S2P,1,1581,
3.06213,,Spot,2,Image 1,S2P,1,1582,
5.95029,,Spot,2,Image 1,S2P,1,1583,
4.96311,,Spot,2,Image 1,S2P,1,1584,
4.99194,,Spot,2,Image 1,S2P,1,1585,
8.23936,,Spot,2,Image 1,S2P,1,1586,
3.48229,,Spot,2,Image 1,S2P,1,1587,
4.84709,,Spot,2,Image 1,S2P,1,1588,
1.67159,,Spot,2,Image 1,S2P,1,1589,
5.96034,,Spot,2,Image 1,S2P,1,1590,
1.84123,,Spot,2,Image 1,S2P,1,1591,
4.52898,,Spot,2,Image 1,S2P,1,1592,
5.05887,,Spot,2,Image 1,S2P,1,1593,
2.027,,Spot,2,Image 1,S2P,1,1594,
4.32849,,Spot,2,Image 1,S2P,1,1595,
5.53333,,Spot,2,Image 1,S2P,1,1596,
5.12384,,Spot,2,Image 1,S2P,1,1597,
2.75835,,Spot,2,Image 1,S2P,1,1598,
3.27606,,Spot,2,Image 1,S2P,1,1599,
2.36074,,Spot,2,Image 1,S2P,1,1600,
0.802113,,Spot,2,Image 1,S2P,1,1601,
4.74441,,Spot,2,Image 1,S2P,1,1602,
1.3679,,Spot,2,Image 1,S2P,1,1603,
3.52553,,Spot,2,Image 1,S2P,1,1604,
3.48134,,Spot,2,Image 1,S2P,1,1605,
4.05396,,Spot,2,Image 1,S2P,1,1606,
2.52189,,Spot,2,Image 1,S2P,1,1607,
3.98576,,Spot,2,Image 1,S2P,1,1608,
3.04328,,Spot,2,Image 1,S2P,1,1609,
6.01495,,Spot,2,Image 1,S2P,1,1610,
6.49053,,Spot,2,Image 1,S2P,1,1611,
2.71612,,Spot,2,Image 1,S2P,1,1612,
2.22514,,Spot,2,Image 1,S2P,1,1613,
2.25158,,Spot,2,Image 1,S2P,1,1614,
4.89654,,Spot,2,Image 1,S2P,1,1615,
5.62895,,Spot,2,Image 1,S2P,1,1616,
6.75628,,Spot,2,Image 1,S2P,1,1617,
3.28767,,Spot,2,Image 1,S2P,1,1618,
6.78075,,Spot,2,Image 1,S2P,1,1619,
1.98208,,Spot,2,Image 1,S2P,1,1620,
6.51665,,Spot,2,Image 1,S2P,1,1621,
4.83655,,Spot,2,Image 1,S2P,1,1622,
7.34725,,Spot,2,Image 1,S2P,1,1623,
6.66259,,Spot,2,Image 1,S2P,1,1624,
6.91021,,Spot,2,Image 1,S2P,1,1625,
3.69419,,Spot,2,Image 1,S2P,1,1626,
3.23388,,Spot,2,Image 1,S2P,1,1627,
4.43266,,Spot,2,Image 1,S2P,1,1628,
3.29591,,Spot,2,Image 1,S2P,1,1629,
5.82777,,Spot,2,Image 1,S2P,1,1630,
6.05337,,Spot,2,Image 1,S2P,1,1631,
3.6323,,Spot,2,Image 1,S2P,1,1632,
3.30505,,Spot,2,Image 1,S2P,1,1633,
2.26165,,Spot,2,Image 1,S2P,1,1634,
1.67699,,Spot,2,Image 1,S2P,1,1635,
1.24399,,Spot,2,Image 1,S2P,1,1636,
1.10157,,Spot,2,Image 1,S2P,1,1637,
3.024,,Spot,2,Image 1,S2P,1,1638,
3.09272,,Spot,2,Image 1,S2P,1,1639,
1.01402,,Spot,2,Image 1,S2P,1,1640,
7.45731,,Spot,2,Image 1,S2P,1,1641,
8.81701,,Spot,2,Image 1,S2P,1,1642,
1.06044,,Spot,2,Image 1,S2P,1,1643,
4.28678,,Spot,2,Image 1,S2P,1,1644,
3.76538,,Spot,2,Image 1,S2P,1,1645,
7.12343,,Spot,2,Image 1,S2P,1,1646,
3.30586,,Spot,2,Image 1,S2P,1,1647,
4.15505,,Spot,2,Image 1,S2P,1,1648,
3.17829,,Spot,2,Image 1,S2P,1,1649,
2.92757,,Spot,2,Image 1,S2P,1,1650,
5.07538,,Spot,2,Image 1,S2P,1,1651,
3.84009,,Spot,2,Image 1,S2P,1,1652,
4.9339,,Spot,2,Image 1,S2P,1,1653,
6.57557,,Spot,2,Image 1,S2P,1,1654,
6.68991,,Spot,2,Image 1,S2P,1,1655,
5.65755,,Spot,2,Image 1,S2P,1,1656,
6.54662,,Spot,2,Image 1,S2P,1,1657,
9.79268,,Spot,2,Image 1,S2P,1,1658,
8.56824,,Spot,2,Image 1,S2P,1,1659,
5.7164,,Spot,2,Image 1,S2P,1,1660,
6.60804,,Spot,2,Image 1,S2P,1,1661,
3.63908,,Spot,2,Image 1,S2P,1,1662,
6.62093,,Spot,2,Image 1,S2P,1,1663,
5.58635,,Spot,2,Image 1,S2P,1,1664,
6.91269,,Spot,2,Image 1,S2P,1,1665,
4.84672,,Spot,2,Image 1,S2P,1,1666,
3.7739,,Spot,2,Image 1,S2P,1,1667,
7.56906,,Spot,2,Image 1,S2P,1,1668,
4.32935,,Spot,2,Image 1,S2P,1,1669,
7.02725,,Spot,2,Image 1,S2P,1,1670,
8.44389,,Spot,2,Image 1,S2P,1,1671,
6.75631,,Spot,2,Image 1,S2P,1,1672,
4.49628,,Spot,2,Image 1,S2P,1,1673,
3.73769,,Spot,2,Image 1,S2P,1,1674,
4.80113,,Spot,2,Image 1,S2P,1,1675,
7.76064,,Spot,2,Image 1,S2P,1,1676,
3.93544,,Spot,2,Image 1,S2P,1,1677,
6.52255,,Spot,2,Image 1,S2P,1,1678,
6.78309,,Spot,2,Image 1,S2P,1,1679,
7.87469,,Spot,2,Image 1,S2P,1,1680,
5.91323,,Spot,2,Image 1,S2P,1,1681,
7.64586,,Spot,2,Image 1,S2P,1,1682,
5.02291,,Spot,2,Image 1,S2P,1,1683,
10.0096,,Spot,2,Image 1,S2P,1,1684,
6.45907,,Spot,2,Image 1,S2P,1,1685,
6.16447,,Spot,2,Image 1,S2P,1,1686,
7.94885,,Spot,2,Image 1,S2P,1,1687,
7.93049,,Spot,2,Image 1,S2P,1,1688,
4.87973,,Spot,2,Image 1,S2P,1,1689,
6.53439,,Spot,2,Image 1,S2P,1,1690,
4.95571,,Spot,2,Image 1,S2P,1,1691,
2.52992,,Spot,2,Image 1,S2P,1,1692,
4.95921,,Spot,2,Image 1,S2P,1,1693,
3.1009,,Spot,2,Image 1,S2P,1,1694,
4.11795,,Spot,2,Image 1,S2P,1,1695,
5.32954,,Spot,2,Image 1,S2P,1,1696,
6.83424,,Spot,2,Image 1,S2P,1,1697,
6.36032,,Spot,2,Image 1,S2P,1,1698,
5.55926,,Spot,2,Image 1,S2P,1,1699,
9.68338,,Spot,2,Image 1,S2P,1,1700,
2.51489,,Spot,2,Image 1,S2P,1,1701,
6.40509,,Spot,2,Image 1,S2P,1,1702,
2.09174,,Spot,2,Image 1,S2P,1,1703,
5.63367,,Spot,2,Image 1,S2P,1,1704,
4.9044,,Spot,2,Image 1,S2P,1,1705,
3.44721,,Spot,2,Image 1,S2P,1,1706,
2.80056,,Spot,2,Image 1,S2P,1,1707,
7.18921,,Spot,2,Image 1,S2P,1,1708,
3.3869,,Spot,2,Image 1,S2P,1,1709,
5.68181,,Spot,2,Image 1,S2P,1,1710,
6.74349,,Spot,2,Image 1,S2P,1,1711,
2.47621,,Spot,2,Image 1,S2P,1,1712,
2.25296,,Spot,2,Image 1,S2P,1,1713,
5.05829,,Spot,2,Image 1,S2P,1,1714,
4.7367,,Spot,2,Image 1,S2P,1,1715,
4.49636,,Spot,2,Image 1,S2P,1,1716,
4.72378,,Spot,2,Image 1,S2P,1,1717,
5.97295,,Spot,2,Image 1,S2P,1,1718,
2.65074,,Spot,2,Image 1,S2P,1,1719,
2.49353,,Spot,2,Image 1,S2P,1,1720,
2.01997,,Spot,2,Image 1,S2P,1,1721,
4.38549,,Spot,2,Image 1,S2P,1,1722,
6.96211,,Spot,2,Image 1,S2P,1,1723,
3.87692,,Spot,2,Image 1,S2P,1,1724,
1.76531,,Spot,2,Image 1,S2P,1,1725,
3.9986,,Spot,2,Image 1,S2P,1,1726,
7.39606,,Spot,2,Image 1,S2P,1,1727,
5.83709,,Spot,2,Image 1,S2P,1,1728,
7.11436,,Spot,2,Image 1,S2P,1,1729,
3.65029,,Spot,2,Image 1,S2P,1,1730,
4.52353,,Spot,2,Image 1,S2P,1,1731,
4.31706,,Spot,2,Image 1,S2P,1,1732,
1.5977,,Spot,2,Image 1,S2P,1,1733,
3.26929,,Spot,2,Image 1,S2P,1,1734,
5.81485,,Spot,2,Image 1,S2P,1,1735,
6.12987,,Spot,2,Image 1,S2P,1,1736,
5.48761,,Spot,2,Image 1,S2P,1,1737,
4.44415,,Spot,2,Image 1,S2P,1,1738,
3.92447,,Spot,2,Image 1,S2P,1,1739,
6.69263,,Spot,2,Image 1,S2P,1,1740,
7.69205,,Spot,2,Image 1,S2P,1,1741,
1.61716,,Spot,2,Image 1,S2P,1,1742,
5.17013,,Spot,2,Image 1,S2P,1,1743,
4.52084,,Spot,2,Image 1,S2P,1,1744,
1.37008,,Spot,2,Image 1,S2P,1,1745,
2.22664,,Spot,2,Image 1,S2P,1,1746,
1.26772,,Spot,2,Image 1,S2P,1,1747,
4.78425,,Spot,2,Image 1,S2P,1,1748,
3.68019,,Spot,2,Image 1,S2P,1,1749,
3.20552,,Spot,2,Image 1,S2P,1,1750,
3.2551,,Spot,2,Image 1,S2P,1,1751,
1.32718,,Spot,2,Image 1,S2P,1,1752,
7.03103,,Spot,2,Image 1,S2P,1,1753,
1.35948,,Spot,2,Image 1,S2P,1,1754,
1.73434,,Spot,2,Image 1,S2P,1,1755,
3.84137,,Spot,2,Image 1,S2P,1,1756,
1.15169,,Spot,2,Image 1,S2P,1,1757,
1.1214,,Spot,2,Image 1,S2P,1,1758,
5.17943,,Spot,2,Image 1,S2P,1,1759,
1.52332,,Spot,2,Image 1,S2P,1,1760,
5.09377,,Spot,2,Image 1,S2P,1,1761,
1.86963,,Spot,2,Image 1,S2P,1,1762,
2.72173,,Spot,2,Image 1,S2P,1,1763,
4.07954,,Spot,2,Image 1,S2P,1,1764,
1.70539,,Spot,2,Image 1,S2P,1,1765,
3.32185,,Spot,2,Image 1,S2P,1,1766,
3.27185,,Spot,2,Image 1,S2P,1,1767,
5.27759,,Spot,2,Image 1,S2P,1,1768,
1.34657,,Spot,2,Image 1,S2P,1,1769,
2.4956,,Spot,2,Image 1,S2P,1,1770,
1.32607,,Spot,2,Image 1,S2P,1,1771,
2.67129,,Spot,2,Image 1,S2P,1,1772,
2.70312,,Spot,2,Image 1,S2P,1,1773,
1.7807,,Spot,2,Image 1,S2P,1,1774,
4.2519,,Spot,2,Image 1,S2P,1,1775,
2.89751,,Spot,2,Image 1,S2P,1,1776,
0.722662,,Spot,2,Image 1,S2P,1,1777,
6.09281,,Spot,2,Image 1,S2P,1,1778,
0.550181,,Spot,2,Image 1,S2P,1,1779,
5.08026,,Spot,2,Image 1,S2P,1,1780,
0.535552,,Spot,2,Image 1,S2P,1,1781,
4.98912,,Spot,2,Image 1,S2P,1,1782,
2.34495,,Spot,2,Image 1,S2P,1,1783,
5.53985,,Spot,2,Image 1,S2P,1,1784,
2.77658,,Spot,2,Image 1,S2P,1,1785,
3.188,,Spot,2,Image 1,S2P,1,1786,
2.64001,,Spot,2,Image 1,S2P,1,1787,
3.74823,,Spot,2,Image 1,S2P,1,1788,
1.71641,,Spot,2,Image 1,S2P,1,1789,
1.67647,,Spot,2,Image 1,S2P,1,1790,
2.44413,,Spot,2,Image 1,S2P,1,1791,
3.35523,,Spot,2,Image 1,S2P,1,1792,
2.28641,,Spot,2,Image 1,S2P,1,1793,
0.450042,,Spot,2,Image 1,S2P,1,1794,
2.94177,,Spot,2,Image 1,S2P,1,1795,
2.18511,,Spot,2,Image 1,S2P,1,1796,
1.20306,,Spot,2,Image 1,S2P,1,1797,
5.40029,,Spot,2,Image 1,S2P,1,1798,
5.10521,,Spot,2,Image 1,S2P,1,1799,
6.62675,,Spot,2,Image 1,S2P,1,1800,
3.87322,,Spot,2,Image 1,S2P,1,1801,
3.98209,,Spot,2,Image 1,S2P,1,1802,
3.74539,,Spot,2,Image 1,S2P,1,1803,
1.45427,,Spot,2,Image 1,S2P,1,1804,
3.13552,,Spot,2,Image 1,S2P,1,1805,
4.18861,,Spot,2,Image 1,S2P,1,1806,
4.49268,,Spot,2,Image 1,S2P,1,1807,
3.29424,,Spot,2,Image 1,S2P,1,1808,
2.00849,,Spot,2,Image 1,S2P,1,1809,
4.00961,,Spot,2,Image 1,S2P,1,1810,
6.2562,,Spot,2,Image 1,S2P,1,1811,
3.60721,,Spot,2,Image 1,S2P,1,1812,
4.36077,,Spot,2,Image 1,S2P,1,1813,
2.46935,,Spot,2,Image 1,S2P,1,1814,
4.63931,,Spot,2,Image 1,S2P,1,1815,
3.93094,,Spot,2,Image 1,S2P,1,1816,
3.0358,,Spot,2,Image 1,S2P,1,1817,
2.29882,,Spot,2,Image 1,S2P,1,1818,
0.155327,,Spot,2,Image 1,S2P,1,1819,
1.96661,,Spot,2,Image 1,S2P,1,1820,
4.84876,,Spot,2,Image 1,S2P,1,1821,
5.63709,,Spot,2,Image 1,S2P,1,1822,
4.54472,,Spot,2,Image 1,S2P,1,1823,
4.88088,,Spot,2,Image 1,S2P,1,1824,
5.78372,,Spot,2,Image 1,S2P,1,1825,
3.01773,,Spot,2,Image 1,S2P,1,1826,
2.01195,,Spot,2,Image 1,S2P,1,1827,
3.10393,,Spot,2,Image 1,S2P,1,1828,
5.79884,,Spot,2,Image 1,S2P,1,1829,
3.01553,,Spot,2,Image 1,S2P,1,1830,
2.34088,,Spot,2,Image 1,S2P,1,1831,
4.80912,,Spot,2,Image 1,S2P,1,1832,
1.9321,,Spot,2,Image 1,S2P,1,1833,
5.23315,,Spot,2,Image 1,S2P,1,1834,
4.9735,,Spot,2,Image 1,S2P,1,1835,
5.36405,,Spot,2,Image 1,S2P,1,1836,
1.39106,,Spot,2,Image 1,S2P,1,1837,
1.97273,,Spot,2,Image 1,S2P,1,1838,
4.03332,,Spot,2,Image 1,S2P,1,1839,
4.62673,,Spot,2,Image 1,S2P,1,1840,
3.16313,,Spot,2,Image 1,S2P,1,1841,
3.40023,,Spot,2,Image 1,S2P,1,1842,
2.74676,,Spot,2,Image 1,S2P,1,1843,
2.64357,,Spot,2,Image 1,S2P,1,1844,
3.24523,,Spot,2,Image 1,S2P,1,1845,
4.01131,,Spot,2,Image 1,S2P,1,1846,
2.88718,,Spot,2,Image 1,S2P,1,1847,
1.47561,,Spot,2,Image 1,S2P,1,1848,
3.16573,,Spot,2,Image 1,S2P,1,1849,
0.822861,,Spot,2,Image 1,S2P,1,1850,
4.66976,,Spot,2,Image 1,S2P,1,1851,
2.92629,,Spot,2,Image 1,S2P,1,1852,
3.28224,,Spot,2,Image 1,S2P,1,1853,
4.16342,,Spot,2,Image 1,S2P,1,1854,
2.92758,,Spot,2,Image 1,S2P,1,1855,
0.950468,,Spot,2,Image 1,S2P,1,1856,
3.7627,,Spot,2,Image 1,S2P,1,1857,
1.94173,,Spot,2,Image 1,S2P,1,1858,
1.78213,,Spot,2,Image 1,S2P,1,1859,
1.45253,,Spot,2,Image 1,S2P,1,1860,
1.68137,,Spot,2,Image 1,S2P,1,1861,
7.38206,,Spot,2,Image 1,S2P,1,1862,
4.03762,,Spot,2,Image 1,S2P,1,1863,
3.26644,,Spot,2,Image 1,S2P,1,1864,
3.91365,,Spot,2,Image 1,S2P,1,1865,
4.14842,,Spot,2,Image 1,S2P,1,1866,
5.55915,,Spot,2,Image 1,S2P,1,1867,
4.73479,,Spot,2,Image 1,S2P,1,1868,
4.32069,,Spot,2,Image 1,S2P,1,1869,
4.71019,,Spot,2,Image 1,S2P,1,1870,
5.54027,,Spot,2,Image 1,S2P,1,1871,
6.2713,,Spot,2,Image 1,S2P,1,1872,
5.10612,,Spot,2,Image 1,S2P,1,1873,
1.25986,,Spot,2,Image 1,S2P,1,1874,
2.69859,,Spot,2,Image 1,S2P,1,1875,
4.85826,,Spot,2,Image 1,S2P,1,1876,
2.7701,,Spot,2,Image 1,S2P,1,1877,
3.84492,,Spot,2,Image 1,S2P,1,1878,
4.49642,,Spot,2,Image 1,S2P,1,1879,
3.69492,,Spot,2,Image 1,S2P,1,1880,
7.33478,,Spot,2,Image 1,S2P,1,1881,
3.17484,,Spot,2,Image 1,S2P,1,1882,
6.11109,,Spot,2,Image 1,S2P,1,1883,
3.06105,,Spot,2,Image 1,S2P,1,1884,
5.26471,,Spot,2,Image 1,S2P,1,1885,
1.28814,,Spot,2,Image 1,S2P,1,1886,
2.28213,,Spot,2,Image 1,S2P,1,1887,
8.30836,,Spot,2,Image 1,S2P,1,1888,
6.02049,,Spot,2,Image 1,S2P,1,1889,
6.21499,,Spot,2,Image 1,S2P,1,1890,
3.64618,,Spot,2,Image 1,S2P,1,1891,
3.49548,,Spot,2,Image 1,S2P,1,1892,
2.83872,,Spot,2,Image 1,S2P,1,1893,
6.15281,,Spot,2,Image 1,S2P,1,1894,
5.61269,,Spot,2,Image 1,S2P,1,1895,
3.62994,,Spot,2,Image 1,S2P,1,1896,
4.85473,,Spot,2,Image 1,S2P,1,1897,
3.50907,,Spot,2,Image 1,S2P,1,1898,
3.33966,,Spot,2,Image 1,S2P,1,1899,
4.55945,,Spot,2,Image 1,S2P,1,1900,
5.39347,,Spot,2,Image 1,S2P,1,1901,
2.05481,,Spot,2,Image 1,S2P,1,1902,
4.19565,,Spot,2,Image 1,S2P,1,1903,
3.12963,,Spot,2,Image 1,S2P,1,1904,
2.5023,,Spot,2,Image 1,S2P,1,1905,
2.71201,,Spot,2,Image 1,S2P,1,1906,
5.60453,,Spot,2,Image 1,S2P,1,1907,
1.91583,,Spot,2,Image 1,S2P,1,1908,
4.64629,,Spot,2,Image 1,S2P,1,1909,
6.81014,,Spot,2,Image 1,S2P,1,1910,
4.69459,,Spot,2,Image 1,S2P,1,1911,
3.54846,,Spot,2,Image 1,S2P,1,1912,
1.49363,,Spot,2,Image 1,S2P,1,1913,
3.80991,,Spot,2,Image 1,S2P,1,1914,
5.47675,,Spot,2,Image 1,S2P,1,1915,
4.26066,,Spot,2,Image 1,S2P,1,1916,
6.43133,,Spot,2,Image 1,S2P,1,1917,
3.6785,,Spot,2,Image 1,S2P,1,1918,
3.04717,,Spot,2,Image 1,S2P,1,1919,
4.34624,,Spot,2,Image 1,S2P,1,1920,
2.76067,,Spot,2,Image 1,S2P,1,1921,
5.23163,,Spot,2,Image 1,S2P,1,1922,
2.80262,,Spot,2,Image 1,S2P,1,1923,
2.72758,,Spot,2,Image 1,S2P,1,1924,
3.38333,,Spot,2,Image 1,S2P,1,1925,
5.0163,,Spot,2,Image 1,S2P,1,1926,
4.21351,,Spot,2,Image 1,S2P,1,1927,
3.67248,,Spot,2,Image 1,S2P,1,1928,
3.89778,,Spot,2,Image 1,S2P,1,1929,
4.15741,,Spot,2,Image 1,S2P,1,1930,
2.82715,,Spot,2,Image 1,S2P,1,1931,
5.7333,,Spot,2,Image 1,S2P,1,1932,
5.13201,,Spot,2,Image 1,S2P,1,1933,
4.56115,,Spot,2,Image 1,S2P,1,1934,
4.03591,,Spot,2,Image 1,S2P,1,1935,
2.97207,,Spot,2,Image 1,S2P,1,1936,
5.95095,,Spot,2,Image 1,S2P,1,1937,
3.74975,,Spot,2,Image 1,S2P,1,1938,
4.14661,,Spot,2,Image 1,S2P,1,1939,
5.49561,,Spot,2,Image 1,S2P,1,1940,
2.07511,,Spot,2,Image 1,S2P,1,1941,
3.9654,,Spot,2,Image 1,S2P,1,1942,
5.60001,,Spot,2,Image 1,S2P,1,1943,
4.5163,,Spot,2,Image 1,S2P,1,1944,
3.42736,,Spot,2,Image 1,S2P,1,1945,
4.34666,,Spot,2,Image 1,S2P,1,1946,
5.45599,,Spot,2,Image 1,S2P,1,1947,
2.53533,,Spot,2,Image 1,S2P,1,1948,
3.27372,,Spot,2,Image 1,S2P,1,1949,
3.08675,,Spot,2,Image 1,S2P,1,1950,
5.26329,,Spot,2,Image 1,S2P,1,1951,
3.87618,,Spot,2,Image 1,S2P,1,1952,
4.22977,,Spot,2,Image 1,S2P,1,1953,
5.37801,,Spot,2,Image 1,S2P,1,1954,
5.05268,,Spot,2,Image 1,S2P,1,1955,
3.17565,,Spot,2,Image 1,S2P,1,1956,
3.46233,,Spot,2,Image 1,S2P,1,1957,
4.97171,,Spot,2,Image 1,S2P,1,1958,
5.32248,,Spot,2,Image 1,S2P,1,1959,
4.53498,,Spot,2,Image 1,S2P,1,1960,
3.74405,,Spot,2,Image 1,S2P,1,1961,
5.31749,,Spot,2,Image 1,S2P,1,1962,
3.86127,,Spot,2,Image 1,S2P,1,1963,
3.71936,,Spot,2,Image 1,S2P,1,1964,
3.13458,,Spot,2,Image 1,S2P,1,1965,
4.41834,,Spot,2,Image 1,S2P,1,1966,
4.24569,,Spot,2,Image 1,S2P,1,1967,
2.27238,,Spot,2,Image 1,S2P,1,1968,
4.54229,,Spot,2,Image 1,S2P,1,1969,
3.76288,,Spot,2,Image 1,S2P,1,1970,
4.51952,,Spot,2,Image 1,S2P,1,1971,
3.51728,,Spot,2,Image 1,S2P,1,1972,
2.39245,,Spot,2,Image 1,S2P,1,1973,
5.28706,,Spot,2,Image 1,S2P,1,1974,
4.947,,Spot,2,Image 1,S2P,1,1975,
5.2577,,Spot,2,Image 1,S2P,1,1976,
3.66743,,Spot,2,Image 1,S2P,1,1977,
4.18519,,Spot,2,Image 1,S2P,1,1978,
5.50564,,Spot,2,Image 1,S2P,1,1979,
4.75387,,Spot,2,Image 1,S2P,1,1980,
4.09028,,Spot,2,Image 1,S2P,1,1981,
2.51856,,Spot,2,Image 1,S2P,1,1982,
1.94299,,Spot,2,Image 1,S2P,1,1983,
4.18763,,Spot,2,Image 1,S2P,1,1984,
4.53693,,Spot,2,Image 1,S2P,1,1985,
3.47312,,Spot,2,Image 1,S2P,1,1986,
2.88694,,Spot,2,Image 1,S2P,1,1987,
3.1846,,Spot,2,Image 1,S2P,1,1988,
4.96321,,Spot,2,Image 1,S2P,1,1989,
4.37539,,Spot,2,Image 1,S2P,1,1990,
2.91036,,Spot,2,Image 1,S2P,1,1991,
1.54161,,Spot,2,Image 1,S2P,1,1992,
5.03081,,Spot,2,Image 1,S2P,1,1993,
5.29762,,Spot,2,Image 1,S2P,1,1994,
5.83025,,Spot,2,Image 1,S2P,1,1995,
1.42768,,Spot,2,Image 1,S2P,1,1996,
3.35446,,Spot,2,Image 1,S2P,1,1997,
4.02401,,Spot,2,Image 1,S2P,1,1998,
2.57514,,Spot,2,Image 1,S2P,1,1999,
3.10753,,Spot,2,Image 1,S2P,1,2000,
4.66809,,Spot,2,Image 1,S2P,1,2001,
2.06527,,Spot,2,Image 1,S2P,1,2002,
4.99262,,Spot,2,Image 1,S2P,1,2003,
4.49038,,Spot,2,Image 1,S2P,1,2004,
2.52968,,Spot,2,Image 1,S2P,1,2005,
4.31978,,Spot,2,Image 1,S2P,1,2006,
2.27083,,Spot,2,Image 1,S2P,1,2007,
4.08375,,Spot,2,Image 1,S2P,1,2008,
1.30149,,Spot,2,Image 1,S2P,1,2009,
2.23782,,Spot,2,Image 1,S2P,1,2010,
3.05772,,Spot,2,Image 1,S2P,1,2011,
2.25933,,Spot,2,Image 1,S2P,1,2012,
3.61431,,Spot,2,Image 1,S2P,1,2013,
3.62841,,Spot,2,Image 1,S2P,1,2014,
5.55545,,Spot,2,Image 1,S2P,1,2015,
2.08399,,Spot,2,Image 1,S2P,1,2016,
4.12346,,Spot,2,Image 1,S2P,1,2017,
4.08508,,Spot,2,Image 1,S2P,1,2018,
5.23227,,Spot,2,Image 1,S2P,1,2019,
5.08004,,Spot,2,Image 1,S2P,1,2020,
4.93093,,Spot,2,Image 1,S2P,1,2021,
3.41894,,Spot,2,Image 1,S2P,1,2022,
4.41042,,Spot,2,Image 1,S2P,1,2023,
5.47797,,Spot,2,Image 1,S2P,1,2024,
3.54714,,Spot,2,Image 1,S2P,1,2025,
2.00123,,Spot,2,Image 1,S2P,1,2026,
3.18531,,Spot,2,Image 1,S2P,1,2027,
3.05665,,Spot,2,Image 1,S2P,1,2028,
1.71549,,Spot,2,Image 1,S2P,1,2029,
3.2978,,Spot,2,Image 1,S2P,1,2030,
3.57388,,Spot,2,Image 1,S2P,1,2031,
4.32778,,Spot,2,Image 1,S2P,1,2032,
2.49786,,Spot,2,Image 1,S2P,1,2033,
1.11757,,Spot,2,Image 1,S2P,1,2034,
5.01595,,Spot,2,Image 1,S2P,1,2035,
4.00398,,Spot,2,Image 1,S2P,1,2036,
2.85757,,Spot,2,Image 1,S2P,1,2037,
1.96785,,Spot,2,Image 1,S2P,1,2038,
1.39816,,Spot,2,Image 1,S2P,1,2039,
3.65241,,Spot,2,Image 1,S2P,1,2040,
2.07034,,Spot,2,Image 1,S2P,1,2041,
2.17809,,Spot,2,Image 1,S2P,1,2042,
6.50566,,Spot,2,Image 1,S2P,1,2043,
1.22345,,Spot,2,Image 1,S2P,1,2044,
5.03042,,Spot,2,Image 1,S2P,1,2045,
3.4032,,Spot,2,Image 1,S2P,1,2046,
3.67181,,Spot,2,Image 1,S2P,1,2047,
1.06281,,Spot,2,Image 1,S2P,1,2048,
1.51921,,Spot,2,Image 1,S2P,1,2049,
3.37403,,Spot,2,Image 1,S2P,1,2050,
5.85683,,Spot,2,Image 1,S2P,1,2051,
2.6616,,Spot,2,Image 1,S2P,1,2052,
1.9974,,Spot,2,Image 1,S2P,1,2053,
1.45935,,Spot,2,Image 1,S2P,1,2054,
7.50886,,Spot,2,Image 1,S2P,1,2055,
4.5763,,Spot,2,Image 1,S2P,1,2056,
5.82219,,Spot,2,Image 1,S2P,1,2057,
5.50843,,Spot,2,Image 1,S2P,1,2058,
6.47713,,Spot,2,Image 1,S2P,1,2059,
5.03279,,Spot,2,Image 1,S2P,1,2060,
1.96013,,Spot,2,Image 1,S2P,1,2061,
5.11137,,Spot,2,Image 1,S2P,1,2062,
1.97692,,Spot,2,Image 1,S2P,1,2063,
5.643,,Spot,2,Image 1,S2P,1,2064,
1.71969,,Spot,2,Image 1,S2P,1,2065,
5.53704,,Spot,2,Image 1,S2P,1,2066,
3.44237,,Spot,2,Image 1,S2P,1,2067,
5.62488,,Spot,2,Image 1,S2P,1,2068,
5.16217,,Spot,2,Image 1,S2P,1,2069,
5.92413,,Spot,2,Image 1,S2P,1,2070,
5.39176,,Spot,2,Image 1,S2P,1,2071,
5.1553,,Spot,2,Image 1,S2P,1,2072,
5.91938,,Spot,2,Image 1,S2P,1,2073,
3.20259,,Spot,2,Image 1,S2P,1,2074,
4.64776,,Spot,2,Image 1,S2P,1,2075,
6.26655,,Spot,2,Image 1,S2P,1,2076,
5.12334,,Spot,2,Image 1,S2P,1,2077,
4.19556,,Spot,2,Image 1,S2P,1,2078,
4.70759,,Spot,2,Image 1,S2P,1,2079,
4.23004,,Spot,2,Image 1,S2P,1,2080,
2.91158,,Spot,2,Image 1,S2P,1,2081,
6.03655,,Spot,2,Image 1,S2P,1,2082,
5.17416,,Spot,2,Image 1,S2P,1,2083,
5.7035,,Spot,2,Image 1,S2P,1,2084,
6.63456,,Spot,2,Image 1,S2P,1,2085,
4.87554,,Spot,2,Image 1,S2P,1,2086,
6.29288,,Spot,2,Image 1,S2P,1,2087,
4.20425,,Spot,2,Image 1,S2P,1,2088,
3.88621,,Spot,2,Image 1,S2P,1,2089,
5.62357,,Spot,2,Image 1,S2P,1,2090,
4.61845,,Spot,2,Image 1,S2P,1,2091,
2.012,,Spot,2,Image 1,S2P,1,2092,
2.86541,,Spot,2,Image 1,S2P,1,2093,
4.06042,,Spot,2,Image 1,S2P,1,2094,
4.66985,,Spot,2,Image 1,S2P,1,2095,
3.27769,,Spot,2,Image 1,S2P,1,2096,
7.2218,,Spot,2,Image 1,S2P,1,2097,
2.85258,,Spot,2,Image 1,S2P,1,2098,
3.22493,,Spot,2,Image 1,S2P,1,2099,
6.94555,,Spot,2,Image 1,S2P,1,2100,
6.07635,,Spot,2,Image 1,S2P,1,2101,
3.41089,,Spot,2,Image 1,S2P,1,2102,
4.35276,,Spot,2,Image 1,S2P,1,2103,
3.07138,,Spot,2,Image 1,S2P,1,2104,
4.67299,,Spot,2,Image 1,S2P,1,2105,
1.13795,,Spot,2,Image 1,S2P,1,2106,
6.07588,,Spot,2,Image 1,S2P,1,2107,
5.56804,,Spot,2,Image 1,S2P,1,2108,
1.29574,,Spot,2,Image 1,S2P,1,2109,
6.79494,,Spot,2,Image 1,S2P,1,2110,
1.40557,,Spot,2,Image 1,S2P,1,2111,
5.86268,,Spot,2,Image 1,S2P,1,2112,
4.10888,,Spot,2,Image 1,S2P,1,2113,
2.83131,,Spot,2,Image 1,S2P,1,2114,
4.30896,,Spot,2,Image 1,S2P,1,2115,
4.05697,,Spot,2,Image 1,S2P,1,2116,
3.2641,,Spot,2,Image 1,S2P,1,2117,
2.19529,,Spot,2,Image 1,S2P,1,2118,
1.91664,,Spot,2,Image 1,S2P,1,2119,
2.45134,,Spot,2,Image 1,S2P,1,2120,
1.14935,,Spot,2,Image 1,S2P,1,2121,
1.20682,,Spot,2,Image 1,S2P,1,2122,
1.84633,,Spot,2,Image 1,S2P,1,2123,
1.40739,,Spot,2,Image 1,S2P,1,2124,
1.6375,,Spot,2,Image 1,S2P,1,2125,
1.85495,,Spot,2,Image 1,S2P,1,2126,
2.09147,,Spot,2,Image 1,S2P,1,2127,
0.998921,,Spot,2,Image 1,S2P,1,2128,
3.20402,,Spot,2,Image 1,S2P,1,2129,
2.65094,,Spot,2,Image 1,S2P,1,2130,
1.59741,,Spot,2,Image 1,S2P,1,2131,
3.29722,,Spot,2,Image 1,S2P,1,2132,
2.05608,,Spot,2,Image 1,S2P,1,2133,
4.64193,,Spot,2,Image 1,S2P,1,2134,
0.895753,,Spot,2,Image 1,S2P,1,2135,
0.862887,,Spot,2,Image 1,S2P,1,2136,
2.53532,,Spot,2,Image 1,S2P,1,2137,
2.99813,,Spot,2,Image 1,S2P,1,2138,
4.16701,,Spot,2,Image 1,S2P,1,2139,
2.81768,,Spot,2,Image 1,S2P,1,2140,
5.83652,,Spot,2,Image 1,S2P,1,2141,
4.52902,,Spot,2,Image 1,S2P,1,2142,
4.87082,,Spot,2,Image 1,S2P,1,2143,
2.92912,,Spot,2,Image 1,S2P,1,2144,
2.67966,,Spot,2,Image 1,S2P,1,2145,
2.57135,,Spot,2,Image 1,S2P,1,2146,
3.28058,,Spot,2,Image 1,S2P,1,2147,
2.40552,,Spot,2,Image 1,S2P,1,2148,
4.0127,,Spot,2,Image 1,S2P,1,2149,
4.91436,,Spot,2,Image 1,S2P,1,2150,
2.35884,,Spot,2,Image 1,S2P,1,2151,
7.04468,,Spot,2,Image 1,S2P,1,2152,
3.26409,,Spot,2,Image 1,S2P,1,2153,
1.80687,,Spot,2,Image 1,S2P,1,2154,
1.31783,,Spot,2,Image 1,S2P,1,2155,
2.42878,,Spot,2,Image 1,S2P,1,2156,
1.19759,,Spot,2,Image 1,S2P,1,2157,
2.35795,,Spot,2,Image 1,S2P,1,2158,
2.06563,,Spot,2,Image 1,S2P,1,2159,
2.51415,,Spot,2,Image 1,S2P,1,2160,
2.01837,,Spot,2,Image 1,S2P,1,2161,
4.861,,Spot,2,Image 1,S2P,1,2162,
2.48857,,Spot,2,Image 1,S2P,1,2163,
4.35454,,Spot,2,Image 1,S2P,1,2164,
3.21923,,Spot,2,Image 1,S2P,1,2165,
3.49087,,Spot,2,Image 1,S2P,1,2166,
2.70024,,Spot,2,Image 1,S2P,1,2167,
2.6795,,Spot,2,Image 1,S2P,1,2168,
3.08143,,Spot,2,Image 1,S2P,1,2169,
1.81498,,Spot,2,Image 1,S2P,1,2170,
2.93323,,Spot,2,Image 1,S2P,1,2171,
3.24398,,Spot,2,Image 1,S2P,1,2172,
1.30877,,Spot,2,Image 1,S2P,1,2173,
2.80648,,Spot,2,Image 1,S2P,1,2174,
3.65395,,Spot,2,Image 1,S2P,1,2175,
3.44415,,Spot,2,Image 1,S2P,1,2176,
3.67462,,Spot,2,Image 1,S2P,1,2177,
7.30963,,Spot,2,Image 1,S2P,1,2178,
1.73589,,Spot,2,Image 1,S2P,1,2179,
1.36423,,Spot,2,Image 1,S2P,1,2180,
0.60561,,Spot,2,Image 1,S2P,1,2181,
1.0081,,Spot,2,Image 1,S2P,1,2182,
3.01311,,Spot,2,Image 1,S2P,1,2183,
1.71683,,Spot,2,Image 1,S2P,1,2184,
1.59048,,Spot,2,Image 1,S2P,1,2185,
1.55073,,Spot,2,Image 1,S2P,1,2186,
4.00449,,Spot,2,Image 1,S2P,1,2187,
1.47398,,Spot,2,Image 1,S2P,1,2188,
0.608445,,Spot,2,Image 1,S2P,1,2189,
1.69892,,Spot,2,Image 1,S2P,1,2190,
1.64816,,Spot,2,Image 1,S2P,1,2191,
1.59393,,Spot,2,Image 1,S2P,1,2192,
1.0666,,Spot,2,Image 1,S2P,1,2193,
1.20627,,Spot,2,Image 1,S2P,1,2194,
2.55421,,Spot,2,Image 1,S2P,1,2195,
2.53587,,Spot,2,Image 1,S2P,1,2196,
1.40331,,Spot,2,Image 1,S2P,1,2197,
0.608736,,Spot,2,Image 1,S2P,1,2198,
2.13037,,Spot,2,Image 1,S2P,1,2199,
4.30053,,Spot,2,Image 1,S2P,1,2200,
4.6152,,Spot,2,Image 1,S2P,1,2201,
2.98614,,Spot,2,Image 1,S2P,1,2202,
4.94642,,Spot,2,Image 1,S2P,1,2203,
2.85134,,Spot,2,Image 1,S2P,1,2204,
4.06205,,Spot,2,Image 1,S2P,1,2205,
3.91864,,Spot,2,Image 1,S2P,1,2206,
3.7511,,Spot,2,Image 1,S2P,1,2207,
2.68699,,Spot,2,Image 1,S2P,1,2208,
1.72718,,Spot,2,Image 1,S2P,1,2209,
4.48417,,Spot,2,Image 1,S2P,1,2210,
2.38169,,Spot,2,Image 1,S2P,1,2211,
3.16644,,Spot,2,Image 1,S2P,1,2212,
1.53737,,Spot,2,Image 1,S2P,1,2213,
3.87166,,Spot,2,Image 1,S2P,1,2214,
3.03309,,Spot,2,Image 1,S2P,1,2215,
1.00045,,Spot,2,Image 1,S2P,1,2216,
2.38164,,Spot,2,Image 1,S2P,1,2217,
1.99717,,Spot,2,Image 1,S2P,1,2218,
4.10466,,Spot,2,Image 1,S2P,1,2219,
2.81255,,Spot,2,Image 1,S2P,1,2220,
2.49388,,Spot,2,Image 1,S2P,1,2221,
