
Position
 ==================== 
Position X,Position Y,Position Z,Unit,Category,Collection,Surpass Object,Time,ID,
4.89238,5.28112,3.63686,um,Spot,Position,Nucleus center of mass,1,0,
6.42434,3.26048,0.531696,um,Spot,Position,S2P,1,617,
6.44489,2.80618,0.793179,um,Spot,Position,S2P,1,618,
6.24503,2.82162,0.806148,um,Spot,Position,S2P,1,619,
5.585,3.10053,0.806991,um,Spot,Position,S2P,1,620,
5.86192,3.2676,0.753296,um,Spot,Position,S2P,1,621,
5.53218,3.09816,0.989269,um,Spot,Position,S2P,1,622,
6.59975,3.11293,1.05989,um,Spot,Position,S2P,1,623,
5.34647,3.25967,1.07291,um,Spot,Position,S2P,1,624,
6.66879,3.37024,1.05615,um,Spot,Position,S2P,1,625,
5.9437,3.12371,1.08899,um,Spot,Position,S2P,1,626,
5.95485,3.31161,1.24581,um,Spot,Position,S2P,1,627,
5.66626,2.88668,1.34586,um,Spot,Position,S2P,1,628,
5.21197,3.17923,1.34725,um,Spot,Position,S2P,1,629,
5.15794,3.25993,1.34966,um,Spot,Position,S2P,1,630,
5.77476,3.35575,1.34198,um,Spot,Position,S2P,1,631,
5.96656,2.9894,1.41655,um,Spot,Position,S2P,1,632,
6.85843,3.39558,0.914011,um,Spot,Position,S2P,1,633,
6.44071,4.10197,0.260849,um,Spot,Position,S2P,1,634,
6.25983,4.32474,0.268528,um,Spot,Position,S2P,1,635,
6.69828,4.39888,0.264271,um,Spot,Position,S2P,1,636,
6.51321,4.43658,0.267242,um,Spot,Position,S2P,1,637,
5.85383,4.45835,0.266139,um,Spot,Position,S2P,1,638,
5.85317,4.63863,0.262904,um,Spot,Position,S2P,1,639,
6.31021,4.78964,0.26118,um,Spot,Position,S2P,1,640,
6.37611,5.00902,0.263259,um,Spot,Position,S2P,1,641,
6.22251,5.12239,0.255883,um,Spot,Position,S2P,1,642,
5.90782,5.16369,0.266326,um,Spot,Position,S2P,1,643,
5.99313,5.27802,0.261876,um,Spot,Position,S2P,1,644,
6.33709,5.38464,0.266306,um,Spot,Position,S2P,1,645,
6.52679,5.40345,0.26476,um,Spot,Position,S2P,1,646,
5.8529,5.56219,0.26403,um,Spot,Position,S2P,1,647,
6.06938,5.58207,0.25905,um,Spot,Position,S2P,1,648,
6.47388,4.31594,0.288695,um,Spot,Position,S2P,1,649,
6.45606,4.5003,0.355546,um,Spot,Position,S2P,1,650,
6.27215,4.58673,0.295066,um,Spot,Position,S2P,1,651,
5.72037,4.8107,0.347732,um,Spot,Position,S2P,1,652,
6.51684,4.97526,0.316515,um,Spot,Position,S2P,1,653,
5.73505,5.19228,0.353195,um,Spot,Position,S2P,1,654,
5.76069,5.37081,0.357332,um,Spot,Position,S2P,1,655,
5.9714,5.50616,0.281084,um,Spot,Position,S2P,1,656,
6.52991,5.50249,0.289568,um,Spot,Position,S2P,1,657,
5.84442,5.74003,0.355978,um,Spot,Position,S2P,1,658,
5.80007,5.93494,0.356263,um,Spot,Position,S2P,1,659,
5.8561,3.95369,0.444473,um,Spot,Position,S2P,1,660,
5.71931,4.04771,0.434904,um,Spot,Position,S2P,1,661,
6.02865,4.31918,0.413559,um,Spot,Position,S2P,1,662,
6.64819,4.79559,0.405201,um,Spot,Position,S2P,1,663,
5.61892,4.93093,0.441934,um,Spot,Position,S2P,1,664,
5.62884,5.19279,0.439965,um,Spot,Position,S2P,1,665,
5.54291,5.74709,0.445129,um,Spot,Position,S2P,1,666,
5.53314,5.93512,0.438884,um,Spot,Position,S2P,1,667,
6.20679,6.16381,0.447212,um,Spot,Position,S2P,1,668,
5.88667,6.33684,0.446595,um,Spot,Position,S2P,1,669,
6.52698,3.45366,0.52937,um,Spot,Position,S2P,1,670,
6.13536,3.83926,0.456443,um,Spot,Position,S2P,1,671,
5.53196,4.04733,0.531089,um,Spot,Position,S2P,1,672,
5.95516,4.20432,0.484304,um,Spot,Position,S2P,1,673,
6.27854,4.45952,0.474205,um,Spot,Position,S2P,1,674,
5.34604,4.57,0.531539,um,Spot,Position,S2P,1,675,
6.038,4.54873,0.522488,um,Spot,Position,S2P,1,676,
6.6906,6.15339,0.535206,um,Spot,Position,S2P,1,677,
6.00403,6.18447,0.497483,um,Spot,Position,S2P,1,678,
5.463,6.20646,0.539676,um,Spot,Position,S2P,1,679,
5.62346,6.29894,0.538164,um,Spot,Position,S2P,1,680,
5.72042,6.55123,0.536502,um,Spot,Position,S2P,1,681,
5.79972,6.63,0.532499,um,Spot,Position,S2P,1,682,
5.82604,3.54375,0.628131,um,Spot,Position,S2P,1,683,
5.3444,4.03661,0.620374,um,Spot,Position,S2P,1,684,
5.65633,4.34238,0.55173,um,Spot,Position,S2P,1,685,
5.29118,4.46904,0.617978,um,Spot,Position,S2P,1,686,
5.25002,5.13679,0.627777,um,Spot,Position,S2P,1,687,
6.42512,6.68646,0.625096,um,Spot,Position,S2P,1,688,
6.01991,3.48982,0.694154,um,Spot,Position,S2P,1,689,
5.48022,3.61211,0.714719,um,Spot,Position,S2P,1,690,
6.75485,4.12954,0.667058,um,Spot,Position,S2P,1,691,
5.23241,4.31908,0.713561,um,Spot,Position,S2P,1,692,
6.67236,4.3099,0.649118,um,Spot,Position,S2P,1,693,
5.58563,4.81578,0.707771,um,Spot,Position,S2P,1,694,
6.16652,5.19,0.681552,um,Spot,Position,S2P,1,695,
6.40854,6.4691,0.703578,um,Spot,Position,S2P,1,696,
5.89572,6.48614,0.676694,um,Spot,Position,S2P,1,697,
6.18257,6.62586,0.660862,um,Spot,Position,S2P,1,698,
5.23153,6.65894,0.716801,um,Spot,Position,S2P,1,699,
5.89306,3.49236,0.768235,um,Spot,Position,S2P,1,700,
5.34559,3.59735,0.80113,um,Spot,Position,S2P,1,701,
5.57592,3.62092,0.780457,um,Spot,Position,S2P,1,702,
5.70009,3.76373,0.771095,um,Spot,Position,S2P,1,703,
6.67827,4.01228,0.774994,um,Spot,Position,S2P,1,704,
5.48157,4.36347,0.810434,um,Spot,Position,S2P,1,705,
6.60568,4.51052,0.780167,um,Spot,Position,S2P,1,706,
5.17902,4.9779,0.792698,um,Spot,Position,S2P,1,707,
4.93026,5.39305,0.810434,um,Spot,Position,S2P,1,708,
6.18948,5.63312,0.788291,um,Spot,Position,S2P,1,709,
5.15759,4.21098,0.867043,um,Spot,Position,S2P,1,710,
5.53973,4.62639,0.850295,um,Spot,Position,S2P,1,711,
6.05516,4.97344,0.867161,um,Spot,Position,S2P,1,712,
5.14376,5.52855,0.867982,um,Spot,Position,S2P,1,713,
4.92531,6.26543,0.899305,um,Spot,Position,S2P,1,714,
5.15049,6.30958,0.837374,um,Spot,Position,S2P,1,715,
5.72848,6.52196,0.887568,um,Spot,Position,S2P,1,716,
6.49269,6.67007,0.878105,um,Spot,Position,S2P,1,717,
6.02083,3.72267,0.980927,um,Spot,Position,S2P,1,718,
6.7085,4.90208,0.917372,um,Spot,Position,S2P,1,719,
5.35154,4.93564,0.977976,um,Spot,Position,S2P,1,720,
5.04272,5.13241,0.945598,um,Spot,Position,S2P,1,721,
6.51262,5.22877,0.956962,um,Spot,Position,S2P,1,722,
6.83556,5.9526,0.9482,um,Spot,Position,S2P,1,723,
5.30299,6.02303,0.948591,um,Spot,Position,S2P,1,724,
4.70176,6.09308,0.982395,um,Spot,Position,S2P,1,725,
6.84322,6.62273,0.920614,um,Spot,Position,S2P,1,726,
6.24616,3.84968,1.01549,um,Spot,Position,S2P,1,727,
4.98384,4.92666,1.08031,um,Spot,Position,S2P,1,728,
5.22894,5.22711,1.04493,um,Spot,Position,S2P,1,729,
4.597,5.55233,1.07075,um,Spot,Position,S2P,1,730,
4.69137,5.71177,1.00803,um,Spot,Position,S2P,1,731,
4.86428,6.47712,1.07342,um,Spot,Position,S2P,1,732,
5.91971,6.69007,1.01589,um,Spot,Position,S2P,1,733,
5.0252,6.7666,1.06912,um,Spot,Position,S2P,1,734,
5.29042,3.69933,1.14806,um,Spot,Position,S2P,1,735,
5.0247,3.82014,1.16778,um,Spot,Position,S2P,1,736,
5.02424,4.19756,1.16476,um,Spot,Position,S2P,1,737,
5.25628,4.24257,1.12425,um,Spot,Position,S2P,1,738,
6.37036,4.27017,1.10783,um,Spot,Position,S2P,1,739,
6.65478,4.5657,1.16538,um,Spot,Position,S2P,1,740,
6.10372,4.67244,1.14267,um,Spot,Position,S2P,1,741,
6.75349,5.09314,1.12935,um,Spot,Position,S2P,1,742,
4.64616,5.28083,1.16639,um,Spot,Position,S2P,1,743,
5.84666,5.34355,1.13161,um,Spot,Position,S2P,1,744,
6.0091,5.68508,1.13241,um,Spot,Position,S2P,1,745,
4.69891,5.80011,1.09292,um,Spot,Position,S2P,1,746,
5.07033,6.26287,1.12617,um,Spot,Position,S2P,1,747,
6.0034,6.61373,1.14137,um,Spot,Position,S2P,1,748,
5.04949,6.67266,1.11364,um,Spot,Position,S2P,1,749,
5.914,3.90877,1.19297,um,Spot,Position,S2P,1,750,
5.56673,3.96643,1.25934,um,Spot,Position,S2P,1,751,
4.96633,4.50889,1.17847,um,Spot,Position,S2P,1,752,
5.22038,4.86287,1.18961,um,Spot,Position,S2P,1,753,
4.56736,5.37249,1.25349,um,Spot,Position,S2P,1,754,
5.40555,5.89691,1.20815,um,Spot,Position,S2P,1,755,
4.6056,6.45579,1.256,um,Spot,Position,S2P,1,756,
6.52781,6.49532,1.2441,um,Spot,Position,S2P,1,757,
4.86003,6.67346,1.19596,um,Spot,Position,S2P,1,758,
6.31677,3.62984,1.29514,um,Spot,Position,S2P,1,759,
4.85472,3.87551,1.34508,um,Spot,Position,S2P,1,760,
6.25935,4.96208,1.29943,um,Spot,Position,S2P,1,761,
5.4082,5.06243,1.32156,um,Spot,Position,S2P,1,762,
6.64183,5.55305,1.2972,um,Spot,Position,S2P,1,763,
5.33497,5.59244,1.31851,um,Spot,Position,S2P,1,764,
6.28225,5.59559,1.30915,um,Spot,Position,S2P,1,765,
6.69834,5.85393,1.30433,um,Spot,Position,S2P,1,766,
6.50482,6.02127,1.33767,um,Spot,Position,S2P,1,767,
4.19545,6.54642,1.34687,um,Spot,Position,S2P,1,768,
5.13127,3.97212,1.38975,um,Spot,Position,S2P,1,769,
4.70413,4.38266,1.43198,um,Spot,Position,S2P,1,770,
4.4132,5.17473,1.42941,um,Spot,Position,S2P,1,771,
6.28071,5.35953,1.39517,um,Spot,Position,S2P,1,772,
6.04917,5.46464,1.38722,um,Spot,Position,S2P,1,773,
6.26144,6.26362,1.4276,um,Spot,Position,S2P,1,774,
4.13663,6.55581,1.43302,um,Spot,Position,S2P,1,775,
6.38145,6.75433,1.42651,um,Spot,Position,S2P,1,776,
6.94187,5.56099,0.257498,um,Spot,Position,S2P,1,777,
7.10691,5.05557,0.403457,um,Spot,Position,S2P,1,778,
6.8905,4.22384,0.520784,um,Spot,Position,S2P,1,779,
7.13875,6.17692,0.71738,um,Spot,Position,S2P,1,780,
7.08445,6.38538,0.716575,um,Spot,Position,S2P,1,781,
7.26567,5.98446,0.979706,um,Spot,Position,S2P,1,782,
7.19217,6.26465,0.929642,um,Spot,Position,S2P,1,783,
6.87588,3.48441,1.02349,um,Spot,Position,S2P,1,784,
7.25442,6.25489,1.0769,um,Spot,Position,S2P,1,785,
6.99485,3.66999,1.16626,um,Spot,Position,S2P,1,786,
7.04105,4.5001,1.1233,um,Spot,Position,S2P,1,787,
6.95343,4.78919,1.12592,um,Spot,Position,S2P,1,788,
6.99724,5.76281,1.14901,um,Spot,Position,S2P,1,789,
6.97689,4.22291,1.27149,um,Spot,Position,S2P,1,790,
7.20733,4.51683,1.2902,um,Spot,Position,S2P,1,791,
5.70837,6.89421,0.639175,um,Spot,Position,S2P,1,792,
5.9246,6.94886,0.683445,um,Spot,Position,S2P,1,793,
5.55873,6.98772,0.716478,um,Spot,Position,S2P,1,794,
6.4012,6.86789,0.869486,um,Spot,Position,S2P,1,795,
6.60929,6.87736,0.868834,um,Spot,Position,S2P,1,796,
5.42906,7.11348,0.86021,um,Spot,Position,S2P,1,797,
6.70272,7.26315,0.895682,um,Spot,Position,S2P,1,798,
6.40495,7.32626,0.896128,um,Spot,Position,S2P,1,799,
5.83969,7.14567,0.907451,um,Spot,Position,S2P,1,800,
6.63492,7.46157,0.98749,um,Spot,Position,S2P,1,801,
5.41555,6.9379,1.05907,um,Spot,Position,S2P,1,802,
6.18072,7.36757,1.04607,um,Spot,Position,S2P,1,803,
5.66615,7.40542,1.16169,um,Spot,Position,S2P,1,804,
6.1347,7.4109,1.10034,um,Spot,Position,S2P,1,805,
6.50813,7.57861,1.12872,um,Spot,Position,S2P,1,806,
4.97357,7.01263,1.2574,um,Spot,Position,S2P,1,807,
5.20532,7.10655,1.22111,um,Spot,Position,S2P,1,808,
6.81199,6.86149,1.30822,um,Spot,Position,S2P,1,809,
5.6076,7.02181,1.32518,um,Spot,Position,S2P,1,810,
5.25363,7.12164,1.32937,um,Spot,Position,S2P,1,811,
6.77737,7.3359,1.32023,um,Spot,Position,S2P,1,812,
6.37243,7.57334,1.34503,um,Spot,Position,S2P,1,813,
4.28598,7.17866,1.43724,um,Spot,Position,S2P,1,814,
3.0725,3.13548,2.14893,um,Spot,Position,S2P,1,815,
3.15088,2.64407,2.42793,um,Spot,Position,S2P,1,816,
3.30382,3.02334,2.41297,um,Spot,Position,S2P,1,817,
3.25061,3.22986,2.43095,um,Spot,Position,S2P,1,818,
3.28729,3.37338,2.48918,um,Spot,Position,S2P,1,819,
3.38567,2.56209,2.52599,um,Spot,Position,S2P,1,820,
2.91454,3.10616,2.57649,um,Spot,Position,S2P,1,821,
3.02185,3.41983,2.54828,um,Spot,Position,S2P,1,822,
3.20895,2.68874,2.85723,um,Spot,Position,S2P,1,823,
5.14581,2.80651,1.70423,um,Spot,Position,S2P,1,824,
4.85541,2.87108,1.70149,um,Spot,Position,S2P,1,825,
4.61174,3.01211,1.70905,um,Spot,Position,S2P,1,826,
6.72242,3.2346,1.66625,um,Spot,Position,S2P,1,827,
5.83833,2.63521,1.76723,um,Spot,Position,S2P,1,828,
5.3737,2.91426,1.79479,um,Spot,Position,S2P,1,829,
6.00534,3.03602,1.79644,um,Spot,Position,S2P,1,830,
6.44859,3.02949,1.76716,um,Spot,Position,S2P,1,831,
4.23461,3.17253,1.793,um,Spot,Position,S2P,1,832,
4.05165,3.34157,1.79487,um,Spot,Position,S2P,1,833,
4.47184,2.69405,1.85674,um,Spot,Position,S2P,1,834,
5.71256,2.76838,1.86654,um,Spot,Position,S2P,1,835,
4.4708,2.85195,1.85832,um,Spot,Position,S2P,1,836,
5.59984,3.10964,1.87493,um,Spot,Position,S2P,1,837,
5.30341,2.24659,1.90401,um,Spot,Position,S2P,1,838,
4.21746,2.56646,1.96029,um,Spot,Position,S2P,1,839,
3.92885,2.91902,1.97198,um,Spot,Position,S2P,1,840,
4.63792,2.31515,2.13189,um,Spot,Position,S2P,1,841,
4.30028,2.64234,2.09871,um,Spot,Position,S2P,1,842,
4.06186,2.66118,2.10481,um,Spot,Position,S2P,1,843,
4.66027,2.97195,2.1154,um,Spot,Position,S2P,1,844,
6.1669,3.29487,2.09032,um,Spot,Position,S2P,1,845,
5.24512,3.35539,2.09201,um,Spot,Position,S2P,1,846,
4.82359,2.20526,2.20227,um,Spot,Position,S2P,1,847,
4.18978,2.25574,2.22499,um,Spot,Position,S2P,1,848,
4.38061,2.57577,2.21433,um,Spot,Position,S2P,1,849,
4.78842,3.40349,2.21061,um,Spot,Position,S2P,1,850,
4.42435,2.24611,2.32173,um,Spot,Position,S2P,1,851,
3.84811,2.58083,2.29508,um,Spot,Position,S2P,1,852,
5.59726,2.70976,2.3254,um,Spot,Position,S2P,1,853,
3.87537,2.77764,2.28112,um,Spot,Position,S2P,1,854,
6.091,2.84918,2.28385,um,Spot,Position,S2P,1,855,
3.89395,2.94818,2.30941,um,Spot,Position,S2P,1,856,
5.12964,3.00627,2.32097,um,Spot,Position,S2P,1,857,
5.34056,3.05548,2.32412,um,Spot,Position,S2P,1,858,
6.63273,3.06371,2.28355,um,Spot,Position,S2P,1,859,
3.55242,3.09357,2.31213,um,Spot,Position,S2P,1,860,
4.1032,3.1776,2.33455,um,Spot,Position,S2P,1,861,
6.3644,3.26786,2.28806,um,Spot,Position,S2P,1,862,
3.52195,3.1879,2.40995,um,Spot,Position,S2P,1,863,
5.84254,3.36194,2.40068,um,Spot,Position,S2P,1,864,
4.36357,2.98487,2.46635,um,Spot,Position,S2P,1,865,
4.74214,3.27068,2.48592,um,Spot,Position,S2P,1,866,
4.69728,2.79219,2.57258,um,Spot,Position,S2P,1,867,
5.58842,3.27211,2.56427,um,Spot,Position,S2P,1,868,
5.38962,2.15241,2.63976,um,Spot,Position,S2P,1,869,
4.62323,2.77038,2.65198,um,Spot,Position,S2P,1,870,
3.77821,2.87454,2.64568,um,Spot,Position,S2P,1,871,
5.70319,3.13614,2.62308,um,Spot,Position,S2P,1,872,
5.94895,3.41941,2.65475,um,Spot,Position,S2P,1,873,
4.37326,2.32841,2.7641,um,Spot,Position,S2P,1,874,
5.92623,2.35889,2.73569,um,Spot,Position,S2P,1,875,
5.72501,2.52001,2.73358,um,Spot,Position,S2P,1,876,
5.70151,3.00823,2.74323,um,Spot,Position,S2P,1,877,
4.09907,3.22831,2.78981,um,Spot,Position,S2P,1,878,
5.1409,3.39206,2.72463,um,Spot,Position,S2P,1,879,
5.16806,2.42798,2.8505,um,Spot,Position,S2P,1,880,
3.56872,2.61169,2.81257,um,Spot,Position,S2P,1,881,
4.84804,2.79289,2.8184,um,Spot,Position,S2P,1,882,
6.47921,3.1988,2.85303,um,Spot,Position,S2P,1,883,
3.18553,6.64682,1.86339,um,Spot,Position,S2P,1,884,
3.07212,3.53186,2.06681,um,Spot,Position,S2P,1,885,
3.12099,4.14328,2.06387,um,Spot,Position,S2P,1,886,
3.32895,4.19686,2.05843,um,Spot,Position,S2P,1,887,
3.23198,3.63431,2.24067,um,Spot,Position,S2P,1,888,
3.35323,3.98798,2.23378,um,Spot,Position,S2P,1,889,
3.06763,3.70802,2.25317,um,Spot,Position,S2P,1,890,
2.62157,5.03762,2.39569,um,Spot,Position,S2P,1,891,
3.4094,3.608,2.47901,um,Spot,Position,S2P,1,892,
3.38388,4.87601,2.44574,um,Spot,Position,S2P,1,893,
3.00603,6.60569,2.48269,um,Spot,Position,S2P,1,894,
3.15614,6.6118,2.46945,um,Spot,Position,S2P,1,895,
2.5511,4.40494,2.54556,um,Spot,Position,S2P,1,896,
2.97419,3.84954,2.66575,um,Spot,Position,S2P,1,897,
2.99816,4.31696,2.66508,um,Spot,Position,S2P,1,898,
3.40364,4.39447,2.68028,um,Spot,Position,S2P,1,899,
2.8508,5.03894,2.69008,um,Spot,Position,S2P,1,900,
2.98882,6.26903,2.64014,um,Spot,Position,S2P,1,901,
2.79896,4.87114,2.73036,um,Spot,Position,S2P,1,902,
3.22572,5.65987,2.74713,um,Spot,Position,S2P,1,903,
2.89703,6.16623,2.87903,um,Spot,Position,S2P,1,904,
3.33166,6.39508,2.81214,um,Spot,Position,S2P,1,905,
5.97874,3.80229,1.48477,um,Spot,Position,S2P,1,906,
4.73895,4.31117,1.51815,um,Spot,Position,S2P,1,907,
6.21428,4.40452,1.49918,um,Spot,Position,S2P,1,908,
5.89087,4.5332,1.49662,um,Spot,Position,S2P,1,909,
6.36848,4.71229,1.45989,um,Spot,Position,S2P,1,910,
5.97319,5.04638,1.46816,um,Spot,Position,S2P,1,911,
5.83564,5.89,1.47832,um,Spot,Position,S2P,1,912,
4.31918,6.40522,1.50498,um,Spot,Position,S2P,1,913,
6.00252,6.65526,1.51761,um,Spot,Position,S2P,1,914,
6.41927,6.77523,1.47469,um,Spot,Position,S2P,1,915,
5.89165,3.78208,1.5916,um,Spot,Position,S2P,1,916,
4.97876,3.88257,1.59793,um,Spot,Position,S2P,1,917,
4.40922,3.96778,1.6169,um,Spot,Position,S2P,1,918,
6.02592,4.27253,1.56646,um,Spot,Position,S2P,1,919,
4.44955,4.31665,1.61482,um,Spot,Position,S2P,1,920,
5.58863,4.4286,1.59516,um,Spot,Position,S2P,1,921,
5.60654,5.60388,1.617,um,Spot,Position,S2P,1,922,
4.65205,5.97295,1.57704,um,Spot,Position,S2P,1,923,
6.83433,6.32595,1.61497,um,Spot,Position,S2P,1,924,
4.33555,6.70472,1.59968,um,Spot,Position,S2P,1,925,
6.63811,6.7912,1.60346,um,Spot,Position,S2P,1,926,
6.36488,3.78254,1.6704,um,Spot,Position,S2P,1,927,
4.28801,4.08582,1.70588,um,Spot,Position,S2P,1,928,
4.54886,4.63921,1.62546,um,Spot,Position,S2P,1,929,
5.84764,4.92961,1.65325,um,Spot,Position,S2P,1,930,
5.59874,5.09248,1.67726,um,Spot,Position,S2P,1,931,
5.39419,5.22505,1.68822,um,Spot,Position,S2P,1,932,
5.03888,5.65051,1.68884,um,Spot,Position,S2P,1,933,
5.46488,5.9976,1.66504,um,Spot,Position,S2P,1,934,
5.86846,6.25312,1.67179,um,Spot,Position,S2P,1,935,
6.77276,6.45047,1.65977,um,Spot,Position,S2P,1,936,
5.51494,3.52599,1.72498,um,Spot,Position,S2P,1,937,
3.90266,3.7117,1.79272,um,Spot,Position,S2P,1,938,
6.73063,3.8659,1.77359,um,Spot,Position,S2P,1,939,
6.38054,3.98419,1.78506,um,Spot,Position,S2P,1,940,
4.02997,4.2215,1.75747,um,Spot,Position,S2P,1,941,
3.89307,4.26034,1.79965,um,Spot,Position,S2P,1,942,
5.22079,4.54682,1.76489,um,Spot,Position,S2P,1,943,
4.51192,4.8181,1.74501,um,Spot,Position,S2P,1,944,
5.28281,4.90083,1.73284,um,Spot,Position,S2P,1,945,
4.96651,5.40219,1.75074,um,Spot,Position,S2P,1,946,
5.31233,6.23269,1.73472,um,Spot,Position,S2P,1,947,
5.54947,6.53228,1.76276,um,Spot,Position,S2P,1,948,
6.20952,3.91614,1.86867,um,Spot,Position,S2P,1,949,
5.65064,4.0871,1.84291,um,Spot,Position,S2P,1,950,
4.36392,4.71137,1.87192,um,Spot,Position,S2P,1,951,
6.3432,4.95843,1.86042,um,Spot,Position,S2P,1,952,
5.53574,5.66316,1.81224,um,Spot,Position,S2P,1,953,
4.87977,5.79141,1.82579,um,Spot,Position,S2P,1,954,
5.22601,5.79451,1.84502,um,Spot,Position,S2P,1,955,
5.53513,6.43866,1.84482,um,Spot,Position,S2P,1,956,
5.73923,3.75605,1.96743,um,Spot,Position,S2P,1,957,
4.26692,3.77036,1.97372,um,Spot,Position,S2P,1,958,
5.44424,3.93534,1.90329,um,Spot,Position,S2P,1,959,
3.5378,4.19763,1.97033,um,Spot,Position,S2P,1,960,
6.45917,4.73386,1.91873,um,Spot,Position,S2P,1,961,
6.07962,5.14932,1.95953,um,Spot,Position,S2P,1,962,
4.82206,5.46644,1.95287,um,Spot,Position,S2P,1,963,
4.65206,6.03492,1.95196,um,Spot,Position,S2P,1,964,
5.20241,6.1223,1.96158,um,Spot,Position,S2P,1,965,
6.02861,6.21736,1.94157,um,Spot,Position,S2P,1,966,
6.61047,6.4626,1.92082,um,Spot,Position,S2P,1,967,
5.16314,6.52976,1.96319,um,Spot,Position,S2P,1,968,
3.76134,6.55844,1.94242,um,Spot,Position,S2P,1,969,
6.7214,3.58474,2.01189,um,Spot,Position,S2P,1,970,
3.51322,3.84071,2.01688,um,Spot,Position,S2P,1,971,
5.21673,4.39382,2.01544,um,Spot,Position,S2P,1,972,
6.75926,4.5129,2.03797,um,Spot,Position,S2P,1,973,
4.77124,4.56865,2.03551,um,Spot,Position,S2P,1,974,
5.86685,4.75892,2.0269,um,Spot,Position,S2P,1,975,
4.85146,4.8742,2.02339,um,Spot,Position,S2P,1,976,
6.54081,5.1403,2.06549,um,Spot,Position,S2P,1,977,
4.89188,5.20483,2.05481,um,Spot,Position,S2P,1,978,
6.837,5.40475,1.99327,um,Spot,Position,S2P,1,979,
6.2808,5.6424,1.99088,um,Spot,Position,S2P,1,980,
6.35853,5.85104,2.00741,um,Spot,Position,S2P,1,981,
6.81311,5.89301,2.05682,um,Spot,Position,S2P,1,982,
4.4461,6.20656,2.06478,um,Spot,Position,S2P,1,983,
4.99189,6.73908,2.02695,um,Spot,Position,S2P,1,984,
5.87494,3.4624,2.11995,um,Spot,Position,S2P,1,985,
5.26478,3.51233,2.09716,um,Spot,Position,S2P,1,986,
4.24811,3.60721,2.11016,um,Spot,Position,S2P,1,987,
5.03042,3.70774,2.11444,um,Spot,Position,S2P,1,988,
5.66138,4.16223,2.10384,um,Spot,Position,S2P,1,989,
3.5953,4.38776,2.14617,um,Spot,Position,S2P,1,990,
6.04242,5.02003,2.13563,um,Spot,Position,S2P,1,991,
4.58038,5.86667,2.1038,um,Spot,Position,S2P,1,992,
6.41059,6.27719,2.11696,um,Spot,Position,S2P,1,993,
4.89978,6.6388,2.08132,um,Spot,Position,S2P,1,994,
6.75269,3.92927,2.24265,um,Spot,Position,S2P,1,995,
4.32535,4.02655,2.24159,um,Spot,Position,S2P,1,996,
5.04479,4.04207,2.19589,um,Spot,Position,S2P,1,997,
6.14398,4.23341,2.21143,um,Spot,Position,S2P,1,998,
5.84698,4.5029,2.18457,um,Spot,Position,S2P,1,999,
6.35131,4.66368,2.17788,um,Spot,Position,S2P,1,1000,
6.72789,4.69189,2.22839,um,Spot,Position,S2P,1,1001,
4.38875,4.7673,2.2124,um,Spot,Position,S2P,1,1002,
3.87339,6.35134,2.19928,um,Spot,Position,S2P,1,1003,
5.37334,6.35786,2.22261,um,Spot,Position,S2P,1,1004,
3.84812,3.69786,2.28816,um,Spot,Position,S2P,1,1005,
3.48213,3.72313,2.29364,um,Spot,Position,S2P,1,1006,
3.57972,3.87648,2.27012,um,Spot,Position,S2P,1,1007,
6.42774,3.94121,2.29847,um,Spot,Position,S2P,1,1008,
3.50986,4.08139,2.26737,um,Spot,Position,S2P,1,1009,
6.11514,5.27225,2.27867,um,Spot,Position,S2P,1,1010,
5.71918,5.31696,2.29577,um,Spot,Position,S2P,1,1011,
6.23493,5.50377,2.29942,um,Spot,Position,S2P,1,1012,
5.53636,5.83662,2.29105,um,Spot,Position,S2P,1,1013,
6.37934,5.87006,2.26761,um,Spot,Position,S2P,1,1014,
5.16729,6.0091,2.29032,um,Spot,Position,S2P,1,1015,
4.82833,6.18356,2.33625,um,Spot,Position,S2P,1,1016,
4.7779,6.37745,2.32066,um,Spot,Position,S2P,1,1017,
3.95747,6.62736,2.32736,um,Spot,Position,S2P,1,1018,
6.39162,6.69947,2.29542,um,Spot,Position,S2P,1,1019,
6.81479,6.70078,2.31521,um,Spot,Position,S2P,1,1020,
5.49691,4.07475,2.35704,um,Spot,Position,S2P,1,1021,
4.0087,4.64594,2.36765,um,Spot,Position,S2P,1,1022,
6.23673,4.85747,2.39734,um,Spot,Position,S2P,1,1023,
3.64714,5.11533,2.38768,um,Spot,Position,S2P,1,1024,
5.68458,3.62315,2.4751,um,Spot,Position,S2P,1,1025,
4.56929,3.81822,2.47708,um,Spot,Position,S2P,1,1026,
6.50779,3.84291,2.50467,um,Spot,Position,S2P,1,1027,
5.01869,4.39222,2.51466,um,Spot,Position,S2P,1,1028,
4.02042,4.83065,2.51595,um,Spot,Position,S2P,1,1029,
5.33977,5.12405,2.4494,um,Spot,Position,S2P,1,1030,
3.95011,5.47245,2.51175,um,Spot,Position,S2P,1,1031,
6.07285,5.73273,2.4636,um,Spot,Position,S2P,1,1032,
3.69203,6.33077,2.50106,um,Spot,Position,S2P,1,1033,
3.97439,6.40983,2.43679,um,Spot,Position,S2P,1,1034,
4.6193,6.43468,2.49072,um,Spot,Position,S2P,1,1035,
3.62381,6.58653,2.47887,um,Spot,Position,S2P,1,1036,
4.26788,3.6234,2.5941,um,Spot,Position,S2P,1,1037,
5.92936,3.9535,2.5687,um,Spot,Position,S2P,1,1038,
5.97874,4.05557,2.59489,um,Spot,Position,S2P,1,1039,
5.39433,4.26548,2.59452,um,Spot,Position,S2P,1,1040,
5.84998,4.25211,2.56738,um,Spot,Position,S2P,1,1041,
6.40262,4.38071,2.60771,um,Spot,Position,S2P,1,1042,
4.28422,4.44758,2.56514,um,Spot,Position,S2P,1,1043,
5.60596,4.67232,2.57796,um,Spot,Position,S2P,1,1044,
5.53467,4.87942,2.55497,um,Spot,Position,S2P,1,1045,
6.01838,5.13833,2.56316,um,Spot,Position,S2P,1,1046,
4.48741,5.32726,2.52794,um,Spot,Position,S2P,1,1047,
4.6348,5.44428,2.54433,um,Spot,Position,S2P,1,1048,
4.69081,5.74626,2.59948,um,Spot,Position,S2P,1,1049,
4.30149,5.82212,2.55665,um,Spot,Position,S2P,1,1050,
5.43021,6.01022,2.55006,um,Spot,Position,S2P,1,1051,
3.57258,6.45145,2.56403,um,Spot,Position,S2P,1,1052,
4.71833,6.56718,2.60341,um,Spot,Position,S2P,1,1053,
3.44246,6.77821,2.60571,um,Spot,Position,S2P,1,1054,
4.18186,3.44005,2.69657,um,Spot,Position,S2P,1,1055,
4.68895,3.74866,2.65172,um,Spot,Position,S2P,1,1056,
5.2242,3.83699,2.66039,um,Spot,Position,S2P,1,1057,
5.57716,3.91696,2.68226,um,Spot,Position,S2P,1,1058,
3.66214,4.46674,2.67587,um,Spot,Position,S2P,1,1059,
6.15186,4.63337,2.69323,um,Spot,Position,S2P,1,1060,
4.12121,4.82693,2.62363,um,Spot,Position,S2P,1,1061,
4.89114,4.93422,2.63289,um,Spot,Position,S2P,1,1062,
6.73549,5.05461,2.66404,um,Spot,Position,S2P,1,1063,
3.67697,5.32594,2.69963,um,Spot,Position,S2P,1,1064,
5.4475,5.54235,2.69614,um,Spot,Position,S2P,1,1065,
4.3839,5.67572,2.67453,um,Spot,Position,S2P,1,1066,
3.97058,5.72504,2.67307,um,Spot,Position,S2P,1,1067,
4.34059,6.02608,2.65868,um,Spot,Position,S2P,1,1068,
4.11469,6.05709,2.67428,um,Spot,Position,S2P,1,1069,
6.60239,6.30075,2.65249,um,Spot,Position,S2P,1,1070,
3.95771,3.67362,2.74071,um,Spot,Position,S2P,1,1071,
4.70604,4.31722,2.70759,um,Spot,Position,S2P,1,1072,
5.03326,4.46358,2.75194,um,Spot,Position,S2P,1,1073,
6.45168,4.77803,2.78919,um,Spot,Position,S2P,1,1074,
5.93313,5.24678,2.77157,um,Spot,Position,S2P,1,1075,
3.78271,5.52355,2.78413,um,Spot,Position,S2P,1,1076,
6.50445,5.59116,2.73958,um,Spot,Position,S2P,1,1077,
3.73726,5.61982,2.72456,um,Spot,Position,S2P,1,1078,
4.14551,5.97509,2.76336,um,Spot,Position,S2P,1,1079,
3.85755,6.05737,2.77794,um,Spot,Position,S2P,1,1080,
4.11531,6.14346,2.75216,um,Spot,Position,S2P,1,1081,
4.4136,6.72016,2.76289,um,Spot,Position,S2P,1,1082,
4.91164,3.5069,2.85371,um,Spot,Position,S2P,1,1083,
5.40269,3.51348,2.81488,um,Spot,Position,S2P,1,1084,
4.00499,4.02034,2.83827,um,Spot,Position,S2P,1,1085,
5.69433,4.14114,2.81576,um,Spot,Position,S2P,1,1086,
5.25858,4.47865,2.8786,um,Spot,Position,S2P,1,1087,
6.45613,4.50298,2.7964,um,Spot,Position,S2P,1,1088,
3.71072,4.87431,2.83678,um,Spot,Position,S2P,1,1089,
5.16165,4.92911,2.86233,um,Spot,Position,S2P,1,1090,
3.43036,5.21894,2.84168,um,Spot,Position,S2P,1,1091,
6.15049,5.31817,2.81967,um,Spot,Position,S2P,1,1092,
4.0591,5.58274,2.79996,um,Spot,Position,S2P,1,1093,
5.93618,5.63861,2.81881,um,Spot,Position,S2P,1,1094,
5.30967,5.66007,2.81613,um,Spot,Position,S2P,1,1095,
6.21949,5.66413,2.827,um,Spot,Position,S2P,1,1096,
3.72697,5.96884,2.79433,um,Spot,Position,S2P,1,1097,
6.74211,6.03072,2.86872,um,Spot,Position,S2P,1,1098,
3.54636,6.1687,2.81349,um,Spot,Position,S2P,1,1099,
4.11269,6.61806,2.87419,um,Spot,Position,S2P,1,1100,
7.06877,3.67129,1.48515,um,Spot,Position,S2P,1,1101,
7.13094,5.06518,1.49998,um,Spot,Position,S2P,1,1102,
6.96995,5.39786,1.5198,um,Spot,Position,S2P,1,1103,
6.91338,6.66932,1.48849,um,Spot,Position,S2P,1,1104,
7.37032,6.25548,1.62175,um,Spot,Position,S2P,1,1105,
7.18575,4.6659,1.6375,um,Spot,Position,S2P,1,1106,
7.19591,3.95757,1.79197,um,Spot,Position,S2P,1,1107,
7.13801,5.68485,1.77049,um,Spot,Position,S2P,1,1108,
7.10592,6.37665,1.72889,um,Spot,Position,S2P,1,1109,
7.21313,4.96263,1.81147,um,Spot,Position,S2P,1,1110,
6.95541,4.08307,1.90361,um,Spot,Position,S2P,1,1111,
6.99961,3.70925,2.11546,um,Spot,Position,S2P,1,1112,
7.226,5.48782,2.09923,um,Spot,Position,S2P,1,1113,
7.25021,6.64191,2.09575,um,Spot,Position,S2P,1,1114,
7.25286,3.96381,2.2129,um,Spot,Position,S2P,1,1115,
7.1283,5.19835,2.28726,um,Spot,Position,S2P,1,1116,
7.49528,4.34562,2.36424,um,Spot,Position,S2P,1,1117,
7.053,5.71401,2.42775,um,Spot,Position,S2P,1,1118,
7.43416,6.04437,2.42679,um,Spot,Position,S2P,1,1119,
7.23801,6.04466,2.50269,um,Spot,Position,S2P,1,1120,
7.36704,6.54656,2.46834,um,Spot,Position,S2P,1,1121,
7.04431,3.78955,2.59282,um,Spot,Position,S2P,1,1122,
6.86212,4.4956,2.58186,um,Spot,Position,S2P,1,1123,
7.18231,4.67413,2.56697,um,Spot,Position,S2P,1,1124,
7.08154,6.79787,2.57315,um,Spot,Position,S2P,1,1125,
6.906,4.00156,2.68542,um,Spot,Position,S2P,1,1126,
7.2648,3.99386,2.64718,um,Spot,Position,S2P,1,1127,
7.34698,4.7057,2.67487,um,Spot,Position,S2P,1,1128,
6.84585,4.86776,2.61432,um,Spot,Position,S2P,1,1129,
6.96858,6.3597,2.65209,um,Spot,Position,S2P,1,1130,
7.22584,5.14281,2.71296,um,Spot,Position,S2P,1,1131,
7.49475,6.18952,2.72402,um,Spot,Position,S2P,1,1132,
7.27871,6.41517,2.74617,um,Spot,Position,S2P,1,1133,
6.93389,3.9755,2.8127,um,Spot,Position,S2P,1,1134,
7.48033,6.01341,2.83912,um,Spot,Position,S2P,1,1135,
7.43468,6.71168,2.86306,um,Spot,Position,S2P,1,1136,
3.41509,6.84697,2.03913,um,Spot,Position,S2P,1,1137,
3.30361,7.68711,2.17064,um,Spot,Position,S2P,1,1138,
4.6401,6.8615,1.50362,um,Spot,Position,S2P,1,1139,
4.58223,6.87762,1.50468,um,Spot,Position,S2P,1,1140,
4.93783,7.33433,1.44773,um,Spot,Position,S2P,1,1141,
5.07698,7.64147,1.52975,um,Spot,Position,S2P,1,1142,
6.45476,7.05524,1.53597,um,Spot,Position,S2P,1,1143,
3.9141,7.20144,1.57866,um,Spot,Position,S2P,1,1144,
5.35765,7.35729,1.57052,um,Spot,Position,S2P,1,1145,
3.69407,7.39015,1.61498,um,Spot,Position,S2P,1,1146,
5.26866,7.88225,1.62076,um,Spot,Position,S2P,1,1147,
5.08728,6.9735,1.67505,um,Spot,Position,S2P,1,1148,
6.17467,7.07426,1.67756,um,Spot,Position,S2P,1,1149,
5.24777,7.15935,1.67368,um,Spot,Position,S2P,1,1150,
5.14135,7.41767,1.65443,um,Spot,Position,S2P,1,1151,
3.99393,7.61087,1.69998,um,Spot,Position,S2P,1,1152,
4.43681,7.64949,1.68983,um,Spot,Position,S2P,1,1153,
6.24514,7.76956,1.66878,um,Spot,Position,S2P,1,1154,
5.64636,6.87275,1.84931,um,Spot,Position,S2P,1,1155,
5.90607,7.25221,1.83954,um,Spot,Position,S2P,1,1156,
4.99413,7.41531,1.84768,um,Spot,Position,S2P,1,1157,
4.8588,7.59588,1.87449,um,Spot,Position,S2P,1,1158,
6.39202,7.68262,1.86562,um,Spot,Position,S2P,1,1159,
4.98689,7.83038,1.87668,um,Spot,Position,S2P,1,1160,
6.6836,6.92929,1.92924,um,Spot,Position,S2P,1,1161,
6.80743,7.02686,1.94577,um,Spot,Position,S2P,1,1162,
5.33857,7.29472,2.04699,um,Spot,Position,S2P,1,1163,
5.37781,7.42661,2.06302,um,Spot,Position,S2P,1,1164,
5.20225,7.53514,2.05052,um,Spot,Position,S2P,1,1165,
4.63902,8.13706,2.0697,um,Spot,Position,S2P,1,1166,
5.94104,7.07428,2.07352,um,Spot,Position,S2P,1,1167,
5.79068,7.54602,2.10348,um,Spot,Position,S2P,1,1168,
5.59395,7.64023,2.08311,um,Spot,Position,S2P,1,1169,
6.49901,7.80426,2.09576,um,Spot,Position,S2P,1,1170,
3.84064,6.85106,2.20166,um,Spot,Position,S2P,1,1171,
4.50866,6.93571,2.16828,um,Spot,Position,S2P,1,1172,
4.88596,7.18794,2.24973,um,Spot,Position,S2P,1,1173,
5.4874,7.17084,2.18011,um,Spot,Position,S2P,1,1174,
4.58302,7.40352,2.21415,um,Spot,Position,S2P,1,1175,
4.68524,7.76745,2.20208,um,Spot,Position,S2P,1,1176,
6.41161,7.8829,2.19398,um,Spot,Position,S2P,1,1177,
4.04146,7.07651,2.38254,um,Spot,Position,S2P,1,1178,
6.5946,7.51352,2.41061,um,Spot,Position,S2P,1,1179,
5.3553,7.70196,2.37952,um,Spot,Position,S2P,1,1180,
5.05517,7.89765,2.38632,um,Spot,Position,S2P,1,1181,
5.66759,7.92479,2.36378,um,Spot,Position,S2P,1,1182,
4.13179,8.00345,2.39343,um,Spot,Position,S2P,1,1183,
5.99878,7.99517,2.38197,um,Spot,Position,S2P,1,1184,
6.40145,8.15836,2.35744,um,Spot,Position,S2P,1,1185,
4.35896,7.05461,2.49108,um,Spot,Position,S2P,1,1186,
6.59769,7.29237,2.4802,um,Spot,Position,S2P,1,1187,
4.80153,7.37976,2.48084,um,Spot,Position,S2P,1,1188,
5.77323,7.45621,2.46384,um,Spot,Position,S2P,1,1189,
4.93607,7.69562,2.46605,um,Spot,Position,S2P,1,1190,
3.8556,7.72678,2.44071,um,Spot,Position,S2P,1,1191,
5.14999,8.05408,2.46275,um,Spot,Position,S2P,1,1192,
5.45677,6.86074,2.57145,um,Spot,Position,S2P,1,1193,
4.68151,6.99302,2.57028,um,Spot,Position,S2P,1,1194,
5.67898,7.21199,2.61128,um,Spot,Position,S2P,1,1195,
6.74031,7.57517,2.59571,um,Spot,Position,S2P,1,1196,
6.46233,7.60634,2.55135,um,Spot,Position,S2P,1,1197,
4.4317,7.90858,2.56568,um,Spot,Position,S2P,1,1198,
5.35411,8.13959,2.55471,um,Spot,Position,S2P,1,1199,
4.63342,7.83363,2.6179,um,Spot,Position,S2P,1,1200,
6.74574,6.88898,2.77534,um,Spot,Position,S2P,1,1201,
4.34715,7.38904,2.76144,um,Spot,Position,S2P,1,1202,
4.02201,7.55455,2.71848,um,Spot,Position,S2P,1,1203,
3.43582,7.08537,2.85543,um,Spot,Position,S2P,1,1204,
5.83711,7.73979,2.86528,um,Spot,Position,S2P,1,1205,
4.7314,7.84041,2.84521,um,Spot,Position,S2P,1,1206,
5.38466,8.05583,2.8602,um,Spot,Position,S2P,1,1207,
7.10239,6.96285,1.5119,um,Spot,Position,S2P,1,1208,
6.9105,6.93322,1.73783,um,Spot,Position,S2P,1,1209,
6.99519,7.46098,1.8678,um,Spot,Position,S2P,1,1210,
7.28853,7.06985,1.98278,um,Spot,Position,S2P,1,1211,
6.98011,7.1519,2.18553,um,Spot,Position,S2P,1,1212,
7.09374,7.68601,2.2604,um,Spot,Position,S2P,1,1213,
6.96762,7.72135,2.31387,um,Spot,Position,S2P,1,1214,
6.99101,6.96455,2.54019,um,Spot,Position,S2P,1,1215,
7.27518,7.21263,2.58216,um,Spot,Position,S2P,1,1216,
6.86278,7.91658,2.56783,um,Spot,Position,S2P,1,1217,
7.16261,7.35171,2.68791,um,Spot,Position,S2P,1,1218,
7.41464,7.55297,2.68167,um,Spot,Position,S2P,1,1219,
7.09585,7.84338,2.86063,um,Spot,Position,S2P,1,1220,
3.40582,2.4006,2.94858,um,Spot,Position,S2P,1,1221,
3.18479,2.93509,3.09651,um,Spot,Position,S2P,1,1222,
3.12201,2.86319,3.25349,um,Spot,Position,S2P,1,1223,
2.71844,3.09228,3.27496,um,Spot,Position,S2P,1,1224,
3.28858,3.01903,3.55066,um,Spot,Position,S2P,1,1225,
3.18609,2.6007,3.74796,um,Spot,Position,S2P,1,1226,
2.95662,3.07886,3.84166,um,Spot,Position,S2P,1,1227,
2.82569,3.13758,3.83198,um,Spot,Position,S2P,1,1228,
3.00641,2.81342,3.91045,um,Spot,Position,S2P,1,1229,
2.60125,3.24491,4.04323,um,Spot,Position,S2P,1,1230,
3.27582,2.69482,4.08572,um,Spot,Position,S2P,1,1231,
3.21657,3.00842,4.12302,um,Spot,Position,S2P,1,1232,
2.99063,3.02942,4.05992,um,Spot,Position,S2P,1,1233,
4.6874,2.4505,2.9019,um,Spot,Position,S2P,1,1234,
3.52036,2.56047,2.93597,um,Spot,Position,S2P,1,1235,
4.40391,2.73215,2.91785,um,Spot,Position,S2P,1,1236,
4.84671,3.17487,2.97266,um,Spot,Position,S2P,1,1237,
4.93671,2.54376,3.02009,um,Spot,Position,S2P,1,1238,
5.70966,2.83702,2.99299,um,Spot,Position,S2P,1,1239,
5.72144,3.21048,3.01313,um,Spot,Position,S2P,1,1240,
4.9256,2.07352,3.10191,um,Spot,Position,S2P,1,1241,
4.01988,2.24326,3.08059,um,Spot,Position,S2P,1,1242,
6.03325,2.42247,3.07968,um,Spot,Position,S2P,1,1243,
5.17904,2.81527,3.0983,um,Spot,Position,S2P,1,1244,
4.08683,2.83847,3.08778,um,Spot,Position,S2P,1,1245,
4.35077,3.24962,3.09072,um,Spot,Position,S2P,1,1246,
4.53722,3.27157,3.07848,um,Spot,Position,S2P,1,1247,
3.7841,3.30657,3.0701,um,Spot,Position,S2P,1,1248,
3.46038,3.17001,3.20866,um,Spot,Position,S2P,1,1249,
5.52365,3.25061,3.21525,um,Spot,Position,S2P,1,1250,
4.82961,2.30123,3.30697,um,Spot,Position,S2P,1,1251,
6.15229,3.35463,3.28936,um,Spot,Position,S2P,1,1252,
5.01333,2.99822,3.4145,um,Spot,Position,S2P,1,1253,
4.82032,3.40412,3.34643,um,Spot,Position,S2P,1,1254,
4.40521,2.07929,3.49323,um,Spot,Position,S2P,1,1255,
5.10318,2.20644,3.48906,um,Spot,Position,S2P,1,1256,
4.41584,2.44775,3.45815,um,Spot,Position,S2P,1,1257,
5.72718,2.434,3.50891,um,Spot,Position,S2P,1,1258,
5.80301,2.79021,3.4513,um,Spot,Position,S2P,1,1259,
3.59119,2.90318,3.48288,um,Spot,Position,S2P,1,1260,
5.21451,2.93286,3.47801,um,Spot,Position,S2P,1,1261,
4.13947,3.25024,3.56711,um,Spot,Position,S2P,1,1262,
3.96519,2.28115,3.64304,um,Spot,Position,S2P,1,1263,
4.38416,2.76071,3.77083,um,Spot,Position,S2P,1,1264,
3.51061,3.13045,3.71742,um,Spot,Position,S2P,1,1265,
4.70733,2.17265,3.80793,um,Spot,Position,S2P,1,1266,
3.73975,2.49698,3.79146,um,Spot,Position,S2P,1,1267,
4.43071,3.29687,3.86653,um,Spot,Position,S2P,1,1268,
5.3361,2.6013,3.88945,um,Spot,Position,S2P,1,1269,
3.68305,2.94045,3.93151,um,Spot,Position,S2P,1,1270,
3.43078,3.09101,3.91136,um,Spot,Position,S2P,1,1271,
4.03961,2.10566,3.99651,um,Spot,Position,S2P,1,1272,
4.48093,2.41808,3.97,um,Spot,Position,S2P,1,1273,
3.80591,2.59779,4.0214,um,Spot,Position,S2P,1,1274,
4.50098,3.09253,4.01717,um,Spot,Position,S2P,1,1275,
4.25481,2.2373,4.08966,um,Spot,Position,S2P,1,1276,
4.47167,2.88983,4.09079,um,Spot,Position,S2P,1,1277,
6.30959,3.19223,4.07529,um,Spot,Position,S2P,1,1278,
5.29916,3.20198,4.1997,um,Spot,Position,S2P,1,1279,
3.59706,2.13325,4.31533,um,Spot,Position,S2P,1,1280,
3.77982,2.45148,4.27569,um,Spot,Position,S2P,1,1281,
4.53354,2.51065,4.25322,um,Spot,Position,S2P,1,1282,
5.09008,2.85906,4.28701,um,Spot,Position,S2P,1,1283,
2.89902,3.46504,2.90482,um,Spot,Position,S2P,1,1284,
3.07229,5.48549,2.92331,um,Spot,Position,S2P,1,1285,
2.82992,5.51504,2.94529,um,Spot,Position,S2P,1,1286,
2.739,5.72531,2.89778,um,Spot,Position,S2P,1,1287,
3.22162,5.95715,2.93913,um,Spot,Position,S2P,1,1288,
2.60109,3.43675,3.06022,um,Spot,Position,S2P,1,1289,
3.42028,4.03213,3.03953,um,Spot,Position,S2P,1,1290,
3.03439,4.71567,2.99998,um,Spot,Position,S2P,1,1291,
2.56186,4.78632,3.02077,um,Spot,Position,S2P,1,1292,
3.23074,5.27726,3.03568,um,Spot,Position,S2P,1,1293,
2.25067,6.02931,3.06268,um,Spot,Position,S2P,1,1294,
3.22452,6.27912,3.10513,um,Spot,Position,S2P,1,1295,
3.37387,6.61062,3.08678,um,Spot,Position,S2P,1,1296,
3.28832,4.10976,3.19321,um,Spot,Position,S2P,1,1297,
3.05118,4.3914,3.23926,um,Spot,Position,S2P,1,1298,
3.29187,4.89789,3.23075,um,Spot,Position,S2P,1,1299,
2.93169,5.51424,3.16705,um,Spot,Position,S2P,1,1300,
2.12445,5.60251,3.22807,um,Spot,Position,S2P,1,1301,
2.54298,6.31549,3.2379,um,Spot,Position,S2P,1,1302,
3.35803,6.52145,3.23908,um,Spot,Position,S2P,1,1303,
3.13077,6.75141,3.23232,um,Spot,Position,S2P,1,1304,
3.08321,3.71738,3.28006,um,Spot,Position,S2P,1,1305,
2.89643,3.82632,3.24832,um,Spot,Position,S2P,1,1306,
2.97358,5.96613,3.3174,um,Spot,Position,S2P,1,1307,
3.09048,6.2533,3.31193,um,Spot,Position,S2P,1,1308,
3.31684,3.91836,3.3608,um,Spot,Position,S2P,1,1309,
2.71374,4.37387,3.3671,um,Spot,Position,S2P,1,1310,
2.76877,4.79884,3.36588,um,Spot,Position,S2P,1,1311,
3.17991,6.10118,3.40331,um,Spot,Position,S2P,1,1312,
3.34833,6.28906,3.37633,um,Spot,Position,S2P,1,1313,
2.87279,4.0683,3.43008,um,Spot,Position,S2P,1,1314,
3.17657,4.68682,3.44942,um,Spot,Position,S2P,1,1315,
2.25754,4.92131,3.47865,um,Spot,Position,S2P,1,1316,
3.17125,5.13884,3.47073,um,Spot,Position,S2P,1,1317,
2.81193,5.28386,3.50363,um,Spot,Position,S2P,1,1318,
3.13361,5.43069,3.46689,um,Spot,Position,S2P,1,1319,
3.24329,5.52378,3.48876,um,Spot,Position,S2P,1,1320,
2.24324,5.83488,3.46436,um,Spot,Position,S2P,1,1321,
2.70261,6.12986,3.50184,um,Spot,Position,S2P,1,1322,
2.76641,4.42789,3.58354,um,Spot,Position,S2P,1,1323,
3.21341,4.64752,3.60325,um,Spot,Position,S2P,1,1324,
2.42296,5.24373,3.54494,um,Spot,Position,S2P,1,1325,
3.20657,5.35093,3.54728,um,Spot,Position,S2P,1,1326,
2.69953,5.48812,3.56177,um,Spot,Position,S2P,1,1327,
2.51743,5.56513,3.58236,um,Spot,Position,S2P,1,1328,
3.38644,5.9861,3.54566,um,Spot,Position,S2P,1,1329,
2.91886,6.09497,3.54735,um,Spot,Position,S2P,1,1330,
2.94992,3.48043,3.61417,um,Spot,Position,S2P,1,1331,
2.64612,3.51346,3.69168,um,Spot,Position,S2P,1,1332,
2.08268,4.42439,3.67686,um,Spot,Position,S2P,1,1333,
3.39436,4.71333,3.66883,um,Spot,Position,S2P,1,1334,
2.44793,5.77451,3.68072,um,Spot,Position,S2P,1,1335,
2.50678,6.00009,3.66513,um,Spot,Position,S2P,1,1336,
2.6166,6.3261,3.66999,um,Spot,Position,S2P,1,1337,
2.87749,6.55867,3.63056,um,Spot,Position,S2P,1,1338,
3.31123,6.83175,3.6113,um,Spot,Position,S2P,1,1339,
2.38068,5.05071,3.71482,um,Spot,Position,S2P,1,1340,
2.28325,5.52675,3.77306,um,Spot,Position,S2P,1,1341,
3.33261,6.09859,3.75525,um,Spot,Position,S2P,1,1342,
2.71459,6.783,3.7764,um,Spot,Position,S2P,1,1343,
3.24097,4.39943,3.82126,um,Spot,Position,S2P,1,1344,
2.3406,4.5475,3.82674,um,Spot,Position,S2P,1,1345,
2.51889,4.61299,3.86965,um,Spot,Position,S2P,1,1346,
2.27577,4.97983,3.81439,um,Spot,Position,S2P,1,1347,
3.38272,6.76584,3.8372,um,Spot,Position,S2P,1,1348,
3.25157,3.56042,3.93199,um,Spot,Position,S2P,1,1349,
2.59371,3.8827,3.89213,um,Spot,Position,S2P,1,1350,
2.33989,5.95076,3.88737,um,Spot,Position,S2P,1,1351,
3.24959,3.79034,3.97428,um,Spot,Position,S2P,1,1352,
3.40936,3.84686,4.04367,um,Spot,Position,S2P,1,1353,
2.45362,4.21292,4.01503,um,Spot,Position,S2P,1,1354,
2.97013,4.28787,3.99558,um,Spot,Position,S2P,1,1355,
3.41646,4.75157,4.00604,um,Spot,Position,S2P,1,1356,
2.56219,5.05707,4.03532,um,Spot,Position,S2P,1,1357,
3.01302,5.38395,3.98155,um,Spot,Position,S2P,1,1358,
3.10354,5.45061,4.02177,um,Spot,Position,S2P,1,1359,
3.39477,5.46,4.02724,um,Spot,Position,S2P,1,1360,
2.88684,5.85862,3.98648,um,Spot,Position,S2P,1,1361,
2.79246,3.8276,4.11719,um,Spot,Position,S2P,1,1362,
3.29946,4.09494,4.07175,um,Spot,Position,S2P,1,1363,
3.26004,4.25525,4.12197,um,Spot,Position,S2P,1,1364,
2.82514,5.02429,4.07087,um,Spot,Position,S2P,1,1365,
3.36745,5.09763,4.11093,um,Spot,Position,S2P,1,1366,
2.59158,5.33465,4.1173,um,Spot,Position,S2P,1,1367,
2.94507,5.33532,4.11648,um,Spot,Position,S2P,1,1368,
3.08431,6.60747,4.09744,um,Spot,Position,S2P,1,1369,
2.34282,3.7899,4.20445,um,Spot,Position,S2P,1,1370,
3.00146,4.7706,4.16977,um,Spot,Position,S2P,1,1371,
3.38977,6.11791,4.20961,um,Spot,Position,S2P,1,1372,
3.08194,3.98954,4.2959,um,Spot,Position,S2P,1,1373,
3.30671,4.49616,4.29808,um,Spot,Position,S2P,1,1374,
2.65492,6.00607,4.24886,um,Spot,Position,S2P,1,1375,
2.82502,6.1657,4.27314,um,Spot,Position,S2P,1,1376,
2.94362,6.7956,4.25965,um,Spot,Position,S2P,1,1377,
5.88765,3.62246,2.92557,um,Spot,Position,S2P,1,1378,
6.18124,3.65298,2.9366,um,Spot,Position,S2P,1,1379,
4.28597,3.75671,2.90863,um,Spot,Position,S2P,1,1380,
3.98296,4.37151,2.93082,um,Spot,Position,S2P,1,1381,
4.15536,4.64492,2.95088,um,Spot,Position,S2P,1,1382,
3.47364,5.02167,2.93464,um,Spot,Position,S2P,1,1383,
6.37685,5.01748,2.9515,um,Spot,Position,S2P,1,1384,
4.4289,5.13554,2.93552,um,Spot,Position,S2P,1,1385,
6.83815,5.59543,2.89002,um,Spot,Position,S2P,1,1386,
5.06935,5.92836,2.94035,um,Spot,Position,S2P,1,1387,
6.4693,5.91681,2.88977,um,Spot,Position,S2P,1,1388,
4.77956,5.96866,2.92074,um,Spot,Position,S2P,1,1389,
3.57872,6.00443,2.96706,um,Spot,Position,S2P,1,1390,
3.96933,6.14674,2.91537,um,Spot,Position,S2P,1,1391,
4.18352,6.27464,2.96136,um,Spot,Position,S2P,1,1392,
3.68142,6.63184,2.91085,um,Spot,Position,S2P,1,1393,
4.22403,3.51721,3.03501,um,Spot,Position,S2P,1,1394,
4.50362,3.51769,3.0542,um,Spot,Position,S2P,1,1395,
5.09554,3.91941,3.04105,um,Spot,Position,S2P,1,1396,
3.4512,4.74187,3.0297,um,Spot,Position,S2P,1,1397,
5.76389,5.04091,3.03831,um,Spot,Position,S2P,1,1398,
4.05815,5.16755,3.0338,um,Spot,Position,S2P,1,1399,
5.16106,5.31301,3.04936,um,Spot,Position,S2P,1,1400,
4.23189,5.48382,3.02442,um,Spot,Position,S2P,1,1401,
3.70009,5.80106,3.02845,um,Spot,Position,S2P,1,1402,
3.51695,5.83506,3.03078,um,Spot,Position,S2P,1,1403,
5.85642,5.9328,3.01932,um,Spot,Position,S2P,1,1404,
3.81038,6.12224,2.99189,um,Spot,Position,S2P,1,1405,
5.52598,6.36328,3.00162,um,Spot,Position,S2P,1,1406,
4.93569,6.44885,2.98017,um,Spot,Position,S2P,1,1407,
6.39281,6.65074,2.99145,um,Spot,Position,S2P,1,1408,
5.94365,4.41866,3.13571,um,Spot,Position,S2P,1,1409,
4.48451,4.54504,3.07119,um,Spot,Position,S2P,1,1410,
6.16389,4.66099,3.08101,um,Spot,Position,S2P,1,1411,
6.80188,4.99428,3.11883,um,Spot,Position,S2P,1,1412,
4.63188,5.0105,3.10064,um,Spot,Position,S2P,1,1413,
4.17813,5.20428,3.10176,um,Spot,Position,S2P,1,1414,
3.85165,5.35892,3.13545,um,Spot,Position,S2P,1,1415,
4.12243,5.66111,3.09424,um,Spot,Position,S2P,1,1416,
6.12018,5.67696,3.09977,um,Spot,Position,S2P,1,1417,
4.31305,5.70477,3.1227,um,Spot,Position,S2P,1,1418,
4.70399,5.77641,3.08444,um,Spot,Position,S2P,1,1419,
5.58397,5.84626,3.14156,um,Spot,Position,S2P,1,1420,
3.90124,5.95386,3.10553,um,Spot,Position,S2P,1,1421,
5.8265,6.35498,3.11684,um,Spot,Position,S2P,1,1422,
6.03647,6.61337,3.0954,um,Spot,Position,S2P,1,1423,
6.26363,4.49599,3.15864,um,Spot,Position,S2P,1,1424,
3.6441,4.81351,3.23132,um,Spot,Position,S2P,1,1425,
4.95692,4.92663,3.19232,um,Spot,Position,S2P,1,1426,
4.68653,5.37656,3.15456,um,Spot,Position,S2P,1,1427,
4.04615,5.92954,3.18051,um,Spot,Position,S2P,1,1428,
4.18584,5.98027,3.21467,um,Spot,Position,S2P,1,1429,
4.32846,6.18497,3.18082,um,Spot,Position,S2P,1,1430,
4.08923,6.21185,3.21477,um,Spot,Position,S2P,1,1431,
3.90667,6.32595,3.19959,um,Spot,Position,S2P,1,1432,
6.5826,6.35915,3.19694,um,Spot,Position,S2P,1,1433,
6.63233,6.79736,3.18309,um,Spot,Position,S2P,1,1434,
3.91854,3.48838,3.28736,um,Spot,Position,S2P,1,1435,
6.60796,3.73244,3.28602,um,Spot,Position,S2P,1,1436,
3.63257,3.8966,3.30338,um,Spot,Position,S2P,1,1437,
4.74055,4.52392,3.28332,um,Spot,Position,S2P,1,1438,
3.62248,5.03782,3.30059,um,Spot,Position,S2P,1,1439,
4.01681,5.26364,3.30999,um,Spot,Position,S2P,1,1440,
6.24391,5.29179,3.27874,um,Spot,Position,S2P,1,1441,
3.52465,5.38321,3.30915,um,Spot,Position,S2P,1,1442,
4.71531,5.51497,3.27881,um,Spot,Position,S2P,1,1443,
3.54183,5.56723,3.27563,um,Spot,Position,S2P,1,1444,
5.54717,5.63298,3.30035,um,Spot,Position,S2P,1,1445,
4.07747,5.78338,3.30912,um,Spot,Position,S2P,1,1446,
5.33922,5.93743,3.31995,um,Spot,Position,S2P,1,1447,
3.67708,6.00891,3.31332,um,Spot,Position,S2P,1,1448,
4.76411,6.80602,3.26787,um,Spot,Position,S2P,1,1449,
4.29672,3.42774,3.40037,um,Spot,Position,S2P,1,1450,
5.06552,3.67572,3.39428,um,Spot,Position,S2P,1,1451,
4.48309,3.94003,3.40651,um,Spot,Position,S2P,1,1452,
5.43192,4.01265,3.35144,um,Spot,Position,S2P,1,1453,
6.51071,4.08426,3.36798,um,Spot,Position,S2P,1,1454,
3.85571,4.15872,3.41225,um,Spot,Position,S2P,1,1455,
3.65693,4.29889,3.36321,um,Spot,Position,S2P,1,1456,
5.39687,4.34521,3.36751,um,Spot,Position,S2P,1,1457,
5.26819,5.26331,3.37495,um,Spot,Position,S2P,1,1458,
4.76169,5.28666,3.37152,um,Spot,Position,S2P,1,1459,
4.08928,5.48696,3.39248,um,Spot,Position,S2P,1,1460,
4.42696,5.53769,3.39888,um,Spot,Position,S2P,1,1461,
4.47015,5.64635,3.34711,um,Spot,Position,S2P,1,1462,
6.59223,5.6568,3.41989,um,Spot,Position,S2P,1,1463,
6.77556,5.8961,3.39052,um,Spot,Position,S2P,1,1464,
4.74857,6.23241,3.41243,um,Spot,Position,S2P,1,1465,
6.70834,6.4317,3.42102,um,Spot,Position,S2P,1,1466,
3.54559,6.55655,3.36856,um,Spot,Position,S2P,1,1467,
5.22124,6.61452,3.39819,um,Spot,Position,S2P,1,1468,
5.63512,6.83791,3.37112,um,Spot,Position,S2P,1,1469,
5.49955,3.55599,3.44479,um,Spot,Position,S2P,1,1470,
4.60733,3.58463,3.45858,um,Spot,Position,S2P,1,1471,
5.09301,4.30586,3.46603,um,Spot,Position,S2P,1,1472,
3.84488,4.63455,3.49586,um,Spot,Position,S2P,1,1473,
5.18951,4.84847,3.49623,um,Spot,Position,S2P,1,1474,
4.23633,5.65822,3.46478,um,Spot,Position,S2P,1,1475,
4.37815,6.0083,3.5097,um,Spot,Position,S2P,1,1476,
4.53208,6.0334,3.48998,um,Spot,Position,S2P,1,1477,
5.89227,6.07184,3.46679,um,Spot,Position,S2P,1,1478,
4.60881,6.29791,3.43665,um,Spot,Position,S2P,1,1479,
3.64435,6.426,3.4268,um,Spot,Position,S2P,1,1480,
3.53455,3.66696,3.57755,um,Spot,Position,S2P,1,1481,
5.67229,3.66968,3.56817,um,Spot,Position,S2P,1,1482,
4.58826,4.11447,3.56655,um,Spot,Position,S2P,1,1483,
6.10074,4.10019,3.59467,um,Spot,Position,S2P,1,1484,
4.12591,4.21754,3.5237,um,Spot,Position,S2P,1,1485,
6.55785,4.5707,3.55954,um,Spot,Position,S2P,1,1486,
4.28747,5.06064,3.56878,um,Spot,Position,S2P,1,1487,
3.67592,5.11458,3.55689,um,Spot,Position,S2P,1,1488,
4.54022,5.17455,3.59068,um,Spot,Position,S2P,1,1489,
3.99326,5.19546,3.56048,um,Spot,Position,S2P,1,1490,
6.56312,5.19291,3.55425,um,Spot,Position,S2P,1,1491,
3.5431,5.30896,3.60263,um,Spot,Position,S2P,1,1492,
4.19918,5.39716,3.59205,um,Spot,Position,S2P,1,1493,
6.8039,5.70745,3.53504,um,Spot,Position,S2P,1,1494,
4.01959,6.4013,3.53508,um,Spot,Position,S2P,1,1495,
5.24549,3.78208,3.68045,um,Spot,Position,S2P,1,1496,
4.39073,3.9476,3.69046,um,Spot,Position,S2P,1,1497,
4.34628,4.09674,3.63417,um,Spot,Position,S2P,1,1498,
6.60995,4.16151,3.67207,um,Spot,Position,S2P,1,1499,
3.65408,4.27072,3.66105,um,Spot,Position,S2P,1,1500,
3.69304,4.84991,3.67448,um,Spot,Position,S2P,1,1501,
5.6553,5.15754,3.66286,um,Spot,Position,S2P,1,1502,
4.2539,5.19299,3.64826,um,Spot,Position,S2P,1,1503,
5.10813,5.47075,3.62894,um,Spot,Position,S2P,1,1504,
6.00412,5.5776,3.68462,um,Spot,Position,S2P,1,1505,
3.88391,5.7193,3.63637,um,Spot,Position,S2P,1,1506,
4.43127,6.14627,3.65702,um,Spot,Position,S2P,1,1507,
3.54584,6.24846,3.66563,um,Spot,Position,S2P,1,1508,
6.32226,6.26232,3.67956,um,Spot,Position,S2P,1,1509,
4.37517,6.38768,3.67527,um,Spot,Position,S2P,1,1510,
4.55485,3.46087,3.73497,um,Spot,Position,S2P,1,1511,
3.66626,3.55584,3.72138,um,Spot,Position,S2P,1,1512,
3.80928,3.89754,3.70895,um,Spot,Position,S2P,1,1513,
4.9112,3.90433,3.75587,um,Spot,Position,S2P,1,1514,
5.73598,4.03383,3.76922,um,Spot,Position,S2P,1,1515,
6.44079,4.99842,3.73789,um,Spot,Position,S2P,1,1516,
4.68845,5.49926,3.71292,um,Spot,Position,S2P,1,1517,
5.59708,5.54355,3.74504,um,Spot,Position,S2P,1,1518,
5.60554,5.76562,3.71082,um,Spot,Position,S2P,1,1519,
5.15305,5.78167,3.7334,um,Spot,Position,S2P,1,1520,
6.5639,6.10443,3.74504,um,Spot,Position,S2P,1,1521,
5.62624,6.14383,3.76498,um,Spot,Position,S2P,1,1522,
4.23892,6.19717,3.73045,um,Spot,Position,S2P,1,1523,
3.59459,6.26448,3.72624,um,Spot,Position,S2P,1,1524,
5.55403,6.45088,3.72195,um,Spot,Position,S2P,1,1525,
3.83214,6.51548,3.75397,um,Spot,Position,S2P,1,1526,
4.19532,6.69804,3.70455,um,Spot,Position,S2P,1,1527,
5.98388,4.65232,3.84715,um,Spot,Position,S2P,1,1528,
4.75509,4.69924,3.81508,um,Spot,Position,S2P,1,1529,
5.99097,5.18304,3.83764,um,Spot,Position,S2P,1,1530,
3.59851,5.42223,3.86027,um,Spot,Position,S2P,1,1531,
3.62672,5.54183,3.85916,um,Spot,Position,S2P,1,1532,
5.8093,5.87036,3.82952,um,Spot,Position,S2P,1,1533,
5.27856,5.89215,3.86237,um,Spot,Position,S2P,1,1534,
6.31038,6.14555,3.83198,um,Spot,Position,S2P,1,1535,
6.43939,6.36481,3.82574,um,Spot,Position,S2P,1,1536,
4.29251,6.55853,3.81467,um,Spot,Position,S2P,1,1537,
3.43951,3.56929,3.88975,um,Spot,Position,S2P,1,1538,
4.47866,4.36525,3.93302,um,Spot,Position,S2P,1,1539,
4.07332,4.44573,3.87573,um,Spot,Position,S2P,1,1540,
5.61647,4.55014,3.91798,um,Spot,Position,S2P,1,1541,
4.69297,4.59882,3.88766,um,Spot,Position,S2P,1,1542,
6.46764,4.75723,3.92042,um,Spot,Position,S2P,1,1543,
4.99267,5.0043,3.93958,um,Spot,Position,S2P,1,1544,
4.53507,5.0657,3.93302,um,Spot,Position,S2P,1,1545,
4.18951,5.25851,3.8879,um,Spot,Position,S2P,1,1546,
6.39487,5.3058,3.91688,um,Spot,Position,S2P,1,1547,
4.8442,5.70775,3.94332,um,Spot,Position,S2P,1,1548,
5.33194,5.91909,3.90969,um,Spot,Position,S2P,1,1549,
4.26881,5.983,3.93249,um,Spot,Position,S2P,1,1550,
3.69912,6.10773,3.95162,um,Spot,Position,S2P,1,1551,
3.80499,6.11944,3.92643,um,Spot,Position,S2P,1,1552,
6.77628,6.4631,3.92,um,Spot,Position,S2P,1,1553,
4.60846,3.51684,3.97667,um,Spot,Position,S2P,1,1554,
6.30446,3.59133,3.98055,um,Spot,Position,S2P,1,1555,
4.24643,3.65243,4.0233,um,Spot,Position,S2P,1,1556,
4.6053,3.78491,3.98747,um,Spot,Position,S2P,1,1557,
4.09647,4.02765,4.04833,um,Spot,Position,S2P,1,1558,
5.24333,4.18454,4.03551,um,Spot,Position,S2P,1,1559,
4.00797,4.68333,4.04669,um,Spot,Position,S2P,1,1560,
4.43899,4.68559,4.03496,um,Spot,Position,S2P,1,1561,
3.96873,5.02007,3.98551,um,Spot,Position,S2P,1,1562,
4.43034,5.63462,4.01925,um,Spot,Position,S2P,1,1563,
4.76715,5.78394,4.01435,um,Spot,Position,S2P,1,1564,
3.58837,5.94394,4.0445,um,Spot,Position,S2P,1,1565,
4.11687,5.9966,3.98174,um,Spot,Position,S2P,1,1566,
4.82351,6.60963,4.00805,um,Spot,Position,S2P,1,1567,
3.93866,6.79596,3.99335,um,Spot,Position,S2P,1,1568,
4.20671,3.57424,4.09185,um,Spot,Position,S2P,1,1569,
6.18643,4.40298,4.09539,um,Spot,Position,S2P,1,1570,
5.36091,4.72392,4.11641,um,Spot,Position,S2P,1,1571,
5.4965,4.92373,4.1317,um,Spot,Position,S2P,1,1572,
6.70829,4.9363,4.12724,um,Spot,Position,S2P,1,1573,
3.54044,4.97782,4.08666,um,Spot,Position,S2P,1,1574,
3.77598,5.40869,4.13265,um,Spot,Position,S2P,1,1575,
3.68367,5.67942,4.11552,um,Spot,Position,S2P,1,1576,
5.73957,5.93989,4.1419,um,Spot,Position,S2P,1,1577,
3.4592,6.19116,4.10104,um,Spot,Position,S2P,1,1578,
5.34946,6.30447,4.11896,um,Spot,Position,S2P,1,1579,
5.13055,6.33397,4.12891,um,Spot,Position,S2P,1,1580,
4.03773,6.35459,4.12724,um,Spot,Position,S2P,1,1581,
3.72732,6.40786,4.11828,um,Spot,Position,S2P,1,1582,
5.38962,6.74129,4.11124,um,Spot,Position,S2P,1,1583,
4.83294,4.06761,4.17319,um,Spot,Position,S2P,1,1584,
5.66501,4.22173,4.20421,um,Spot,Position,S2P,1,1585,
5.48931,4.40814,4.18906,um,Spot,Position,S2P,1,1586,
4.89286,4.50695,4.18031,um,Spot,Position,S2P,1,1587,
3.88859,4.5233,4.22209,um,Spot,Position,S2P,1,1588,
4.08194,5.29664,4.15635,um,Spot,Position,S2P,1,1589,
6.32924,5.3299,4.18624,um,Spot,Position,S2P,1,1590,
3.61645,5.49594,4.20134,um,Spot,Position,S2P,1,1591,
6.24461,5.66953,4.17772,um,Spot,Position,S2P,1,1592,
4.76979,5.86847,4.19655,um,Spot,Position,S2P,1,1593,
4.29715,5.9124,4.155,um,Spot,Position,S2P,1,1594,
4.3695,6.22112,4.19422,um,Spot,Position,S2P,1,1595,
6.44173,6.2166,4.16041,um,Spot,Position,S2P,1,1596,
4.89985,6.30809,4.22807,um,Spot,Position,S2P,1,1597,
6.19208,6.53403,4.16637,um,Spot,Position,S2P,1,1598,
6.20753,6.66582,4.19181,um,Spot,Position,S2P,1,1599,
5.68765,3.72381,4.26292,um,Spot,Position,S2P,1,1600,
6.03229,3.81001,4.31046,um,Spot,Position,S2P,1,1601,
3.47438,4.18982,4.24375,um,Spot,Position,S2P,1,1602,
6.60233,4.21875,4.28194,um,Spot,Position,S2P,1,1603,
6.34561,4.61713,4.30256,um,Spot,Position,S2P,1,1604,
6.62176,4.7723,4.28998,um,Spot,Position,S2P,1,1605,
5.15702,5.04712,4.26842,um,Spot,Position,S2P,1,1606,
4.29712,5.05832,4.27127,um,Spot,Position,S2P,1,1607,
5.58242,5.24773,4.28309,um,Spot,Position,S2P,1,1608,
4.29002,5.42118,4.27356,um,Spot,Position,S2P,1,1609,
5.68425,5.51674,4.30073,um,Spot,Position,S2P,1,1610,
5.50266,5.58451,4.26478,um,Spot,Position,S2P,1,1611,
4.04953,5.63957,4.2484,um,Spot,Position,S2P,1,1612,
4.35429,5.84409,4.27286,um,Spot,Position,S2P,1,1613,
4.40914,5.97702,4.23796,um,Spot,Position,S2P,1,1614,
4.5164,6.4526,4.32352,um,Spot,Position,S2P,1,1615,
5.17492,6.56667,4.27094,um,Spot,Position,S2P,1,1616,
3.44026,6.79831,4.29133,um,Spot,Position,S2P,1,1617,
4.4809,6.80798,4.23924,um,Spot,Position,S2P,1,1618,
7.1633,4.81873,2.96153,um,Spot,Position,S2P,1,1619,
7.51536,5.27446,2.93487,um,Spot,Position,S2P,1,1620,
7.10306,5.84904,2.89969,um,Spot,Position,S2P,1,1621,
7.30154,4.82184,3.0399,um,Spot,Position,S2P,1,1622,
7.2337,5.11289,3.01695,um,Spot,Position,S2P,1,1623,
7.14103,5.31331,2.97912,um,Spot,Position,S2P,1,1624,
7.46732,6.12304,3.01189,um,Spot,Position,S2P,1,1625,
7.09102,4.29002,3.14947,um,Spot,Position,S2P,1,1626,
7.30667,5.70966,3.11172,um,Spot,Position,S2P,1,1627,
7.19881,6.39416,3.08139,um,Spot,Position,S2P,1,1628,
7.05705,6.55836,3.20958,um,Spot,Position,S2P,1,1629,
6.99625,5.03394,3.37183,um,Spot,Position,S2P,1,1630,
7.35373,6.06453,3.37315,um,Spot,Position,S2P,1,1631,
6.87469,6.84355,3.38747,um,Spot,Position,S2P,1,1632,
7.09079,6.6578,3.48938,um,Spot,Position,S2P,1,1633,
6.89454,4.38683,3.54947,um,Spot,Position,S2P,1,1634,
6.90913,4.15453,3.6456,um,Spot,Position,S2P,1,1635,
7.1665,4.48017,3.61998,um,Spot,Position,S2P,1,1636,
7.43248,4.83191,3.66731,um,Spot,Position,S2P,1,1637,
7.36112,5.13248,3.63028,um,Spot,Position,S2P,1,1638,
7.32722,6.47866,3.60765,um,Spot,Position,S2P,1,1639,
7.46731,5.74526,3.77248,um,Spot,Position,S2P,1,1640,
7.16854,5.97337,3.719,um,Spot,Position,S2P,1,1641,
7.07021,5.87356,3.79712,um,Spot,Position,S2P,1,1642,
6.99531,4.4438,3.91278,um,Spot,Position,S2P,1,1643,
6.8933,4.91074,3.93867,um,Spot,Position,S2P,1,1644,
7.08882,5.26532,3.89881,um,Spot,Position,S2P,1,1645,
6.90023,5.73237,4.02157,um,Spot,Position,S2P,1,1646,
6.94206,5.22996,4.11457,um,Spot,Position,S2P,1,1647,
7.27556,6.12753,4.13628,um,Spot,Position,S2P,1,1648,
7.30906,6.29476,4.12632,um,Spot,Position,S2P,1,1649,
7.13175,6.4228,4.19599,um,Spot,Position,S2P,1,1650,
3.34114,7.62733,3.44274,um,Spot,Position,S2P,1,1651,
3.012,7.10231,3.56391,um,Spot,Position,S2P,1,1652,
3.10299,7.12727,3.59479,um,Spot,Position,S2P,1,1653,
3.40597,7.35538,3.51937,um,Spot,Position,S2P,1,1654,
3.20607,7.40743,3.66574,um,Spot,Position,S2P,1,1655,
3.16728,7.13709,3.92456,um,Spot,Position,S2P,1,1656,
3.27302,7.46914,4.08836,um,Spot,Position,S2P,1,1657,
6.02244,7.1138,2.88926,um,Spot,Position,S2P,1,1658,
5.72766,7.14015,2.91223,um,Spot,Position,S2P,1,1659,
4.95279,7.221,2.92708,um,Spot,Position,S2P,1,1660,
3.63286,7.30948,2.90314,um,Spot,Position,S2P,1,1661,
5.43268,7.37087,2.92361,um,Spot,Position,S2P,1,1662,
6.81051,7.41267,2.96941,um,Spot,Position,S2P,1,1663,
3.62484,7.64917,2.9713,um,Spot,Position,S2P,1,1664,
5.30131,7.85666,2.95253,um,Spot,Position,S2P,1,1665,
6.32342,7.95702,2.9585,um,Spot,Position,S2P,1,1666,
4.10538,7.9749,2.92178,um,Spot,Position,S2P,1,1667,
5.30744,6.87126,3.02161,um,Spot,Position,S2P,1,1668,
6.5628,7.98159,3.01853,um,Spot,Position,S2P,1,1669,
4.99476,8.01374,3.06243,um,Spot,Position,S2P,1,1670,
5.09583,8.18307,3.05558,um,Spot,Position,S2P,1,1671,
5.89414,7.42538,3.07209,um,Spot,Position,S2P,1,1672,
4.43144,8.091,3.13692,um,Spot,Position,S2P,1,1673,
4.80412,8.23319,3.12064,um,Spot,Position,S2P,1,1674,
4.18714,6.92714,3.16382,um,Spot,Position,S2P,1,1675,
4.57229,7.16828,3.21726,um,Spot,Position,S2P,1,1676,
5.50026,7.23088,3.23426,um,Spot,Position,S2P,1,1677,
3.94375,7.26781,3.16871,um,Spot,Position,S2P,1,1678,
6.10185,7.2787,3.17805,um,Spot,Position,S2P,1,1679,
4.29288,7.54246,3.16325,um,Spot,Position,S2P,1,1680,
6.09718,7.92949,3.16149,um,Spot,Position,S2P,1,1681,
6.33848,6.90944,3.30047,um,Spot,Position,S2P,1,1682,
5.10691,7.01893,3.28378,um,Spot,Position,S2P,1,1683,
5.8708,7.11197,3.29991,um,Spot,Position,S2P,1,1684,
6.84041,7.51636,3.31399,um,Spot,Position,S2P,1,1685,
5.4478,8.22134,3.27578,um,Spot,Position,S2P,1,1686,
4.37721,7.09433,3.37886,um,Spot,Position,S2P,1,1687,
4.26246,7.45191,3.41489,um,Spot,Position,S2P,1,1688,
6.54028,7.46362,3.4132,um,Spot,Position,S2P,1,1689,
4.96101,7.69387,3.37657,um,Spot,Position,S2P,1,1690,
4.08606,7.83628,3.39974,um,Spot,Position,S2P,1,1691,
6.60428,8.02892,3.39041,um,Spot,Position,S2P,1,1692,
5.05346,6.86479,3.43102,um,Spot,Position,S2P,1,1693,
6.65175,7.73637,3.43213,um,Spot,Position,S2P,1,1694,
4.56135,6.92241,3.57004,um,Spot,Position,S2P,1,1695,
5.34155,7.02685,3.57533,um,Spot,Position,S2P,1,1696,
4.61235,7.23432,3.54865,um,Spot,Position,S2P,1,1697,
6.08761,7.32611,3.5755,um,Spot,Position,S2P,1,1698,
5.03671,7.55183,3.58344,um,Spot,Position,S2P,1,1699,
4.32934,7.59173,3.53209,um,Spot,Position,S2P,1,1700,
6.14636,7.71784,3.53605,um,Spot,Position,S2P,1,1701,
5.20495,8.16632,3.5827,um,Spot,Position,S2P,1,1702,
5.91728,8.15699,3.55626,um,Spot,Position,S2P,1,1703,
4.20084,7.01103,3.63959,um,Spot,Position,S2P,1,1704,
3.94021,7.0635,3.64924,um,Spot,Position,S2P,1,1705,
5.32608,7.49545,3.67085,um,Spot,Position,S2P,1,1706,
5.63269,7.8225,3.61326,um,Spot,Position,S2P,1,1707,
6.09692,7.12088,3.75942,um,Spot,Position,S2P,1,1708,
5.38888,7.41604,3.71817,um,Spot,Position,S2P,1,1709,
5.95008,7.45764,3.7326,um,Spot,Position,S2P,1,1710,
4.35841,7.72237,3.74603,um,Spot,Position,S2P,1,1711,
6.27986,7.72492,3.75729,um,Spot,Position,S2P,1,1712,
4.12167,8.10651,3.73324,um,Spot,Position,S2P,1,1713,
4.99597,7.07936,3.84213,um,Spot,Position,S2P,1,1714,
4.93116,7.20082,3.80171,um,Spot,Position,S2P,1,1715,
6.69159,7.52584,3.78681,um,Spot,Position,S2P,1,1716,
3.72776,7.71,3.81061,um,Spot,Position,S2P,1,1717,
5.02544,7.94842,3.81369,um,Spot,Position,S2P,1,1718,
6.20898,8.08151,3.79945,um,Spot,Position,S2P,1,1719,
4.81648,8.26794,3.84603,um,Spot,Position,S2P,1,1720,
4.95372,8.36457,3.83176,um,Spot,Position,S2P,1,1721,
3.63339,7.45393,3.88599,um,Spot,Position,S2P,1,1722,
4.05044,7.51676,3.96148,um,Spot,Position,S2P,1,1723,
5.33031,7.65227,3.8966,um,Spot,Position,S2P,1,1724,
6.41631,7.87896,3.88414,um,Spot,Position,S2P,1,1725,
4.53194,7.9896,3.88526,um,Spot,Position,S2P,1,1726,
3.46917,6.98042,4.00063,um,Spot,Position,S2P,1,1727,
3.66254,7.04101,4.01876,um,Spot,Position,S2P,1,1728,
6.18145,7.08302,4.02698,um,Spot,Position,S2P,1,1729,
6.80253,7.08251,4.0122,um,Spot,Position,S2P,1,1730,
6.26863,7.35542,4.04193,um,Spot,Position,S2P,1,1731,
4.63224,7.62867,3.97446,um,Spot,Position,S2P,1,1732,
5.89851,7.85602,4.03919,um,Spot,Position,S2P,1,1733,
5.52324,8.20536,4.02743,um,Spot,Position,S2P,1,1734,
5.92626,6.85589,4.09875,um,Spot,Position,S2P,1,1735,
5.16854,6.91075,4.13021,um,Spot,Position,S2P,1,1736,
5.60967,7.2204,4.14413,um,Spot,Position,S2P,1,1737,
4.20901,7.25536,4.07824,um,Spot,Position,S2P,1,1738,
5.75185,7.55609,4.09052,um,Spot,Position,S2P,1,1739,
4.45295,7.56744,4.09319,um,Spot,Position,S2P,1,1740,
6.00314,7.30503,4.23054,um,Spot,Position,S2P,1,1741,
4.3797,8.26402,4.1836,um,Spot,Position,S2P,1,1742,
6.80561,6.98326,4.28907,um,Spot,Position,S2P,1,1743,
4.01763,7.21691,4.26752,um,Spot,Position,S2P,1,1744,
6.14226,7.72343,4.25014,um,Spot,Position,S2P,1,1745,
4.38541,8.21544,4.27219,um,Spot,Position,S2P,1,1746,
7.54819,7.20818,3.03638,um,Spot,Position,S2P,1,1747,
7.04789,7.00574,3.19794,um,Spot,Position,S2P,1,1748,
7.22835,7.48511,3.19274,um,Spot,Position,S2P,1,1749,
7.13335,7.71041,3.28456,um,Spot,Position,S2P,1,1750,
7.27866,6.86749,3.46407,um,Spot,Position,S2P,1,1751,
7.63425,7.1467,3.56068,um,Spot,Position,S2P,1,1752,
6.93638,7.39806,3.55757,um,Spot,Position,S2P,1,1753,
7.57288,7.01092,3.71537,um,Spot,Position,S2P,1,1754,
7.46951,7.46929,3.72972,um,Spot,Position,S2P,1,1755,
6.92226,7.47097,3.89912,um,Spot,Position,S2P,1,1756,
7.37354,7.25991,4.04503,um,Spot,Position,S2P,1,1757,
2.94776,2.41212,4.33162,um,Spot,Position,S2P,1,1758,
2.95861,2.82548,4.37551,um,Spot,Position,S2P,1,1759,
3.14673,2.49293,4.47556,um,Spot,Position,S2P,1,1760,
2.83749,3.32356,4.47573,um,Spot,Position,S2P,1,1761,
2.87987,2.57047,4.54892,um,Spot,Position,S2P,1,1762,
2.73792,2.94237,4.54352,um,Spot,Position,S2P,1,1763,
3.21729,3.18901,4.52571,um,Spot,Position,S2P,1,1764,
3.40182,2.33324,4.66429,um,Spot,Position,S2P,1,1765,
3.13675,2.79203,4.64071,um,Spot,Position,S2P,1,1766,
2.57713,3.15961,4.61671,um,Spot,Position,S2P,1,1767,
2.71884,3.29894,4.65513,um,Spot,Position,S2P,1,1768,
2.95385,2.50604,4.99054,um,Spot,Position,S2P,1,1769,
2.52524,3.11368,5.0061,um,Spot,Position,S2P,1,1770,
3.21262,2.58526,5.12526,um,Spot,Position,S2P,1,1771,
2.64512,3.20676,5.24065,um,Spot,Position,S2P,1,1772,
3.18623,3.20479,5.35001,um,Spot,Position,S2P,1,1773,
2.72257,3.32924,5.58757,um,Spot,Position,S2P,1,1774,
3.83221,3.04464,4.38232,um,Spot,Position,S2P,1,1775,
3.99663,3.22572,4.49777,um,Spot,Position,S2P,1,1776,
4.92157,3.29299,4.45921,um,Spot,Position,S2P,1,1777,
4.2985,3.40989,4.45304,um,Spot,Position,S2P,1,1778,
4.2855,2.29306,4.52391,um,Spot,Position,S2P,1,1779,
4.47595,3.2207,4.54096,um,Spot,Position,S2P,1,1780,
5.6196,3.39241,4.56978,um,Spot,Position,S2P,1,1781,
3.62462,2.91028,4.62861,um,Spot,Position,S2P,1,1782,
4.64224,2.81093,4.71411,um,Spot,Position,S2P,1,1783,
3.56173,3.16551,4.73378,um,Spot,Position,S2P,1,1784,
3.74297,3.4187,4.71939,um,Spot,Position,S2P,1,1785,
3.56809,3.2283,5.11431,um,Spot,Position,S2P,1,1786,
4.1319,3.22778,5.09791,um,Spot,Position,S2P,1,1787,
3.83353,3.01908,5.19074,um,Spot,Position,S2P,1,1788,
3.62808,2.19954,5.35476,um,Spot,Position,S2P,1,1789,
3.58324,2.78385,5.32436,um,Spot,Position,S2P,1,1790,
4.30303,3.30081,5.46275,um,Spot,Position,S2P,1,1791,
4.50834,3.32677,5.41129,um,Spot,Position,S2P,1,1792,
3.8014,3.40648,5.40935,um,Spot,Position,S2P,1,1793,
4.22099,2.86204,5.50448,um,Spot,Position,S2P,1,1794,
3.92033,3.13746,5.52038,um,Spot,Position,S2P,1,1795,
4.52544,3.19639,5.5291,um,Spot,Position,S2P,1,1796,
4.28412,3.09025,5.73146,um,Spot,Position,S2P,1,1797,
3.29788,3.51152,4.43082,um,Spot,Position,S2P,1,1798,
3.37018,3.57328,4.46322,um,Spot,Position,S2P,1,1799,
2.58401,5.39941,4.47924,um,Spot,Position,S2P,1,1800,
3.05655,5.83759,4.45872,um,Spot,Position,S2P,1,1801,
3.41842,6.47988,4.49384,um,Spot,Position,S2P,1,1802,
3.17144,6.71499,4.50023,um,Spot,Position,S2P,1,1803,
2.28114,4.50108,4.55176,um,Spot,Position,S2P,1,1804,
3.36546,4.57855,4.54981,um,Spot,Position,S2P,1,1805,
2.55781,5.15146,4.54996,um,Spot,Position,S2P,1,1806,
2.40544,5.53094,4.57534,um,Spot,Position,S2P,1,1807,
2.71984,5.74773,4.5615,um,Spot,Position,S2P,1,1808,
2.69913,6.57648,4.52392,um,Spot,Position,S2P,1,1809,
3.22285,6.80478,4.55313,um,Spot,Position,S2P,1,1810,
2.60554,4.05718,4.64816,um,Spot,Position,S2P,1,1811,
2.83616,4.69877,4.66958,um,Spot,Position,S2P,1,1812,
2.94259,5.0648,4.61823,um,Spot,Position,S2P,1,1813,
3.23506,5.1426,4.64262,um,Spot,Position,S2P,1,1814,
2.57795,3.60084,4.70197,um,Spot,Position,S2P,1,1815,
3.33449,3.99307,4.73634,um,Spot,Position,S2P,1,1816,
2.64146,4.434,4.69509,um,Spot,Position,S2P,1,1817,
2.43253,5.0827,4.75448,um,Spot,Position,S2P,1,1818,
1.81223,4.03686,4.789,um,Spot,Position,S2P,1,1819,
2.24937,4.21205,4.79142,um,Spot,Position,S2P,1,1820,
3.19239,5.64353,4.78496,um,Spot,Position,S2P,1,1821,
2.9883,5.87285,4.829,um,Spot,Position,S2P,1,1822,
3.13662,6.43629,4.83613,um,Spot,Position,S2P,1,1823,
2.79099,3.43435,4.90156,um,Spot,Position,S2P,1,1824,
2.59451,3.87501,4.93359,um,Spot,Position,S2P,1,1825,
3.03524,3.95307,4.94212,um,Spot,Position,S2P,1,1826,
3.06701,4.36592,4.88998,um,Spot,Position,S2P,1,1827,
2.66935,5.02218,4.93717,um,Spot,Position,S2P,1,1828,
2.91076,5.42411,4.93341,um,Spot,Position,S2P,1,1829,
3.20375,6.06131,4.88317,um,Spot,Position,S2P,1,1830,
3.09555,6.82351,4.89597,um,Spot,Position,S2P,1,1831,
3.14265,3.50945,5.0146,um,Spot,Position,S2P,1,1832,
3.22018,4.69368,4.99384,um,Spot,Position,S2P,1,1833,
3.15489,5.55969,4.98373,um,Spot,Position,S2P,1,1834,
2.97641,5.95716,5.01981,um,Spot,Position,S2P,1,1835,
3.33293,6.42519,4.96419,um,Spot,Position,S2P,1,1836,
2.92668,6.66971,5.0018,um,Spot,Position,S2P,1,1837,
2.34029,3.54285,5.09244,um,Spot,Position,S2P,1,1838,
2.81592,4.19215,5.09243,um,Spot,Position,S2P,1,1839,
2.80888,4.37869,5.11704,um,Spot,Position,S2P,1,1840,
2.89941,3.61202,5.14876,um,Spot,Position,S2P,1,1841,
2.98469,4.84879,5.1485,um,Spot,Position,S2P,1,1842,
2.87778,6.28748,5.18101,um,Spot,Position,S2P,1,1843,
3.14024,3.77913,5.24496,um,Spot,Position,S2P,1,1844,
2.69323,5.24683,5.30454,um,Spot,Position,S2P,1,1845,
2.50895,5.55803,5.24594,um,Spot,Position,S2P,1,1846,
3.02392,4.57435,5.34519,um,Spot,Position,S2P,1,1847,
3.24417,4.98501,5.34889,um,Spot,Position,S2P,1,1848,
2.90741,5.64383,5.38081,um,Spot,Position,S2P,1,1849,
2.60691,6.44717,5.38946,um,Spot,Position,S2P,1,1850,
3.20148,6.47601,5.37733,um,Spot,Position,S2P,1,1851,
2.91703,4.17539,5.44898,um,Spot,Position,S2P,1,1852,
2.80151,4.65391,5.45116,um,Spot,Position,S2P,1,1853,
3.02896,5.98696,5.42552,um,Spot,Position,S2P,1,1854,
2.83747,4.4445,5.54504,um,Spot,Position,S2P,1,1855,
2.52879,4.62359,5.55106,um,Spot,Position,S2P,1,1856,
3.03835,5.41004,5.51186,um,Spot,Position,S2P,1,1857,
2.53303,4.03252,5.65414,um,Spot,Position,S2P,1,1858,
2.91215,6.43888,5.61226,um,Spot,Position,S2P,1,1859,
2.48549,3.51691,5.72132,um,Spot,Position,S2P,1,1860,
3.2833,4.29956,5.7238,um,Spot,Position,S2P,1,1861,
4.14471,3.76054,4.35508,um,Spot,Position,S2P,1,1862,
4.32108,4.85278,4.40189,um,Spot,Position,S2P,1,1863,
5.78,5.0935,4.34442,um,Spot,Position,S2P,1,1864,
4.92932,5.2894,4.37272,um,Spot,Position,S2P,1,1865,
6.07893,5.66631,4.39161,um,Spot,Position,S2P,1,1866,
4.93026,5.81844,4.39789,um,Spot,Position,S2P,1,1867,
6.0707,5.82573,4.39176,um,Spot,Position,S2P,1,1868,
5.64371,6.48284,4.35736,um,Spot,Position,S2P,1,1869,
3.97303,3.64921,4.48933,um,Spot,Position,S2P,1,1870,
4.39786,3.74377,4.41736,um,Spot,Position,S2P,1,1871,
5.1733,3.8968,4.45603,um,Spot,Position,S2P,1,1872,
4.6116,4.47299,4.48094,um,Spot,Position,S2P,1,1873,
6.68495,4.56805,4.44395,um,Spot,Position,S2P,1,1874,
5.65468,4.78137,4.50215,um,Spot,Position,S2P,1,1875,
5.00831,4.80446,4.42871,um,Spot,Position,S2P,1,1876,
5.60043,4.82853,4.47468,um,Spot,Position,S2P,1,1877,
3.54347,5.76668,4.49782,um,Spot,Position,S2P,1,1878,
5.36954,6.31776,4.42972,um,Spot,Position,S2P,1,1879,
3.63505,6.46259,4.48853,um,Spot,Position,S2P,1,1880,
6.67651,6.44497,4.49914,um,Spot,Position,S2P,1,1881,
6.43141,6.66653,4.4306,um,Spot,Position,S2P,1,1882,
5.5008,4.38146,4.53282,um,Spot,Position,S2P,1,1883,
4.79514,4.91039,4.5458,um,Spot,Position,S2P,1,1884,
6.64399,5.65952,4.58964,um,Spot,Position,S2P,1,1885,
5.22392,3.45864,4.64456,um,Spot,Position,S2P,1,1886,
3.81324,3.90665,4.63882,um,Spot,Position,S2P,1,1887,
4.14396,3.92619,4.62874,um,Spot,Position,S2P,1,1888,
4.13929,4.03231,4.63333,um,Spot,Position,S2P,1,1889,
4.55486,4.08398,4.65844,um,Spot,Position,S2P,1,1890,
6.16241,4.51769,4.61826,um,Spot,Position,S2P,1,1891,
3.77975,4.88446,4.60674,um,Spot,Position,S2P,1,1892,
4.38903,5.19119,4.64608,um,Spot,Position,S2P,1,1893,
4.98086,5.69197,4.66562,um,Spot,Position,S2P,1,1894,
4.66578,5.91186,4.60435,um,Spot,Position,S2P,1,1895,
3.8929,6.22535,4.65377,um,Spot,Position,S2P,1,1896,
5.25323,6.40387,4.60958,um,Spot,Position,S2P,1,1897,
4.81687,6.80986,4.61733,um,Spot,Position,S2P,1,1898,
3.60167,3.89353,4.72109,um,Spot,Position,S2P,1,1899,
3.64398,4.09462,4.70798,um,Spot,Position,S2P,1,1900,
3.51972,4.19054,4.75888,um,Spot,Position,S2P,1,1901,
5.809,4.35363,4.72791,um,Spot,Position,S2P,1,1902,
4.20501,4.54717,4.70024,um,Spot,Position,S2P,1,1903,
6.03821,4.65717,4.74614,um,Spot,Position,S2P,1,1904,
6.32199,4.78957,4.76599,um,Spot,Position,S2P,1,1905,
4.13254,5.64545,4.71709,um,Spot,Position,S2P,1,1906,
6.05303,5.92097,4.74046,um,Spot,Position,S2P,1,1907,
4.34852,5.98308,4.71711,um,Spot,Position,S2P,1,1908,
4.37697,6.29885,4.70853,um,Spot,Position,S2P,1,1909,
4.15803,6.3834,4.70586,um,Spot,Position,S2P,1,1910,
5.05581,3.86032,4.84591,um,Spot,Position,S2P,1,1911,
5.89407,5.22614,4.86233,um,Spot,Position,S2P,1,1912,
4.08298,5.26534,4.81333,um,Spot,Position,S2P,1,1913,
4.38976,5.40775,4.80641,um,Spot,Position,S2P,1,1914,
6.16147,6.05259,4.863,um,Spot,Position,S2P,1,1915,
6.64624,6.13803,4.86119,um,Spot,Position,S2P,1,1916,
4.03167,6.45009,4.85379,um,Spot,Position,S2P,1,1917,
6.32651,6.44999,4.83688,um,Spot,Position,S2P,1,1918,
6.14476,6.74844,4.81999,um,Spot,Position,S2P,1,1919,
3.46535,3.69449,4.89153,um,Spot,Position,S2P,1,1920,
5.41239,4.0331,4.93988,um,Spot,Position,S2P,1,1921,
4.368,4.26257,4.94675,um,Spot,Position,S2P,1,1922,
3.4507,4.46235,4.88303,um,Spot,Position,S2P,1,1923,
6.39345,4.47776,4.89273,um,Spot,Position,S2P,1,1924,
3.66789,4.58248,4.92437,um,Spot,Position,S2P,1,1925,
4.99838,4.7009,4.91849,um,Spot,Position,S2P,1,1926,
4.04841,4.82043,4.89987,um,Spot,Position,S2P,1,1927,
6.02602,5.09557,4.8905,um,Spot,Position,S2P,1,1928,
4.7445,5.27006,4.88818,um,Spot,Position,S2P,1,1929,
6.47871,5.38168,4.88906,um,Spot,Position,S2P,1,1930,
3.87747,5.41113,4.93694,um,Spot,Position,S2P,1,1931,
5.75413,5.62803,4.89245,um,Spot,Position,S2P,1,1932,
4.99131,5.79774,4.92509,um,Spot,Position,S2P,1,1933,
5.95619,5.80561,4.92607,um,Spot,Position,S2P,1,1934,
6.41956,5.84134,4.91314,um,Spot,Position,S2P,1,1935,
5.98027,6.42038,4.93875,um,Spot,Position,S2P,1,1936,
4.66482,6.49214,4.89412,um,Spot,Position,S2P,1,1937,
4.34408,4.71126,4.97701,um,Spot,Position,S2P,1,1938,
4.55617,5.00008,5.00492,um,Spot,Position,S2P,1,1939,
6.54677,5.7732,4.9784,um,Spot,Position,S2P,1,1940,
3.90958,5.87523,5.0324,um,Spot,Position,S2P,1,1941,
5.70237,6.26152,5.02246,um,Spot,Position,S2P,1,1942,
5.00309,6.44281,4.99797,um,Spot,Position,S2P,1,1943,
4.7634,6.72924,4.96827,um,Spot,Position,S2P,1,1944,
4.56359,3.68339,5.05355,um,Spot,Position,S2P,1,1945,
4.84973,4.11956,5.11188,um,Spot,Position,S2P,1,1946,
4.11134,4.32628,5.10213,um,Spot,Position,S2P,1,1947,
6.47336,4.59411,5.08103,um,Spot,Position,S2P,1,1948,
5.6562,4.82419,5.08319,um,Spot,Position,S2P,1,1949,
3.5467,5.1755,5.07104,um,Spot,Position,S2P,1,1950,
6.59954,5.65592,5.09111,um,Spot,Position,S2P,1,1951,
3.65479,5.80951,5.08549,um,Spot,Position,S2P,1,1952,
3.46288,5.84027,5.07353,um,Spot,Position,S2P,1,1953,
5.84896,6.11738,5.09297,um,Spot,Position,S2P,1,1954,
6.26575,6.12943,5.08589,um,Spot,Position,S2P,1,1955,
3.67267,6.21533,5.08502,um,Spot,Position,S2P,1,1956,
4.42555,6.50077,5.09148,um,Spot,Position,S2P,1,1957,
5.2712,6.53186,5.08608,um,Spot,Position,S2P,1,1958,
4.61422,6.60985,5.10813,um,Spot,Position,S2P,1,1959,
4.33908,3.90235,5.17608,um,Spot,Position,S2P,1,1960,
5.27073,3.97294,5.17416,um,Spot,Position,S2P,1,1961,
4.21361,4.29511,5.17146,um,Spot,Position,S2P,1,1962,
4.49018,4.60669,5.1654,um,Spot,Position,S2P,1,1963,
4.22706,4.74493,5.18283,um,Spot,Position,S2P,1,1964,
3.7535,4.78896,5.16965,um,Spot,Position,S2P,1,1965,
4.96637,4.94348,5.19956,um,Spot,Position,S2P,1,1966,
6.69526,5.79354,5.17909,um,Spot,Position,S2P,1,1967,
5.2542,6.02256,5.21485,um,Spot,Position,S2P,1,1968,
6.59213,6.21341,5.1896,um,Spot,Position,S2P,1,1969,
3.57813,4.22692,5.27614,um,Spot,Position,S2P,1,1970,
4.66015,4.36006,5.24172,um,Spot,Position,S2P,1,1971,
5.61886,4.84135,5.23143,um,Spot,Position,S2P,1,1972,
6.03896,4.933,5.26395,um,Spot,Position,S2P,1,1973,
5.37697,5.27536,5.24624,um,Spot,Position,S2P,1,1974,
5.43765,5.65519,5.23991,um,Spot,Position,S2P,1,1975,
4.67136,5.98412,5.27654,um,Spot,Position,S2P,1,1976,
6.31095,6.40654,5.25403,um,Spot,Position,S2P,1,1977,
6.66035,6.49311,5.28157,um,Spot,Position,S2P,1,1978,
3.94869,6.56707,5.26939,um,Spot,Position,S2P,1,1979,
5.64021,6.75061,5.27506,um,Spot,Position,S2P,1,1980,
4.09066,3.65741,5.39164,um,Spot,Position,S2P,1,1981,
4.60209,3.651,5.33373,um,Spot,Position,S2P,1,1982,
3.70273,3.69791,5.36279,um,Spot,Position,S2P,1,1983,
3.88467,4.21163,5.40373,um,Spot,Position,S2P,1,1984,
5.19906,4.81779,5.34764,um,Spot,Position,S2P,1,1985,
5.43557,4.93498,5.39513,um,Spot,Position,S2P,1,1986,
5.52255,5.05314,5.36035,um,Spot,Position,S2P,1,1987,
4.30637,5.34486,5.34939,um,Spot,Position,S2P,1,1988,
5.15751,5.43704,5.36723,um,Spot,Position,S2P,1,1989,
4.53823,5.50021,5.3384,um,Spot,Position,S2P,1,1990,
3.81864,5.54544,5.38208,um,Spot,Position,S2P,1,1991,
4.15119,5.83817,5.3845,um,Spot,Position,S2P,1,1992,
4.7899,6.35206,5.373,um,Spot,Position,S2P,1,1993,
3.54276,6.80195,5.36568,um,Spot,Position,S2P,1,1994,
4.13833,6.80582,5.32009,um,Spot,Position,S2P,1,1995,
5.24857,3.7278,5.46299,um,Spot,Position,S2P,1,1996,
5.4406,4.44189,5.43023,um,Spot,Position,S2P,1,1997,
4.27527,4.49786,5.48245,um,Spot,Position,S2P,1,1998,
3.82891,4.6702,5.48261,um,Spot,Position,S2P,1,1999,
5.98461,5.28264,5.4551,um,Spot,Position,S2P,1,2000,
6.07542,5.69513,5.45132,um,Spot,Position,S2P,1,2001,
4.36508,6.03182,5.47387,um,Spot,Position,S2P,1,2002,
5.39707,6.61859,5.49139,um,Spot,Position,S2P,1,2003,
5.9636,6.81749,5.4671,um,Spot,Position,S2P,1,2004,
3.5262,3.82019,5.55836,um,Spot,Position,S2P,1,2005,
4.13116,4.47926,5.52798,um,Spot,Position,S2P,1,2006,
5.74534,4.85372,5.53852,um,Spot,Position,S2P,1,2007,
4.65806,4.87185,5.54208,um,Spot,Position,S2P,1,2008,
6.20381,5.34348,5.49955,um,Spot,Position,S2P,1,2009,
3.54747,5.39365,5.50534,um,Spot,Position,S2P,1,2010,
6.61645,5.75568,5.52833,um,Spot,Position,S2P,1,2011,
3.79143,5.79047,5.5806,um,Spot,Position,S2P,1,2012,
6.15951,5.83174,5.53046,um,Spot,Position,S2P,1,2013,
6.34309,5.97499,5.57264,um,Spot,Position,S2P,1,2014,
5.83486,6.04456,5.51659,um,Spot,Position,S2P,1,2015,
4.98255,6.11275,5.53021,um,Spot,Position,S2P,1,2016,
6.48796,6.19611,5.51215,um,Spot,Position,S2P,1,2017,
6.64264,6.31505,5.53168,um,Spot,Position,S2P,1,2018,
4.15078,6.39043,5.5226,um,Spot,Position,S2P,1,2019,
4.79084,6.50935,5.5566,um,Spot,Position,S2P,1,2020,
3.55576,6.5794,5.5404,um,Spot,Position,S2P,1,2021,
5.23419,6.75476,5.54504,um,Spot,Position,S2P,1,2022,
4.66484,6.76944,5.58377,um,Spot,Position,S2P,1,2023,
4.17105,3.64698,5.67085,um,Spot,Position,S2P,1,2024,
4.12443,4.86515,5.64108,um,Spot,Position,S2P,1,2025,
3.50131,4.90546,5.61824,um,Spot,Position,S2P,1,2026,
4.13906,5.15681,5.65047,um,Spot,Position,S2P,1,2027,
6.10148,5.61118,5.59112,um,Spot,Position,S2P,1,2028,
4.17417,5.98161,5.61758,um,Spot,Position,S2P,1,2029,
6.12773,6.19182,5.59847,um,Spot,Position,S2P,1,2030,
6.52102,6.29409,5.60955,um,Spot,Position,S2P,1,2031,
4.99346,6.39738,5.65905,um,Spot,Position,S2P,1,2032,
6.04767,6.62313,5.65664,um,Spot,Position,S2P,1,2033,
6.37654,6.66412,5.63703,um,Spot,Position,S2P,1,2034,
3.70537,6.8169,5.59811,um,Spot,Position,S2P,1,2035,
3.75769,4.2302,5.73387,um,Spot,Position,S2P,1,2036,
5.67158,4.57888,5.71642,um,Spot,Position,S2P,1,2037,
5.48908,4.89415,5.73693,um,Spot,Position,S2P,1,2038,
6.0466,5.25158,5.75401,um,Spot,Position,S2P,1,2039,
4.88972,5.30856,5.7024,um,Spot,Position,S2P,1,2040,
5.83695,5.57272,5.75342,um,Spot,Position,S2P,1,2041,
5.23116,5.7835,5.68887,um,Spot,Position,S2P,1,2042,
3.61169,6.82083,5.7046,um,Spot,Position,S2P,1,2043,
7.13028,5.50585,4.34879,um,Spot,Position,S2P,1,2044,
6.99659,5.93143,4.47241,um,Spot,Position,S2P,1,2045,
7.01953,6.51891,4.53136,um,Spot,Position,S2P,1,2046,
6.87531,6.77346,4.6932,um,Spot,Position,S2P,1,2047,
6.97572,5.57852,4.80552,um,Spot,Position,S2P,1,2048,
6.99217,6.1448,4.91884,um,Spot,Position,S2P,1,2049,
6.90988,6.62411,4.90482,um,Spot,Position,S2P,1,2050,
3.41131,7.54169,4.38612,um,Spot,Position,S2P,1,2051,
3.14539,7.01813,4.54921,um,Spot,Position,S2P,1,2052,
3.10834,7.44993,4.81288,um,Spot,Position,S2P,1,2053,
3.22512,7.09184,5.45189,um,Spot,Position,S2P,1,2054,
6.20751,7.07727,4.37907,um,Spot,Position,S2P,1,2055,
5.1174,7.23233,4.36521,um,Spot,Position,S2P,1,2056,
6.0204,7.30121,4.39351,um,Spot,Position,S2P,1,2057,
3.67997,7.64345,4.39087,um,Spot,Position,S2P,1,2058,
3.95151,7.66708,4.37676,um,Spot,Position,S2P,1,2059,
5.48939,7.72233,4.37776,um,Spot,Position,S2P,1,2060,
6.40484,7.74835,4.38037,um,Spot,Position,S2P,1,2061,
4.66805,7.25253,4.46941,um,Spot,Position,S2P,1,2062,
6.72329,7.25527,4.42178,um,Spot,Position,S2P,1,2063,
5.43016,7.30218,4.4249,um,Spot,Position,S2P,1,2064,
6.42482,7.5966,4.50334,um,Spot,Position,S2P,1,2065,
5.40063,7.62796,4.45227,um,Spot,Position,S2P,1,2066,
6.82676,6.96418,4.55488,um,Spot,Position,S2P,1,2067,
5.30544,7.01244,4.5182,um,Spot,Position,S2P,1,2068,
6.50708,7.01991,4.54565,um,Spot,Position,S2P,1,2069,
5.8369,7.03536,4.56359,um,Spot,Position,S2P,1,2070,
5.23359,7.74644,4.5578,um,Spot,Position,S2P,1,2071,
5.71681,7.33433,4.62919,um,Spot,Position,S2P,1,2072,
3.84157,7.63856,4.65599,um,Spot,Position,S2P,1,2073,
5.69566,7.86627,4.62566,um,Spot,Position,S2P,1,2074,
6.27071,7.09568,4.7155,um,Spot,Position,S2P,1,2075,
4.92346,7.20565,4.75392,um,Spot,Position,S2P,1,2076,
3.4305,7.4048,4.75003,um,Spot,Position,S2P,1,2077,
4.63393,7.70856,4.72596,um,Spot,Position,S2P,1,2078,
4.31159,7.91229,4.69062,um,Spot,Position,S2P,1,2079,
5.53736,7.89275,4.71995,um,Spot,Position,S2P,1,2080,
3.99717,7.93369,4.73726,um,Spot,Position,S2P,1,2081,
5.07908,7.89038,4.78053,um,Spot,Position,S2P,1,2082,
5.86439,7.0996,4.93519,um,Spot,Position,S2P,1,2083,
3.64702,7.16612,4.91678,um,Spot,Position,S2P,1,2084,
4.80124,7.16922,4.91105,um,Spot,Position,S2P,1,2085,
5.21855,7.36377,4.88131,um,Spot,Position,S2P,1,2086,
4.38891,7.54908,4.88616,um,Spot,Position,S2P,1,2087,
6.0026,6.95341,5.08445,um,Spot,Position,S2P,1,2088,
6.57027,7.11541,5.08765,um,Spot,Position,S2P,1,2089,
3.83318,7.5511,5.06014,um,Spot,Position,S2P,1,2090,
5.17772,7.94206,5.09754,um,Spot,Position,S2P,1,2091,
4.65497,8.06842,5.09099,um,Spot,Position,S2P,1,2092,
4.37433,8.13618,5.12868,um,Spot,Position,S2P,1,2093,
4.89089,7.02153,5.18334,um,Spot,Position,S2P,1,2094,
4.3284,7.0419,5.15919,um,Spot,Position,S2P,1,2095,
5.87759,7.35795,5.16642,um,Spot,Position,S2P,1,2096,
5.38203,7.46966,5.20276,um,Spot,Position,S2P,1,2097,
4.07594,7.85587,5.18858,um,Spot,Position,S2P,1,2098,
6.47767,7.18292,5.23497,um,Spot,Position,S2P,1,2099,
4.90524,7.32235,5.24304,um,Spot,Position,S2P,1,2100,
3.74497,7.33689,5.3017,um,Spot,Position,S2P,1,2101,
5.40275,7.04452,5.35106,um,Spot,Position,S2P,1,2102,
5.48388,7.59011,5.33647,um,Spot,Position,S2P,1,2103,
3.58912,7.6523,5.34002,um,Spot,Position,S2P,1,2104,
4.25463,7.70124,5.364,um,Spot,Position,S2P,1,2105,
6.39644,6.90927,5.42101,um,Spot,Position,S2P,1,2106,
4.34893,7.28419,5.41671,um,Spot,Position,S2P,1,2107,
4.75599,7.30927,5.43234,um,Spot,Position,S2P,1,2108,
4.39462,8.18071,5.48699,um,Spot,Position,S2P,1,2109,
3.53939,7.28429,5.53957,um,Spot,Position,S2P,1,2110,
5.84632,7.4644,5.5775,um,Spot,Position,S2P,1,2111,
4.57489,7.76134,5.57425,um,Spot,Position,S2P,1,2112,
5.31435,7.79338,5.56358,um,Spot,Position,S2P,1,2113,
3.84666,7.76699,5.60773,um,Spot,Position,S2P,1,2114,
5.78568,6.8544,5.7193,um,Spot,Position,S2P,1,2115,
4.55929,7.14438,5.74006,um,Spot,Position,S2P,1,2116,
5.27402,7.60568,5.71501,um,Spot,Position,S2P,1,2117,
7.20324,6.88416,4.35415,um,Spot,Position,S2P,1,2118,
7.08898,7.1533,4.40776,um,Spot,Position,S2P,1,2119,
7.15189,6.95179,4.71021,um,Spot,Position,S2P,1,2120,
3.5147,3.14197,5.80319,um,Spot,Position,S2P,1,2121,
4.14661,3.35257,5.85896,um,Spot,Position,S2P,1,2122,
3.20955,3.85796,5.82398,um,Spot,Position,S2P,1,2123,
2.97024,3.9872,5.79811,um,Spot,Position,S2P,1,2124,
3.32653,4.0497,5.82492,um,Spot,Position,S2P,1,2125,
3.38918,5.14717,5.77519,um,Spot,Position,S2P,1,2126,
2.80458,5.17972,5.80821,um,Spot,Position,S2P,1,2127,
2.6252,5.69362,5.83801,um,Spot,Position,S2P,1,2128,
3.18986,5.99839,5.84468,um,Spot,Position,S2P,1,2129,
3.22614,3.44699,5.92693,um,Spot,Position,S2P,1,2130,
2.95907,4.74606,5.93203,um,Spot,Position,S2P,1,2131,
3.40689,6.75375,6.05597,um,Spot,Position,S2P,1,2132,
3.1835,5.82168,6.20074,um,Spot,Position,S2P,1,2133,
3.34829,6.50113,6.13636,um,Spot,Position,S2P,1,2134,
3.24405,4.44231,6.29557,um,Spot,Position,S2P,1,2135,
3.3412,5.03921,6.34056,um,Spot,Position,S2P,1,2136,
3.40648,5.94206,6.32162,um,Spot,Position,S2P,1,2137,
4.03656,3.97875,5.82731,um,Spot,Position,S2P,1,2138,
4.59727,4.05357,5.78943,um,Spot,Position,S2P,1,2139,
5.32485,4.61432,5.82586,um,Spot,Position,S2P,1,2140,
5.21629,5.37741,5.83508,um,Spot,Position,S2P,1,2141,
5.45595,5.5767,5.83415,um,Spot,Position,S2P,1,2142,
4.80412,5.67017,5.78013,um,Spot,Position,S2P,1,2143,
3.49084,5.99306,5.80091,um,Spot,Position,S2P,1,2144,
5.30047,6.12295,5.81139,um,Spot,Position,S2P,1,2145,
5.14576,6.19109,5.80215,um,Spot,Position,S2P,1,2146,
4.32106,3.87479,5.86022,um,Spot,Position,S2P,1,2147,
3.99011,4.41779,5.87423,um,Spot,Position,S2P,1,2148,
4.94428,4.84324,5.85858,um,Spot,Position,S2P,1,2149,
5.11656,5.57529,5.91837,um,Spot,Position,S2P,1,2150,
3.93406,5.65636,5.89451,um,Spot,Position,S2P,1,2151,
4.13422,6.58683,5.8745,um,Spot,Position,S2P,1,2152,
4.94277,6.70256,5.93516,um,Spot,Position,S2P,1,2153,
4.48057,3.60156,5.96651,um,Spot,Position,S2P,1,2154,
3.79344,3.80804,6.01932,um,Spot,Position,S2P,1,2155,
3.81195,4.41295,5.99361,um,Spot,Position,S2P,1,2156,
5.08702,4.44942,5.9675,um,Spot,Position,S2P,1,2157,
5.45547,4.44407,5.95508,um,Spot,Position,S2P,1,2158,
3.94851,5.41231,6.02123,um,Spot,Position,S2P,1,2159,
4.16722,5.6547,5.97036,um,Spot,Position,S2P,1,2160,
6.29612,6.42125,5.95639,um,Spot,Position,S2P,1,2161,
4.2606,6.49338,6.01904,um,Spot,Position,S2P,1,2162,
3.7293,4.18289,6.08115,um,Spot,Position,S2P,1,2163,
4.47061,5.76577,6.04862,um,Spot,Position,S2P,1,2164,
5.89597,6.09965,6.06465,um,Spot,Position,S2P,1,2165,
3.55777,6.43725,6.1059,um,Spot,Position,S2P,1,2166,
4.66693,6.50484,6.11063,um,Spot,Position,S2P,1,2167,
4.84855,6.75725,6.08631,um,Spot,Position,S2P,1,2168,
4.5476,4.23024,6.14487,um,Spot,Position,S2P,1,2169,
4.28848,4.71535,6.15347,um,Spot,Position,S2P,1,2170,
4.81808,5.07875,6.16744,um,Spot,Position,S2P,1,2171,
4.46677,6.61545,6.19129,um,Spot,Position,S2P,1,2172,
4.1397,4.54912,6.28313,um,Spot,Position,S2P,1,2173,
4.59763,4.69278,6.27871,um,Spot,Position,S2P,1,2174,
5.06048,4.80676,6.24839,um,Spot,Position,S2P,1,2175,
5.25805,5.19414,6.25679,um,Spot,Position,S2P,1,2176,
4.4255,5.29085,6.28552,um,Spot,Position,S2P,1,2177,
4.44379,5.76393,6.22374,um,Spot,Position,S2P,1,2178,
4.12402,6.1932,6.27341,um,Spot,Position,S2P,1,2179,
5.50213,6.21913,6.23256,um,Spot,Position,S2P,1,2180,
3.49506,4.0165,6.36994,um,Spot,Position,S2P,1,2181,
3.67187,4.5666,6.34368,um,Spot,Position,S2P,1,2182,
5.16794,5.59008,6.34448,um,Spot,Position,S2P,1,2183,
5.71861,5.66432,6.35243,um,Spot,Position,S2P,1,2184,
3.96869,5.8183,6.37911,um,Spot,Position,S2P,1,2185,
4.92339,6.20478,6.35016,um,Spot,Position,S2P,1,2186,
4.11075,6.70625,6.37938,um,Spot,Position,S2P,1,2187,
4.05911,4.06523,6.48238,um,Spot,Position,S2P,1,2188,
3.51002,4.25883,6.52022,um,Spot,Position,S2P,1,2189,
4.08339,4.80083,6.56264,um,Spot,Position,S2P,1,2190,
4.92221,5.75007,6.57633,um,Spot,Position,S2P,1,2191,
4.77888,5.87608,6.55092,um,Spot,Position,S2P,1,2192,
5.31493,6.58273,6.52306,um,Spot,Position,S2P,1,2193,
4.25124,5.49829,6.64832,um,Spot,Position,S2P,1,2194,
5.49757,5.84694,6.58735,um,Spot,Position,S2P,1,2195,
5.28456,5.98133,6.66815,um,Spot,Position,S2P,1,2196,
3.97764,5.87545,6.69137,um,Spot,Position,S2P,1,2197,
4.81954,6.71297,6.71365,um,Spot,Position,S2P,1,2198,
5.91753,7.02683,5.81481,um,Spot,Position,S2P,1,2199,
3.96006,7.25021,5.79825,um,Spot,Position,S2P,1,2200,
4.30298,6.87834,5.89591,um,Spot,Position,S2P,1,2201,
5.46693,7.40743,5.86883,um,Spot,Position,S2P,1,2202,
4.51588,7.5524,5.87295,um,Spot,Position,S2P,1,2203,
5.29378,7.83824,5.88508,um,Spot,Position,S2P,1,2204,
3.9539,6.90207,5.9599,um,Spot,Position,S2P,1,2205,
3.56744,7.33615,6.03585,um,Spot,Position,S2P,1,2206,
4.99614,7.37033,6.06917,um,Spot,Position,S2P,1,2207,
4.63378,7.77355,6.12596,um,Spot,Position,S2P,1,2208,
4.09748,7.80291,6.11878,um,Spot,Position,S2P,1,2209,
4.27459,7.3601,6.27758,um,Spot,Position,S2P,1,2210,
4.81832,7.20191,6.39001,um,Spot,Position,S2P,1,2211,
4.39347,7.6231,6.39104,um,Spot,Position,S2P,1,2212,
3.6793,6.97108,6.48311,um,Spot,Position,S2P,1,2213,
4.30892,6.97232,6.45653,um,Spot,Position,S2P,1,2214,
3.95343,7.03325,6.42893,um,Spot,Position,S2P,1,2215,
4.99683,6.85171,6.51671,um,Spot,Position,S2P,1,2216,
4.54942,7.05525,6.56386,um,Spot,Position,S2P,1,2217,
5.36183,7.07305,6.53668,um,Spot,Position,S2P,1,2218,
4.20898,6.88408,6.72636,um,Spot,Position,S2P,1,2219,
4.36395,7.12827,6.78848,um,Spot,Position,S2P,1,2220,
4.11392,7.0322,6.96368,um,Spot,Position,S2P,1,2221,
