
Ellipticity (oblate)
 ==================== 
Ellipticity (oblate),Unit,Category,Surpass Object,Time,ID,
0.375975,,Surface,Nucleus,1,0,
0.204466,,Surface,CC,1,24,
0.568342,,Surface,CC,1,25,
0.555988,,Surface,CC,1,26,
0.493868,,Surface,CC,1,27,
0.59058,,Surface,CC,1,28,
0.457828,,Surface,CC,1,29,
0.308603,,Surface,CC,1,30,
0.407061,,Surface,CC,1,31,
0.292173,,Surface,CC,1,32,
0.497512,,Surface,nanoCC,1,1546,
0.175565,,Surface,nanoCC,1,1547,
0.391495,,Surface,nanoCC,1,1548,
0.294291,,Surface,nanoCC,1,1549,
0.596506,,Surface,nanoCC,1,1550,
0.46654,,Surface,nanoCC,1,1551,
0.355473,,Surface,nanoCC,1,1552,
0.41325,,Surface,nanoCC,1,1553,
0.263077,,Surface,nanoCC,1,1554,
0.52575,,Surface,nanoCC,1,1555,
0.311324,,Surface,nanoCC,1,1556,
0.286447,,Surface,nanoCC,1,1557,
0.341506,,Surface,nanoCC,1,1558,
0.410626,,Surface,nanoCC,1,1559,
0.537592,,Surface,nanoCC,1,1560,
0.135963,,Surface,nanoCC,1,1561,
0.29713,,Surface,nanoCC,1,1562,
0.135963,,Surface,nanoCC,1,1563,
0.281451,,Surface,nanoCC,1,1564,
0.237309,,Surface,nanoCC,1,1565,
0.175328,,Surface,nanoCC,1,1566,
0.135963,,Surface,nanoCC,1,1567,
0.396246,,Surface,nanoCC,1,1568,
0.474241,,Surface,nanoCC,1,1569,
0.289901,,Surface,nanoCC,1,1570,
0.578715,,Surface,nanoCC,1,1571,
0.537596,,Surface,nanoCC,1,1572,
0.135964,,Surface,nanoCC,1,1573,
0.537579,,Surface,nanoCC,1,1574,
0.265979,,Surface,nanoCC,1,1575,
0.499618,,Surface,nanoCC,1,1576,
0.537579,,Surface,nanoCC,1,1577,
0.582701,,Surface,nanoCC,1,1578,
0.416332,,Surface,nanoCC,1,1579,
0.294912,,Surface,nanoCC,1,1580,
0.157036,,Surface,nanoCC,1,1581,
0.369911,,Surface,nanoCC,1,1582,
0.165607,,Surface,nanoCC,1,1583,
0.285585,,Surface,nanoCC,1,1584,
0.273754,,Surface,nanoCC,1,1585,
0.318859,,Surface,nanoCC,1,1586,
0.298591,,Surface,nanoCC,1,1587,
0.537578,,Surface,nanoCC,1,1588,
0.185362,,Surface,nanoCC,1,1589,
0.326427,,Surface,nanoCC,1,1590,
0.899316,,Surface,nanoCC,1,1591,
0.237307,,Surface,nanoCC,1,1592,
0.344711,,Surface,nanoCC,1,1593,
0.491676,,Surface,nanoCC,1,1594,
0.483739,,Surface,nanoCC,1,1595,
0.135961,,Surface,nanoCC,1,1596,
0.370924,,Surface,nanoCC,1,1597,
0.280286,,Surface,nanoCC,1,1598,
0.280291,,Surface,nanoCC,1,1599,
0.31742,,Surface,nanoCC,1,1600,
0.276114,,Surface,nanoCC,1,1601,
0.286536,,Surface,nanoCC,1,1602,
0.537579,,Surface,nanoCC,1,1603,
0.254069,,Surface,nanoCC,1,1604,
0.491683,,Surface,nanoCC,1,1605,
0.174498,,Surface,nanoCC,1,1606,
0.460808,,Surface,nanoCC,1,1607,
0.537039,,Surface,nanoCC,1,1608,
0.537586,,Surface,nanoCC,1,1609,
0.55723,,Surface,nanoCC,1,1610,
0.135961,,Surface,nanoCC,1,1611,
0.237318,,Surface,nanoCC,1,1612,
0.338403,,Surface,nanoCC,1,1613,
0.527641,,Surface,nanoCC,1,1614,
0.537603,,Surface,nanoCC,1,1615,
0.321775,,Surface,nanoCC,1,1616,
0.537594,,Surface,nanoCC,1,1617,
0.404519,,Surface,nanoCC,1,1618,
0.537586,,Surface,nanoCC,1,1619,
0.222637,,Surface,nanoCC,1,1620,
0.245894,,Surface,nanoCC,1,1621,
0.537591,,Surface,nanoCC,1,1622,
0.269776,,Surface,nanoCC,1,1623,
0.287175,,Surface,nanoCC,1,1624,
0.183093,,Surface,nanoCC,1,1625,
0.537586,,Surface,nanoCC,1,1626,
0.217083,,Surface,nanoCC,1,1627,
0.491679,,Surface,nanoCC,1,1628,
0.271079,,Surface,nanoCC,1,1629,
0.135961,,Surface,nanoCC,1,1630,
0.135963,,Surface,nanoCC,1,1631,
0.263512,,Surface,nanoCC,1,1632,
0.308156,,Surface,nanoCC,1,1633,
0.391489,,Surface,nanoCC,1,1634,
0.357501,,Surface,nanoCC,1,1635,
0.596502,,Surface,nanoCC,1,1636,
0.491679,,Surface,nanoCC,1,1637,
0.556555,,Surface,nanoCC,1,1638,
0.49168,,Surface,nanoCC,1,1639,
0.327202,,Surface,nanoCC,1,1640,
0.491679,,Surface,nanoCC,1,1641,
0.175857,,Surface,nanoCC,1,1642,
0.135964,,Surface,nanoCC,1,1643,
0.135965,,Surface,nanoCC,1,1644,
0.44714,,Surface,nanoCC,1,1645,
0.280291,,Surface,nanoCC,1,1646,
0.135964,,Surface,nanoCC,1,1647,
0.351459,,Surface,nanoCC,1,1648,
0.339219,,Surface,nanoCC,1,1649,
0.245697,,Surface,nanoCC,1,1650,
0.135962,,Surface,nanoCC,1,1651,
0.332454,,Surface,nanoCC,1,1652,
0.332617,,Surface,nanoCC,1,1653,
0.301943,,Surface,nanoCC,1,1654,
0.354743,,Surface,nanoCC,1,1655,
0.216331,,Surface,nanoCC,1,1656,
0.378377,,Surface,nanoCC,1,1657,
0.596502,,Surface,nanoCC,1,1658,
0.214395,,Surface,nanoCC,1,1659,
0.537588,,Surface,nanoCC,1,1660,
0.280284,,Surface,nanoCC,1,1661,
0.242022,,Surface,nanoCC,1,1662,
0.400309,,Surface,nanoCC,1,1663,
0.416333,,Surface,nanoCC,1,1664,
0.337567,,Surface,nanoCC,1,1665,
0.39364,,Surface,nanoCC,1,1666,
0.135962,,Surface,nanoCC,1,1667,
0.491676,,Surface,nanoCC,1,1668,
0.160687,,Surface,nanoCC,1,1669,
0.491683,,Surface,nanoCC,1,1670,
0.556558,,Surface,nanoCC,1,1671,
0.548117,,Surface,nanoCC,1,1672,
0.294899,,Surface,nanoCC,1,1673,
0.640091,,Surface,nanoCC,1,1674,
0.229568,,Surface,nanoCC,1,1675,
0.509047,,Surface,nanoCC,1,1676,
0.27254,,Surface,nanoCC,1,1677,
0.135964,,Surface,nanoCC,1,1678,
0.135961,,Surface,nanoCC,1,1679,
0.191565,,Surface,nanoCC,1,1680,
0.560767,,Surface,nanoCC,1,1681,
0.352897,,Surface,nanoCC,1,1682,
0.157797,,Surface,nanoCC,1,1683,
0.135961,,Surface,nanoCC,1,1684,
0.491679,,Surface,nanoCC,1,1685,
0.135963,,Surface,nanoCC,1,1686,
0.373379,,Surface,nanoCC,1,1687,
0.537586,,Surface,nanoCC,1,1688,
0.415594,,Surface,nanoCC,1,1689,
0.471081,,Surface,nanoCC,1,1690,
0.537053,,Surface,nanoCC,1,1691,
0.439661,,Surface,nanoCC,1,1692,
0.135964,,Surface,nanoCC,1,1693,
0.491676,,Surface,nanoCC,1,1694,
0.556558,,Surface,nanoCC,1,1695,
0.491681,,Surface,nanoCC,1,1696,
0.260706,,Surface,nanoCC,1,1697,
0.418454,,Surface,nanoCC,1,1698,
0.596502,,Surface,nanoCC,1,1699,
0.596504,,Surface,nanoCC,1,1700,
0.808706,,Surface,nanoCC,1,1701,
0.566566,,Surface,nanoCC,1,1702,
0.416335,,Surface,nanoCC,1,1703,
0.135961,,Surface,nanoCC,1,1704,
0.2949,,Surface,nanoCC,1,1705,
0.329838,,Surface,nanoCC,1,1706,
0.135961,,Surface,nanoCC,1,1707,
0.237309,,Surface,nanoCC,1,1708,
0.135964,,Surface,nanoCC,1,1709,
0.283656,,Surface,nanoCC,1,1710,
0.406328,,Surface,nanoCC,1,1711,
0.537594,,Surface,nanoCC,1,1712,
0.241886,,Surface,nanoCC,1,1713,
0.537601,,Surface,nanoCC,1,1714,
0.596518,,Surface,nanoCC,1,1715,
0.269357,,Surface,nanoCC,1,1716,
0.556542,,Surface,nanoCC,1,1717,
0.135961,,Surface,nanoCC,1,1718,
0.497502,,Surface,nanoCC,1,1719,
0.592525,,Surface,nanoCC,1,1720,
0.525758,,Surface,nanoCC,1,1721,
0.556534,,Surface,nanoCC,1,1722,
0.326471,,Surface,nanoCC,1,1723,
0.537579,,Surface,nanoCC,1,1724,
0.450426,,Surface,nanoCC,1,1725,
0.282005,,Surface,nanoCC,1,1726,
0.476808,,Surface,nanoCC,1,1727,
0.491686,,Surface,nanoCC,1,1728,
0.415582,,Surface,nanoCC,1,1729,
0.537601,,Surface,nanoCC,1,1730,
0.344621,,Surface,nanoCC,1,1731,
0.381184,,Surface,nanoCC,1,1732,
0.301653,,Surface,nanoCC,1,1733,
0.286386,,Surface,nanoCC,1,1734,
0.294912,,Surface,nanoCC,1,1735,
0.537579,,Surface,nanoCC,1,1736,
0.13079,,Surface,nanoCC,1,1737,
0.294897,,Surface,nanoCC,1,1738,
0.262255,,Surface,nanoCC,1,1739,
0.50929,,Surface,nanoCC,1,1740,
0.178056,,Surface,nanoCC,1,1741,
0.28803,,Surface,nanoCC,1,1742,
0.37369,,Surface,nanoCC,1,1743,
0.41633,,Surface,nanoCC,1,1744,
0.135962,,Surface,nanoCC,1,1745,
0.31346,,Surface,nanoCC,1,1746,
0.596504,,Surface,nanoCC,1,1747,
0.357637,,Surface,nanoCC,1,1748,
0.135962,,Surface,nanoCC,1,1749,
0.135961,,Surface,nanoCC,1,1750,
0.237307,,Surface,nanoCC,1,1751,
0.135961,,Surface,nanoCC,1,1752,
0.556558,,Surface,nanoCC,1,1753,
0.191196,,Surface,nanoCC,1,1754,
0.290133,,Surface,nanoCC,1,1755,
0.537591,,Surface,nanoCC,1,1756,
0.537591,,Surface,nanoCC,1,1757,
0.507704,,Surface,nanoCC,1,1758,
0.491681,,Surface,nanoCC,1,1759,
0.166944,,Surface,nanoCC,1,1760,
0.391441,,Surface,nanoCC,1,1761,
0.191568,,Surface,nanoCC,1,1762,
0.135965,,Surface,nanoCC,1,1763,
0.596506,,Surface,nanoCC,1,1764,
0.191549,,Surface,nanoCC,1,1765,
0.237309,,Surface,nanoCC,1,1766,
0.135962,,Surface,nanoCC,1,1767,
0.135961,,Surface,nanoCC,1,1768,
0.280283,,Surface,nanoCC,1,1769,
0.596496,,Surface,nanoCC,1,1770,
0.135961,,Surface,nanoCC,1,1771,
0.344623,,Surface,nanoCC,1,1772,
0.368919,,Surface,nanoCC,1,1773,
0.491682,,Surface,nanoCC,1,1774,
0.328165,,Surface,nanoCC,1,1775,
0.135962,,Surface,nanoCC,1,1776,
0.596504,,Surface,nanoCC,1,1777,
0.321457,,Surface,nanoCC,1,1778,
0.0335132,,Surface,nanoCC,1,1779,
0.281406,,Surface,nanoCC,1,1780,
0.537581,,Surface,nanoCC,1,1781,
0.135961,,Surface,nanoCC,1,1782,
0.491678,,Surface,nanoCC,1,1783,
0.135961,,Surface,nanoCC,1,1784,
0.337312,,Surface,nanoCC,1,1785,
0.491681,,Surface,nanoCC,1,1786,
0.135963,,Surface,nanoCC,1,1787,
0.135961,,Surface,nanoCC,1,1788,
0.404478,,Surface,nanoCC,1,1789,
0.135961,,Surface,nanoCC,1,1790,
0.280284,,Surface,nanoCC,1,1791,
0.135963,,Surface,nanoCC,1,1792,
0.0295039,,Surface,nanoCC,1,1793,
0.498411,,Surface,nanoCC,1,1794,
0.556558,,Surface,nanoCC,1,1795,
0.289301,,Surface,nanoCC,1,1796,
0.664487,,Surface,nanoCC,1,1797,
0.280287,,Surface,nanoCC,1,1798,
0.237322,,Surface,nanoCC,1,1799,
0.213419,,Surface,nanoCC,1,1800,
0.526465,,Surface,nanoCC,1,1801,
0.359371,,Surface,nanoCC,1,1802,
0.27941,,Surface,nanoCC,1,1803,
0.178055,,Surface,nanoCC,1,1804,
0.458312,,Surface,nanoCC,1,1805,
0.596504,,Surface,nanoCC,1,1806,
0.555775,,Surface,nanoCC,1,1807,
0.23731,,Surface,nanoCC,1,1808,
0.382684,,Surface,nanoCC,1,1809,
0.326306,,Surface,nanoCC,1,1810,
0.324455,,Surface,nanoCC,1,1811,
0.23732,,Surface,nanoCC,1,1812,
0.135964,,Surface,nanoCC,1,1813,
0.537581,,Surface,nanoCC,1,1814,
0.491683,,Surface,nanoCC,1,1815,
0.135964,,Surface,nanoCC,1,1816,
0.53706,,Surface,nanoCC,1,1817,
0.773103,,Surface,nanoCC,1,1818,
0.537577,,Surface,nanoCC,1,1819,
0.419549,,Surface,nanoCC,1,1820,
0.413084,,Surface,nanoCC,1,1821,
0.363464,,Surface,nanoCC,1,1822,
0.237322,,Surface,nanoCC,1,1823,
0.135965,,Surface,nanoCC,1,1824,
0.135963,,Surface,nanoCC,1,1825,
0.537586,,Surface,nanoCC,1,1826,
0.31564,,Surface,nanoCC,1,1827,
0.55656,,Surface,nanoCC,1,1828,
0.491687,,Surface,nanoCC,1,1829,
0.257995,,Surface,nanoCC,1,1830,
0.237304,,Surface,nanoCC,1,1831,
0.135962,,Surface,nanoCC,1,1832,
0.142673,,Surface,nanoCC,1,1833,
0.537579,,Surface,nanoCC,1,1834,
0.273897,,Surface,nanoCC,1,1835,
0.596502,,Surface,nanoCC,1,1836,
0.14925,,Surface,nanoCC,1,1837,
0.459075,,Surface,nanoCC,1,1838,
0.279863,,Surface,nanoCC,1,1839,
0.537586,,Surface,nanoCC,1,1840,
0.455225,,Surface,nanoCC,1,1841,
0.537579,,Surface,nanoCC,1,1842,
0.537054,,Surface,nanoCC,1,1843,
0.135961,,Surface,nanoCC,1,1844,
0.299354,,Surface,nanoCC,1,1845,
0.292901,,Surface,nanoCC,1,1846,
0.297334,,Surface,nanoCC,1,1847,
0.537581,,Surface,nanoCC,1,1848,
0.537591,,Surface,nanoCC,1,1849,
0.261012,,Surface,nanoCC,1,1850,
0.237322,,Surface,nanoCC,1,1851,
0.491679,,Surface,nanoCC,1,1852,
0.332325,,Surface,nanoCC,1,1853,
0.348641,,Surface,nanoCC,1,1854,
0.191567,,Surface,nanoCC,1,1855,
0.237309,,Surface,nanoCC,1,1856,
0.491683,,Surface,nanoCC,1,1857,
0.276618,,Surface,nanoCC,1,1858,
0.537585,,Surface,nanoCC,1,1859,
0.135962,,Surface,nanoCC,1,1860,
0.411938,,Surface,nanoCC,1,1861,
0.301929,,Surface,nanoCC,1,1862,
0.135961,,Surface,nanoCC,1,1863,
0.596502,,Surface,nanoCC,1,1864,
0.218754,,Surface,nanoCC,1,1865,
0.575117,,Surface,nanoCC,1,1866,
0.224762,,Surface,nanoCC,1,1867,
0.348655,,Surface,nanoCC,1,1868,
0.169572,,Surface,nanoCC,1,1869,
0.462972,,Surface,nanoCC,1,1870,
0.491683,,Surface,nanoCC,1,1871,
0.37882,,Surface,nanoCC,1,1872,
0.375603,,Surface,nanoCC,1,1873,
0.507376,,Surface,nanoCC,1,1874,
0.411718,,Surface,nanoCC,1,1875,
0.157675,,Surface,nanoCC,1,1876,
0.300648,,Surface,nanoCC,1,1877,
0.360912,,Surface,nanoCC,1,1878,
0.537584,,Surface,nanoCC,1,1879,
0.899322,,Surface,nanoCC,1,1880,
0.620608,,Surface,nanoCC,1,1881,
0.135965,,Surface,nanoCC,1,1882,
0.430303,,Surface,nanoCC,1,1883,
0.135965,,Surface,nanoCC,1,1884,
0.431346,,Surface,nanoCC,1,1885,
0.135961,,Surface,nanoCC,1,1886,
0.491684,,Surface,nanoCC,1,1887,
0.297129,,Surface,nanoCC,1,1888,
0.491686,,Surface,nanoCC,1,1889,
0.616866,,Surface,nanoCC,1,1890,
0.339633,,Surface,nanoCC,1,1891,
0.351477,,Surface,nanoCC,1,1892,
0.135961,,Surface,nanoCC,1,1893,
0.478623,,Surface,nanoCC,1,1894,
0.537587,,Surface,nanoCC,1,1895,
0.23732,,Surface,nanoCC,1,1896,
0.135961,,Surface,nanoCC,1,1897,
0.259491,,Surface,nanoCC,1,1898,
0.237321,,Surface,nanoCC,1,1899,
0.356478,,Surface,nanoCC,1,1900,
0.513262,,Surface,nanoCC,1,1901,
0.135963,,Surface,nanoCC,1,1902,
0.416664,,Surface,nanoCC,1,1903,
0.237307,,Surface,nanoCC,1,1904,
0.414303,,Surface,nanoCC,1,1905,
0.537603,,Surface,nanoCC,1,1906,
0.253483,,Surface,nanoCC,1,1907,
0.13596,,Surface,nanoCC,1,1908,
0.368333,,Surface,nanoCC,1,1909,
0.325258,,Surface,nanoCC,1,1910,
0.441615,,Surface,nanoCC,1,1911,
0.327965,,Surface,nanoCC,1,1912,
0.537585,,Surface,nanoCC,1,1913,
0.537579,,Surface,nanoCC,1,1914,
0.537591,,Surface,nanoCC,1,1915,
0.537594,,Surface,nanoCC,1,1916,
0.287332,,Surface,nanoCC,1,1917,
0.337709,,Surface,nanoCC,1,1918,
0.491683,,Surface,nanoCC,1,1919,
0.53759,,Surface,nanoCC,1,1920,
0.254142,,Surface,nanoCC,1,1921,
0.245702,,Surface,nanoCC,1,1922,
0.491679,,Surface,nanoCC,1,1923,
0.596512,,Surface,nanoCC,1,1924,
0.264974,,Surface,nanoCC,1,1925,
0.135975,,Surface,nanoCC,1,1926,
0.537052,,Surface,nanoCC,1,1927,
0.166941,,Surface,nanoCC,1,1928,
0.556551,,Surface,nanoCC,1,1929,
0.130786,,Surface,nanoCC,1,1930,
0.427844,,Surface,nanoCC,1,1931,
0.522512,,Surface,nanoCC,1,1932,
0.23731,,Surface,nanoCC,1,1933,
0.491683,,Surface,nanoCC,1,1934,
0.537591,,Surface,nanoCC,1,1935,
0.241612,,Surface,nanoCC,1,1936,
0.491678,,Surface,nanoCC,1,1937,
0.354711,,Surface,nanoCC,1,1938,
0.280285,,Surface,nanoCC,1,1939,
0.135975,,Surface,nanoCC,1,1940,
0.556549,,Surface,nanoCC,1,1941,
0.491685,,Surface,nanoCC,1,1942,
0.49168,,Surface,nanoCC,1,1943,
0.191559,,Surface,nanoCC,1,1944,
0.280436,,Surface,nanoCC,1,1945,
0.773089,,Surface,nanoCC,1,1946,
0.237321,,Surface,nanoCC,1,1947,
0.135961,,Surface,nanoCC,1,1948,
0.237307,,Surface,nanoCC,1,1949,
0.596509,,Surface,nanoCC,1,1950,
0.537594,,Surface,nanoCC,1,1951,
0.338308,,Surface,nanoCC,1,1952,
0.515216,,Surface,nanoCC,1,1953,
0.537606,,Surface,nanoCC,1,1954,
0.46469,,Surface,nanoCC,1,1955,
0.55656,,Surface,nanoCC,1,1956,
0.358315,,Surface,nanoCC,1,1957,
0.25756,,Surface,nanoCC,1,1958,
0.364663,,Surface,nanoCC,1,1959,
0.55654,,Surface,nanoCC,1,1960,
0.537581,,Surface,nanoCC,1,1961,
0.191545,,Surface,nanoCC,1,1962,
0.497518,,Surface,nanoCC,1,1963,
0.556562,,Surface,nanoCC,1,1964,
0.433151,,Surface,nanoCC,1,1965,
0.596506,,Surface,nanoCC,1,1966,
0.286394,,Surface,nanoCC,1,1967,
0.502731,,Surface,nanoCC,1,1968,
0.537603,,Surface,nanoCC,1,1969,
0.333469,,Surface,nanoCC,1,1970,
0.899337,,Surface,nanoCC,1,1971,
0.406103,,Surface,nanoCC,1,1972,
0.537586,,Surface,nanoCC,1,1973,
0.537591,,Surface,nanoCC,1,1974,
0.495544,,Surface,nanoCC,1,1975,
0.596516,,Surface,nanoCC,1,1976,
0.221795,,Surface,nanoCC,1,1977,
0.227187,,Surface,nanoCC,1,1978,
0.315542,,Surface,nanoCC,1,1979,
0.537055,,Surface,nanoCC,1,1980,
0.518687,,Surface,nanoCC,1,1981,
0.491678,,Surface,nanoCC,1,1982,
0.135961,,Surface,nanoCC,1,1983,
0.3639,,Surface,nanoCC,1,1984,
0.705032,,Surface,nanoCC,1,1985,
0.596509,,Surface,nanoCC,1,1986,
0.382677,,Surface,nanoCC,1,1987,
0.135963,,Surface,nanoCC,1,1988,
0.13596,,Surface,nanoCC,1,1989,
0.135961,,Surface,nanoCC,1,1990,
0.16695,,Surface,nanoCC,1,1991,
0.371447,,Surface,nanoCC,1,1992,
0.307114,,Surface,nanoCC,1,1993,
0.556537,,Surface,nanoCC,1,1994,
0.350087,,Surface,nanoCC,1,1995,
0.135964,,Surface,nanoCC,1,1996,
0.537591,,Surface,nanoCC,1,1997,
0.415589,,Surface,nanoCC,1,1998,
0.392786,,Surface,nanoCC,1,1999,
0.237313,,Surface,nanoCC,1,2000,
0.551857,,Surface,nanoCC,1,2001,
0.505804,,Surface,nanoCC,1,2002,
0.38267,,Surface,nanoCC,1,2003,
0.23732,,Surface,nanoCC,1,2004,
0.44399,,Surface,nanoCC,1,2005,
0.351226,,Surface,nanoCC,1,2006,
0.310549,,Surface,nanoCC,1,2007,
0.214887,,Surface,nanoCC,1,2008,
0.537581,,Surface,nanoCC,1,2009,
0.537593,,Surface,nanoCC,1,2010,
0.489841,,Surface,nanoCC,1,2011,
0.219106,,Surface,nanoCC,1,2012,
0.773098,,Surface,nanoCC,1,2013,
0.135975,,Surface,nanoCC,1,2014,
0.599735,,Surface,nanoCC,1,2015,
0.364205,,Surface,nanoCC,1,2016,
0.773077,,Surface,nanoCC,1,2017,
0.135968,,Surface,nanoCC,1,2018,
0.218047,,Surface,nanoCC,1,2019,
0.237322,,Surface,nanoCC,1,2020,
0.218664,,Surface,nanoCC,1,2021,
0.184159,,Surface,nanoCC,1,2022,
0.299912,,Surface,nanoCC,1,2023,
0.135961,,Surface,nanoCC,1,2024,
0.213534,,Surface,nanoCC,1,2025,
0.358328,,Surface,nanoCC,1,2026,
0.491683,,Surface,nanoCC,1,2027,
0.465897,,Surface,nanoCC,1,2028,
0.352951,,Surface,nanoCC,1,2029,
0.537594,,Surface,nanoCC,1,2030,
0.491679,,Surface,nanoCC,1,2031,
0.35693,,Surface,nanoCC,1,2032,
0.0295079,,Surface,nanoCC,1,2033,
0.378208,,Surface,nanoCC,1,2034,
0.294889,,Surface,nanoCC,1,2035,
0.257647,,Surface,nanoCC,1,2036,
0.387032,,Surface,nanoCC,1,2037,
0.520651,,Surface,nanoCC,1,2038,
0.372379,,Surface,nanoCC,1,2039,
0.406246,,Surface,nanoCC,1,2040,
0.537577,,Surface,nanoCC,1,2041,
0.29624,,Surface,nanoCC,1,2042,
0.701354,,Surface,nanoCC,1,2043,
0.537606,,Surface,nanoCC,1,2044,
0.242019,,Surface,nanoCC,1,2045,
0.281275,,Surface,nanoCC,1,2046,
0.537581,,Surface,nanoCC,1,2047,
0.525748,,Surface,nanoCC,1,2048,
0.47557,,Surface,nanoCC,1,2049,
0.596503,,Surface,nanoCC,1,2050,
0.548721,,Surface,nanoCC,1,2051,
0.596501,,Surface,nanoCC,1,2052,
0.47548,,Surface,nanoCC,1,2053,
0.265085,,Surface,nanoCC,1,2054,
0.313268,,Surface,nanoCC,1,2055,
0.272533,,Surface,nanoCC,1,2056,
0.260207,,Surface,nanoCC,1,2057,
0.237311,,Surface,nanoCC,1,2058,
0.491675,,Surface,nanoCC,1,2059,
0.405671,,Surface,nanoCC,1,2060,
0.280299,,Surface,nanoCC,1,2061,
0.356307,,Surface,nanoCC,1,2062,
0.245805,,Surface,nanoCC,1,2063,
0.23732,,Surface,nanoCC,1,2064,
0.348643,,Surface,nanoCC,1,2065,
0.388853,,Surface,nanoCC,1,2066,
0.425183,,Surface,nanoCC,1,2067,
0.286399,,Surface,nanoCC,1,2068,
0.237315,,Surface,nanoCC,1,2069,
0.312225,,Surface,nanoCC,1,2070,
0.58316,,Surface,nanoCC,1,2071,
0.331425,,Surface,nanoCC,1,2072,
0.348863,,Surface,nanoCC,1,2073,
0.30647,,Surface,nanoCC,1,2074,
0.353936,,Surface,nanoCC,1,2075,
0.596502,,Surface,nanoCC,1,2076,
0.555781,,Surface,nanoCC,1,2077,
0.280297,,Surface,nanoCC,1,2078,
0.559521,,Surface,nanoCC,1,2079,
0.320973,,Surface,nanoCC,1,2080,
0.537591,,Surface,nanoCC,1,2081,
0.329534,,Surface,nanoCC,1,2082,
0.53758,,Surface,nanoCC,1,2083,
0.21352,,Surface,nanoCC,1,2084,
0.135959,,Surface,nanoCC,1,2085,
0.135978,,Surface,nanoCC,1,2086,
0.23732,,Surface,nanoCC,1,2087,
0.537062,,Surface,nanoCC,1,2088,
0.0295492,,Surface,nanoCC,1,2089,
0.135976,,Surface,nanoCC,1,2090,
0.261668,,Surface,nanoCC,1,2091,
0.460378,,Surface,nanoCC,1,2092,
0.277286,,Surface,nanoCC,1,2093,
0.280288,,Surface,nanoCC,1,2094,
0.537592,,Surface,nanoCC,1,2095,
0.596495,,Surface,nanoCC,1,2096,
0.294913,,Surface,nanoCC,1,2097,
0.537596,,Surface,nanoCC,1,2098,
0.634676,,Surface,nanoCC,1,2099,
0.258781,,Surface,nanoCC,1,2100,
0.237322,,Surface,nanoCC,1,2101,
0.361417,,Surface,nanoCC,1,2102,
0.305071,,Surface,nanoCC,1,2103,
0.525776,,Surface,nanoCC,1,2104,
0.373019,,Surface,nanoCC,1,2105,
0.313055,,Surface,nanoCC,1,2106,
0.135974,,Surface,nanoCC,1,2107,
0.135966,,Surface,nanoCC,1,2108,
0.537589,,Surface,nanoCC,1,2109,
0.556542,,Surface,nanoCC,1,2110,
0.293159,,Surface,nanoCC,1,2111,
0.537592,,Surface,nanoCC,1,2112,
0.293985,,Surface,nanoCC,1,2113,
0.344623,,Surface,nanoCC,1,2114,
0.277898,,Surface,nanoCC,1,2115,
0.352198,,Surface,nanoCC,1,2116,
0.165616,,Surface,nanoCC,1,2117,
0.537586,,Surface,nanoCC,1,2118,
0.53998,,Surface,nanoCC,1,2119,
0.280294,,Surface,nanoCC,1,2120,
0.365683,,Surface,nanoCC,1,2121,
0.379091,,Surface,nanoCC,1,2122,
0.233603,,Surface,nanoCC,1,2123,
0.405266,,Surface,nanoCC,1,2124,
0.525751,,Surface,nanoCC,1,2125,
0.310529,,Surface,nanoCC,1,2126,
0.293393,,Surface,nanoCC,1,2127,
0.297136,,Surface,nanoCC,1,2128,
0.537581,,Surface,nanoCC,1,2129,
0.135962,,Surface,nanoCC,1,2130,
0.537037,,Surface,nanoCC,1,2131,
0.277907,,Surface,nanoCC,1,2132,
0.537585,,Surface,nanoCC,1,2133,
0.596501,,Surface,nanoCC,1,2134,
0.422083,,Surface,nanoCC,1,2135,
0.411322,,Surface,nanoCC,1,2136,
0.166943,,Surface,nanoCC,1,2137,
0.135963,,Surface,nanoCC,1,2138,
0.135965,,Surface,nanoCC,1,2139,
0.230158,,Surface,nanoCC,1,2140,
0.245694,,Surface,nanoCC,1,2141,
0.537601,,Surface,nanoCC,1,2142,
0.537062,,Surface,nanoCC,1,2143,
0.497509,,Surface,nanoCC,1,2144,
0.351198,,Surface,nanoCC,1,2145,
0.357661,,Surface,nanoCC,1,2146,
0.525754,,Surface,nanoCC,1,2147,
0.537579,,Surface,nanoCC,1,2148,
0.135976,,Surface,nanoCC,1,2149,
0.135963,,Surface,nanoCC,1,2150,
0.166928,,Surface,nanoCC,1,2151,
0.415744,,Surface,nanoCC,1,2152,
0.135967,,Surface,nanoCC,1,2153,
0.537606,,Surface,nanoCC,1,2154,
0.596504,,Surface,nanoCC,1,2155,
0.537579,,Surface,nanoCC,1,2156,
0.135961,,Surface,nanoCC,1,2157,
0.267526,,Surface,nanoCC,1,2158,
0.284499,,Surface,nanoCC,1,2159,
0.36694,,Surface,nanoCC,1,2160,
0.349928,,Surface,nanoCC,1,2161,
0.166945,,Surface,nanoCC,1,2162,
0.465328,,Surface,nanoCC,1,2163,
0.49168,,Surface,nanoCC,1,2164,
0.135961,,Surface,nanoCC,1,2165,
0.491678,,Surface,nanoCC,1,2166,
0.217706,,Surface,nanoCC,1,2167,
0.31064,,Surface,nanoCC,1,2168,
0.485778,,Surface,nanoCC,1,2169,
0.335577,,Surface,nanoCC,1,2170,
0.206738,,Surface,nanoCC,1,2171,
0.537043,,Surface,nanoCC,1,2172,
0.491683,,Surface,nanoCC,1,2173,
0.135963,,Surface,nanoCC,1,2174,
0.158553,,Surface,nanoCC,1,2175,
0.420455,,Surface,nanoCC,1,2176,
0.32248,,Surface,nanoCC,1,2177,
0.549896,,Surface,nanoCC,1,2178,
0.304,,Surface,nanoCC,1,2179,
0.294903,,Surface,nanoCC,1,2180,
0.537579,,Surface,nanoCC,1,2181,
0.470314,,Surface,nanoCC,1,2182,
0.293468,,Surface,nanoCC,1,2183,
0.250705,,Surface,nanoCC,1,2184,
0.237318,,Surface,nanoCC,1,2185,
0.49168,,Surface,nanoCC,1,2186,
0.421842,,Surface,nanoCC,1,2187,
0.491681,,Surface,nanoCC,1,2188,
0.237316,,Surface,nanoCC,1,2189,
0.294889,,Surface,nanoCC,1,2190,
0.245694,,Surface,nanoCC,1,2191,
0.491683,,Surface,nanoCC,1,2192,
0.219131,,Surface,nanoCC,1,2193,
0.413284,,Surface,nanoCC,1,2194,
0.421379,,Surface,nanoCC,1,2195,
0.596516,,Surface,nanoCC,1,2196,
0.280288,,Surface,nanoCC,1,2197,
0.280284,,Surface,nanoCC,1,2198,
0.296213,,Surface,nanoCC,1,2199,
0.596501,,Surface,nanoCC,1,2200,
0.305495,,Surface,nanoCC,1,2201,
0.294904,,Surface,nanoCC,1,2202,
0.237314,,Surface,nanoCC,1,2203,
0.563533,,Surface,nanoCC,1,2204,
0.135964,,Surface,nanoCC,1,2205,
0.596491,,Surface,nanoCC,1,2206,
0.537591,,Surface,nanoCC,1,2207,
0.517892,,Surface,nanoCC,1,2208,
0.334717,,Surface,nanoCC,1,2209,
0.404606,,Surface,nanoCC,1,2210,
0.342959,,Surface,nanoCC,1,2211,
0.51937,,Surface,nanoCC,1,2212,
0.462789,,Surface,nanoCC,1,2213,
0.351494,,Surface,nanoCC,1,2214,
0.537579,,Surface,nanoCC,1,2215,
0.20465,,Surface,nanoCC,1,2216,
0.365531,,Surface,nanoCC,1,2217,
0.491684,,Surface,nanoCC,1,2218,
0.416333,,Surface,nanoCC,1,2219,
0.135963,,Surface,nanoCC,1,2220,
0.446354,,Surface,nanoCC,1,2221,
0.462966,,Surface,nanoCC,1,2222,
0.335002,,Surface,nanoCC,1,2223,
0.537598,,Surface,nanoCC,1,2224,
0.537584,,Surface,nanoCC,1,2225,
0.242026,,Surface,nanoCC,1,2226,
0.328435,,Surface,nanoCC,1,2227,
0.491681,,Surface,nanoCC,1,2228,
0.189072,,Surface,nanoCC,1,2229,
0.135961,,Surface,nanoCC,1,2230,
0.289238,,Surface,nanoCC,1,2231,
0.135961,,Surface,nanoCC,1,2232,
0.281988,,Surface,nanoCC,1,2233,
0.470782,,Surface,nanoCC,1,2234,
0.594252,,Surface,nanoCC,1,2235,
0.166926,,Surface,nanoCC,1,2236,
0.375679,,Surface,nanoCC,1,2237,
0.160686,,Surface,nanoCC,1,2238,
0.479711,,Surface,nanoCC,1,2239,
0.135964,,Surface,nanoCC,1,2240,
0.391496,,Surface,nanoCC,1,2241,
0.363799,,Surface,nanoCC,1,2242,
0.50528,,Surface,nanoCC,1,2243,
0.323117,,Surface,nanoCC,1,2244,
0.340773,,Surface,nanoCC,1,2245,
0.237314,,Surface,nanoCC,1,2246,
0.773093,,Surface,nanoCC,1,2247,
0.135964,,Surface,nanoCC,1,2248,
0.245823,,Surface,nanoCC,1,2249,
0.416332,,Surface,nanoCC,1,2250,
0.491676,,Surface,nanoCC,1,2251,
0.308578,,Surface,nanoCC,1,2252,
0.290181,,Surface,nanoCC,1,2253,
0.592501,,Surface,nanoCC,1,2254,
0.320178,,Surface,nanoCC,1,2255,
0.344584,,Surface,nanoCC,1,2256,
0.237314,,Surface,nanoCC,1,2257,
0.53759,,Surface,nanoCC,1,2258,
0.466666,,Surface,nanoCC,1,2259,
0.234284,,Surface,nanoCC,1,2260,
0.596495,,Surface,nanoCC,1,2261,
0.450742,,Surface,nanoCC,1,2262,
0.489579,,Surface,nanoCC,1,2263,
0.411416,,Surface,nanoCC,1,2264,
0.596506,,Surface,nanoCC,1,2265,
0.491675,,Surface,nanoCC,1,2266,
0.284081,,Surface,nanoCC,1,2267,
0.423016,,Surface,nanoCC,1,2268,
0.367803,,Surface,nanoCC,1,2269,
0.213506,,Surface,nanoCC,1,2270,
0.534772,,Surface,nanoCC,1,2271,
0.537591,,Surface,nanoCC,1,2272,
0.328431,,Surface,nanoCC,1,2273,
0.537575,,Surface,nanoCC,1,2274,
0.491681,,Surface,nanoCC,1,2275,
0.280294,,Surface,nanoCC,1,2276,
0.267043,,Surface,nanoCC,1,2277,
0.261503,,Surface,nanoCC,1,2278,
0.166954,,Surface,nanoCC,1,2279,
0.135964,,Surface,nanoCC,1,2280,
0.473452,,Surface,nanoCC,1,2281,
0.34864,,Surface,nanoCC,1,2282,
0.525761,,Surface,nanoCC,1,2283,
0.295587,,Surface,nanoCC,1,2284,
0.41633,,Surface,nanoCC,1,2285,
0.135964,,Surface,nanoCC,1,2286,
0.391479,,Surface,nanoCC,1,2287,
0.310547,,Surface,nanoCC,1,2288,
0.537579,,Surface,nanoCC,1,2289,
0.29491,,Surface,nanoCC,1,2290,
0.556559,,Surface,nanoCC,1,2291,
0.416333,,Surface,nanoCC,1,2292,
0.491678,,Surface,nanoCC,1,2293,
0.310835,,Surface,nanoCC,1,2294,
0.237956,,Surface,nanoCC,1,2295,
0.237309,,Surface,nanoCC,1,2296,
0.537588,,Surface,nanoCC,1,2297,
0.258745,,Surface,nanoCC,1,2298,
0.379102,,Surface,nanoCC,1,2299,
0.367407,,Surface,nanoCC,1,2300,
0.374205,,Surface,nanoCC,1,2301,
0.419809,,Surface,nanoCC,1,2302,
0.537593,,Surface,nanoCC,1,2303,
0.225528,,Surface,nanoCC,1,2304,
0.390025,,Surface,nanoCC,1,2305,
0.166937,,Surface,nanoCC,1,2306,
0.261346,,Surface,nanoCC,1,2307,
0.128577,,Surface,nanoCC,1,2308,
0.442099,,Surface,nanoCC,1,2309,
0.333687,,Surface,nanoCC,1,2310,
0.0723851,,Surface,nanoCC,1,2311,
0.23732,,Surface,nanoCC,1,2312,
0.439994,,Surface,nanoCC,1,2313,
0.537598,,Surface,nanoCC,1,2314,
0.865033,,Surface,nanoCC,1,2315,
0.329445,,Surface,nanoCC,1,2316,
0.41457,,Surface,nanoCC,1,2317,
0.135963,,Surface,nanoCC,1,2318,
0.491678,,Surface,nanoCC,1,2319,
0.537581,,Surface,nanoCC,1,2320,
0.49168,,Surface,nanoCC,1,2321,
0.537601,,Surface,nanoCC,1,2322,
0.336962,,Surface,nanoCC,1,2323,
0.491681,,Surface,nanoCC,1,2324,
0.491681,,Surface,nanoCC,1,2325,
0.237321,,Surface,nanoCC,1,2326,
0.537598,,Surface,nanoCC,1,2327,
0.415598,,Surface,nanoCC,1,2328,
0.174432,,Surface,nanoCC,1,2329,
0.13597,,Surface,nanoCC,1,2330,
0.135965,,Surface,nanoCC,1,2331,
0.899315,,Surface,nanoCC,1,2332,
0.135963,,Surface,nanoCC,1,2333,
0.55655,,Surface,nanoCC,1,2334,
0.435171,,Surface,nanoCC,1,2335,
0.135961,,Surface,nanoCC,1,2336,
0.53759,,Surface,nanoCC,1,2337,
0.537591,,Surface,nanoCC,1,2338,
0.408448,,Surface,nanoCC,1,2339,
0.546187,,Surface,nanoCC,1,2340,
0.537055,,Surface,nanoCC,1,2341,
0.899324,,Surface,nanoCC,1,2342,
0.28217,,Surface,nanoCC,1,2343,
0.135967,,Surface,nanoCC,1,2344,
0.407576,,Surface,nanoCC,1,2345,
0.237314,,Surface,nanoCC,1,2346,
0.308084,,Surface,nanoCC,1,2347,
0.537579,,Surface,nanoCC,1,2348,
0.284426,,Surface,nanoCC,1,2349,
0.899325,,Surface,nanoCC,1,2350,
0.166954,,Surface,nanoCC,1,2351,
0.295408,,Surface,nanoCC,1,2352,
0.544562,,Surface,nanoCC,1,2353,
0.533013,,Surface,nanoCC,1,2354,
0.556548,,Surface,nanoCC,1,2355,
0.352493,,Surface,nanoCC,1,2356,
0.308031,,Surface,nanoCC,1,2357,
0.63468,,Surface,nanoCC,1,2358,
0.416333,,Surface,nanoCC,1,2359,
0.596504,,Surface,nanoCC,1,2360,
0.491079,,Surface,nanoCC,1,2361,
0.497519,,Surface,nanoCC,1,2362,
0.596507,,Surface,nanoCC,1,2363,
0.245107,,Surface,nanoCC,1,2364,
0.280294,,Surface,nanoCC,1,2365,
0.237695,,Surface,nanoCC,1,2366,
0.338699,,Surface,nanoCC,1,2367,
0.135961,,Surface,nanoCC,1,2368,
0.166944,,Surface,nanoCC,1,2369,
0.285842,,Surface,nanoCC,1,2370,
0.555793,,Surface,nanoCC,1,2371,
0.305651,,Surface,nanoCC,1,2372,
0.135963,,Surface,nanoCC,1,2373,
0.537591,,Surface,nanoCC,1,2374,
0.537586,,Surface,nanoCC,1,2375,
0.268225,,Surface,nanoCC,1,2376,
0.537586,,Surface,nanoCC,1,2377,
0.54699,,Surface,nanoCC,1,2378,
0.28029,,Surface,nanoCC,1,2379,
0.556552,,Surface,nanoCC,1,2380,
0.182189,,Surface,nanoCC,1,2381,
0.135963,,Surface,nanoCC,1,2382,
0.537578,,Surface,nanoCC,1,2383,
0.426459,,Surface,nanoCC,1,2384,
0.899335,,Surface,nanoCC,1,2385,
0.165631,,Surface,nanoCC,1,2386,
0.247158,,Surface,nanoCC,1,2387,
0.402608,,Surface,nanoCC,1,2388,
0.389109,,Surface,nanoCC,1,2389,
0.135969,,Surface,nanoCC,1,2390,
0.89933,,Surface,nanoCC,1,2391,
0.380225,,Surface,nanoCC,1,2392,
0.237307,,Surface,nanoCC,1,2393,
0.537577,,Surface,nanoCC,1,2394,
0.237314,,Surface,nanoCC,1,2395,
0.242841,,Surface,nanoCC,1,2396,
0.282858,,Surface,nanoCC,1,2397,
0.596506,,Surface,nanoCC,1,2398,
0.537579,,Surface,nanoCC,1,2399,
0.361433,,Surface,nanoCC,1,2400,
0.537585,,Surface,nanoCC,1,2401,
0.234295,,Surface,nanoCC,1,2402,
0.237314,,Surface,nanoCC,1,2403,
0.592518,,Surface,nanoCC,1,2404,
0.899342,,Surface,nanoCC,1,2405,
0.148856,,Surface,nanoCC,1,2406,
0.135967,,Surface,nanoCC,1,2407,
0.135962,,Surface,nanoCC,1,2408,
0.491679,,Surface,nanoCC,1,2409,
0.135967,,Surface,nanoCC,1,2410,
0.135965,,Surface,nanoCC,1,2411,
0.398887,,Surface,nanoCC,1,2412,
0.13596,,Surface,nanoCC,1,2413,
0.491681,,Surface,nanoCC,1,2414,
0.596496,,Surface,nanoCC,1,2415,
0.211096,,Surface,nanoCC,1,2416,
0.393892,,Surface,nanoCC,1,2417,
0.135964,,Surface,nanoCC,1,2418,
0.191568,,Surface,nanoCC,1,2419,
0.237314,,Surface,nanoCC,1,2420,
0.301322,,Surface,nanoCC,1,2421,
0.28028,,Surface,nanoCC,1,2422,
0.421931,,Surface,nanoCC,1,2423,
0.135963,,Surface,nanoCC,1,2424,
0.55655,,Surface,nanoCC,1,2425,
0.373006,,Surface,nanoCC,1,2426,
0.537052,,Surface,nanoCC,1,2427,
0.183101,,Surface,nanoCC,1,2428,
0.237315,,Surface,nanoCC,1,2429,
0.381687,,Surface,nanoCC,1,2430,
0.485498,,Surface,nanoCC,1,2431,
0.135962,,Surface,nanoCC,1,2432,
0.258284,,Surface,nanoCC,1,2433,
0.556536,,Surface,nanoCC,1,2434,
0.459793,,Surface,nanoCC,1,2435,
0.443703,,Surface,nanoCC,1,2436,
0.491683,,Surface,nanoCC,1,2437,
0.44973,,Surface,nanoCC,1,2438,
0.430303,,Surface,nanoCC,1,2439,
0.316446,,Surface,nanoCC,1,2440,
0.327299,,Surface,nanoCC,1,2441,
0.228941,,Surface,nanoCC,1,2442,
0.344768,,Surface,nanoCC,1,2443,
0.497512,,Surface,nanoCC,1,2444,
0.237307,,Surface,nanoCC,1,2445,
0.537594,,Surface,nanoCC,1,2446,
0.135971,,Surface,nanoCC,1,2447,
0.411208,,Surface,nanoCC,1,2448,
0.135974,,Surface,nanoCC,1,2449,
0.537596,,Surface,nanoCC,1,2450,
0.297191,,Surface,nanoCC,1,2451,
0.491678,,Surface,nanoCC,1,2452,
0.322276,,Surface,nanoCC,1,2453,
0.237306,,Surface,nanoCC,1,2454,
0.596504,,Surface,nanoCC,1,2455,
0.41559,,Surface,nanoCC,1,2456,
0.596494,,Surface,nanoCC,1,2457,
0.596498,,Surface,nanoCC,1,2458,
0.899325,,Surface,nanoCC,1,2459,
0.135965,,Surface,nanoCC,1,2460,
0.592503,,Surface,nanoCC,1,2461,
0.284285,,Surface,nanoCC,1,2462,
0.411712,,Surface,nanoCC,1,2463,
0.160056,,Surface,nanoCC,1,2464,
0.537582,,Surface,nanoCC,1,2465,
0.491684,,Surface,nanoCC,1,2466,
0.491681,,Surface,nanoCC,1,2467,
0.491679,,Surface,nanoCC,1,2468,
0.373808,,Surface,nanoCC,1,2469,
0.491677,,Surface,nanoCC,1,2470,
0.242013,,Surface,nanoCC,1,2471,
0.237313,,Surface,nanoCC,1,2472,
0.237314,,Surface,nanoCC,1,2473,
0.584598,,Surface,nanoCC,1,2474,
0.237316,,Surface,nanoCC,1,2475,
0.191559,,Surface,nanoCC,1,2476,
0.259821,,Surface,nanoCC,1,2477,
0.301958,,Surface,nanoCC,1,2478,
0.416333,,Surface,nanoCC,1,2479,
0.415969,,Surface,nanoCC,1,2480,
0.280272,,Surface,nanoCC,1,2481,
0.537586,,Surface,nanoCC,1,2482,
0.166942,,Surface,nanoCC,1,2483,
0.442306,,Surface,nanoCC,1,2484,
0.30551,,Surface,nanoCC,1,2485,
0.491681,,Surface,nanoCC,1,2486,
0.135963,,Surface,nanoCC,1,2487,
0.135978,,Surface,nanoCC,1,2488,
0.53758,,Surface,nanoCC,1,2489,
0.596503,,Surface,nanoCC,1,2490,
0.556553,,Surface,nanoCC,1,2491,
0.267521,,Surface,nanoCC,1,2492,
0.274023,,Surface,nanoCC,1,2493,
0.537578,,Surface,nanoCC,1,2494,
0.773093,,Surface,nanoCC,1,2495,
0.523065,,Surface,nanoCC,1,2496,
0.263762,,Surface,nanoCC,1,2497,
0.53758,,Surface,nanoCC,1,2498,
0.135961,,Surface,nanoCC,1,2499,
0.34147,,Surface,nanoCC,1,2500,
0.596506,,Surface,nanoCC,1,2501,
0.537606,,Surface,nanoCC,1,2502,
0.135961,,Surface,nanoCC,1,2503,
0.109489,,Surface,nanoCC,1,2504,
0.135964,,Surface,nanoCC,1,2505,
0.491684,,Surface,nanoCC,1,2506,
0.296944,,Surface,nanoCC,1,2507,
0.556541,,Surface,nanoCC,1,2508,
0.409494,,Surface,nanoCC,1,2509,
0.294897,,Surface,nanoCC,1,2510,
0.596502,,Surface,nanoCC,1,2511,
0.491681,,Surface,nanoCC,1,2512,
0.4223,,Surface,nanoCC,1,2513,
0.280283,,Surface,nanoCC,1,2514,
0.89933,,Surface,nanoCC,1,2515,
0.596504,,Surface,nanoCC,1,2516,
0.135963,,Surface,nanoCC,1,2517,
0.383346,,Surface,nanoCC,1,2518,
0.135962,,Surface,nanoCC,1,2519,
0.474981,,Surface,nanoCC,1,2520,
0.102298,,Surface,nanoCC,1,2521,
0.135964,,Surface,nanoCC,1,2522,
0.537578,,Surface,nanoCC,1,2523,
0.525752,,Surface,nanoCC,1,2524,
0.596506,,Surface,nanoCC,1,2525,
0.237309,,Surface,nanoCC,1,2526,
0.537579,,Surface,nanoCC,1,2527,
0.240892,,Surface,nanoCC,1,2528,
0.491683,,Surface,nanoCC,1,2529,
0.513028,,Surface,nanoCC,1,2530,
0.351184,,Surface,nanoCC,1,2531,
0.293563,,Surface,nanoCC,1,2532,
0.423191,,Surface,nanoCC,1,2533,
0.34269,,Surface,nanoCC,1,2534,
0.135962,,Surface,nanoCC,1,2535,
0.596505,,Surface,nanoCC,1,2536,
0.304939,,Surface,nanoCC,1,2537,
0.135974,,Surface,nanoCC,1,2538,
0.135962,,Surface,nanoCC,1,2539,
0.132233,,Surface,nanoCC,1,2540,
0.537592,,Surface,nanoCC,1,2541,
0.773085,,Surface,nanoCC,1,2542,
0.491678,,Surface,nanoCC,1,2543,
0.269411,,Surface,nanoCC,1,2544,
0.537581,,Surface,nanoCC,1,2545,
0.393505,,Surface,nanoCC,1,2546,
0.125734,,Surface,nanoCC,1,2547,
0.491678,,Surface,nanoCC,1,2548,
0.537581,,Surface,nanoCC,1,2549,
0.135962,,Surface,nanoCC,1,2550,
0.537579,,Surface,nanoCC,1,2551,
0.537591,,Surface,nanoCC,1,2552,
0.59649,,Surface,nanoCC,1,2553,
0.135962,,Surface,nanoCC,1,2554,
0.294904,,Surface,nanoCC,1,2555,
0.596504,,Surface,nanoCC,1,2556,
0.237322,,Surface,nanoCC,1,2557,
0.389868,,Surface,nanoCC,1,2558,
0.277277,,Surface,nanoCC,1,2559,
0.237313,,Surface,nanoCC,1,2560,
0.537585,,Surface,nanoCC,1,2561,
0.549873,,Surface,nanoCC,1,2562,
0.280299,,Surface,nanoCC,1,2563,
0.491683,,Surface,nanoCC,1,2564,
0.166946,,Surface,nanoCC,1,2565,
0.135962,,Surface,nanoCC,1,2566,
0.23686,,Surface,nanoCC,1,2567,
0.480371,,Surface,nanoCC,1,2568,
0.491676,,Surface,nanoCC,1,2569,
0.491678,,Surface,nanoCC,1,2570,
0.295088,,Surface,nanoCC,1,2571,
0.3303,,Surface,nanoCC,1,2572,
0.773101,,Surface,nanoCC,1,2573,
0.165618,,Surface,nanoCC,1,2574,
0.303361,,Surface,nanoCC,1,2575,
0.237316,,Surface,nanoCC,1,2576,
0.34463,,Surface,nanoCC,1,2577,
0.31067,,Surface,nanoCC,1,2578,
0.237315,,Surface,nanoCC,1,2579,
0.40408,,Surface,nanoCC,1,2580,
0.596505,,Surface,nanoCC,1,2581,
0.449956,,Surface,nanoCC,1,2582,
0.537041,,Surface,nanoCC,1,2583,
0.230717,,Surface,nanoCC,1,2584,
0.280283,,Surface,nanoCC,1,2585,
0.487296,,Surface,nanoCC,1,2586,
0.3058,,Surface,nanoCC,1,2587,
0.280297,,Surface,nanoCC,1,2588,
0.161318,,Surface,nanoCC,1,2589,
0.193691,,Surface,nanoCC,1,2590,
0.549884,,Surface,nanoCC,1,2591,
0.23731,,Surface,nanoCC,1,2592,
0.28029,,Surface,nanoCC,1,2593,
0.258762,,Surface,nanoCC,1,2594,
0.40451,,Surface,nanoCC,1,2595,
0.300535,,Surface,nanoCC,1,2596,
0.596497,,Surface,nanoCC,1,2597,
0.596516,,Surface,nanoCC,1,2598,
0.426856,,Surface,nanoCC,1,2599,
0.135964,,Surface,nanoCC,1,2600,
0.135965,,Surface,nanoCC,1,2601,
0.273738,,Surface,nanoCC,1,2602,
0.311414,,Surface,nanoCC,1,2603,
0.237314,,Surface,nanoCC,1,2604,
0.701363,,Surface,nanoCC,1,2605,
0.316466,,Surface,nanoCC,1,2606,
0.245702,,Surface,nanoCC,1,2607,
0.491676,,Surface,nanoCC,1,2608,
0.537594,,Surface,nanoCC,1,2609,
0.286969,,Surface,nanoCC,1,2610,
0.596509,,Surface,nanoCC,1,2611,
0.166936,,Surface,nanoCC,1,2612,
0.525761,,Surface,nanoCC,1,2613,
0.13597,,Surface,nanoCC,1,2614,
0.416333,,Surface,nanoCC,1,2615,
0.537584,,Surface,nanoCC,1,2616,
0.49168,,Surface,nanoCC,1,2617,
0.596498,,Surface,nanoCC,1,2618,
0.29075,,Surface,nanoCC,1,2619,
0.135964,,Surface,nanoCC,1,2620,
0.701361,,Surface,nanoCC,1,2621,
0.537586,,Surface,nanoCC,1,2622,
0.237311,,Surface,nanoCC,1,2623,
0.491682,,Surface,nanoCC,1,2624,
0.53759,,Surface,nanoCC,1,2625,
0.237313,,Surface,nanoCC,1,2626,
0.13597,,Surface,nanoCC,1,2627,
0.556549,,Surface,nanoCC,1,2628,
0.349034,,Surface,nanoCC,1,2629,
0.596495,,Surface,nanoCC,1,2630,
0.596507,,Surface,nanoCC,1,2631,
0.152052,,Surface,nanoCC,1,2632,
0.773088,,Surface,nanoCC,1,2633,
0.634682,,Surface,nanoCC,1,2634,
0.155339,,Surface,nanoCC,1,2635,
0.657251,,Surface,nanoCC,1,2636,
0.135973,,Surface,nanoCC,1,2637,
0.458667,,Surface,nanoCC,1,2638,
0.237311,,Surface,nanoCC,1,2639,
0.491676,,Surface,nanoCC,1,2640,
0.491681,,Surface,nanoCC,1,2641,
0.393884,,Surface,nanoCC,1,2642,
0.365649,,Surface,nanoCC,1,2643,
0.537591,,Surface,nanoCC,1,2644,
0.135965,,Surface,nanoCC,1,2645,
0.53706,,Surface,nanoCC,1,2646,
0.26532,,Surface,nanoCC,1,2647,
0.330356,,Surface,nanoCC,1,2648,
0.135964,,Surface,nanoCC,1,2649,
0.135964,,Surface,nanoCC,1,2650,
0.13596,,Surface,nanoCC,1,2651,
0.596499,,Surface,nanoCC,1,2652,
0.400546,,Surface,nanoCC,1,2653,
0.348647,,Surface,nanoCC,1,2654,
0.491686,,Surface,nanoCC,1,2655,
0.416333,,Surface,nanoCC,1,2656,
0.237311,,Surface,nanoCC,1,2657,
0.258742,,Surface,nanoCC,1,2658,
0.310531,,Surface,nanoCC,1,2659,
0.360039,,Surface,nanoCC,1,2660,
0.135963,,Surface,nanoCC,1,2661,
0.371501,,Surface,nanoCC,1,2662,
0.135967,,Surface,nanoCC,1,2663,
0.556551,,Surface,nanoCC,1,2664,
0.537576,,Surface,nanoCC,1,2665,
0.357312,,Surface,nanoCC,1,2666,
0.584526,,Surface,nanoCC,1,2667,
0.277581,,Surface,nanoCC,1,2668,
0.13596,,Surface,nanoCC,1,2669,
0.137952,,Surface,nanoCC,1,2670,
0.512876,,Surface,nanoCC,1,2671,
0.135961,,Surface,nanoCC,1,2672,
0.307185,,Surface,nanoCC,1,2673,
0.462748,,Surface,nanoCC,1,2674,
0.184934,,Surface,nanoCC,1,2675,
0.407867,,Surface,nanoCC,1,2676,
0.425699,,Surface,nanoCC,1,2677,
0.351479,,Surface,nanoCC,1,2678,
0.2949,,Surface,nanoCC,1,2679,
0.244221,,Surface,nanoCC,1,2680,
0.537586,,Surface,nanoCC,1,2681,
0.383341,,Surface,nanoCC,1,2682,
0.369535,,Surface,nanoCC,1,2683,
0.284294,,Surface,nanoCC,1,2684,
0.41633,,Surface,nanoCC,1,2685,
0.537579,,Surface,nanoCC,1,2686,
0.556549,,Surface,nanoCC,1,2687,
0.272522,,Surface,nanoCC,1,2688,
0.537586,,Surface,nanoCC,1,2689,
0.368831,,Surface,nanoCC,1,2690,
0.23731,,Surface,nanoCC,1,2691,
0.229465,,Surface,nanoCC,1,2692,
0.437267,,Surface,nanoCC,1,2693,
0.439178,,Surface,nanoCC,1,2694,
0.135967,,Surface,nanoCC,1,2695,
0.463766,,Surface,nanoCC,1,2696,
0.491681,,Surface,nanoCC,1,2697,
0.556532,,Surface,nanoCC,1,2698,
0.537579,,Surface,nanoCC,1,2699,
0.342497,,Surface,nanoCC,1,2700,
0.463501,,Surface,nanoCC,1,2701,
0.394558,,Surface,nanoCC,1,2702,
0.308459,,Surface,nanoCC,1,2703,
0.328608,,Surface,nanoCC,1,2704,
0.441102,,Surface,nanoCC,1,2705,
0.557755,,Surface,nanoCC,1,2706,
0.467746,,Surface,nanoCC,1,2707,
0.37301,,Surface,nanoCC,1,2708,
0.4381,,Surface,nanoCC,1,2709,
0.280282,,Surface,nanoCC,1,2710,
0.294905,,Surface,nanoCC,1,2711,
0.59651,,Surface,nanoCC,1,2712,
0.49168,,Surface,nanoCC,1,2713,
0.172734,,Surface,nanoCC,1,2714,
0.358474,,Surface,nanoCC,1,2715,
0.556557,,Surface,nanoCC,1,2716,
0.332837,,Surface,nanoCC,1,2717,
0.30156,,Surface,nanoCC,1,2718,
0.270637,,Surface,nanoCC,1,2719,
0.596507,,Surface,nanoCC,1,2720,
0.5376,,Surface,nanoCC,1,2721,
0.166949,,Surface,nanoCC,1,2722,
0.291022,,Surface,nanoCC,1,2723,
0.427051,,Surface,nanoCC,1,2724,
0.446165,,Surface,nanoCC,1,2725,
0.596506,,Surface,nanoCC,1,2726,
0.415597,,Surface,nanoCC,1,2727,
0.556534,,Surface,nanoCC,1,2728,
0.135962,,Surface,nanoCC,1,2729,
0.341255,,Surface,nanoCC,1,2730,
0.773098,,Surface,nanoCC,1,2731,
0.537581,,Surface,nanoCC,1,2732,
0.135961,,Surface,nanoCC,1,2733,
0.464599,,Surface,nanoCC,1,2734,
0.409359,,Surface,nanoCC,1,2735,
0.361632,,Surface,nanoCC,1,2736,
0.343442,,Surface,nanoCC,1,2737,
0.263074,,Surface,nanoCC,1,2738,
0.241596,,Surface,nanoCC,1,2739,
0.537591,,Surface,nanoCC,1,2740,
0.773106,,Surface,nanoCC,1,2741,
0.296922,,Surface,nanoCC,1,2742,
0.394214,,Surface,nanoCC,1,2743,
0.175128,,Surface,nanoCC,1,2744,
0.572084,,Surface,nanoCC,1,2745,
0.596495,,Surface,nanoCC,1,2746,
0.286389,,Surface,nanoCC,1,2747,
0.348691,,Surface,nanoCC,1,2748,
0.158554,,Surface,nanoCC,1,2749,
0.773076,,Surface,nanoCC,1,2750,
0.277899,,Surface,nanoCC,1,2751,
0.671913,,Surface,nanoCC,1,2752,
0.223954,,Surface,nanoCC,1,2753,
0.135963,,Surface,nanoCC,1,2754,
0.135963,,Surface,nanoCC,1,2755,
0.310537,,Surface,nanoCC,1,2756,
0.135961,,Surface,nanoCC,1,2757,
0.452175,,Surface,nanoCC,1,2758,
0.373812,,Surface,nanoCC,1,2759,
0.180716,,Surface,nanoCC,1,2760,
0.135963,,Surface,nanoCC,1,2761,
0.55655,,Surface,nanoCC,1,2762,
0.416331,,Surface,nanoCC,1,2763,
0.152726,,Surface,nanoCC,1,2764,
0.135963,,Surface,nanoCC,1,2765,
0.537062,,Surface,nanoCC,1,2766,
0.130786,,Surface,nanoCC,1,2767,
0.596507,,Surface,nanoCC,1,2768,
0.55655,,Surface,nanoCC,1,2769,
0.165624,,Surface,nanoCC,1,2770,
0.537041,,Surface,nanoCC,1,2771,
0.537577,,Surface,nanoCC,1,2772,
0.346672,,Surface,nanoCC,1,2773,
0.491686,,Surface,nanoCC,1,2774,
0.13597,,Surface,nanoCC,1,2775,
0.317815,,Surface,nanoCC,1,2776,
0.135966,,Surface,nanoCC,1,2777,
0.135973,,Surface,nanoCC,1,2778,
0.135967,,Surface,nanoCC,1,2779,
0.280286,,Surface,nanoCC,1,2780,
0.36279,,Surface,nanoCC,1,2781,
0.241625,,Surface,nanoCC,1,2782,
0.241622,,Surface,nanoCC,1,2783,
0.296933,,Surface,nanoCC,1,2784,
0.491678,,Surface,nanoCC,1,2785,
0.355517,,Surface,nanoCC,1,2786,
0.491678,,Surface,nanoCC,1,2787,
0.232689,,Surface,nanoCC,1,2788,
0.390963,,Surface,nanoCC,1,2789,
0.483832,,Surface,nanoCC,1,2790,
0.545026,,Surface,nanoCC,1,2791,
0.135971,,Surface,nanoCC,1,2792,
0.329522,,Surface,nanoCC,1,2793,
0.51372,,Surface,nanoCC,1,2794,
0.333848,,Surface,nanoCC,1,2795,
0.135967,,Surface,nanoCC,1,2796,
0.435747,,Surface,nanoCC,1,2797,
0.195087,,Surface,nanoCC,1,2798,
0.266862,,Surface,nanoCC,1,2799,
0.596498,,Surface,nanoCC,1,2800,
0.537582,,Surface,nanoCC,1,2801,
0.401543,,Surface,nanoCC,1,2802,
0.135967,,Surface,nanoCC,1,2803,
0.24721,,Surface,nanoCC,1,2804,
0.29489,,Surface,nanoCC,1,2805,
0.280287,,Surface,nanoCC,1,2806,
0.258444,,Surface,nanoCC,1,2807,
0.237313,,Surface,nanoCC,1,2808,
0.111556,,Surface,nanoCC,1,2809,
0.491676,,Surface,nanoCC,1,2810,
0.396812,,Surface,nanoCC,1,2811,
0.345399,,Surface,nanoCC,1,2812,
0.165617,,Surface,nanoCC,1,2813,
0.556563,,Surface,nanoCC,1,2814,
0.537579,,Surface,nanoCC,1,2815,
0.283476,,Surface,nanoCC,1,2816,
0.379701,,Surface,nanoCC,1,2817,
0.267015,,Surface,nanoCC,1,2818,
0.537597,,Surface,nanoCC,1,2819,
0.237307,,Surface,nanoCC,1,2820,
0.491677,,Surface,nanoCC,1,2821,
0.135961,,Surface,nanoCC,1,2822,
0.491681,,Surface,nanoCC,1,2823,
0.416335,,Surface,nanoCC,1,2824,
0.537056,,Surface,nanoCC,1,2825,
0.321451,,Surface,nanoCC,1,2826,
0.241312,,Surface,nanoCC,1,2827,
0.28028,,Surface,nanoCC,1,2828,
0.596501,,Surface,nanoCC,1,2829,
0.13597,,Surface,nanoCC,1,2830,
0.375499,,Surface,nanoCC,1,2831,
0.288039,,Surface,nanoCC,1,2832,
0.497501,,Surface,nanoCC,1,2833,
0.20805,,Surface,nanoCC,1,2834,
0.491676,,Surface,nanoCC,1,2835,
0.596509,,Surface,nanoCC,1,2836,
0.509731,,Surface,nanoCC,1,2837,
0.283358,,Surface,nanoCC,1,2838,
0.270688,,Surface,nanoCC,1,2839,
0.537578,,Surface,nanoCC,1,2840,
0.166944,,Surface,nanoCC,1,2841,
0.16693,,Surface,nanoCC,1,2842,
0.209095,,Surface,nanoCC,1,2843,
0.491684,,Surface,nanoCC,1,2844,
0.773077,,Surface,nanoCC,1,2845,
0.23769,,Surface,nanoCC,1,2846,
0.13597,,Surface,nanoCC,1,2847,
0.35509,,Surface,nanoCC,1,2848,
0.596508,,Surface,nanoCC,1,2849,
0.28028,,Surface,nanoCC,1,2850,
0.537582,,Surface,nanoCC,1,2851,
0.537586,,Surface,nanoCC,1,2852,
0.242001,,Surface,nanoCC,1,2853,
0.59651,,Surface,nanoCC,1,2854,
0.391482,,Surface,nanoCC,1,2855,
0.416334,,Surface,nanoCC,1,2856,
0.237313,,Surface,nanoCC,1,2857,
0.135969,,Surface,nanoCC,1,2858,
0.258406,,Surface,nanoCC,1,2859,
0.135961,,Surface,nanoCC,1,2860,
0.415765,,Surface,nanoCC,1,2861,
0.596497,,Surface,nanoCC,1,2862,
0.135964,,Surface,nanoCC,1,2863,
0.491678,,Surface,nanoCC,1,2864,
0.415595,,Surface,nanoCC,1,2865,
0.135963,,Surface,nanoCC,1,2866,
0.287365,,Surface,nanoCC,1,2867,
0.531253,,Surface,nanoCC,1,2868,
0.491676,,Surface,nanoCC,1,2869,
0.0295009,,Surface,nanoCC,1,2870,
0.423816,,Surface,nanoCC,1,2871,
0.46348,,Surface,nanoCC,1,2872,
0.525761,,Surface,nanoCC,1,2873,
0.3942,,Surface,nanoCC,1,2874,
0.416332,,Surface,nanoCC,1,2875,
0.325633,,Surface,nanoCC,1,2876,
0.37585,,Surface,nanoCC,1,2877,
0.294904,,Surface,nanoCC,1,2878,
0.135961,,Surface,nanoCC,1,2879,
0.370813,,Surface,nanoCC,1,2880,
0.596507,,Surface,nanoCC,1,2881,
0.282838,,Surface,nanoCC,1,2882,
0.49168,,Surface,nanoCC,1,2883,
0.313825,,Surface,nanoCC,1,2884,
0.255471,,Surface,nanoCC,1,2885,
0.135961,,Surface,nanoCC,1,2886,
0.53758,,Surface,nanoCC,1,2887,
0.305518,,Surface,nanoCC,1,2888,
0.435336,,Surface,nanoCC,1,2889,
0.484546,,Surface,nanoCC,1,2890,
0.537582,,Surface,nanoCC,1,2891,
0.319177,,Surface,nanoCC,1,2892,
0.135966,,Surface,nanoCC,1,2893,
0.445994,,Surface,nanoCC,1,2894,
0.899342,,Surface,nanoCC,1,2895,
0.16692,,Surface,nanoCC,1,2896,
0.53705,,Surface,nanoCC,1,2897,
0.280287,,Surface,nanoCC,1,2898,
0.416334,,Surface,nanoCC,1,2899,
0.135967,,Surface,nanoCC,1,2900,
0.280299,,Surface,nanoCC,1,2901,
0.287166,,Surface,nanoCC,1,2902,
0.537591,,Surface,nanoCC,1,2903,
0.556541,,Surface,nanoCC,1,2904,
0.350297,,Surface,nanoCC,1,2905,
0.358109,,Surface,nanoCC,1,2906,
0.166942,,Surface,nanoCC,1,2907,
0.537582,,Surface,nanoCC,1,2908,
0.537592,,Surface,nanoCC,1,2909,
0.135965,,Surface,nanoCC,1,2910,
0.513659,,Surface,nanoCC,1,2911,
0.899341,,Surface,nanoCC,1,2912,
0.491676,,Surface,nanoCC,1,2913,
0.276607,,Surface,nanoCC,1,2914,
0.469898,,Surface,nanoCC,1,2915,
0.596511,,Surface,nanoCC,1,2916,
0.556563,,Surface,nanoCC,1,2917,
0.191543,,Surface,nanoCC,1,2918,
0.286389,,Surface,nanoCC,1,2919,
0.302602,,Surface,nanoCC,1,2920,
0.433419,,Surface,nanoCC,1,2921,
0.283204,,Surface,nanoCC,1,2922,
0.336666,,Surface,nanoCC,1,2923,
0.491678,,Surface,nanoCC,1,2924,
0.13596,,Surface,nanoCC,1,2925,
0.381704,,Surface,nanoCC,1,2926,
0.135963,,Surface,nanoCC,1,2927,
0.294894,,Surface,nanoCC,1,2928,
0.293392,,Surface,nanoCC,1,2929,
0.0295389,,Surface,nanoCC,1,2930,
0.13596,,Surface,nanoCC,1,2931,
0.189383,,Surface,nanoCC,1,2932,
0.322501,,Surface,nanoCC,1,2933,
0.303602,,Surface,nanoCC,1,2934,
0.353766,,Surface,nanoCC,1,2935,
0.394854,,Surface,nanoCC,1,2936,
0.21252,,Surface,nanoCC,1,2937,
0.556559,,Surface,nanoCC,1,2938,
0.537592,,Surface,nanoCC,1,2939,
0.237317,,Surface,nanoCC,1,2940,
0.537579,,Surface,nanoCC,1,2941,
0.308623,,Surface,nanoCC,1,2942,
0.404719,,Surface,nanoCC,1,2943,
0.451676,,Surface,nanoCC,1,2944,
0.135967,,Surface,nanoCC,1,2945,
0.596506,,Surface,nanoCC,1,2946,
0.342747,,Surface,nanoCC,1,2947,
0.175634,,Surface,nanoCC,1,2948,
0.371338,,Surface,nanoCC,1,2949,
0.237313,,Surface,nanoCC,1,2950,
0.165617,,Surface,nanoCC,1,2951,
0.276441,,Surface,nanoCC,1,2952,
0.654988,,Surface,nanoCC,1,2953,
0.773098,,Surface,nanoCC,1,2954,
0.537589,,Surface,nanoCC,1,2955,
0.251554,,Surface,nanoCC,1,2956,
0.289779,,Surface,nanoCC,1,2957,
0.596499,,Surface,nanoCC,1,2958,
0.135965,,Surface,nanoCC,1,2959,
0.562931,,Surface,nanoCC,1,2960,
0.899322,,Surface,nanoCC,1,2961,
0.135965,,Surface,nanoCC,1,2962,
0.253082,,Surface,nanoCC,1,2963,
0.596506,,Surface,nanoCC,1,2964,
0.237314,,Surface,nanoCC,1,2965,
0.537045,,Surface,nanoCC,1,2966,
0.198862,,Surface,nanoCC,1,2967,
0.488609,,Surface,nanoCC,1,2968,
0.135968,,Surface,nanoCC,1,2969,
0.596513,,Surface,nanoCC,1,2970,
0.237311,,Surface,nanoCC,1,2971,
0.537591,,Surface,nanoCC,1,2972,
0.13597,,Surface,nanoCC,1,2973,
0.391726,,Surface,nanoCC,1,2974,
0.280297,,Surface,nanoCC,1,2975,
0.497514,,Surface,nanoCC,1,2976,
0.537581,,Surface,nanoCC,1,2977,
0.89932,,Surface,nanoCC,1,2978,
0.16554,,Surface,nanoCC,1,2979,
0.484779,,Surface,nanoCC,1,2980,
0.537575,,Surface,nanoCC,1,2981,
0.402542,,Surface,nanoCC,1,2982,
0.596505,,Surface,nanoCC,1,2983,
0.537584,,Surface,nanoCC,1,2984,
0.235967,,Surface,nanoCC,1,2985,
0.28719,,Surface,nanoCC,1,2986,
0.359981,,Surface,nanoCC,1,2987,
0.291325,,Surface,nanoCC,1,2988,
0.135964,,Surface,nanoCC,1,2989,
0.365689,,Surface,nanoCC,1,2990,
0.319029,,Surface,nanoCC,1,2991,
0.0295123,,Surface,nanoCC,1,2992,
0.391133,,Surface,nanoCC,1,2993,
0.472819,,Surface,nanoCC,1,2994,
0.207326,,Surface,nanoCC,1,2995,
0.237313,,Surface,nanoCC,1,2996,
0.537586,,Surface,nanoCC,1,2997,
0.556554,,Surface,nanoCC,1,2998,
0.5376,,Surface,nanoCC,1,2999,
0.491535,,Surface,nanoCC,1,3000,
0.237313,,Surface,nanoCC,1,3001,
0.237313,,Surface,nanoCC,1,3002,
0.197081,,Surface,nanoCC,1,3003,
0.299405,,Surface,nanoCC,1,3004,
0.301837,,Surface,nanoCC,1,3005,
0.182994,,Surface,nanoCC,1,3006,
0.340185,,Surface,nanoCC,1,3007,
0.36569,,Surface,nanoCC,1,3008,
0.228944,,Surface,nanoCC,1,3009,
0.237311,,Surface,nanoCC,1,3010,
0.537579,,Surface,nanoCC,1,3011,
0.494335,,Surface,nanoCC,1,3012,
0.293379,,Surface,nanoCC,1,3013,
0.465943,,Surface,nanoCC,1,3014,
0.237315,,Surface,nanoCC,1,3015,
0.436428,,Surface,nanoCC,1,3016,
0.135964,,Surface,nanoCC,1,3017,
0.135967,,Surface,nanoCC,1,3018,
0.537589,,Surface,nanoCC,1,3019,
0.360455,,Surface,nanoCC,1,3020,
0.130786,,Surface,nanoCC,1,3021,
0.596509,,Surface,nanoCC,1,3022,
0.303505,,Surface,nanoCC,1,3023,
0.518865,,Surface,nanoCC,1,3024,
0.537583,,Surface,nanoCC,1,3025,
0.237312,,Surface,nanoCC,1,3026,
0.135963,,Surface,nanoCC,1,3027,
0.381693,,Surface,nanoCC,1,3028,
0.596499,,Surface,nanoCC,1,3029,
0.491677,,Surface,nanoCC,1,3030,
0.135963,,Surface,nanoCC,1,3031,
0.135971,,Surface,nanoCC,1,3032,
0.537635,,Surface,nanoCC,1,3033,
0.537582,,Surface,nanoCC,1,3034,
0.120522,,Surface,nanoCC,1,3035,
0.135964,,Surface,nanoCC,1,3036,
0.537591,,Surface,nanoCC,1,3037,
0.135966,,Surface,nanoCC,1,3038,
0.289164,,Surface,nanoCC,1,3039,
0.263234,,Surface,nanoCC,1,3040,
0.487848,,Surface,nanoCC,1,3041,
0.681578,,Surface,nanoCC,1,3042,
0.135961,,Surface,nanoCC,1,3043,
0.135963,,Surface,nanoCC,1,3044,
0.237332,,Surface,nanoCC,1,3045,
0.237311,,Surface,nanoCC,1,3046,
0.331226,,Surface,nanoCC,1,3047,
0.525747,,Surface,nanoCC,1,3048,
0.260646,,Surface,nanoCC,1,3049,
0.513232,,Surface,nanoCC,1,3050,
0.13596,,Surface,nanoCC,1,3051,
0.537599,,Surface,nanoCC,1,3052,
0.284841,,Surface,nanoCC,1,3053,
0.497502,,Surface,nanoCC,1,3054,
0.294889,,Surface,nanoCC,1,3055,
0.419458,,Surface,nanoCC,1,3056,
0.537586,,Surface,nanoCC,1,3057,
