
Ellipticity (prolate)
 ==================== 
Ellipticity (prolate),Unit,Category,Surpass Object,Time,ID,
0.50858,,Surface,Nucleus,1,0,
0.50038,,Surface,CC,1,24,
0.289884,,Surface,CC,1,25,
0.30248,,Surface,CC,1,26,
0.360285,,Surface,CC,1,27,
0.268852,,Surface,CC,1,28,
0.360333,,Surface,CC,1,29,
0.606887,,Surface,CC,1,30,
0.463363,,Surface,CC,1,31,
0.511465,,Surface,CC,1,32,
0.28094,,Surface,nanoCC,1,1546,
0.804678,,Surface,nanoCC,1,1547,
0.257427,,Surface,nanoCC,1,1548,
0.644912,,Surface,nanoCC,1,1549,
0.196616,,Surface,nanoCC,1,1550,
0.338059,,Surface,nanoCC,1,1551,
0.508829,,Surface,nanoCC,1,1552,
0.416452,,Surface,nanoCC,1,1553,
0.577445,,Surface,nanoCC,1,1554,
0.327051,,Surface,nanoCC,1,1555,
0.574518,,Surface,nanoCC,1,1556,
0.435063,,Surface,nanoCC,1,1557,
0.564714,,Surface,nanoCC,1,1558,
0.454748,,Surface,nanoCC,1,1559,
0.245005,,Surface,nanoCC,1,1560,
0.91168,,Surface,nanoCC,1,1561,
0.61266,,Surface,nanoCC,1,1562,
0.91168,,Surface,nanoCC,1,1563,
0.670891,,Surface,nanoCC,1,1564,
0.558398,,Surface,nanoCC,1,1565,
0.254716,,Surface,nanoCC,1,1566,
0.91168,,Surface,nanoCC,1,1567,
0.476333,,Surface,nanoCC,1,1568,
0.38423,,Surface,nanoCC,1,1569,
0.540205,,Surface,nanoCC,1,1570,
0.27085,,Surface,nanoCC,1,1571,
0.245004,,Surface,nanoCC,1,1572,
0.911678,,Surface,nanoCC,1,1573,
0.245015,,Surface,nanoCC,1,1574,
0.544647,,Surface,nanoCC,1,1575,
0.346514,,Surface,nanoCC,1,1576,
0.245015,,Surface,nanoCC,1,1577,
0.209116,,Surface,nanoCC,1,1578,
0.180888,,Surface,nanoCC,1,1579,
0.327931,,Surface,nanoCC,1,1580,
0.315669,,Surface,nanoCC,1,1581,
0.516542,,Surface,nanoCC,1,1582,
0.346418,,Surface,nanoCC,1,1583,
0.59188,,Surface,nanoCC,1,1584,
0.644566,,Surface,nanoCC,1,1585,
0.602319,,Surface,nanoCC,1,1586,
0.45987,,Surface,nanoCC,1,1587,
0.245033,,Surface,nanoCC,1,1588,
0.803761,,Surface,nanoCC,1,1589,
0.589073,,Surface,nanoCC,1,1590,
0.0765947,,Surface,nanoCC,1,1591,
0.558391,,Surface,nanoCC,1,1592,
0.557724,,Surface,nanoCC,1,1593,
0.364427,,Surface,nanoCC,1,1594,
0.308334,,Surface,nanoCC,1,1595,
0.911681,,Surface,nanoCC,1,1596,
0.457284,,Surface,nanoCC,1,1597,
0.203774,,Surface,nanoCC,1,1598,
0.203769,,Surface,nanoCC,1,1599,
0.493447,,Surface,nanoCC,1,1600,
0.679715,,Surface,nanoCC,1,1601,
0.623624,,Surface,nanoCC,1,1602,
0.245015,,Surface,nanoCC,1,1603,
0.711815,,Surface,nanoCC,1,1604,
0.364417,,Surface,nanoCC,1,1605,
0.538971,,Surface,nanoCC,1,1606,
0.343148,,Surface,nanoCC,1,1607,
0.262101,,Surface,nanoCC,1,1608,
0.245013,,Surface,nanoCC,1,1609,
0.276857,,Surface,nanoCC,1,1610,
0.911681,,Surface,nanoCC,1,1611,
0.558372,,Surface,nanoCC,1,1612,
0.568069,,Surface,nanoCC,1,1613,
0.32949,,Surface,nanoCC,1,1614,
0.244996,,Surface,nanoCC,1,1615,
0.595112,,Surface,nanoCC,1,1616,
0.245004,,Surface,nanoCC,1,1617,
0.299033,,Surface,nanoCC,1,1618,
0.245013,,Surface,nanoCC,1,1619,
0.792862,,Surface,nanoCC,1,1620,
0.529926,,Surface,nanoCC,1,1621,
0.245011,,Surface,nanoCC,1,1622,
0.691068,,Surface,nanoCC,1,1623,
0.299461,,Surface,nanoCC,1,1624,
0.554035,,Surface,nanoCC,1,1625,
0.245013,,Surface,nanoCC,1,1626,
0.728559,,Surface,nanoCC,1,1627,
0.364422,,Surface,nanoCC,1,1628,
0.605786,,Surface,nanoCC,1,1629,
0.911681,,Surface,nanoCC,1,1630,
0.91168,,Surface,nanoCC,1,1631,
0.536806,,Surface,nanoCC,1,1632,
0.593726,,Surface,nanoCC,1,1633,
0.257423,,Surface,nanoCC,1,1634,
0.522684,,Surface,nanoCC,1,1635,
0.196627,,Surface,nanoCC,1,1636,
0.364422,,Surface,nanoCC,1,1637,
0.184072,,Surface,nanoCC,1,1638,
0.364422,,Surface,nanoCC,1,1639,
0.570015,,Surface,nanoCC,1,1640,
0.364422,,Surface,nanoCC,1,1641,
0.182709,,Surface,nanoCC,1,1642,
0.911678,,Surface,nanoCC,1,1643,
0.911664,,Surface,nanoCC,1,1644,
0.415773,,Surface,nanoCC,1,1645,
0.203769,,Surface,nanoCC,1,1646,
0.911678,,Surface,nanoCC,1,1647,
0.332,,Surface,nanoCC,1,1648,
0.340722,,Surface,nanoCC,1,1649,
0.376438,,Surface,nanoCC,1,1650,
0.911667,,Surface,nanoCC,1,1651,
0.560331,,Surface,nanoCC,1,1652,
0.551712,,Surface,nanoCC,1,1653,
0.508414,,Surface,nanoCC,1,1654,
0.469699,,Surface,nanoCC,1,1655,
0.784642,,Surface,nanoCC,1,1656,
0.43517,,Surface,nanoCC,1,1657,
0.19663,,Surface,nanoCC,1,1658,
0.787139,,Surface,nanoCC,1,1659,
0.245006,,Surface,nanoCC,1,1660,
0.203777,,Surface,nanoCC,1,1661,
0.193404,,Surface,nanoCC,1,1662,
0.477509,,Surface,nanoCC,1,1663,
0.180897,,Surface,nanoCC,1,1664,
0.541831,,Surface,nanoCC,1,1665,
0.48184,,Surface,nanoCC,1,1666,
0.911667,,Surface,nanoCC,1,1667,
0.364427,,Surface,nanoCC,1,1668,
0.270619,,Surface,nanoCC,1,1669,
0.364417,,Surface,nanoCC,1,1670,
0.184089,,Surface,nanoCC,1,1671,
0.268423,,Surface,nanoCC,1,1672,
0.327963,,Surface,nanoCC,1,1673,
0.204494,,Surface,nanoCC,1,1674,
0.511813,,Surface,nanoCC,1,1675,
0.350023,,Surface,nanoCC,1,1676,
0.358968,,Surface,nanoCC,1,1677,
0.911678,,Surface,nanoCC,1,1678,
0.911681,,Surface,nanoCC,1,1679,
0.319115,,Surface,nanoCC,1,1680,
0.280938,,Surface,nanoCC,1,1681,
0.431712,,Surface,nanoCC,1,1682,
0.762706,,Surface,nanoCC,1,1683,
0.911681,,Surface,nanoCC,1,1684,
0.364422,,Surface,nanoCC,1,1685,
0.91168,,Surface,nanoCC,1,1686,
0.320026,,Surface,nanoCC,1,1687,
0.245013,,Surface,nanoCC,1,1688,
0.371825,,Surface,nanoCC,1,1689,
0.377341,,Surface,nanoCC,1,1690,
0.262104,,Surface,nanoCC,1,1691,
0.420823,,Surface,nanoCC,1,1692,
0.911678,,Surface,nanoCC,1,1693,
0.364427,,Surface,nanoCC,1,1694,
0.184089,,Surface,nanoCC,1,1695,
0.364419,,Surface,nanoCC,1,1696,
0.605081,,Surface,nanoCC,1,1697,
0.421984,,Surface,nanoCC,1,1698,
0.19663,,Surface,nanoCC,1,1699,
0.196622,,Surface,nanoCC,1,1700,
0.131383,,Surface,nanoCC,1,1701,
0.2964,,Surface,nanoCC,1,1702,
0.180902,,Surface,nanoCC,1,1703,
0.911681,,Surface,nanoCC,1,1704,
0.327935,,Surface,nanoCC,1,1705,
0.563721,,Surface,nanoCC,1,1706,
0.911681,,Surface,nanoCC,1,1707,
0.558398,,Surface,nanoCC,1,1708,
0.911665,,Surface,nanoCC,1,1709,
0.657031,,Surface,nanoCC,1,1710,
0.468905,,Surface,nanoCC,1,1711,
0.245004,,Surface,nanoCC,1,1712,
0.741903,,Surface,nanoCC,1,1713,
0.245002,,Surface,nanoCC,1,1714,
0.196609,,Surface,nanoCC,1,1715,
0.587949,,Surface,nanoCC,1,1716,
0.184089,,Surface,nanoCC,1,1717,
0.911681,,Surface,nanoCC,1,1718,
0.280951,,Surface,nanoCC,1,1719,
0.273553,,Surface,nanoCC,1,1720,
0.327043,,Surface,nanoCC,1,1721,
0.184083,,Surface,nanoCC,1,1722,
0.476594,,Surface,nanoCC,1,1723,
0.245015,,Surface,nanoCC,1,1724,
0.25623,,Surface,nanoCC,1,1725,
0.559811,,Surface,nanoCC,1,1726,
0.207933,,Surface,nanoCC,1,1727,
0.364413,,Surface,nanoCC,1,1728,
0.37185,,Surface,nanoCC,1,1729,
0.245002,,Surface,nanoCC,1,1730,
0.434136,,Surface,nanoCC,1,1731,
0.471565,,Surface,nanoCC,1,1732,
0.446389,,Surface,nanoCC,1,1733,
0.535493,,Surface,nanoCC,1,1734,
0.327931,,Surface,nanoCC,1,1735,
0.245015,,Surface,nanoCC,1,1736,
0.396982,,Surface,nanoCC,1,1737,
0.327945,,Surface,nanoCC,1,1738,
0.505437,,Surface,nanoCC,1,1739,
0.349183,,Surface,nanoCC,1,1740,
0.586926,,Surface,nanoCC,1,1741,
0.64002,,Surface,nanoCC,1,1742,
0.461104,,Surface,nanoCC,1,1743,
0.180878,,Surface,nanoCC,1,1744,
0.911666,,Surface,nanoCC,1,1745,
0.597725,,Surface,nanoCC,1,1746,
0.196622,,Surface,nanoCC,1,1747,
0.359169,,Surface,nanoCC,1,1748,
0.911667,,Surface,nanoCC,1,1749,
0.911681,,Surface,nanoCC,1,1750,
0.558391,,Surface,nanoCC,1,1751,
0.911681,,Surface,nanoCC,1,1752,
0.184077,,Surface,nanoCC,1,1753,
0.532541,,Surface,nanoCC,1,1754,
0.578945,,Surface,nanoCC,1,1755,
0.245011,,Surface,nanoCC,1,1756,
0.245011,,Surface,nanoCC,1,1757,
0.352279,,Surface,nanoCC,1,1758,
0.364419,,Surface,nanoCC,1,1759,
0.150697,,Surface,nanoCC,1,1760,
0.417667,,Surface,nanoCC,1,1761,
0.319132,,Surface,nanoCC,1,1762,
0.911664,,Surface,nanoCC,1,1763,
0.196616,,Surface,nanoCC,1,1764,
0.319128,,Surface,nanoCC,1,1765,
0.558398,,Surface,nanoCC,1,1766,
0.91168,,Surface,nanoCC,1,1767,
0.911667,,Surface,nanoCC,1,1768,
0.203779,,Surface,nanoCC,1,1769,
0.196616,,Surface,nanoCC,1,1770,
0.911681,,Surface,nanoCC,1,1771,
0.434127,,Surface,nanoCC,1,1772,
0.473436,,Surface,nanoCC,1,1773,
0.364418,,Surface,nanoCC,1,1774,
0.462048,,Surface,nanoCC,1,1775,
0.911667,,Surface,nanoCC,1,1776,
0.196623,,Surface,nanoCC,1,1777,
0.289925,,Surface,nanoCC,1,1778,
0.982283,,Surface,nanoCC,1,1779,
0.579612,,Surface,nanoCC,1,1780,
0.245014,,Surface,nanoCC,1,1781,
0.911681,,Surface,nanoCC,1,1782,
0.364424,,Surface,nanoCC,1,1783,
0.911681,,Surface,nanoCC,1,1784,
0.570477,,Surface,nanoCC,1,1785,
0.364419,,Surface,nanoCC,1,1786,
0.91168,,Surface,nanoCC,1,1787,
0.911681,,Surface,nanoCC,1,1788,
0.417142,,Surface,nanoCC,1,1789,
0.911681,,Surface,nanoCC,1,1790,
0.203777,,Surface,nanoCC,1,1791,
0.91168,,Surface,nanoCC,1,1792,
0.0145571,,Surface,nanoCC,1,1793,
0.35536,,Surface,nanoCC,1,1794,
0.184089,,Surface,nanoCC,1,1795,
0.642405,,Surface,nanoCC,1,1796,
0.167094,,Surface,nanoCC,1,1797,
0.203772,,Surface,nanoCC,1,1798,
0.558388,,Surface,nanoCC,1,1799,
0.659427,,Surface,nanoCC,1,1800,
0.268409,,Surface,nanoCC,1,1801,
0.485846,,Surface,nanoCC,1,1802,
0.673401,,Surface,nanoCC,1,1803,
0.586927,,Surface,nanoCC,1,1804,
0.405885,,Surface,nanoCC,1,1805,
0.196622,,Surface,nanoCC,1,1806,
0.283055,,Surface,nanoCC,1,1807,
0.558404,,Surface,nanoCC,1,1808,
0.383762,,Surface,nanoCC,1,1809,
0.52327,,Surface,nanoCC,1,1810,
0.480556,,Surface,nanoCC,1,1811,
0.55838,,Surface,nanoCC,1,1812,
0.911678,,Surface,nanoCC,1,1813,
0.245023,,Surface,nanoCC,1,1814,
0.364418,,Surface,nanoCC,1,1815,
0.911678,,Surface,nanoCC,1,1816,
0.262103,,Surface,nanoCC,1,1817,
0.144673,,Surface,nanoCC,1,1818,
0.245033,,Surface,nanoCC,1,1819,
0.387526,,Surface,nanoCC,1,1820,
0.367771,,Surface,nanoCC,1,1821,
0.529754,,Surface,nanoCC,1,1822,
0.558388,,Surface,nanoCC,1,1823,
0.911664,,Surface,nanoCC,1,1824,
0.91168,,Surface,nanoCC,1,1825,
0.245013,,Surface,nanoCC,1,1826,
0.584287,,Surface,nanoCC,1,1827,
0.184074,,Surface,nanoCC,1,1828,
0.364411,,Surface,nanoCC,1,1829,
0.562926,,Surface,nanoCC,1,1830,
0.558374,,Surface,nanoCC,1,1831,
0.911667,,Surface,nanoCC,1,1832,
0.602624,,Surface,nanoCC,1,1833,
0.245015,,Surface,nanoCC,1,1834,
0.678158,,Surface,nanoCC,1,1835,
0.196627,,Surface,nanoCC,1,1836,
0.871513,,Surface,nanoCC,1,1837,
0.37066,,Surface,nanoCC,1,1838,
0.674246,,Surface,nanoCC,1,1839,
0.245013,,Surface,nanoCC,1,1840,
0.405152,,Surface,nanoCC,1,1841,
0.245015,,Surface,nanoCC,1,1842,
0.262103,,Surface,nanoCC,1,1843,
0.911681,,Surface,nanoCC,1,1844,
0.635266,,Surface,nanoCC,1,1845,
0.594776,,Surface,nanoCC,1,1846,
0.640785,,Surface,nanoCC,1,1847,
0.245014,,Surface,nanoCC,1,1848,
0.245011,,Surface,nanoCC,1,1849,
0.710521,,Surface,nanoCC,1,1850,
0.558388,,Surface,nanoCC,1,1851,
0.364422,,Surface,nanoCC,1,1852,
0.572989,,Surface,nanoCC,1,1853,
0.351223,,Surface,nanoCC,1,1854,
0.319133,,Surface,nanoCC,1,1855,
0.558398,,Surface,nanoCC,1,1856,
0.364418,,Surface,nanoCC,1,1857,
0.430379,,Surface,nanoCC,1,1858,
0.245013,,Surface,nanoCC,1,1859,
0.911666,,Surface,nanoCC,1,1860,
0.379822,,Surface,nanoCC,1,1861,
0.508426,,Surface,nanoCC,1,1862,
0.911681,,Surface,nanoCC,1,1863,
0.19663,,Surface,nanoCC,1,1864,
0.611934,,Surface,nanoCC,1,1865,
0.288952,,Surface,nanoCC,1,1866,
0.659981,,Surface,nanoCC,1,1867,
0.35121,,Surface,nanoCC,1,1868,
0.498834,,Surface,nanoCC,1,1869,
0.393541,,Surface,nanoCC,1,1870,
0.364418,,Surface,nanoCC,1,1871,
0.292418,,Surface,nanoCC,1,1872,
0.473341,,Surface,nanoCC,1,1873,
0.335613,,Surface,nanoCC,1,1874,
0.439179,,Surface,nanoCC,1,1875,
0.746366,,Surface,nanoCC,1,1876,
0.553337,,Surface,nanoCC,1,1877,
0.475456,,Surface,nanoCC,1,1878,
0.245007,,Surface,nanoCC,1,1879,
0.076594,,Surface,nanoCC,1,1880,
0.222926,,Surface,nanoCC,1,1881,
0.911664,,Surface,nanoCC,1,1882,
0.362041,,Surface,nanoCC,1,1883,
0.911664,,Surface,nanoCC,1,1884,
0.288776,,Surface,nanoCC,1,1885,
0.911681,,Surface,nanoCC,1,1886,
0.364415,,Surface,nanoCC,1,1887,
0.612652,,Surface,nanoCC,1,1888,
0.364413,,Surface,nanoCC,1,1889,
0.242362,,Surface,nanoCC,1,1890,
0.566925,,Surface,nanoCC,1,1891,
0.332,,Surface,nanoCC,1,1892,
0.911681,,Surface,nanoCC,1,1893,
0.363901,,Surface,nanoCC,1,1894,
0.245022,,Surface,nanoCC,1,1895,
0.558379,,Surface,nanoCC,1,1896,
0.911681,,Surface,nanoCC,1,1897,
0.690608,,Surface,nanoCC,1,1898,
0.558385,,Surface,nanoCC,1,1899,
0.533832,,Surface,nanoCC,1,1900,
0.325628,,Surface,nanoCC,1,1901,
0.91168,,Surface,nanoCC,1,1902,
0.416401,,Surface,nanoCC,1,1903,
0.558391,,Surface,nanoCC,1,1904,
0.404465,,Surface,nanoCC,1,1905,
0.244996,,Surface,nanoCC,1,1906,
0.713971,,Surface,nanoCC,1,1907,
0.911682,,Surface,nanoCC,1,1908,
0.501905,,Surface,nanoCC,1,1909,
0.576206,,Surface,nanoCC,1,1910,
0.398684,,Surface,nanoCC,1,1911,
0.572666,,Surface,nanoCC,1,1912,
0.24501,,Surface,nanoCC,1,1913,
0.245015,,Surface,nanoCC,1,1914,
0.245011,,Surface,nanoCC,1,1915,
0.245004,,Surface,nanoCC,1,1916,
0.564004,,Surface,nanoCC,1,1917,
0.436634,,Surface,nanoCC,1,1918,
0.364418,,Surface,nanoCC,1,1919,
0.245014,,Surface,nanoCC,1,1920,
0.645581,,Surface,nanoCC,1,1921,
0.376422,,Surface,nanoCC,1,1922,
0.364422,,Surface,nanoCC,1,1923,
0.19661,,Surface,nanoCC,1,1924,
0.549043,,Surface,nanoCC,1,1925,
0.911613,,Surface,nanoCC,1,1926,
0.262108,,Surface,nanoCC,1,1927,
0.150719,,Surface,nanoCC,1,1928,
0.184082,,Surface,nanoCC,1,1929,
0.396993,,Surface,nanoCC,1,1930,
0.44047,,Surface,nanoCC,1,1931,
0.319489,,Surface,nanoCC,1,1932,
0.558404,,Surface,nanoCC,1,1933,
0.364417,,Surface,nanoCC,1,1934,
0.245011,,Surface,nanoCC,1,1935,
0.434625,,Surface,nanoCC,1,1936,
0.364425,,Surface,nanoCC,1,1937,
0.49391,,Surface,nanoCC,1,1938,
0.203776,,Surface,nanoCC,1,1939,
0.911627,,Surface,nanoCC,1,1940,
0.184091,,Surface,nanoCC,1,1941,
0.364413,,Surface,nanoCC,1,1942,
0.364422,,Surface,nanoCC,1,1943,
0.319122,,Surface,nanoCC,1,1944,
0.46891,,Surface,nanoCC,1,1945,
0.144682,,Surface,nanoCC,1,1946,
0.558385,,Surface,nanoCC,1,1947,
0.911681,,Surface,nanoCC,1,1948,
0.558391,,Surface,nanoCC,1,1949,
0.196623,,Surface,nanoCC,1,1950,
0.245004,,Surface,nanoCC,1,1951,
0.460753,,Surface,nanoCC,1,1952,
0.327781,,Surface,nanoCC,1,1953,
0.245001,,Surface,nanoCC,1,1954,
0.335046,,Surface,nanoCC,1,1955,
0.184074,,Surface,nanoCC,1,1956,
0.537289,,Surface,nanoCC,1,1957,
0.641904,,Surface,nanoCC,1,1958,
0.514527,,Surface,nanoCC,1,1959,
0.184078,,Surface,nanoCC,1,1960,
0.245014,,Surface,nanoCC,1,1961,
0.319145,,Surface,nanoCC,1,1962,
0.280935,,Surface,nanoCC,1,1963,
0.18408,,Surface,nanoCC,1,1964,
0.357273,,Surface,nanoCC,1,1965,
0.196616,,Surface,nanoCC,1,1966,
0.535497,,Surface,nanoCC,1,1967,
0.354243,,Surface,nanoCC,1,1968,
0.244996,,Surface,nanoCC,1,1969,
0.396946,,Surface,nanoCC,1,1970,
0.0765897,,Surface,nanoCC,1,1971,
0.467223,,Surface,nanoCC,1,1972,
0.245013,,Surface,nanoCC,1,1973,
0.245011,,Surface,nanoCC,1,1974,
0.343262,,Surface,nanoCC,1,1975,
0.196617,,Surface,nanoCC,1,1976,
0.270943,,Surface,nanoCC,1,1977,
0.7861,,Surface,nanoCC,1,1978,
0.549167,,Surface,nanoCC,1,1979,
0.262097,,Surface,nanoCC,1,1980,
0.329035,,Surface,nanoCC,1,1981,
0.364425,,Surface,nanoCC,1,1982,
0.911681,,Surface,nanoCC,1,1983,
0.420717,,Surface,nanoCC,1,1984,
0.13614,,Surface,nanoCC,1,1985,
0.196618,,Surface,nanoCC,1,1986,
0.383772,,Surface,nanoCC,1,1987,
0.91168,,Surface,nanoCC,1,1988,
0.911682,,Surface,nanoCC,1,1989,
0.911681,,Surface,nanoCC,1,1990,
0.150711,,Surface,nanoCC,1,1991,
0.485627,,Surface,nanoCC,1,1992,
0.613915,,Surface,nanoCC,1,1993,
0.18408,,Surface,nanoCC,1,1994,
0.549964,,Surface,nanoCC,1,1995,
0.911678,,Surface,nanoCC,1,1996,
0.245011,,Surface,nanoCC,1,1997,
0.371834,,Surface,nanoCC,1,1998,
0.464924,,Surface,nanoCC,1,1999,
0.558381,,Surface,nanoCC,1,2000,
0.305576,,Surface,nanoCC,1,2001,
0.353652,,Surface,nanoCC,1,2002,
0.383774,,Surface,nanoCC,1,2003,
0.558379,,Surface,nanoCC,1,2004,
0.294815,,Surface,nanoCC,1,2005,
0.483787,,Surface,nanoCC,1,2006,
0.392103,,Surface,nanoCC,1,2007,
0.638869,,Surface,nanoCC,1,2008,
0.245014,,Surface,nanoCC,1,2009,
0.245005,,Surface,nanoCC,1,2010,
0.35542,,Surface,nanoCC,1,2011,
0.646405,,Surface,nanoCC,1,2012,
0.144676,,Surface,nanoCC,1,2013,
0.911613,,Surface,nanoCC,1,2014,
0.230397,,Surface,nanoCC,1,2015,
0.503898,,Surface,nanoCC,1,2016,
0.144689,,Surface,nanoCC,1,2017,
0.911654,,Surface,nanoCC,1,2018,
0.650396,,Surface,nanoCC,1,2019,
0.558388,,Surface,nanoCC,1,2020,
0.80582,,Surface,nanoCC,1,2021,
0.764605,,Surface,nanoCC,1,2022,
0.479767,,Surface,nanoCC,1,2023,
0.911681,,Surface,nanoCC,1,2024,
0.26374,,Surface,nanoCC,1,2025,
0.495788,,Surface,nanoCC,1,2026,
0.364418,,Surface,nanoCC,1,2027,
0.382144,,Surface,nanoCC,1,2028,
0.507972,,Surface,nanoCC,1,2029,
0.245004,,Surface,nanoCC,1,2030,
0.364422,,Surface,nanoCC,1,2031,
0.540543,,Surface,nanoCC,1,2032,
0.014533,,Surface,nanoCC,1,2033,
0.449292,,Surface,nanoCC,1,2034,
0.327956,,Surface,nanoCC,1,2035,
0.490152,,Surface,nanoCC,1,2036,
0.417804,,Surface,nanoCC,1,2037,
0.239581,,Surface,nanoCC,1,2038,
0.444106,,Surface,nanoCC,1,2039,
0.450757,,Surface,nanoCC,1,2040,
0.245015,,Surface,nanoCC,1,2041,
0.642666,,Surface,nanoCC,1,2042,
0.188156,,Surface,nanoCC,1,2043,
0.245001,,Surface,nanoCC,1,2044,
0.193408,,Surface,nanoCC,1,2045,
0.614856,,Surface,nanoCC,1,2046,
0.245014,,Surface,nanoCC,1,2047,
0.32705,,Surface,nanoCC,1,2048,
0.195668,,Surface,nanoCC,1,2049,
0.196609,,Surface,nanoCC,1,2050,
0.287073,,Surface,nanoCC,1,2051,
0.196616,,Surface,nanoCC,1,2052,
0.361405,,Surface,nanoCC,1,2053,
0.548321,,Surface,nanoCC,1,2054,
0.612178,,Surface,nanoCC,1,2055,
0.358965,,Surface,nanoCC,1,2056,
0.707939,,Surface,nanoCC,1,2057,
0.558373,,Surface,nanoCC,1,2058,
0.364428,,Surface,nanoCC,1,2059,
0.426223,,Surface,nanoCC,1,2060,
0.203761,,Surface,nanoCC,1,2061,
0.531283,,Surface,nanoCC,1,2062,
0.579663,,Surface,nanoCC,1,2063,
0.558379,,Surface,nanoCC,1,2064,
0.351231,,Surface,nanoCC,1,2065,
0.283855,,Surface,nanoCC,1,2066,
0.445276,,Surface,nanoCC,1,2067,
0.535485,,Surface,nanoCC,1,2068,
0.558392,,Surface,nanoCC,1,2069,
0.427832,,Surface,nanoCC,1,2070,
0.26011,,Surface,nanoCC,1,2071,
0.331711,,Surface,nanoCC,1,2072,
0.509592,,Surface,nanoCC,1,2073,
0.624238,,Surface,nanoCC,1,2074,
0.533839,,Surface,nanoCC,1,2075,
0.19663,,Surface,nanoCC,1,2076,
0.28305,,Surface,nanoCC,1,2077,
0.203763,,Surface,nanoCC,1,2078,
0.273949,,Surface,nanoCC,1,2079,
0.585236,,Surface,nanoCC,1,2080,
0.245011,,Surface,nanoCC,1,2081,
0.527913,,Surface,nanoCC,1,2082,
0.245014,,Surface,nanoCC,1,2083,
0.263742,,Surface,nanoCC,1,2084,
0.911676,,Surface,nanoCC,1,2085,
0.911625,,Surface,nanoCC,1,2086,
0.558379,,Surface,nanoCC,1,2087,
0.262095,,Surface,nanoCC,1,2088,
0.0145651,,Surface,nanoCC,1,2089,
0.911626,,Surface,nanoCC,1,2090,
0.439186,,Surface,nanoCC,1,2091,
0.401077,,Surface,nanoCC,1,2092,
0.116336,,Surface,nanoCC,1,2093,
0.203772,,Surface,nanoCC,1,2094,
0.245008,,Surface,nanoCC,1,2095,
0.196626,,Surface,nanoCC,1,2096,
0.327942,,Surface,nanoCC,1,2097,
0.245001,,Surface,nanoCC,1,2098,
0.238277,,Surface,nanoCC,1,2099,
0.573895,,Surface,nanoCC,1,2100,
0.55839,,Surface,nanoCC,1,2101,
0.420531,,Surface,nanoCC,1,2102,
0.53952,,Surface,nanoCC,1,2103,
0.243889,,Surface,nanoCC,1,2104,
0.365519,,Surface,nanoCC,1,2105,
0.612396,,Surface,nanoCC,1,2106,
0.911624,,Surface,nanoCC,1,2107,
0.911669,,Surface,nanoCC,1,2108,
0.245009,,Surface,nanoCC,1,2109,
0.18409,,Surface,nanoCC,1,2110,
0.647811,,Surface,nanoCC,1,2111,
0.245008,,Surface,nanoCC,1,2112,
0.647033,,Surface,nanoCC,1,2113,
0.434122,,Surface,nanoCC,1,2114,
0.53405,,Surface,nanoCC,1,2115,
0.485059,,Surface,nanoCC,1,2116,
0.346397,,Surface,nanoCC,1,2117,
0.245013,,Surface,nanoCC,1,2118,
0.256723,,Surface,nanoCC,1,2119,
0.203766,,Surface,nanoCC,1,2120,
0.484622,,Surface,nanoCC,1,2121,
0.278762,,Surface,nanoCC,1,2122,
0.741369,,Surface,nanoCC,1,2123,
0.466949,,Surface,nanoCC,1,2124,
0.327047,,Surface,nanoCC,1,2125,
0.392095,,Surface,nanoCC,1,2126,
0.573048,,Surface,nanoCC,1,2127,
0.61265,,Surface,nanoCC,1,2128,
0.245023,,Surface,nanoCC,1,2129,
0.911674,,Surface,nanoCC,1,2130,
0.262106,,Surface,nanoCC,1,2131,
0.534047,,Surface,nanoCC,1,2132,
0.245028,,Surface,nanoCC,1,2133,
0.196632,,Surface,nanoCC,1,2134,
0.447575,,Surface,nanoCC,1,2135,
0.437669,,Surface,nanoCC,1,2136,
0.150733,,Surface,nanoCC,1,2137,
0.91168,,Surface,nanoCC,1,2138,
0.911671,,Surface,nanoCC,1,2139,
0.729714,,Surface,nanoCC,1,2140,
0.376441,,Surface,nanoCC,1,2141,
0.245002,,Surface,nanoCC,1,2142,
0.262095,,Surface,nanoCC,1,2143,
0.280943,,Surface,nanoCC,1,2144,
0.374716,,Surface,nanoCC,1,2145,
0.532705,,Surface,nanoCC,1,2146,
0.327048,,Surface,nanoCC,1,2147,
0.245015,,Surface,nanoCC,1,2148,
0.911647,,Surface,nanoCC,1,2149,
0.91168,,Surface,nanoCC,1,2150,
0.150715,,Surface,nanoCC,1,2151,
0.455256,,Surface,nanoCC,1,2152,
0.911655,,Surface,nanoCC,1,2153,
0.245001,,Surface,nanoCC,1,2154,
0.196629,,Surface,nanoCC,1,2155,
0.245015,,Surface,nanoCC,1,2156,
0.911681,,Surface,nanoCC,1,2157,
0.572752,,Surface,nanoCC,1,2158,
0.625009,,Surface,nanoCC,1,2159,
0.525443,,Surface,nanoCC,1,2160,
0.450776,,Surface,nanoCC,1,2161,
0.150714,,Surface,nanoCC,1,2162,
0.299056,,Surface,nanoCC,1,2163,
0.364422,,Surface,nanoCC,1,2164,
0.911681,,Surface,nanoCC,1,2165,
0.364425,,Surface,nanoCC,1,2166,
0.774017,,Surface,nanoCC,1,2167,
0.611288,,Surface,nanoCC,1,2168,
0.250159,,Surface,nanoCC,1,2169,
0.574344,,Surface,nanoCC,1,2170,
0.634319,,Surface,nanoCC,1,2171,
0.262097,,Surface,nanoCC,1,2172,
0.364417,,Surface,nanoCC,1,2173,
0.91168,,Surface,nanoCC,1,2174,
0.870019,,Surface,nanoCC,1,2175,
0.446274,,Surface,nanoCC,1,2176,
0.589614,,Surface,nanoCC,1,2177,
0.309908,,Surface,nanoCC,1,2178,
0.589081,,Surface,nanoCC,1,2179,
0.327937,,Surface,nanoCC,1,2180,
0.245015,,Surface,nanoCC,1,2181,
0.391929,,Surface,nanoCC,1,2182,
0.618121,,Surface,nanoCC,1,2183,
0.705378,,Surface,nanoCC,1,2184,
0.558372,,Surface,nanoCC,1,2185,
0.364421,,Surface,nanoCC,1,2186,
0.362515,,Surface,nanoCC,1,2187,
0.36442,,Surface,nanoCC,1,2188,
0.558398,,Surface,nanoCC,1,2189,
0.327939,,Surface,nanoCC,1,2190,
0.376421,,Surface,nanoCC,1,2191,
0.364418,,Surface,nanoCC,1,2192,
0.445869,,Surface,nanoCC,1,2193,
0.450728,,Surface,nanoCC,1,2194,
0.410666,,Surface,nanoCC,1,2195,
0.196617,,Surface,nanoCC,1,2196,
0.203772,,Surface,nanoCC,1,2197,
0.203777,,Surface,nanoCC,1,2198,
0.472281,,Surface,nanoCC,1,2199,
0.196632,,Surface,nanoCC,1,2200,
0.579529,,Surface,nanoCC,1,2201,
0.327947,,Surface,nanoCC,1,2202,
0.558389,,Surface,nanoCC,1,2203,
0.29348,,Surface,nanoCC,1,2204,
0.911678,,Surface,nanoCC,1,2205,
0.196624,,Surface,nanoCC,1,2206,
0.245011,,Surface,nanoCC,1,2207,
0.303699,,Surface,nanoCC,1,2208,
0.434139,,Surface,nanoCC,1,2209,
0.363122,,Surface,nanoCC,1,2210,
0.534485,,Surface,nanoCC,1,2211,
0.257046,,Surface,nanoCC,1,2212,
0.345404,,Surface,nanoCC,1,2213,
0.33198,,Surface,nanoCC,1,2214,
0.245015,,Surface,nanoCC,1,2215,
0.369649,,Surface,nanoCC,1,2216,
0.522252,,Surface,nanoCC,1,2217,
0.364415,,Surface,nanoCC,1,2218,
0.180891,,Surface,nanoCC,1,2219,
0.911672,,Surface,nanoCC,1,2220,
0.403667,,Surface,nanoCC,1,2221,
0.393548,,Surface,nanoCC,1,2222,
0.508744,,Surface,nanoCC,1,2223,
0.245006,,Surface,nanoCC,1,2224,
0.245012,,Surface,nanoCC,1,2225,
0.193413,,Surface,nanoCC,1,2226,
0.475896,,Surface,nanoCC,1,2227,
0.364419,,Surface,nanoCC,1,2228,
0.254965,,Surface,nanoCC,1,2229,
0.911681,,Surface,nanoCC,1,2230,
0.524803,,Surface,nanoCC,1,2231,
0.911681,,Surface,nanoCC,1,2232,
0.559829,,Surface,nanoCC,1,2233,
0.391671,,Surface,nanoCC,1,2234,
0.272529,,Surface,nanoCC,1,2235,
0.150707,,Surface,nanoCC,1,2236,
0.375608,,Surface,nanoCC,1,2237,
0.270647,,Surface,nanoCC,1,2238,
0.371168,,Surface,nanoCC,1,2239,
0.911678,,Surface,nanoCC,1,2240,
0.257426,,Surface,nanoCC,1,2241,
0.520802,,Surface,nanoCC,1,2242,
0.336276,,Surface,nanoCC,1,2243,
0.569894,,Surface,nanoCC,1,2244,
0.55787,,Surface,nanoCC,1,2245,
0.558405,,Surface,nanoCC,1,2246,
0.144679,,Surface,nanoCC,1,2247,
0.911678,,Surface,nanoCC,1,2248,
0.745576,,Surface,nanoCC,1,2249,
0.180887,,Surface,nanoCC,1,2250,
0.364427,,Surface,nanoCC,1,2251,
0.437797,,Surface,nanoCC,1,2252,
0.1912,,Surface,nanoCC,1,2253,
0.273574,,Surface,nanoCC,1,2254,
0.320118,,Surface,nanoCC,1,2255,
0.557704,,Surface,nanoCC,1,2256,
0.558389,,Surface,nanoCC,1,2257,
0.245014,,Surface,nanoCC,1,2258,
0.391928,,Surface,nanoCC,1,2259,
0.40401,,Surface,nanoCC,1,2260,
0.19662,,Surface,nanoCC,1,2261,
0.412794,,Surface,nanoCC,1,2262,
0.356917,,Surface,nanoCC,1,2263,
0.457575,,Surface,nanoCC,1,2264,
0.196616,,Surface,nanoCC,1,2265,
0.364428,,Surface,nanoCC,1,2266,
0.627039,,Surface,nanoCC,1,2267,
0.440481,,Surface,nanoCC,1,2268,
0.524067,,Surface,nanoCC,1,2269,
0.263738,,Surface,nanoCC,1,2270,
0.324255,,Surface,nanoCC,1,2271,
0.245011,,Surface,nanoCC,1,2272,
0.475899,,Surface,nanoCC,1,2273,
0.245025,,Surface,nanoCC,1,2274,
0.364419,,Surface,nanoCC,1,2275,
0.203765,,Surface,nanoCC,1,2276,
0.681082,,Surface,nanoCC,1,2277,
0.361906,,Surface,nanoCC,1,2278,
0.150722,,Surface,nanoCC,1,2279,
0.911668,,Surface,nanoCC,1,2280,
0.388129,,Surface,nanoCC,1,2281,
0.351234,,Surface,nanoCC,1,2282,
0.327039,,Surface,nanoCC,1,2283,
0.589868,,Surface,nanoCC,1,2284,
0.180876,,Surface,nanoCC,1,2285,
0.911678,,Surface,nanoCC,1,2286,
0.389768,,Surface,nanoCC,1,2287,
0.392095,,Surface,nanoCC,1,2288,
0.245015,,Surface,nanoCC,1,2289,
0.327945,,Surface,nanoCC,1,2290,
0.184082,,Surface,nanoCC,1,2291,
0.180893,,Surface,nanoCC,1,2292,
0.364425,,Surface,nanoCC,1,2293,
0.325022,,Surface,nanoCC,1,2294,
0.649127,,Surface,nanoCC,1,2295,
0.558398,,Surface,nanoCC,1,2296,
0.245009,,Surface,nanoCC,1,2297,
0.351129,,Surface,nanoCC,1,2298,
0.278758,,Surface,nanoCC,1,2299,
0.328473,,Surface,nanoCC,1,2300,
0.510702,,Surface,nanoCC,1,2301,
0.444879,,Surface,nanoCC,1,2302,
0.245008,,Surface,nanoCC,1,2303,
0.780217,,Surface,nanoCC,1,2304,
0.472581,,Surface,nanoCC,1,2305,
0.150719,,Surface,nanoCC,1,2306,
0.643279,,Surface,nanoCC,1,2307,
0.257291,,Surface,nanoCC,1,2308,
0.337462,,Surface,nanoCC,1,2309,
0.559256,,Surface,nanoCC,1,2310,
0.644725,,Surface,nanoCC,1,2311,
0.558382,,Surface,nanoCC,1,2312,
0.303411,,Surface,nanoCC,1,2313,
0.245006,,Surface,nanoCC,1,2314,
0.0936138,,Surface,nanoCC,1,2315,
0.482931,,Surface,nanoCC,1,2316,
0.437483,,Surface,nanoCC,1,2317,
0.911672,,Surface,nanoCC,1,2318,
0.364425,,Surface,nanoCC,1,2319,
0.245014,,Surface,nanoCC,1,2320,
0.36442,,Surface,nanoCC,1,2321,
0.245002,,Surface,nanoCC,1,2322,
0.542552,,Surface,nanoCC,1,2323,
0.36442,,Surface,nanoCC,1,2324,
0.364419,,Surface,nanoCC,1,2325,
0.558385,,Surface,nanoCC,1,2326,
0.245006,,Surface,nanoCC,1,2327,
0.371824,,Surface,nanoCC,1,2328,
0.671775,,Surface,nanoCC,1,2329,
0.911653,,Surface,nanoCC,1,2330,
0.911671,,Surface,nanoCC,1,2331,
0.0765955,,Surface,nanoCC,1,2332,
0.91168,,Surface,nanoCC,1,2333,
0.184083,,Surface,nanoCC,1,2334,
0.339537,,Surface,nanoCC,1,2335,
0.911681,,Surface,nanoCC,1,2336,
0.245014,,Surface,nanoCC,1,2337,
0.24501,,Surface,nanoCC,1,2338,
0.358996,,Surface,nanoCC,1,2339,
0.31154,,Surface,nanoCC,1,2340,
0.262091,,Surface,nanoCC,1,2341,
0.0765928,,Surface,nanoCC,1,2342,
0.619353,,Surface,nanoCC,1,2343,
0.911655,,Surface,nanoCC,1,2344,
0.416699,,Surface,nanoCC,1,2345,
0.558388,,Surface,nanoCC,1,2346,
0.597059,,Surface,nanoCC,1,2347,
0.245013,,Surface,nanoCC,1,2348,
0.590603,,Surface,nanoCC,1,2349,
0.076595,,Surface,nanoCC,1,2350,
0.150722,,Surface,nanoCC,1,2351,
0.610659,,Surface,nanoCC,1,2352,
0.304166,,Surface,nanoCC,1,2353,
0.327275,,Surface,nanoCC,1,2354,
0.184078,,Surface,nanoCC,1,2355,
0.547049,,Surface,nanoCC,1,2356,
0.593426,,Surface,nanoCC,1,2357,
0.238274,,Surface,nanoCC,1,2358,
0.180893,,Surface,nanoCC,1,2359,
0.196622,,Surface,nanoCC,1,2360,
0.352116,,Surface,nanoCC,1,2361,
0.280933,,Surface,nanoCC,1,2362,
0.196619,,Surface,nanoCC,1,2363,
0.669818,,Surface,nanoCC,1,2364,
0.203766,,Surface,nanoCC,1,2365,
0.618999,,Surface,nanoCC,1,2366,
0.554218,,Surface,nanoCC,1,2367,
0.911681,,Surface,nanoCC,1,2368,
0.150697,,Surface,nanoCC,1,2369,
0.521978,,Surface,nanoCC,1,2370,
0.283036,,Surface,nanoCC,1,2371,
0.485987,,Surface,nanoCC,1,2372,
0.91168,,Surface,nanoCC,1,2373,
0.245002,,Surface,nanoCC,1,2374,
0.245009,,Surface,nanoCC,1,2375,
0.690557,,Surface,nanoCC,1,2376,
0.245011,,Surface,nanoCC,1,2377,
0.306084,,Surface,nanoCC,1,2378,
0.203771,,Surface,nanoCC,1,2379,
0.184074,,Surface,nanoCC,1,2380,
0.726729,,Surface,nanoCC,1,2381,
0.91168,,Surface,nanoCC,1,2382,
0.245014,,Surface,nanoCC,1,2383,
0.420056,,Surface,nanoCC,1,2384,
0.0765882,,Surface,nanoCC,1,2385,
0.346423,,Surface,nanoCC,1,2386,
0.517632,,Surface,nanoCC,1,2387,
0.467011,,Surface,nanoCC,1,2388,
0.485216,,Surface,nanoCC,1,2389,
0.911653,,Surface,nanoCC,1,2390,
0.0765917,,Surface,nanoCC,1,2391,
0.481257,,Surface,nanoCC,1,2392,
0.558391,,Surface,nanoCC,1,2393,
0.24502,,Surface,nanoCC,1,2394,
0.558388,,Surface,nanoCC,1,2395,
0.497185,,Surface,nanoCC,1,2396,
0.666094,,Surface,nanoCC,1,2397,
0.196616,,Surface,nanoCC,1,2398,
0.245015,,Surface,nanoCC,1,2399,
0.420517,,Surface,nanoCC,1,2400,
0.245013,,Surface,nanoCC,1,2401,
0.404015,,Surface,nanoCC,1,2402,
0.558405,,Surface,nanoCC,1,2403,
0.273559,,Surface,nanoCC,1,2404,
0.0765874,,Surface,nanoCC,1,2405,
0.897702,,Surface,nanoCC,1,2406,
0.911655,,Surface,nanoCC,1,2407,
0.911673,,Surface,nanoCC,1,2408,
0.364422,,Surface,nanoCC,1,2409,
0.911655,,Surface,nanoCC,1,2410,
0.911674,,Surface,nanoCC,1,2411,
0.474343,,Surface,nanoCC,1,2412,
0.911682,,Surface,nanoCC,1,2413,
0.36442,,Surface,nanoCC,1,2414,
0.196629,,Surface,nanoCC,1,2415,
0.629706,,Surface,nanoCC,1,2416,
0.373136,,Surface,nanoCC,1,2417,
0.911678,,Surface,nanoCC,1,2418,
0.319124,,Surface,nanoCC,1,2419,
0.558405,,Surface,nanoCC,1,2420,
0.523799,,Surface,nanoCC,1,2421,
0.203781,,Surface,nanoCC,1,2422,
0.372043,,Surface,nanoCC,1,2423,
0.911669,,Surface,nanoCC,1,2424,
0.184083,,Surface,nanoCC,1,2425,
0.36552,,Surface,nanoCC,1,2426,
0.26211,,Surface,nanoCC,1,2427,
0.572027,,Surface,nanoCC,1,2428,
0.558391,,Surface,nanoCC,1,2429,
0.274064,,Surface,nanoCC,1,2430,
0.3203,,Surface,nanoCC,1,2431,
0.911674,,Surface,nanoCC,1,2432,
0.703829,,Surface,nanoCC,1,2433,
0.184088,,Surface,nanoCC,1,2434,
0.22525,,Surface,nanoCC,1,2435,
0.260553,,Surface,nanoCC,1,2436,
0.364418,,Surface,nanoCC,1,2437,
0.404205,,Surface,nanoCC,1,2438,
0.362039,,Surface,nanoCC,1,2439,
0.435827,,Surface,nanoCC,1,2440,
0.504851,,Surface,nanoCC,1,2441,
0.753096,,Surface,nanoCC,1,2442,
0.373496,,Surface,nanoCC,1,2443,
0.28094,,Surface,nanoCC,1,2444,
0.558391,,Surface,nanoCC,1,2445,
0.245009,,Surface,nanoCC,1,2446,
0.911651,,Surface,nanoCC,1,2447,
0.44183,,Surface,nanoCC,1,2448,
0.911628,,Surface,nanoCC,1,2449,
0.245001,,Surface,nanoCC,1,2450,
0.639993,,Surface,nanoCC,1,2451,
0.364425,,Surface,nanoCC,1,2452,
0.188248,,Surface,nanoCC,1,2453,
0.558382,,Surface,nanoCC,1,2454,
0.196623,,Surface,nanoCC,1,2455,
0.371837,,Surface,nanoCC,1,2456,
0.19662,,Surface,nanoCC,1,2457,
0.196631,,Surface,nanoCC,1,2458,
0.076595,,Surface,nanoCC,1,2459,
0.911671,,Surface,nanoCC,1,2460,
0.273572,,Surface,nanoCC,1,2461,
0.308216,,Surface,nanoCC,1,2462,
0.439188,,Surface,nanoCC,1,2463,
0.615202,,Surface,nanoCC,1,2464,
0.245023,,Surface,nanoCC,1,2465,
0.364415,,Surface,nanoCC,1,2466,
0.364419,,Surface,nanoCC,1,2467,
0.364423,,Surface,nanoCC,1,2468,
0.512558,,Surface,nanoCC,1,2469,
0.364426,,Surface,nanoCC,1,2470,
0.193414,,Surface,nanoCC,1,2471,
0.558381,,Surface,nanoCC,1,2472,
0.558389,,Surface,nanoCC,1,2473,
0.278705,,Surface,nanoCC,1,2474,
0.558398,,Surface,nanoCC,1,2475,
0.319122,,Surface,nanoCC,1,2476,
0.638554,,Surface,nanoCC,1,2477,
0.63139,,Surface,nanoCC,1,2478,
0.180896,,Surface,nanoCC,1,2479,
0.370658,,Surface,nanoCC,1,2480,
0.20379,,Surface,nanoCC,1,2481,
0.245009,,Surface,nanoCC,1,2482,
0.150727,,Surface,nanoCC,1,2483,
0.407723,,Surface,nanoCC,1,2484,
0.579511,,Surface,nanoCC,1,2485,
0.364419,,Surface,nanoCC,1,2486,
0.91168,,Surface,nanoCC,1,2487,
0.911625,,Surface,nanoCC,1,2488,
0.245014,,Surface,nanoCC,1,2489,
0.196628,,Surface,nanoCC,1,2490,
0.18408,,Surface,nanoCC,1,2491,
0.572754,,Surface,nanoCC,1,2492,
0.669278,,Surface,nanoCC,1,2493,
0.245019,,Surface,nanoCC,1,2494,
0.144679,,Surface,nanoCC,1,2495,
0.331805,,Surface,nanoCC,1,2496,
0.480614,,Surface,nanoCC,1,2497,
0.245014,,Surface,nanoCC,1,2498,
0.911674,,Surface,nanoCC,1,2499,
0.55395,,Surface,nanoCC,1,2500,
0.196616,,Surface,nanoCC,1,2501,
0.245001,,Surface,nanoCC,1,2502,
0.911681,,Surface,nanoCC,1,2503,
0.758276,,Surface,nanoCC,1,2504,
0.911678,,Surface,nanoCC,1,2505,
0.364416,,Surface,nanoCC,1,2506,
0.331086,,Surface,nanoCC,1,2507,
0.184098,,Surface,nanoCC,1,2508,
0.465989,,Surface,nanoCC,1,2509,
0.327955,,Surface,nanoCC,1,2510,
0.19663,,Surface,nanoCC,1,2511,
0.36442,,Surface,nanoCC,1,2512,
0.409192,,Surface,nanoCC,1,2513,
0.203779,,Surface,nanoCC,1,2514,
0.0765917,,Surface,nanoCC,1,2515,
0.196622,,Surface,nanoCC,1,2516,
0.911669,,Surface,nanoCC,1,2517,
0.48283,,Surface,nanoCC,1,2518,
0.91168,,Surface,nanoCC,1,2519,
0.385712,,Surface,nanoCC,1,2520,
0.891805,,Surface,nanoCC,1,2521,
0.911678,,Surface,nanoCC,1,2522,
0.245014,,Surface,nanoCC,1,2523,
0.327047,,Surface,nanoCC,1,2524,
0.19662,,Surface,nanoCC,1,2525,
0.558396,,Surface,nanoCC,1,2526,
0.245015,,Surface,nanoCC,1,2527,
0.544721,,Surface,nanoCC,1,2528,
0.364417,,Surface,nanoCC,1,2529,
0.328921,,Surface,nanoCC,1,2530,
0.527507,,Surface,nanoCC,1,2531,
0.627344,,Surface,nanoCC,1,2532,
0.421842,,Surface,nanoCC,1,2533,
0.546727,,Surface,nanoCC,1,2534,
0.91168,,Surface,nanoCC,1,2535,
0.196627,,Surface,nanoCC,1,2536,
0.626228,,Surface,nanoCC,1,2537,
0.911628,,Surface,nanoCC,1,2538,
0.911667,,Surface,nanoCC,1,2539,
0.899302,,Surface,nanoCC,1,2540,
0.245008,,Surface,nanoCC,1,2541,
0.144684,,Surface,nanoCC,1,2542,
0.364425,,Surface,nanoCC,1,2543,
0.479917,,Surface,nanoCC,1,2544,
0.245008,,Surface,nanoCC,1,2545,
0.464571,,Surface,nanoCC,1,2546,
0.853274,,Surface,nanoCC,1,2547,
0.364424,,Surface,nanoCC,1,2548,
0.245014,,Surface,nanoCC,1,2549,
0.91168,,Surface,nanoCC,1,2550,
0.245015,,Surface,nanoCC,1,2551,
0.24501,,Surface,nanoCC,1,2552,
0.196626,,Surface,nanoCC,1,2553,
0.911667,,Surface,nanoCC,1,2554,
0.327938,,Surface,nanoCC,1,2555,
0.196622,,Surface,nanoCC,1,2556,
0.558388,,Surface,nanoCC,1,2557,
0.40827,,Surface,nanoCC,1,2558,
0.116333,,Surface,nanoCC,1,2559,
0.558381,,Surface,nanoCC,1,2560,
0.245013,,Surface,nanoCC,1,2561,
0.309929,,Surface,nanoCC,1,2562,
0.203761,,Surface,nanoCC,1,2563,
0.364417,,Surface,nanoCC,1,2564,
0.150731,,Surface,nanoCC,1,2565,
0.91168,,Surface,nanoCC,1,2566,
0.730582,,Surface,nanoCC,1,2567,
0.294438,,Surface,nanoCC,1,2568,
0.364427,,Surface,nanoCC,1,2569,
0.364424,,Surface,nanoCC,1,2570,
0.64017,,Surface,nanoCC,1,2571,
0.553898,,Surface,nanoCC,1,2572,
0.144674,,Surface,nanoCC,1,2573,
0.346433,,Surface,nanoCC,1,2574,
0.509782,,Surface,nanoCC,1,2575,
0.558398,,Surface,nanoCC,1,2576,
0.434115,,Surface,nanoCC,1,2577,
0.616671,,Surface,nanoCC,1,2578,
0.558391,,Surface,nanoCC,1,2579,
0.400021,,Surface,nanoCC,1,2580,
0.196627,,Surface,nanoCC,1,2581,
0.280388,,Surface,nanoCC,1,2582,
0.262103,,Surface,nanoCC,1,2583,
0.741649,,Surface,nanoCC,1,2584,
0.203779,,Surface,nanoCC,1,2585,
0.37252,,Surface,nanoCC,1,2586,
0.291209,,Surface,nanoCC,1,2587,
0.203763,,Surface,nanoCC,1,2588,
0.293039,,Surface,nanoCC,1,2589,
0.772171,,Surface,nanoCC,1,2590,
0.309919,,Surface,nanoCC,1,2591,
0.558405,,Surface,nanoCC,1,2592,
0.203771,,Surface,nanoCC,1,2593,
0.351132,,Surface,nanoCC,1,2594,
0.443945,,Surface,nanoCC,1,2595,
0.433935,,Surface,nanoCC,1,2596,
0.196627,,Surface,nanoCC,1,2597,
0.196617,,Surface,nanoCC,1,2598,
0.443658,,Surface,nanoCC,1,2599,
0.911678,,Surface,nanoCC,1,2600,
0.911674,,Surface,nanoCC,1,2601,
0.574321,,Surface,nanoCC,1,2602,
0.561025,,Surface,nanoCC,1,2603,
0.558372,,Surface,nanoCC,1,2604,
0.188149,,Surface,nanoCC,1,2605,
0.569716,,Surface,nanoCC,1,2606,
0.376425,,Surface,nanoCC,1,2607,
0.364427,,Surface,nanoCC,1,2608,
0.245009,,Surface,nanoCC,1,2609,
0.604727,,Surface,nanoCC,1,2610,
0.196623,,Surface,nanoCC,1,2611,
0.150706,,Surface,nanoCC,1,2612,
0.327041,,Surface,nanoCC,1,2613,
0.911653,,Surface,nanoCC,1,2614,
0.180903,,Surface,nanoCC,1,2615,
0.245012,,Surface,nanoCC,1,2616,
0.364422,,Surface,nanoCC,1,2617,
0.196631,,Surface,nanoCC,1,2618,
0.638812,,Surface,nanoCC,1,2619,
0.911678,,Surface,nanoCC,1,2620,
0.18815,,Surface,nanoCC,1,2621,
0.245009,,Surface,nanoCC,1,2622,
0.558407,,Surface,nanoCC,1,2623,
0.364418,,Surface,nanoCC,1,2624,
0.24501,,Surface,nanoCC,1,2625,
0.558381,,Surface,nanoCC,1,2626,
0.911646,,Surface,nanoCC,1,2627,
0.184097,,Surface,nanoCC,1,2628,
0.550525,,Surface,nanoCC,1,2629,
0.196631,,Surface,nanoCC,1,2630,
0.196625,,Surface,nanoCC,1,2631,
0.499332,,Surface,nanoCC,1,2632,
0.144682,,Surface,nanoCC,1,2633,
0.238273,,Surface,nanoCC,1,2634,
0.654836,,Surface,nanoCC,1,2635,
0.114684,,Surface,nanoCC,1,2636,
0.91164,,Surface,nanoCC,1,2637,
0.344373,,Surface,nanoCC,1,2638,
0.558373,,Surface,nanoCC,1,2639,
0.364427,,Surface,nanoCC,1,2640,
0.36442,,Surface,nanoCC,1,2641,
0.373141,,Surface,nanoCC,1,2642,
0.516711,,Surface,nanoCC,1,2643,
0.245011,,Surface,nanoCC,1,2644,
0.911653,,Surface,nanoCC,1,2645,
0.262102,,Surface,nanoCC,1,2646,
0.68629,,Surface,nanoCC,1,2647,
0.551353,,Surface,nanoCC,1,2648,
0.911678,,Surface,nanoCC,1,2649,
0.911678,,Surface,nanoCC,1,2650,
0.911678,,Surface,nanoCC,1,2651,
0.196622,,Surface,nanoCC,1,2652,
0.355566,,Surface,nanoCC,1,2653,
0.35122,,Surface,nanoCC,1,2654,
0.364413,,Surface,nanoCC,1,2655,
0.180897,,Surface,nanoCC,1,2656,
0.558407,,Surface,nanoCC,1,2657,
0.351124,,Surface,nanoCC,1,2658,
0.392101,,Surface,nanoCC,1,2659,
0.391922,,Surface,nanoCC,1,2660,
0.91168,,Surface,nanoCC,1,2661,
0.47437,,Surface,nanoCC,1,2662,
0.911655,,Surface,nanoCC,1,2663,
0.184082,,Surface,nanoCC,1,2664,
0.245024,,Surface,nanoCC,1,2665,
0.487233,,Surface,nanoCC,1,2666,
0.280864,,Surface,nanoCC,1,2667,
0.550824,,Surface,nanoCC,1,2668,
0.911682,,Surface,nanoCC,1,2669,
0.597798,,Surface,nanoCC,1,2670,
0.338987,,Surface,nanoCC,1,2671,
0.911681,,Surface,nanoCC,1,2672,
0.481752,,Surface,nanoCC,1,2673,
0.313949,,Surface,nanoCC,1,2674,
0.797383,,Surface,nanoCC,1,2675,
0.465897,,Surface,nanoCC,1,2676,
0.415475,,Surface,nanoCC,1,2677,
0.332,,Surface,nanoCC,1,2678,
0.327941,,Surface,nanoCC,1,2679,
0.737383,,Surface,nanoCC,1,2680,
0.245013,,Surface,nanoCC,1,2681,
0.482839,,Surface,nanoCC,1,2682,
0.413487,,Surface,nanoCC,1,2683,
0.627589,,Surface,nanoCC,1,2684,
0.180878,,Surface,nanoCC,1,2685,
0.245015,,Surface,nanoCC,1,2686,
0.184076,,Surface,nanoCC,1,2687,
0.358986,,Surface,nanoCC,1,2688,
0.245013,,Surface,nanoCC,1,2689,
0.521811,,Surface,nanoCC,1,2690,
0.558387,,Surface,nanoCC,1,2691,
0.596418,,Surface,nanoCC,1,2692,
0.426336,,Surface,nanoCC,1,2693,
0.417399,,Surface,nanoCC,1,2694,
0.911655,,Surface,nanoCC,1,2695,
0.351559,,Surface,nanoCC,1,2696,
0.364419,,Surface,nanoCC,1,2697,
0.184091,,Surface,nanoCC,1,2698,
0.245015,,Surface,nanoCC,1,2699,
0.555289,,Surface,nanoCC,1,2700,
0.38707,,Surface,nanoCC,1,2701,
0.463803,,Surface,nanoCC,1,2702,
0.579642,,Surface,nanoCC,1,2703,
0.470285,,Surface,nanoCC,1,2704,
0.270067,,Surface,nanoCC,1,2705,
0.297508,,Surface,nanoCC,1,2706,
0.332439,,Surface,nanoCC,1,2707,
0.365517,,Surface,nanoCC,1,2708,
0.246336,,Surface,nanoCC,1,2709,
0.203779,,Surface,nanoCC,1,2710,
0.327935,,Surface,nanoCC,1,2711,
0.196612,,Surface,nanoCC,1,2712,
0.364421,,Surface,nanoCC,1,2713,
0.631233,,Surface,nanoCC,1,2714,
0.531455,,Surface,nanoCC,1,2715,
0.184082,,Surface,nanoCC,1,2716,
0.528075,,Surface,nanoCC,1,2717,
0.630225,,Surface,nanoCC,1,2718,
0.588834,,Surface,nanoCC,1,2719,
0.196615,,Surface,nanoCC,1,2720,
0.245003,,Surface,nanoCC,1,2721,
0.150709,,Surface,nanoCC,1,2722,
0.640733,,Surface,nanoCC,1,2723,
0.437903,,Surface,nanoCC,1,2724,
0.419939,,Surface,nanoCC,1,2725,
0.196624,,Surface,nanoCC,1,2726,
0.371828,,Surface,nanoCC,1,2727,
0.18409,,Surface,nanoCC,1,2728,
0.91168,,Surface,nanoCC,1,2729,
0.475827,,Surface,nanoCC,1,2730,
0.144676,,Surface,nanoCC,1,2731,
0.245013,,Surface,nanoCC,1,2732,
0.911681,,Surface,nanoCC,1,2733,
0.398025,,Surface,nanoCC,1,2734,
0.412274,,Surface,nanoCC,1,2735,
0.409378,,Surface,nanoCC,1,2736,
0.544117,,Surface,nanoCC,1,2737,
0.302684,,Surface,nanoCC,1,2738,
0.434622,,Surface,nanoCC,1,2739,
0.245011,,Surface,nanoCC,1,2740,
0.144671,,Surface,nanoCC,1,2741,
0.544309,,Surface,nanoCC,1,2742,
0.455229,,Surface,nanoCC,1,2743,
0.606276,,Surface,nanoCC,1,2744,
0.275485,,Surface,nanoCC,1,2745,
0.196614,,Surface,nanoCC,1,2746,
0.535485,,Surface,nanoCC,1,2747,
0.525567,,Surface,nanoCC,1,2748,
0.870018,,Surface,nanoCC,1,2749,
0.144689,,Surface,nanoCC,1,2750,
0.534048,,Surface,nanoCC,1,2751,
0.143081,,Surface,nanoCC,1,2752,
0.414929,,Surface,nanoCC,1,2753,
0.91168,,Surface,nanoCC,1,2754,
0.91168,,Surface,nanoCC,1,2755,
0.392099,,Surface,nanoCC,1,2756,
0.911681,,Surface,nanoCC,1,2757,
0.318015,,Surface,nanoCC,1,2758,
0.498063,,Surface,nanoCC,1,2759,
0.653066,,Surface,nanoCC,1,2760,
0.91168,,Surface,nanoCC,1,2761,
0.184083,,Surface,nanoCC,1,2762,
0.180881,,Surface,nanoCC,1,2763,
0.788874,,Surface,nanoCC,1,2764,
0.91168,,Surface,nanoCC,1,2765,
0.262095,,Surface,nanoCC,1,2766,
0.396993,,Surface,nanoCC,1,2767,
0.196609,,Surface,nanoCC,1,2768,
0.184083,,Surface,nanoCC,1,2769,
0.346439,,Surface,nanoCC,1,2770,
0.262103,,Surface,nanoCC,1,2771,
0.245015,,Surface,nanoCC,1,2772,
0.426406,,Surface,nanoCC,1,2773,
0.364413,,Surface,nanoCC,1,2774,
0.911653,,Surface,nanoCC,1,2775,
0.148934,,Surface,nanoCC,1,2776,
0.911677,,Surface,nanoCC,1,2777,
0.91164,,Surface,nanoCC,1,2778,
0.911648,,Surface,nanoCC,1,2779,
0.203774,,Surface,nanoCC,1,2780,
0.511762,,Surface,nanoCC,1,2781,
0.434602,,Surface,nanoCC,1,2782,
0.434607,,Surface,nanoCC,1,2783,
0.544299,,Surface,nanoCC,1,2784,
0.364425,,Surface,nanoCC,1,2785,
0.448878,,Surface,nanoCC,1,2786,
0.364425,,Surface,nanoCC,1,2787,
0.73767,,Surface,nanoCC,1,2788,
0.486814,,Surface,nanoCC,1,2789,
0.374569,,Surface,nanoCC,1,2790,
0.235972,,Surface,nanoCC,1,2791,
0.911651,,Surface,nanoCC,1,2792,
0.527931,,Surface,nanoCC,1,2793,
0.256178,,Surface,nanoCC,1,2794,
0.5348,,Surface,nanoCC,1,2795,
0.911655,,Surface,nanoCC,1,2796,
0.359585,,Surface,nanoCC,1,2797,
0.786806,,Surface,nanoCC,1,2798,
0.474199,,Surface,nanoCC,1,2799,
0.196631,,Surface,nanoCC,1,2800,
0.24502,,Surface,nanoCC,1,2801,
0.455295,,Surface,nanoCC,1,2802,
0.911655,,Surface,nanoCC,1,2803,
0.740184,,Surface,nanoCC,1,2804,
0.327956,,Surface,nanoCC,1,2805,
0.203773,,Surface,nanoCC,1,2806,
0.592767,,Surface,nanoCC,1,2807,
0.5584,,Surface,nanoCC,1,2808,
0.737417,,Surface,nanoCC,1,2809,
0.364427,,Surface,nanoCC,1,2810,
0.475632,,Surface,nanoCC,1,2811,
0.558105,,Surface,nanoCC,1,2812,
0.346437,,Surface,nanoCC,1,2813,
0.184074,,Surface,nanoCC,1,2814,
0.245015,,Surface,nanoCC,1,2815,
0.411127,,Surface,nanoCC,1,2816,
0.468337,,Surface,nanoCC,1,2817,
0.700129,,Surface,nanoCC,1,2818,
0.245002,,Surface,nanoCC,1,2819,
0.558391,,Surface,nanoCC,1,2820,
0.364426,,Surface,nanoCC,1,2821,
0.911674,,Surface,nanoCC,1,2822,
0.364419,,Surface,nanoCC,1,2823,
0.18091,,Surface,nanoCC,1,2824,
0.262107,,Surface,nanoCC,1,2825,
0.289932,,Surface,nanoCC,1,2826,
0.644428,,Surface,nanoCC,1,2827,
0.203783,,Surface,nanoCC,1,2828,
0.196622,,Surface,nanoCC,1,2829,
0.911653,,Surface,nanoCC,1,2830,
0.480585,,Surface,nanoCC,1,2831,
0.38777,,Surface,nanoCC,1,2832,
0.280951,,Surface,nanoCC,1,2833,
0.766189,,Surface,nanoCC,1,2834,
0.364427,,Surface,nanoCC,1,2835,
0.196623,,Surface,nanoCC,1,2836,
0.314059,,Surface,nanoCC,1,2837,
0.635539,,Surface,nanoCC,1,2838,
0.536193,,Surface,nanoCC,1,2839,
0.245019,,Surface,nanoCC,1,2840,
0.150708,,Surface,nanoCC,1,2841,
0.150692,,Surface,nanoCC,1,2842,
0.380742,,Surface,nanoCC,1,2843,
0.364415,,Surface,nanoCC,1,2844,
0.144688,,Surface,nanoCC,1,2845,
0.619009,,Surface,nanoCC,1,2846,
0.911653,,Surface,nanoCC,1,2847,
0.276716,,Surface,nanoCC,1,2848,
0.196614,,Surface,nanoCC,1,2849,
0.203781,,Surface,nanoCC,1,2850,
0.24502,,Surface,nanoCC,1,2851,
0.245013,,Surface,nanoCC,1,2852,
0.1934,,Surface,nanoCC,1,2853,
0.19662,,Surface,nanoCC,1,2854,
0.389755,,Surface,nanoCC,1,2855,
0.180902,,Surface,nanoCC,1,2856,
0.558381,,Surface,nanoCC,1,2857,
0.911653,,Surface,nanoCC,1,2858,
0.644413,,Surface,nanoCC,1,2859,
0.911674,,Surface,nanoCC,1,2860,
0.395115,,Surface,nanoCC,1,2861,
0.196629,,Surface,nanoCC,1,2862,
0.911678,,Surface,nanoCC,1,2863,
0.364424,,Surface,nanoCC,1,2864,
0.37183,,Surface,nanoCC,1,2865,
0.91168,,Surface,nanoCC,1,2866,
0.655966,,Surface,nanoCC,1,2867,
0.31503,,Surface,nanoCC,1,2868,
0.364427,,Surface,nanoCC,1,2869,
0.0145525,,Surface,nanoCC,1,2870,
0.379122,,Surface,nanoCC,1,2871,
0.383018,,Surface,nanoCC,1,2872,
0.327041,,Surface,nanoCC,1,2873,
0.477043,,Surface,nanoCC,1,2874,
0.180892,,Surface,nanoCC,1,2875,
0.579291,,Surface,nanoCC,1,2876,
0.474519,,Surface,nanoCC,1,2877,
0.327947,,Surface,nanoCC,1,2878,
0.911681,,Surface,nanoCC,1,2879,
0.486449,,Surface,nanoCC,1,2880,
0.196609,,Surface,nanoCC,1,2881,
0.666553,,Surface,nanoCC,1,2882,
0.364422,,Surface,nanoCC,1,2883,
0.598355,,Surface,nanoCC,1,2884,
0.570192,,Surface,nanoCC,1,2885,
0.911681,,Surface,nanoCC,1,2886,
0.245011,,Surface,nanoCC,1,2887,
0.521631,,Surface,nanoCC,1,2888,
0.408173,,Surface,nanoCC,1,2889,
0.372876,,Surface,nanoCC,1,2890,
0.245023,,Surface,nanoCC,1,2891,
0.591395,,Surface,nanoCC,1,2892,
0.911671,,Surface,nanoCC,1,2893,
0.42026,,Surface,nanoCC,1,2894,
0.0765879,,Surface,nanoCC,1,2895,
0.150718,,Surface,nanoCC,1,2896,
0.262101,,Surface,nanoCC,1,2897,
0.203773,,Surface,nanoCC,1,2898,
0.1809,,Surface,nanoCC,1,2899,
0.911655,,Surface,nanoCC,1,2900,
0.203761,,Surface,nanoCC,1,2901,
0.299461,,Surface,nanoCC,1,2902,
0.24501,,Surface,nanoCC,1,2903,
0.184087,,Surface,nanoCC,1,2904,
0.547853,,Surface,nanoCC,1,2905,
0.499627,,Surface,nanoCC,1,2906,
0.150721,,Surface,nanoCC,1,2907,
0.245013,,Surface,nanoCC,1,2908,
0.245008,,Surface,nanoCC,1,2909,
0.911674,,Surface,nanoCC,1,2910,
0.340007,,Surface,nanoCC,1,2911,
0.0765881,,Surface,nanoCC,1,2912,
0.364428,,Surface,nanoCC,1,2913,
0.430386,,Surface,nanoCC,1,2914,
0.392586,,Surface,nanoCC,1,2915,
0.196609,,Surface,nanoCC,1,2916,
0.184072,,Surface,nanoCC,1,2917,
0.31914,,Surface,nanoCC,1,2918,
0.535495,,Surface,nanoCC,1,2919,
0.50579,,Surface,nanoCC,1,2920,
0.419312,,Surface,nanoCC,1,2921,
0.653489,,Surface,nanoCC,1,2922,
0.297575,,Surface,nanoCC,1,2923,
0.364423,,Surface,nanoCC,1,2924,
0.91168,,Surface,nanoCC,1,2925,
0.274055,,Surface,nanoCC,1,2926,
0.911672,,Surface,nanoCC,1,2927,
0.327956,,Surface,nanoCC,1,2928,
0.573045,,Surface,nanoCC,1,2929,
0.014552,,Surface,nanoCC,1,2930,
0.91168,,Surface,nanoCC,1,2931,
0.77633,,Surface,nanoCC,1,2932,
0.580237,,Surface,nanoCC,1,2933,
0.529566,,Surface,nanoCC,1,2934,
0.521164,,Surface,nanoCC,1,2935,
0.481213,,Surface,nanoCC,1,2936,
0.793923,,Surface,nanoCC,1,2937,
0.184087,,Surface,nanoCC,1,2938,
0.245009,,Surface,nanoCC,1,2939,
0.558386,,Surface,nanoCC,1,2940,
0.245015,,Surface,nanoCC,1,2941,
0.232309,,Surface,nanoCC,1,2942,
0.428645,,Surface,nanoCC,1,2943,
0.349749,,Surface,nanoCC,1,2944,
0.911655,,Surface,nanoCC,1,2945,
0.19662,,Surface,nanoCC,1,2946,
0.557019,,Surface,nanoCC,1,2947,
0.706753,,Surface,nanoCC,1,2948,
0.439512,,Surface,nanoCC,1,2949,
0.558403,,Surface,nanoCC,1,2950,
0.346434,,Surface,nanoCC,1,2951,
0.519341,,Surface,nanoCC,1,2952,
0.21098,,Surface,nanoCC,1,2953,
0.144676,,Surface,nanoCC,1,2954,
0.24501,,Surface,nanoCC,1,2955,
0.706437,,Surface,nanoCC,1,2956,
0.654687,,Surface,nanoCC,1,2957,
0.196628,,Surface,nanoCC,1,2958,
0.911671,,Surface,nanoCC,1,2959,
0.293216,,Surface,nanoCC,1,2960,
0.0765931,,Surface,nanoCC,1,2961,
0.911677,,Surface,nanoCC,1,2962,
0.691313,,Surface,nanoCC,1,2963,
0.19662,,Surface,nanoCC,1,2964,
0.558388,,Surface,nanoCC,1,2965,
0.262105,,Surface,nanoCC,1,2966,
0.826336,,Surface,nanoCC,1,2967,
0.372261,,Surface,nanoCC,1,2968,
0.911665,,Surface,nanoCC,1,2969,
0.196609,,Surface,nanoCC,1,2970,
0.558389,,Surface,nanoCC,1,2971,
0.245011,,Surface,nanoCC,1,2972,
0.911653,,Surface,nanoCC,1,2973,
0.484384,,Surface,nanoCC,1,2974,
0.203763,,Surface,nanoCC,1,2975,
0.280938,,Surface,nanoCC,1,2976,
0.245013,,Surface,nanoCC,1,2977,
0.0765944,,Surface,nanoCC,1,2978,
0.657519,,Surface,nanoCC,1,2979,
0.352712,,Surface,nanoCC,1,2980,
0.24502,,Surface,nanoCC,1,2981,
0.403962,,Surface,nanoCC,1,2982,
0.196619,,Surface,nanoCC,1,2983,
0.245018,,Surface,nanoCC,1,2984,
0.67624,,Surface,nanoCC,1,2985,
0.299464,,Surface,nanoCC,1,2986,
0.502941,,Surface,nanoCC,1,2987,
0.646123,,Surface,nanoCC,1,2988,
0.911678,,Surface,nanoCC,1,2989,
0.484611,,Surface,nanoCC,1,2990,
0.42346,,Surface,nanoCC,1,2991,
0.0145421,,Surface,nanoCC,1,2992,
0.348993,,Surface,nanoCC,1,2993,
0.317174,,Surface,nanoCC,1,2994,
0.728882,,Surface,nanoCC,1,2995,
0.558381,,Surface,nanoCC,1,2996,
0.245013,,Surface,nanoCC,1,2997,
0.184074,,Surface,nanoCC,1,2998,
0.245003,,Surface,nanoCC,1,2999,
0.252534,,Surface,nanoCC,1,3000,
0.558398,,Surface,nanoCC,1,3001,
0.558398,,Surface,nanoCC,1,3002,
0.710171,,Surface,nanoCC,1,3003,
0.636254,,Surface,nanoCC,1,3004,
0.341331,,Surface,nanoCC,1,3005,
0.339561,,Surface,nanoCC,1,3006,
0.491954,,Surface,nanoCC,1,3007,
0.484613,,Surface,nanoCC,1,3008,
0.257863,,Surface,nanoCC,1,3009,
0.558382,,Surface,nanoCC,1,3010,
0.245014,,Surface,nanoCC,1,3011,
0.307443,,Surface,nanoCC,1,3012,
0.573065,,Surface,nanoCC,1,3013,
0.384838,,Surface,nanoCC,1,3014,
0.558404,,Surface,nanoCC,1,3015,
0.335127,,Surface,nanoCC,1,3016,
0.911668,,Surface,nanoCC,1,3017,
0.911666,,Surface,nanoCC,1,3018,
0.245017,,Surface,nanoCC,1,3019,
0.522741,,Surface,nanoCC,1,3020,
0.397001,,Surface,nanoCC,1,3021,
0.196623,,Surface,nanoCC,1,3022,
0.450282,,Surface,nanoCC,1,3023,
0.33866,,Surface,nanoCC,1,3024,
0.245012,,Surface,nanoCC,1,3025,
0.558393,,Surface,nanoCC,1,3026,
0.911672,,Surface,nanoCC,1,3027,
0.274066,,Surface,nanoCC,1,3028,
0.19663,,Surface,nanoCC,1,3029,
0.364426,,Surface,nanoCC,1,3030,
0.91168,,Surface,nanoCC,1,3031,
0.911651,,Surface,nanoCC,1,3032,
0.307272,,Surface,nanoCC,1,3033,
0.245023,,Surface,nanoCC,1,3034,
0.799971,,Surface,nanoCC,1,3035,
0.911678,,Surface,nanoCC,1,3036,
0.24501,,Surface,nanoCC,1,3037,
0.911671,,Surface,nanoCC,1,3038,
0.543491,,Surface,nanoCC,1,3039,
0.510706,,Surface,nanoCC,1,3040,
0.132012,,Surface,nanoCC,1,3041,
0.193692,,Surface,nanoCC,1,3042,
0.911674,,Surface,nanoCC,1,3043,
0.911672,,Surface,nanoCC,1,3044,
0.149021,,Surface,nanoCC,1,3045,
0.558407,,Surface,nanoCC,1,3046,
0.475356,,Surface,nanoCC,1,3047,
0.327054,,Surface,nanoCC,1,3048,
0.48718,,Surface,nanoCC,1,3049,
0.316236,,Surface,nanoCC,1,3050,
0.911678,,Surface,nanoCC,1,3051,
0.245005,,Surface,nanoCC,1,3052,
0.557142,,Surface,nanoCC,1,3053,
0.28095,,Surface,nanoCC,1,3054,
0.327954,,Surface,nanoCC,1,3055,
0.357594,,Surface,nanoCC,1,3056,
0.245009,,Surface,nanoCC,1,3057,
