
Sphericity
 ==================== 
Sphericity,Unit,Category,Surpass Object,Time,ID,
0.871161,,Surface,Nucleus,1,0,
0.756018,,Surface,CC,1,24,
0.846169,,Surface,CC,1,25,
0.825197,,Surface,CC,1,26,
0.882264,,Surface,CC,1,27,
0.910195,,Surface,CC,1,28,
0.852422,,Surface,CC,1,29,
0.887435,,Surface,CC,1,30,
0.898369,,Surface,CC,1,31,
0.812866,,Surface,CC,1,32,
0.919975,,Surface,nanoCC,1,1546,
0.765043,,Surface,nanoCC,1,1547,
0.854251,,Surface,nanoCC,1,1548,
0.851129,,Surface,nanoCC,1,1549,
0.66474,,Surface,nanoCC,1,1550,
0.859659,,Surface,nanoCC,1,1551,
0.801753,,Surface,nanoCC,1,1552,
0.85102,,Surface,nanoCC,1,1553,
0.831904,,Surface,nanoCC,1,1554,
0.557559,,Surface,nanoCC,1,1555,
0.915708,,Surface,nanoCC,1,1556,
0.913151,,Surface,nanoCC,1,1557,
0.879402,,Surface,nanoCC,1,1558,
0.736987,,Surface,nanoCC,1,1559,
0.573891,,Surface,nanoCC,1,1560,
0.330747,,Surface,nanoCC,1,1561,
0.796502,,Surface,nanoCC,1,1562,
0.793449,,Surface,nanoCC,1,1563,
0.791367,,Surface,nanoCC,1,1564,
0.533425,,Surface,nanoCC,1,1565,
0.942075,,Surface,nanoCC,1,1566,
0.798647,,Surface,nanoCC,1,1567,
0.877181,,Surface,nanoCC,1,1568,
0.875849,,Surface,nanoCC,1,1569,
0.429214,,Surface,nanoCC,1,1570,
0.869283,,Surface,nanoCC,1,1571,
0.498393,,Surface,nanoCC,1,1572,
0.738796,,Surface,nanoCC,1,1573,
0.494222,,Surface,nanoCC,1,1574,
0.926215,,Surface,nanoCC,1,1575,
0.757761,,Surface,nanoCC,1,1576,
0.786204,,Surface,nanoCC,1,1577,
0.66432,,Surface,nanoCC,1,1578,
0.664818,,Surface,nanoCC,1,1579,
0.894154,,Surface,nanoCC,1,1580,
0.78743,,Surface,nanoCC,1,1581,
0.841537,,Surface,nanoCC,1,1582,
0.801916,,Surface,nanoCC,1,1583,
0.873723,,Surface,nanoCC,1,1584,
0.910084,,Surface,nanoCC,1,1585,
0.861463,,Surface,nanoCC,1,1586,
0.833894,,Surface,nanoCC,1,1587,
0.582348,,Surface,nanoCC,1,1588,
0.675945,,Surface,nanoCC,1,1589,
0.870102,,Surface,nanoCC,1,1590,
0.783736,,Surface,nanoCC,1,1591,
0.826199,,Surface,nanoCC,1,1592,
0.914674,,Surface,nanoCC,1,1593,
0.759194,,Surface,nanoCC,1,1594,
0.771629,,Surface,nanoCC,1,1595,
0.73769,,Surface,nanoCC,1,1596,
0.801705,,Surface,nanoCC,1,1597,
0.869319,,Surface,nanoCC,1,1598,
0.796802,,Surface,nanoCC,1,1599,
0.913694,,Surface,nanoCC,1,1600,
0.91502,,Surface,nanoCC,1,1601,
0.888961,,Surface,nanoCC,1,1602,
0.688951,,Surface,nanoCC,1,1603,
0.850007,,Surface,nanoCC,1,1604,
0.778253,,Surface,nanoCC,1,1605,
0.626041,,Surface,nanoCC,1,1606,
0.837244,,Surface,nanoCC,1,1607,
0.54008,,Surface,nanoCC,1,1608,
0.790056,,Surface,nanoCC,1,1609,
0.855647,,Surface,nanoCC,1,1610,
0.618985,,Surface,nanoCC,1,1611,
0.787856,,Surface,nanoCC,1,1612,
0.874927,,Surface,nanoCC,1,1613,
0.883315,,Surface,nanoCC,1,1614,
0.627785,,Surface,nanoCC,1,1615,
0.867128,,Surface,nanoCC,1,1616,
0.573079,,Surface,nanoCC,1,1617,
0.905434,,Surface,nanoCC,1,1618,
0.738026,,Surface,nanoCC,1,1619,
0.854533,,Surface,nanoCC,1,1620,
0.857909,,Surface,nanoCC,1,1621,
0.569436,,Surface,nanoCC,1,1622,
0.853092,,Surface,nanoCC,1,1623,
0.907654,,Surface,nanoCC,1,1624,
0.752954,,Surface,nanoCC,1,1625,
0.807247,,Surface,nanoCC,1,1626,
0.704399,,Surface,nanoCC,1,1627,
0.790231,,Surface,nanoCC,1,1628,
0.778905,,Surface,nanoCC,1,1629,
0.546732,,Surface,nanoCC,1,1630,
0.698019,,Surface,nanoCC,1,1631,
0.728963,,Surface,nanoCC,1,1632,
0.890273,,Surface,nanoCC,1,1633,
0.517641,,Surface,nanoCC,1,1634,
0.937341,,Surface,nanoCC,1,1635,
0.869094,,Surface,nanoCC,1,1636,
0.840012,,Surface,nanoCC,1,1637,
0.872978,,Surface,nanoCC,1,1638,
0.752569,,Surface,nanoCC,1,1639,
0.906548,,Surface,nanoCC,1,1640,
0.430014,,Surface,nanoCC,1,1641,
0.945974,,Surface,nanoCC,1,1642,
0.756946,,Surface,nanoCC,1,1643,
0.823346,,Surface,nanoCC,1,1644,
0.839853,,Surface,nanoCC,1,1645,
0.924249,,Surface,nanoCC,1,1646,
0.606426,,Surface,nanoCC,1,1647,
0.721769,,Surface,nanoCC,1,1648,
0.744642,,Surface,nanoCC,1,1649,
0.876347,,Surface,nanoCC,1,1650,
0.774888,,Surface,nanoCC,1,1651,
0.790146,,Surface,nanoCC,1,1652,
0.909973,,Surface,nanoCC,1,1653,
0.871655,,Surface,nanoCC,1,1654,
0.905051,,Surface,nanoCC,1,1655,
0.818519,,Surface,nanoCC,1,1656,
0.943996,,Surface,nanoCC,1,1657,
0.873313,,Surface,nanoCC,1,1658,
0.757889,,Surface,nanoCC,1,1659,
0.71331,,Surface,nanoCC,1,1660,
0.872844,,Surface,nanoCC,1,1661,
0.861807,,Surface,nanoCC,1,1662,
0.872639,,Surface,nanoCC,1,1663,
0.805837,,Surface,nanoCC,1,1664,
0.807337,,Surface,nanoCC,1,1665,
0.86295,,Surface,nanoCC,1,1666,
0.701804,,Surface,nanoCC,1,1667,
0.811051,,Surface,nanoCC,1,1668,
0.9076,,Surface,nanoCC,1,1669,
0.595751,,Surface,nanoCC,1,1670,
0.798924,,Surface,nanoCC,1,1671,
0.589207,,Surface,nanoCC,1,1672,
0.798038,,Surface,nanoCC,1,1673,
0.909595,,Surface,nanoCC,1,1674,
0.625808,,Surface,nanoCC,1,1675,
0.813995,,Surface,nanoCC,1,1676,
0.784659,,Surface,nanoCC,1,1677,
0.433611,,Surface,nanoCC,1,1678,
0.756504,,Surface,nanoCC,1,1679,
0.919514,,Surface,nanoCC,1,1680,
0.843468,,Surface,nanoCC,1,1681,
0.82059,,Surface,nanoCC,1,1682,
0.802149,,Surface,nanoCC,1,1683,
0.782016,,Surface,nanoCC,1,1684,
0.477629,,Surface,nanoCC,1,1685,
0.766372,,Surface,nanoCC,1,1686,
0.606627,,Surface,nanoCC,1,1687,
0.83997,,Surface,nanoCC,1,1688,
0.863934,,Surface,nanoCC,1,1689,
0.918167,,Surface,nanoCC,1,1690,
0.625734,,Surface,nanoCC,1,1691,
0.775947,,Surface,nanoCC,1,1692,
0.786492,,Surface,nanoCC,1,1693,
0.438537,,Surface,nanoCC,1,1694,
0.866065,,Surface,nanoCC,1,1695,
0.8198,,Surface,nanoCC,1,1696,
0.733048,,Surface,nanoCC,1,1697,
0.787798,,Surface,nanoCC,1,1698,
0.887934,,Surface,nanoCC,1,1699,
0.831669,,Surface,nanoCC,1,1700,
0.775201,,Surface,nanoCC,1,1701,
0.876393,,Surface,nanoCC,1,1702,
0.857349,,Surface,nanoCC,1,1703,
0.604329,,Surface,nanoCC,1,1704,
0.790752,,Surface,nanoCC,1,1705,
0.839598,,Surface,nanoCC,1,1706,
0.585485,,Surface,nanoCC,1,1707,
0.83806,,Surface,nanoCC,1,1708,
0.746164,,Surface,nanoCC,1,1709,
0.890541,,Surface,nanoCC,1,1710,
0.875195,,Surface,nanoCC,1,1711,
0.698183,,Surface,nanoCC,1,1712,
0.780464,,Surface,nanoCC,1,1713,
0.739958,,Surface,nanoCC,1,1714,
0.843225,,Surface,nanoCC,1,1715,
0.725812,,Surface,nanoCC,1,1716,
0.774646,,Surface,nanoCC,1,1717,
0.676089,,Surface,nanoCC,1,1718,
0.837041,,Surface,nanoCC,1,1719,
0.77839,,Surface,nanoCC,1,1720,
0.844593,,Surface,nanoCC,1,1721,
0.850787,,Surface,nanoCC,1,1722,
0.931604,,Surface,nanoCC,1,1723,
0.715661,,Surface,nanoCC,1,1724,
0.889006,,Surface,nanoCC,1,1725,
0.794734,,Surface,nanoCC,1,1726,
0.736277,,Surface,nanoCC,1,1727,
0.870901,,Surface,nanoCC,1,1728,
0.839019,,Surface,nanoCC,1,1729,
0.778369,,Surface,nanoCC,1,1730,
0.888361,,Surface,nanoCC,1,1731,
0.807624,,Surface,nanoCC,1,1732,
0.801868,,Surface,nanoCC,1,1733,
0.895693,,Surface,nanoCC,1,1734,
0.884152,,Surface,nanoCC,1,1735,
0.636042,,Surface,nanoCC,1,1736,
0.759709,,Surface,nanoCC,1,1737,
0.855967,,Surface,nanoCC,1,1738,
0.788788,,Surface,nanoCC,1,1739,
0.880764,,Surface,nanoCC,1,1740,
0.789389,,Surface,nanoCC,1,1741,
0.912012,,Surface,nanoCC,1,1742,
0.887396,,Surface,nanoCC,1,1743,
0.889782,,Surface,nanoCC,1,1744,
0.553544,,Surface,nanoCC,1,1745,
0.9048,,Surface,nanoCC,1,1746,
0.833252,,Surface,nanoCC,1,1747,
0.752856,,Surface,nanoCC,1,1748,
0.534075,,Surface,nanoCC,1,1749,
0.71779,,Surface,nanoCC,1,1750,
0.91121,,Surface,nanoCC,1,1751,
0.665161,,Surface,nanoCC,1,1752,
0.823237,,Surface,nanoCC,1,1753,
0.607588,,Surface,nanoCC,1,1754,
0.892079,,Surface,nanoCC,1,1755,
0.779831,,Surface,nanoCC,1,1756,
0.777334,,Surface,nanoCC,1,1757,
0.837371,,Surface,nanoCC,1,1758,
0.83681,,Surface,nanoCC,1,1759,
0.899495,,Surface,nanoCC,1,1760,
0.78353,,Surface,nanoCC,1,1761,
0.874733,,Surface,nanoCC,1,1762,
0.522354,,Surface,nanoCC,1,1763,
0.876693,,Surface,nanoCC,1,1764,
0.714272,,Surface,nanoCC,1,1765,
0.865081,,Surface,nanoCC,1,1766,
0.533196,,Surface,nanoCC,1,1767,
0.816094,,Surface,nanoCC,1,1768,
0.883301,,Surface,nanoCC,1,1769,
0.84239,,Surface,nanoCC,1,1770,
0.569855,,Surface,nanoCC,1,1771,
0.86025,,Surface,nanoCC,1,1772,
0.931087,,Surface,nanoCC,1,1773,
0.820609,,Surface,nanoCC,1,1774,
0.902655,,Surface,nanoCC,1,1775,
0.623945,,Surface,nanoCC,1,1776,
0.853624,,Surface,nanoCC,1,1777,
0.867712,,Surface,nanoCC,1,1778,
0.319496,,Surface,nanoCC,1,1779,
0.785127,,Surface,nanoCC,1,1780,
0.689344,,Surface,nanoCC,1,1781,
0.713575,,Surface,nanoCC,1,1782,
0.693921,,Surface,nanoCC,1,1783,
0.507928,,Surface,nanoCC,1,1784,
0.896525,,Surface,nanoCC,1,1785,
0.799773,,Surface,nanoCC,1,1786,
0.716702,,Surface,nanoCC,1,1787,
0.622829,,Surface,nanoCC,1,1788,
0.902757,,Surface,nanoCC,1,1789,
0.524633,,Surface,nanoCC,1,1790,
0.879878,,Surface,nanoCC,1,1791,
0.532646,,Surface,nanoCC,1,1792,
0.923039,,Surface,nanoCC,1,1793,
0.889634,,Surface,nanoCC,1,1794,
0.756029,,Surface,nanoCC,1,1795,
0.910876,,Surface,nanoCC,1,1796,
0.686686,,Surface,nanoCC,1,1797,
0.917194,,Surface,nanoCC,1,1798,
0.802283,,Surface,nanoCC,1,1799,
0.683379,,Surface,nanoCC,1,1800,
0.800111,,Surface,nanoCC,1,1801,
0.671776,,Surface,nanoCC,1,1802,
0.868007,,Surface,nanoCC,1,1803,
0.791372,,Surface,nanoCC,1,1804,
0.849921,,Surface,nanoCC,1,1805,
0.834512,,Surface,nanoCC,1,1806,
0.874925,,Surface,nanoCC,1,1807,
0.716597,,Surface,nanoCC,1,1808,
0.935418,,Surface,nanoCC,1,1809,
0.799652,,Surface,nanoCC,1,1810,
0.87694,,Surface,nanoCC,1,1811,
0.8698,,Surface,nanoCC,1,1812,
0.650077,,Surface,nanoCC,1,1813,
0.822311,,Surface,nanoCC,1,1814,
0.449867,,Surface,nanoCC,1,1815,
0.627209,,Surface,nanoCC,1,1816,
0.880192,,Surface,nanoCC,1,1817,
0.808867,,Surface,nanoCC,1,1818,
0.739513,,Surface,nanoCC,1,1819,
0.820185,,Surface,nanoCC,1,1820,
0.943064,,Surface,nanoCC,1,1821,
0.763241,,Surface,nanoCC,1,1822,
0.805227,,Surface,nanoCC,1,1823,
0.739382,,Surface,nanoCC,1,1824,
0.795734,,Surface,nanoCC,1,1825,
0.17724,,Surface,nanoCC,1,1826,
0.789506,,Surface,nanoCC,1,1827,
0.861712,,Surface,nanoCC,1,1828,
0.514635,,Surface,nanoCC,1,1829,
0.739154,,Surface,nanoCC,1,1830,
0.848222,,Surface,nanoCC,1,1831,
0.808482,,Surface,nanoCC,1,1832,
0.558728,,Surface,nanoCC,1,1833,
0.531697,,Surface,nanoCC,1,1834,
0.916171,,Surface,nanoCC,1,1835,
0.73557,,Surface,nanoCC,1,1836,
0.555686,,Surface,nanoCC,1,1837,
0.890798,,Surface,nanoCC,1,1838,
0.844284,,Surface,nanoCC,1,1839,
0.677791,,Surface,nanoCC,1,1840,
0.899539,,Surface,nanoCC,1,1841,
0.757406,,Surface,nanoCC,1,1842,
0.84929,,Surface,nanoCC,1,1843,
0.635823,,Surface,nanoCC,1,1844,
0.897262,,Surface,nanoCC,1,1845,
0.690691,,Surface,nanoCC,1,1846,
0.860925,,Surface,nanoCC,1,1847,
0.558064,,Surface,nanoCC,1,1848,
0.599713,,Surface,nanoCC,1,1849,
0.776124,,Surface,nanoCC,1,1850,
0.821136,,Surface,nanoCC,1,1851,
0.851282,,Surface,nanoCC,1,1852,
0.79332,,Surface,nanoCC,1,1853,
0.872418,,Surface,nanoCC,1,1854,
0.940941,,Surface,nanoCC,1,1855,
0.590395,,Surface,nanoCC,1,1856,
0.734564,,Surface,nanoCC,1,1857,
0.92068,,Surface,nanoCC,1,1858,
0.814508,,Surface,nanoCC,1,1859,
0.778878,,Surface,nanoCC,1,1860,
0.807198,,Surface,nanoCC,1,1861,
0.919099,,Surface,nanoCC,1,1862,
0.831383,,Surface,nanoCC,1,1863,
0.473063,,Surface,nanoCC,1,1864,
0.701313,,Surface,nanoCC,1,1865,
0.766512,,Surface,nanoCC,1,1866,
0.731745,,Surface,nanoCC,1,1867,
0.888835,,Surface,nanoCC,1,1868,
0.705449,,Surface,nanoCC,1,1869,
0.829099,,Surface,nanoCC,1,1870,
0.840477,,Surface,nanoCC,1,1871,
0.932025,,Surface,nanoCC,1,1872,
0.896758,,Surface,nanoCC,1,1873,
0.865592,,Surface,nanoCC,1,1874,
0.855635,,Surface,nanoCC,1,1875,
0.742857,,Surface,nanoCC,1,1876,
0.937562,,Surface,nanoCC,1,1877,
0.930099,,Surface,nanoCC,1,1878,
0.55883,,Surface,nanoCC,1,1879,
0.780708,,Surface,nanoCC,1,1880,
0.766975,,Surface,nanoCC,1,1881,
0.65484,,Surface,nanoCC,1,1882,
0.604911,,Surface,nanoCC,1,1883,
0.739403,,Surface,nanoCC,1,1884,
0.90307,,Surface,nanoCC,1,1885,
0.661176,,Surface,nanoCC,1,1886,
0.802989,,Surface,nanoCC,1,1887,
0.671031,,Surface,nanoCC,1,1888,
0.736115,,Surface,nanoCC,1,1889,
0.796928,,Surface,nanoCC,1,1890,
0.920854,,Surface,nanoCC,1,1891,
0.878156,,Surface,nanoCC,1,1892,
0.682969,,Surface,nanoCC,1,1893,
0.850976,,Surface,nanoCC,1,1894,
0.716842,,Surface,nanoCC,1,1895,
0.691198,,Surface,nanoCC,1,1896,
0.756857,,Surface,nanoCC,1,1897,
0.80397,,Surface,nanoCC,1,1898,
0.823637,,Surface,nanoCC,1,1899,
0.889082,,Surface,nanoCC,1,1900,
0.874756,,Surface,nanoCC,1,1901,
0.688201,,Surface,nanoCC,1,1902,
0.909629,,Surface,nanoCC,1,1903,
0.888987,,Surface,nanoCC,1,1904,
0.868523,,Surface,nanoCC,1,1905,
0.704099,,Surface,nanoCC,1,1906,
0.883479,,Surface,nanoCC,1,1907,
0.415029,,Surface,nanoCC,1,1908,
0.813553,,Surface,nanoCC,1,1909,
0.844491,,Surface,nanoCC,1,1910,
0.919984,,Surface,nanoCC,1,1911,
0.851157,,Surface,nanoCC,1,1912,
0.781721,,Surface,nanoCC,1,1913,
0.546591,,Surface,nanoCC,1,1914,
0.793659,,Surface,nanoCC,1,1915,
0.583385,,Surface,nanoCC,1,1916,
0.884744,,Surface,nanoCC,1,1917,
0.862095,,Surface,nanoCC,1,1918,
0.686788,,Surface,nanoCC,1,1919,
0.728208,,Surface,nanoCC,1,1920,
0.828539,,Surface,nanoCC,1,1921,
0.906562,,Surface,nanoCC,1,1922,
0.817592,,Surface,nanoCC,1,1923,
0.853172,,Surface,nanoCC,1,1924,
0.693134,,Surface,nanoCC,1,1925,
0.78797,,Surface,nanoCC,1,1926,
0.839844,,Surface,nanoCC,1,1927,
0.881147,,Surface,nanoCC,1,1928,
0.714946,,Surface,nanoCC,1,1929,
0.761517,,Surface,nanoCC,1,1930,
0.836206,,Surface,nanoCC,1,1931,
0.897977,,Surface,nanoCC,1,1932,
0.868406,,Surface,nanoCC,1,1933,
0.720112,,Surface,nanoCC,1,1934,
0.782783,,Surface,nanoCC,1,1935,
0.885977,,Surface,nanoCC,1,1936,
0.769179,,Surface,nanoCC,1,1937,
0.722948,,Surface,nanoCC,1,1938,
0.902425,,Surface,nanoCC,1,1939,
0.798148,,Surface,nanoCC,1,1940,
0.800945,,Surface,nanoCC,1,1941,
0.689313,,Surface,nanoCC,1,1942,
0.786745,,Surface,nanoCC,1,1943,
0.834759,,Surface,nanoCC,1,1944,
0.902997,,Surface,nanoCC,1,1945,
0.752103,,Surface,nanoCC,1,1946,
0.844234,,Surface,nanoCC,1,1947,
0.748401,,Surface,nanoCC,1,1948,
0.851916,,Surface,nanoCC,1,1949,
0.855751,,Surface,nanoCC,1,1950,
0.739981,,Surface,nanoCC,1,1951,
0.888014,,Surface,nanoCC,1,1952,
0.883667,,Surface,nanoCC,1,1953,
0.706208,,Surface,nanoCC,1,1954,
0.757436,,Surface,nanoCC,1,1955,
0.915146,,Surface,nanoCC,1,1956,
0.902239,,Surface,nanoCC,1,1957,
0.912148,,Surface,nanoCC,1,1958,
0.823977,,Surface,nanoCC,1,1959,
0.877427,,Surface,nanoCC,1,1960,
0.766556,,Surface,nanoCC,1,1961,
0.936728,,Surface,nanoCC,1,1962,
0.891588,,Surface,nanoCC,1,1963,
0.808823,,Surface,nanoCC,1,1964,
0.866106,,Surface,nanoCC,1,1965,
0.868917,,Surface,nanoCC,1,1966,
0.824263,,Surface,nanoCC,1,1967,
0.799942,,Surface,nanoCC,1,1968,
0.716728,,Surface,nanoCC,1,1969,
0.585702,,Surface,nanoCC,1,1970,
0.50485,,Surface,nanoCC,1,1971,
0.844639,,Surface,nanoCC,1,1972,
0.637972,,Surface,nanoCC,1,1973,
0.636925,,Surface,nanoCC,1,1974,
0.809311,,Surface,nanoCC,1,1975,
0.840362,,Surface,nanoCC,1,1976,
0.931632,,Surface,nanoCC,1,1977,
0.477294,,Surface,nanoCC,1,1978,
0.89108,,Surface,nanoCC,1,1979,
0.733645,,Surface,nanoCC,1,1980,
0.855305,,Surface,nanoCC,1,1981,
0.799913,,Surface,nanoCC,1,1982,
0.731402,,Surface,nanoCC,1,1983,
0.720728,,Surface,nanoCC,1,1984,
0.59275,,Surface,nanoCC,1,1985,
0.888822,,Surface,nanoCC,1,1986,
0.907643,,Surface,nanoCC,1,1987,
0.673808,,Surface,nanoCC,1,1988,
0.733046,,Surface,nanoCC,1,1989,
0.432903,,Surface,nanoCC,1,1990,
0.807698,,Surface,nanoCC,1,1991,
0.921849,,Surface,nanoCC,1,1992,
0.892646,,Surface,nanoCC,1,1993,
0.553535,,Surface,nanoCC,1,1994,
0.878076,,Surface,nanoCC,1,1995,
0.773238,,Surface,nanoCC,1,1996,
0.671021,,Surface,nanoCC,1,1997,
0.873852,,Surface,nanoCC,1,1998,
0.882582,,Surface,nanoCC,1,1999,
0.853935,,Surface,nanoCC,1,2000,
0.763418,,Surface,nanoCC,1,2001,
0.848946,,Surface,nanoCC,1,2002,
0.919586,,Surface,nanoCC,1,2003,
0.677534,,Surface,nanoCC,1,2004,
0.817974,,Surface,nanoCC,1,2005,
0.82533,,Surface,nanoCC,1,2006,
0.941029,,Surface,nanoCC,1,2007,
0.783525,,Surface,nanoCC,1,2008,
0.816324,,Surface,nanoCC,1,2009,
0.763801,,Surface,nanoCC,1,2010,
0.715296,,Surface,nanoCC,1,2011,
0.833242,,Surface,nanoCC,1,2012,
0.78236,,Surface,nanoCC,1,2013,
0.480253,,Surface,nanoCC,1,2014,
0.772933,,Surface,nanoCC,1,2015,
0.864902,,Surface,nanoCC,1,2016,
0.412083,,Surface,nanoCC,1,2017,
0.77682,,Surface,nanoCC,1,2018,
0.806052,,Surface,nanoCC,1,2019,
0.850814,,Surface,nanoCC,1,2020,
0.879095,,Surface,nanoCC,1,2021,
0.693991,,Surface,nanoCC,1,2022,
0.754181,,Surface,nanoCC,1,2023,
0.39716,,Surface,nanoCC,1,2024,
0.893951,,Surface,nanoCC,1,2025,
0.925516,,Surface,nanoCC,1,2026,
0.832009,,Surface,nanoCC,1,2027,
0.902719,,Surface,nanoCC,1,2028,
0.90503,,Surface,nanoCC,1,2029,
0.775586,,Surface,nanoCC,1,2030,
0.633549,,Surface,nanoCC,1,2031,
0.834982,,Surface,nanoCC,1,2032,
0.929983,,Surface,nanoCC,1,2033,
0.765674,,Surface,nanoCC,1,2034,
0.914985,,Surface,nanoCC,1,2035,
0.725959,,Surface,nanoCC,1,2036,
0.785196,,Surface,nanoCC,1,2037,
0.774191,,Surface,nanoCC,1,2038,
0.940811,,Surface,nanoCC,1,2039,
0.840072,,Surface,nanoCC,1,2040,
0.728968,,Surface,nanoCC,1,2041,
0.834148,,Surface,nanoCC,1,2042,
0.357993,,Surface,nanoCC,1,2043,
0.652392,,Surface,nanoCC,1,2044,
0.870362,,Surface,nanoCC,1,2045,
0.879454,,Surface,nanoCC,1,2046,
0.745927,,Surface,nanoCC,1,2047,
0.846772,,Surface,nanoCC,1,2048,
0.602305,,Surface,nanoCC,1,2049,
0.896394,,Surface,nanoCC,1,2050,
0.829278,,Surface,nanoCC,1,2051,
0.861089,,Surface,nanoCC,1,2052,
0.86071,,Surface,nanoCC,1,2053,
0.699494,,Surface,nanoCC,1,2054,
0.843926,,Surface,nanoCC,1,2055,
0.631182,,Surface,nanoCC,1,2056,
0.855007,,Surface,nanoCC,1,2057,
0.830854,,Surface,nanoCC,1,2058,
0.632153,,Surface,nanoCC,1,2059,
0.747207,,Surface,nanoCC,1,2060,
0.898442,,Surface,nanoCC,1,2061,
0.856001,,Surface,nanoCC,1,2062,
0.763623,,Surface,nanoCC,1,2063,
0.737421,,Surface,nanoCC,1,2064,
0.904263,,Surface,nanoCC,1,2065,
0.603639,,Surface,nanoCC,1,2066,
0.859048,,Surface,nanoCC,1,2067,
0.817303,,Surface,nanoCC,1,2068,
0.810174,,Surface,nanoCC,1,2069,
0.887903,,Surface,nanoCC,1,2070,
0.800331,,Surface,nanoCC,1,2071,
0.632321,,Surface,nanoCC,1,2072,
0.648738,,Surface,nanoCC,1,2073,
0.91227,,Surface,nanoCC,1,2074,
0.847894,,Surface,nanoCC,1,2075,
0.809799,,Surface,nanoCC,1,2076,
0.86583,,Surface,nanoCC,1,2077,
0.891819,,Surface,nanoCC,1,2078,
0.858402,,Surface,nanoCC,1,2079,
0.748023,,Surface,nanoCC,1,2080,
0.671187,,Surface,nanoCC,1,2081,
0.881303,,Surface,nanoCC,1,2082,
0.475812,,Surface,nanoCC,1,2083,
0.840532,,Surface,nanoCC,1,2084,
0.739332,,Surface,nanoCC,1,2085,
0.742771,,Surface,nanoCC,1,2086,
0.795505,,Surface,nanoCC,1,2087,
0.821254,,Surface,nanoCC,1,2088,
0.934823,,Surface,nanoCC,1,2089,
0.755004,,Surface,nanoCC,1,2090,
0.716818,,Surface,nanoCC,1,2091,
0.780767,,Surface,nanoCC,1,2092,
0.881235,,Surface,nanoCC,1,2093,
0.88544,,Surface,nanoCC,1,2094,
0.758386,,Surface,nanoCC,1,2095,
0.70269,,Surface,nanoCC,1,2096,
0.87889,,Surface,nanoCC,1,2097,
0.624241,,Surface,nanoCC,1,2098,
0.729283,,Surface,nanoCC,1,2099,
0.770388,,Surface,nanoCC,1,2100,
0.724795,,Surface,nanoCC,1,2101,
0.821094,,Surface,nanoCC,1,2102,
0.820059,,Surface,nanoCC,1,2103,
0.870647,,Surface,nanoCC,1,2104,
0.821799,,Surface,nanoCC,1,2105,
0.873775,,Surface,nanoCC,1,2106,
0.772431,,Surface,nanoCC,1,2107,
0.84714,,Surface,nanoCC,1,2108,
0.6272,,Surface,nanoCC,1,2109,
0.877098,,Surface,nanoCC,1,2110,
0.905695,,Surface,nanoCC,1,2111,
0.568626,,Surface,nanoCC,1,2112,
0.73008,,Surface,nanoCC,1,2113,
0.899536,,Surface,nanoCC,1,2114,
0.869062,,Surface,nanoCC,1,2115,
0.884651,,Surface,nanoCC,1,2116,
0.868441,,Surface,nanoCC,1,2117,
0.732889,,Surface,nanoCC,1,2118,
0.63326,,Surface,nanoCC,1,2119,
0.90293,,Surface,nanoCC,1,2120,
0.814265,,Surface,nanoCC,1,2121,
0.900601,,Surface,nanoCC,1,2122,
0.850582,,Surface,nanoCC,1,2123,
0.897519,,Surface,nanoCC,1,2124,
0.622321,,Surface,nanoCC,1,2125,
0.791297,,Surface,nanoCC,1,2126,
0.703774,,Surface,nanoCC,1,2127,
0.809807,,Surface,nanoCC,1,2128,
0.746546,,Surface,nanoCC,1,2129,
0.65697,,Surface,nanoCC,1,2130,
0.835554,,Surface,nanoCC,1,2131,
0.827224,,Surface,nanoCC,1,2132,
0.509595,,Surface,nanoCC,1,2133,
0.828877,,Surface,nanoCC,1,2134,
0.895665,,Surface,nanoCC,1,2135,
0.910014,,Surface,nanoCC,1,2136,
0.716675,,Surface,nanoCC,1,2137,
0.811969,,Surface,nanoCC,1,2138,
0.676277,,Surface,nanoCC,1,2139,
0.654944,,Surface,nanoCC,1,2140,
0.910005,,Surface,nanoCC,1,2141,
0.543003,,Surface,nanoCC,1,2142,
0.665212,,Surface,nanoCC,1,2143,
0.871391,,Surface,nanoCC,1,2144,
0.908164,,Surface,nanoCC,1,2145,
0.877729,,Surface,nanoCC,1,2146,
0.50636,,Surface,nanoCC,1,2147,
0.796079,,Surface,nanoCC,1,2148,
0.633873,,Surface,nanoCC,1,2149,
0.776138,,Surface,nanoCC,1,2150,
0.912404,,Surface,nanoCC,1,2151,
0.904664,,Surface,nanoCC,1,2152,
0.563569,,Surface,nanoCC,1,2153,
0.747365,,Surface,nanoCC,1,2154,
0.808283,,Surface,nanoCC,1,2155,
0.829604,,Surface,nanoCC,1,2156,
0.805591,,Surface,nanoCC,1,2157,
0.85013,,Surface,nanoCC,1,2158,
0.587965,,Surface,nanoCC,1,2159,
0.799799,,Surface,nanoCC,1,2160,
0.912296,,Surface,nanoCC,1,2161,
0.86508,,Surface,nanoCC,1,2162,
0.768106,,Surface,nanoCC,1,2163,
0.814304,,Surface,nanoCC,1,2164,
0.51295,,Surface,nanoCC,1,2165,
0.868721,,Surface,nanoCC,1,2166,
0.820365,,Surface,nanoCC,1,2167,
0.86068,,Surface,nanoCC,1,2168,
0.871536,,Surface,nanoCC,1,2169,
0.689609,,Surface,nanoCC,1,2170,
0.683851,,Surface,nanoCC,1,2171,
0.679073,,Surface,nanoCC,1,2172,
0.600719,,Surface,nanoCC,1,2173,
0.774194,,Surface,nanoCC,1,2174,
0.792067,,Surface,nanoCC,1,2175,
0.909413,,Surface,nanoCC,1,2176,
0.833924,,Surface,nanoCC,1,2177,
0.599287,,Surface,nanoCC,1,2178,
0.886865,,Surface,nanoCC,1,2179,
0.847777,,Surface,nanoCC,1,2180,
0.705286,,Surface,nanoCC,1,2181,
0.734094,,Surface,nanoCC,1,2182,
0.837413,,Surface,nanoCC,1,2183,
0.721637,,Surface,nanoCC,1,2184,
0.756,,Surface,nanoCC,1,2185,
0.764944,,Surface,nanoCC,1,2186,
0.662497,,Surface,nanoCC,1,2187,
0.778808,,Surface,nanoCC,1,2188,
0.887932,,Surface,nanoCC,1,2189,
0.634868,,Surface,nanoCC,1,2190,
0.920682,,Surface,nanoCC,1,2191,
0.876347,,Surface,nanoCC,1,2192,
0.777767,,Surface,nanoCC,1,2193,
0.839037,,Surface,nanoCC,1,2194,
0.904926,,Surface,nanoCC,1,2195,
0.782428,,Surface,nanoCC,1,2196,
0.636832,,Surface,nanoCC,1,2197,
0.693977,,Surface,nanoCC,1,2198,
0.934795,,Surface,nanoCC,1,2199,
0.808628,,Surface,nanoCC,1,2200,
0.812242,,Surface,nanoCC,1,2201,
0.894484,,Surface,nanoCC,1,2202,
0.691208,,Surface,nanoCC,1,2203,
0.76149,,Surface,nanoCC,1,2204,
0.712588,,Surface,nanoCC,1,2205,
0.411926,,Surface,nanoCC,1,2206,
0.781489,,Surface,nanoCC,1,2207,
0.921241,,Surface,nanoCC,1,2208,
0.821611,,Surface,nanoCC,1,2209,
0.909199,,Surface,nanoCC,1,2210,
0.731225,,Surface,nanoCC,1,2211,
0.699475,,Surface,nanoCC,1,2212,
0.885287,,Surface,nanoCC,1,2213,
0.859876,,Surface,nanoCC,1,2214,
0.528183,,Surface,nanoCC,1,2215,
0.702087,,Surface,nanoCC,1,2216,
0.901307,,Surface,nanoCC,1,2217,
0.729048,,Surface,nanoCC,1,2218,
0.83114,,Surface,nanoCC,1,2219,
0.80438,,Surface,nanoCC,1,2220,
0.827137,,Surface,nanoCC,1,2221,
0.704605,,Surface,nanoCC,1,2222,
0.834759,,Surface,nanoCC,1,2223,
0.78019,,Surface,nanoCC,1,2224,
0.783493,,Surface,nanoCC,1,2225,
0.871081,,Surface,nanoCC,1,2226,
0.87998,,Surface,nanoCC,1,2227,
0.765082,,Surface,nanoCC,1,2228,
0.927941,,Surface,nanoCC,1,2229,
0.61396,,Surface,nanoCC,1,2230,
0.924196,,Surface,nanoCC,1,2231,
0.748378,,Surface,nanoCC,1,2232,
0.477261,,Surface,nanoCC,1,2233,
0.87926,,Surface,nanoCC,1,2234,
0.755625,,Surface,nanoCC,1,2235,
0.818736,,Surface,nanoCC,1,2236,
0.84907,,Surface,nanoCC,1,2237,
0.851621,,Surface,nanoCC,1,2238,
0.672059,,Surface,nanoCC,1,2239,
0.644237,,Surface,nanoCC,1,2240,
0.855104,,Surface,nanoCC,1,2241,
0.723792,,Surface,nanoCC,1,2242,
0.89882,,Surface,nanoCC,1,2243,
0.830548,,Surface,nanoCC,1,2244,
0.877766,,Surface,nanoCC,1,2245,
0.427265,,Surface,nanoCC,1,2246,
0.750272,,Surface,nanoCC,1,2247,
0.77079,,Surface,nanoCC,1,2248,
0.874742,,Surface,nanoCC,1,2249,
0.902763,,Surface,nanoCC,1,2250,
0.788423,,Surface,nanoCC,1,2251,
0.856,,Surface,nanoCC,1,2252,
0.931843,,Surface,nanoCC,1,2253,
0.803146,,Surface,nanoCC,1,2254,
0.947045,,Surface,nanoCC,1,2255,
0.817792,,Surface,nanoCC,1,2256,
0.863256,,Surface,nanoCC,1,2257,
0.631713,,Surface,nanoCC,1,2258,
0.812657,,Surface,nanoCC,1,2259,
0.882926,,Surface,nanoCC,1,2260,
0.658096,,Surface,nanoCC,1,2261,
0.796424,,Surface,nanoCC,1,2262,
0.862056,,Surface,nanoCC,1,2263,
0.882717,,Surface,nanoCC,1,2264,
0.644021,,Surface,nanoCC,1,2265,
0.567665,,Surface,nanoCC,1,2266,
0.880722,,Surface,nanoCC,1,2267,
0.885002,,Surface,nanoCC,1,2268,
0.87944,,Surface,nanoCC,1,2269,
0.653449,,Surface,nanoCC,1,2270,
0.879329,,Surface,nanoCC,1,2271,
0.791367,,Surface,nanoCC,1,2272,
0.853894,,Surface,nanoCC,1,2273,
0.586542,,Surface,nanoCC,1,2274,
0.402018,,Surface,nanoCC,1,2275,
0.788899,,Surface,nanoCC,1,2276,
0.86803,,Surface,nanoCC,1,2277,
0.64529,,Surface,nanoCC,1,2278,
0.885271,,Surface,nanoCC,1,2279,
0.708917,,Surface,nanoCC,1,2280,
0.801769,,Surface,nanoCC,1,2281,
0.895374,,Surface,nanoCC,1,2282,
0.671114,,Surface,nanoCC,1,2283,
0.89993,,Surface,nanoCC,1,2284,
0.885471,,Surface,nanoCC,1,2285,
0.652788,,Surface,nanoCC,1,2286,
0.872763,,Surface,nanoCC,1,2287,
0.721381,,Surface,nanoCC,1,2288,
0.647673,,Surface,nanoCC,1,2289,
0.907437,,Surface,nanoCC,1,2290,
0.737986,,Surface,nanoCC,1,2291,
0.895704,,Surface,nanoCC,1,2292,
0.50002,,Surface,nanoCC,1,2293,
0.546126,,Surface,nanoCC,1,2294,
0.702055,,Surface,nanoCC,1,2295,
0.87513,,Surface,nanoCC,1,2296,
0.600764,,Surface,nanoCC,1,2297,
0.880542,,Surface,nanoCC,1,2298,
0.930265,,Surface,nanoCC,1,2299,
0.742528,,Surface,nanoCC,1,2300,
0.898371,,Surface,nanoCC,1,2301,
0.723862,,Surface,nanoCC,1,2302,
0.747541,,Surface,nanoCC,1,2303,
0.605959,,Surface,nanoCC,1,2304,
0.78921,,Surface,nanoCC,1,2305,
0.865829,,Surface,nanoCC,1,2306,
0.803861,,Surface,nanoCC,1,2307,
0.764834,,Surface,nanoCC,1,2308,
0.903635,,Surface,nanoCC,1,2309,
0.740691,,Surface,nanoCC,1,2310,
0.572129,,Surface,nanoCC,1,2311,
0.497567,,Surface,nanoCC,1,2312,
0.897021,,Surface,nanoCC,1,2313,
0.605228,,Surface,nanoCC,1,2314,
0.746606,,Surface,nanoCC,1,2315,
0.846527,,Surface,nanoCC,1,2316,
0.901512,,Surface,nanoCC,1,2317,
0.621199,,Surface,nanoCC,1,2318,
0.600294,,Surface,nanoCC,1,2319,
0.696578,,Surface,nanoCC,1,2320,
0.857108,,Surface,nanoCC,1,2321,
0.674666,,Surface,nanoCC,1,2322,
0.687338,,Surface,nanoCC,1,2323,
0.852831,,Surface,nanoCC,1,2324,
0.807789,,Surface,nanoCC,1,2325,
0.905423,,Surface,nanoCC,1,2326,
0.624646,,Surface,nanoCC,1,2327,
0.903686,,Surface,nanoCC,1,2328,
0.723417,,Surface,nanoCC,1,2329,
0.634398,,Surface,nanoCC,1,2330,
0.710857,,Surface,nanoCC,1,2331,
0.554653,,Surface,nanoCC,1,2332,
0.741301,,Surface,nanoCC,1,2333,
0.826128,,Surface,nanoCC,1,2334,
0.591615,,Surface,nanoCC,1,2335,
0.787599,,Surface,nanoCC,1,2336,
0.550278,,Surface,nanoCC,1,2337,
0.72533,,Surface,nanoCC,1,2338,
0.855248,,Surface,nanoCC,1,2339,
0.68746,,Surface,nanoCC,1,2340,
0.679995,,Surface,nanoCC,1,2341,
0.708346,,Surface,nanoCC,1,2342,
0.719599,,Surface,nanoCC,1,2343,
0.800625,,Surface,nanoCC,1,2344,
0.731981,,Surface,nanoCC,1,2345,
0.681724,,Surface,nanoCC,1,2346,
0.827087,,Surface,nanoCC,1,2347,
0.743093,,Surface,nanoCC,1,2348,
0.640498,,Surface,nanoCC,1,2349,
0.709009,,Surface,nanoCC,1,2350,
0.87425,,Surface,nanoCC,1,2351,
0.854888,,Surface,nanoCC,1,2352,
0.915853,,Surface,nanoCC,1,2353,
0.819358,,Surface,nanoCC,1,2354,
0.918063,,Surface,nanoCC,1,2355,
0.876167,,Surface,nanoCC,1,2356,
0.684429,,Surface,nanoCC,1,2357,
0.776559,,Surface,nanoCC,1,2358,
0.902321,,Surface,nanoCC,1,2359,
0.835745,,Surface,nanoCC,1,2360,
0.676841,,Surface,nanoCC,1,2361,
0.91021,,Surface,nanoCC,1,2362,
0.819032,,Surface,nanoCC,1,2363,
0.833532,,Surface,nanoCC,1,2364,
0.843095,,Surface,nanoCC,1,2365,
0.8298,,Surface,nanoCC,1,2366,
0.790137,,Surface,nanoCC,1,2367,
0.607493,,Surface,nanoCC,1,2368,
0.822774,,Surface,nanoCC,1,2369,
0.920641,,Surface,nanoCC,1,2370,
0.708824,,Surface,nanoCC,1,2371,
0.686632,,Surface,nanoCC,1,2372,
0.694975,,Surface,nanoCC,1,2373,
0.494815,,Surface,nanoCC,1,2374,
0.761562,,Surface,nanoCC,1,2375,
0.861046,,Surface,nanoCC,1,2376,
0.67325,,Surface,nanoCC,1,2377,
0.862343,,Surface,nanoCC,1,2378,
0.720454,,Surface,nanoCC,1,2379,
0.900715,,Surface,nanoCC,1,2380,
0.656715,,Surface,nanoCC,1,2381,
0.310578,,Surface,nanoCC,1,2382,
0.682234,,Surface,nanoCC,1,2383,
0.772305,,Surface,nanoCC,1,2384,
0.779016,,Surface,nanoCC,1,2385,
0.873991,,Surface,nanoCC,1,2386,
0.780484,,Surface,nanoCC,1,2387,
0.810321,,Surface,nanoCC,1,2388,
0.831083,,Surface,nanoCC,1,2389,
0.687364,,Surface,nanoCC,1,2390,
0.629406,,Surface,nanoCC,1,2391,
0.903958,,Surface,nanoCC,1,2392,
0.855091,,Surface,nanoCC,1,2393,
0.600242,,Surface,nanoCC,1,2394,
0.804779,,Surface,nanoCC,1,2395,
0.747442,,Surface,nanoCC,1,2396,
0.830752,,Surface,nanoCC,1,2397,
0.809037,,Surface,nanoCC,1,2398,
0.625021,,Surface,nanoCC,1,2399,
0.853324,,Surface,nanoCC,1,2400,
0.827791,,Surface,nanoCC,1,2401,
0.869861,,Surface,nanoCC,1,2402,
0.533916,,Surface,nanoCC,1,2403,
0.76536,,Surface,nanoCC,1,2404,
0.47425,,Surface,nanoCC,1,2405,
0.408422,,Surface,nanoCC,1,2406,
0.688754,,Surface,nanoCC,1,2407,
0.783263,,Surface,nanoCC,1,2408,
0.396132,,Surface,nanoCC,1,2409,
0.796822,,Surface,nanoCC,1,2410,
0.728,,Surface,nanoCC,1,2411,
0.777284,,Surface,nanoCC,1,2412,
0.601216,,Surface,nanoCC,1,2413,
0.476819,,Surface,nanoCC,1,2414,
0.830605,,Surface,nanoCC,1,2415,
0.683001,,Surface,nanoCC,1,2416,
0.74941,,Surface,nanoCC,1,2417,
0.767362,,Surface,nanoCC,1,2418,
0.941657,,Surface,nanoCC,1,2419,
0.510097,,Surface,nanoCC,1,2420,
0.705563,,Surface,nanoCC,1,2421,
0.866167,,Surface,nanoCC,1,2422,
0.833106,,Surface,nanoCC,1,2423,
0.505536,,Surface,nanoCC,1,2424,
0.87881,,Surface,nanoCC,1,2425,
0.870942,,Surface,nanoCC,1,2426,
0.750027,,Surface,nanoCC,1,2427,
0.730732,,Surface,nanoCC,1,2428,
0.593634,,Surface,nanoCC,1,2429,
0.780774,,Surface,nanoCC,1,2430,
0.695776,,Surface,nanoCC,1,2431,
0.742557,,Surface,nanoCC,1,2432,
0.884569,,Surface,nanoCC,1,2433,
0.820486,,Surface,nanoCC,1,2434,
0.518617,,Surface,nanoCC,1,2435,
0.912284,,Surface,nanoCC,1,2436,
0.779763,,Surface,nanoCC,1,2437,
0.816917,,Surface,nanoCC,1,2438,
0.641308,,Surface,nanoCC,1,2439,
0.922445,,Surface,nanoCC,1,2440,
0.872044,,Surface,nanoCC,1,2441,
0.747345,,Surface,nanoCC,1,2442,
0.843526,,Surface,nanoCC,1,2443,
0.902886,,Surface,nanoCC,1,2444,
0.872077,,Surface,nanoCC,1,2445,
0.559181,,Surface,nanoCC,1,2446,
0.686893,,Surface,nanoCC,1,2447,
0.83661,,Surface,nanoCC,1,2448,
0.576782,,Surface,nanoCC,1,2449,
0.713006,,Surface,nanoCC,1,2450,
0.818371,,Surface,nanoCC,1,2451,
0.734274,,Surface,nanoCC,1,2452,
0.489563,,Surface,nanoCC,1,2453,
0.817644,,Surface,nanoCC,1,2454,
0.69885,,Surface,nanoCC,1,2455,
0.878687,,Surface,nanoCC,1,2456,
0.88487,,Surface,nanoCC,1,2457,
0.512462,,Surface,nanoCC,1,2458,
0.790584,,Surface,nanoCC,1,2459,
0.74979,,Surface,nanoCC,1,2460,
0.754776,,Surface,nanoCC,1,2461,
0.674297,,Surface,nanoCC,1,2462,
0.844321,,Surface,nanoCC,1,2463,
0.758108,,Surface,nanoCC,1,2464,
0.694018,,Surface,nanoCC,1,2465,
0.835166,,Surface,nanoCC,1,2466,
0.572641,,Surface,nanoCC,1,2467,
0.37503,,Surface,nanoCC,1,2468,
0.891411,,Surface,nanoCC,1,2469,
0.842211,,Surface,nanoCC,1,2470,
0.806923,,Surface,nanoCC,1,2471,
0.828692,,Surface,nanoCC,1,2472,
0.845336,,Surface,nanoCC,1,2473,
0.866121,,Surface,nanoCC,1,2474,
0.861737,,Surface,nanoCC,1,2475,
0.671848,,Surface,nanoCC,1,2476,
0.750765,,Surface,nanoCC,1,2477,
0.921061,,Surface,nanoCC,1,2478,
0.867912,,Surface,nanoCC,1,2479,
0.765312,,Surface,nanoCC,1,2480,
0.806169,,Surface,nanoCC,1,2481,
0.816358,,Surface,nanoCC,1,2482,
0.707556,,Surface,nanoCC,1,2483,
0.831538,,Surface,nanoCC,1,2484,
0.878704,,Surface,nanoCC,1,2485,
0.843668,,Surface,nanoCC,1,2486,
0.796235,,Surface,nanoCC,1,2487,
0.741902,,Surface,nanoCC,1,2488,
0.494667,,Surface,nanoCC,1,2489,
0.818503,,Surface,nanoCC,1,2490,
0.591049,,Surface,nanoCC,1,2491,
0.602097,,Surface,nanoCC,1,2492,
0.916106,,Surface,nanoCC,1,2493,
0.805502,,Surface,nanoCC,1,2494,
0.755409,,Surface,nanoCC,1,2495,
0.726216,,Surface,nanoCC,1,2496,
0.686941,,Surface,nanoCC,1,2497,
0.728727,,Surface,nanoCC,1,2498,
0.77707,,Surface,nanoCC,1,2499,
0.931568,,Surface,nanoCC,1,2500,
0.510868,,Surface,nanoCC,1,2501,
0.707998,,Surface,nanoCC,1,2502,
0.750062,,Surface,nanoCC,1,2503,
0.574309,,Surface,nanoCC,1,2504,
0.733307,,Surface,nanoCC,1,2505,
0.632212,,Surface,nanoCC,1,2506,
0.913422,,Surface,nanoCC,1,2507,
0.909427,,Surface,nanoCC,1,2508,
0.901594,,Surface,nanoCC,1,2509,
0.917008,,Surface,nanoCC,1,2510,
0.808024,,Surface,nanoCC,1,2511,
0.846247,,Surface,nanoCC,1,2512,
0.868991,,Surface,nanoCC,1,2513,
0.729899,,Surface,nanoCC,1,2514,
0.625223,,Surface,nanoCC,1,2515,
0.840959,,Surface,nanoCC,1,2516,
0.567679,,Surface,nanoCC,1,2517,
0.756115,,Surface,nanoCC,1,2518,
0.750167,,Surface,nanoCC,1,2519,
0.848944,,Surface,nanoCC,1,2520,
0.616745,,Surface,nanoCC,1,2521,
0.661196,,Surface,nanoCC,1,2522,
0.76792,,Surface,nanoCC,1,2523,
0.612436,,Surface,nanoCC,1,2524,
0.693885,,Surface,nanoCC,1,2525,
0.871485,,Surface,nanoCC,1,2526,
0.758822,,Surface,nanoCC,1,2527,
0.824125,,Surface,nanoCC,1,2528,
0.698353,,Surface,nanoCC,1,2529,
0.62607,,Surface,nanoCC,1,2530,
0.840841,,Surface,nanoCC,1,2531,
0.750621,,Surface,nanoCC,1,2532,
0.90305,,Surface,nanoCC,1,2533,
0.876173,,Surface,nanoCC,1,2534,
0.35102,,Surface,nanoCC,1,2535,
0.781019,,Surface,nanoCC,1,2536,
0.906122,,Surface,nanoCC,1,2537,
0.496183,,Surface,nanoCC,1,2538,
0.554422,,Surface,nanoCC,1,2539,
0.74624,,Surface,nanoCC,1,2540,
0.645879,,Surface,nanoCC,1,2541,
0.770593,,Surface,nanoCC,1,2542,
0.828279,,Surface,nanoCC,1,2543,
0.694517,,Surface,nanoCC,1,2544,
0.481034,,Surface,nanoCC,1,2545,
0.837975,,Surface,nanoCC,1,2546,
0.645498,,Surface,nanoCC,1,2547,
0.442239,,Surface,nanoCC,1,2548,
0.641539,,Surface,nanoCC,1,2549,
0.733342,,Surface,nanoCC,1,2550,
0.776518,,Surface,nanoCC,1,2551,
0.57108,,Surface,nanoCC,1,2552,
0.815109,,Surface,nanoCC,1,2553,
0.83995,,Surface,nanoCC,1,2554,
0.859375,,Surface,nanoCC,1,2555,
0.821262,,Surface,nanoCC,1,2556,
0.784574,,Surface,nanoCC,1,2557,
0.905734,,Surface,nanoCC,1,2558,
0.81904,,Surface,nanoCC,1,2559,
0.849144,,Surface,nanoCC,1,2560,
0.575696,,Surface,nanoCC,1,2561,
0.630026,,Surface,nanoCC,1,2562,
0.855857,,Surface,nanoCC,1,2563,
0.701286,,Surface,nanoCC,1,2564,
0.829564,,Surface,nanoCC,1,2565,
0.637675,,Surface,nanoCC,1,2566,
0.83212,,Surface,nanoCC,1,2567,
0.904701,,Surface,nanoCC,1,2568,
0.801431,,Surface,nanoCC,1,2569,
0.835808,,Surface,nanoCC,1,2570,
0.829979,,Surface,nanoCC,1,2571,
0.906156,,Surface,nanoCC,1,2572,
0.754094,,Surface,nanoCC,1,2573,
0.827328,,Surface,nanoCC,1,2574,
0.472796,,Surface,nanoCC,1,2575,
0.810521,,Surface,nanoCC,1,2576,
0.839904,,Surface,nanoCC,1,2577,
0.809461,,Surface,nanoCC,1,2578,
0.61372,,Surface,nanoCC,1,2579,
0.770874,,Surface,nanoCC,1,2580,
0.767977,,Surface,nanoCC,1,2581,
0.702184,,Surface,nanoCC,1,2582,
0.851464,,Surface,nanoCC,1,2583,
0.791334,,Surface,nanoCC,1,2584,
0.878937,,Surface,nanoCC,1,2585,
0.854698,,Surface,nanoCC,1,2586,
0.873946,,Surface,nanoCC,1,2587,
0.908256,,Surface,nanoCC,1,2588,
0.580909,,Surface,nanoCC,1,2589,
0.819445,,Surface,nanoCC,1,2590,
0.729877,,Surface,nanoCC,1,2591,
0.741605,,Surface,nanoCC,1,2592,
0.889702,,Surface,nanoCC,1,2593,
0.819818,,Surface,nanoCC,1,2594,
0.788059,,Surface,nanoCC,1,2595,
0.671912,,Surface,nanoCC,1,2596,
0.682266,,Surface,nanoCC,1,2597,
0.81604,,Surface,nanoCC,1,2598,
0.795142,,Surface,nanoCC,1,2599,
0.278012,,Surface,nanoCC,1,2600,
0.23679,,Surface,nanoCC,1,2601,
0.561531,,Surface,nanoCC,1,2602,
0.729347,,Surface,nanoCC,1,2603,
0.701433,,Surface,nanoCC,1,2604,
0.428958,,Surface,nanoCC,1,2605,
0.849979,,Surface,nanoCC,1,2606,
0.676274,,Surface,nanoCC,1,2607,
0.785835,,Surface,nanoCC,1,2608,
0.453789,,Surface,nanoCC,1,2609,
0.735554,,Surface,nanoCC,1,2610,
0.860946,,Surface,nanoCC,1,2611,
0.919295,,Surface,nanoCC,1,2612,
0.768421,,Surface,nanoCC,1,2613,
0.750965,,Surface,nanoCC,1,2614,
0.890238,,Surface,nanoCC,1,2615,
0.324234,,Surface,nanoCC,1,2616,
0.821474,,Surface,nanoCC,1,2617,
0.779278,,Surface,nanoCC,1,2618,
0.918091,,Surface,nanoCC,1,2619,
0.780442,,Surface,nanoCC,1,2620,
0.773452,,Surface,nanoCC,1,2621,
0.735666,,Surface,nanoCC,1,2622,
0.896547,,Surface,nanoCC,1,2623,
0.381472,,Surface,nanoCC,1,2624,
0.765271,,Surface,nanoCC,1,2625,
0.688595,,Surface,nanoCC,1,2626,
0.644831,,Surface,nanoCC,1,2627,
0.604321,,Surface,nanoCC,1,2628,
0.773095,,Surface,nanoCC,1,2629,
0.876857,,Surface,nanoCC,1,2630,
0.67371,,Surface,nanoCC,1,2631,
0.683938,,Surface,nanoCC,1,2632,
0.831225,,Surface,nanoCC,1,2633,
0.470154,,Surface,nanoCC,1,2634,
0.793899,,Surface,nanoCC,1,2635,
0.720484,,Surface,nanoCC,1,2636,
0.709106,,Surface,nanoCC,1,2637,
0.716674,,Surface,nanoCC,1,2638,
0.669575,,Surface,nanoCC,1,2639,
0.81191,,Surface,nanoCC,1,2640,
0.830403,,Surface,nanoCC,1,2641,
0.868511,,Surface,nanoCC,1,2642,
0.73291,,Surface,nanoCC,1,2643,
0.58229,,Surface,nanoCC,1,2644,
0.593562,,Surface,nanoCC,1,2645,
0.797467,,Surface,nanoCC,1,2646,
0.82358,,Surface,nanoCC,1,2647,
0.780222,,Surface,nanoCC,1,2648,
0.773866,,Surface,nanoCC,1,2649,
0.505989,,Surface,nanoCC,1,2650,
0.734256,,Surface,nanoCC,1,2651,
0.700428,,Surface,nanoCC,1,2652,
0.84876,,Surface,nanoCC,1,2653,
0.840949,,Surface,nanoCC,1,2654,
0.765906,,Surface,nanoCC,1,2655,
0.85861,,Surface,nanoCC,1,2656,
0.773633,,Surface,nanoCC,1,2657,
0.942144,,Surface,nanoCC,1,2658,
0.932023,,Surface,nanoCC,1,2659,
0.887693,,Surface,nanoCC,1,2660,
0.695583,,Surface,nanoCC,1,2661,
0.799854,,Surface,nanoCC,1,2662,
0.755712,,Surface,nanoCC,1,2663,
0.789769,,Surface,nanoCC,1,2664,
0.703337,,Surface,nanoCC,1,2665,
0.840816,,Surface,nanoCC,1,2666,
0.888807,,Surface,nanoCC,1,2667,
0.828733,,Surface,nanoCC,1,2668,
0.71969,,Surface,nanoCC,1,2669,
0.640094,,Surface,nanoCC,1,2670,
0.895032,,Surface,nanoCC,1,2671,
0.397875,,Surface,nanoCC,1,2672,
0.757631,,Surface,nanoCC,1,2673,
0.694374,,Surface,nanoCC,1,2674,
0.827233,,Surface,nanoCC,1,2675,
0.36224,,Surface,nanoCC,1,2676,
0.83338,,Surface,nanoCC,1,2677,
0.775025,,Surface,nanoCC,1,2678,
0.908451,,Surface,nanoCC,1,2679,
0.79629,,Surface,nanoCC,1,2680,
0.678178,,Surface,nanoCC,1,2681,
0.884584,,Surface,nanoCC,1,2682,
0.741694,,Surface,nanoCC,1,2683,
0.78256,,Surface,nanoCC,1,2684,
0.90585,,Surface,nanoCC,1,2685,
0.785169,,Surface,nanoCC,1,2686,
0.885911,,Surface,nanoCC,1,2687,
0.865699,,Surface,nanoCC,1,2688,
0.42303,,Surface,nanoCC,1,2689,
0.862338,,Surface,nanoCC,1,2690,
0.524357,,Surface,nanoCC,1,2691,
0.846446,,Surface,nanoCC,1,2692,
0.831444,,Surface,nanoCC,1,2693,
0.778955,,Surface,nanoCC,1,2694,
0.621252,,Surface,nanoCC,1,2695,
0.901471,,Surface,nanoCC,1,2696,
0.77004,,Surface,nanoCC,1,2697,
0.855342,,Surface,nanoCC,1,2698,
0.768504,,Surface,nanoCC,1,2699,
0.827811,,Surface,nanoCC,1,2700,
0.777929,,Surface,nanoCC,1,2701,
0.842992,,Surface,nanoCC,1,2702,
0.703774,,Surface,nanoCC,1,2703,
0.755871,,Surface,nanoCC,1,2704,
0.888761,,Surface,nanoCC,1,2705,
0.786134,,Surface,nanoCC,1,2706,
0.795767,,Surface,nanoCC,1,2707,
0.843842,,Surface,nanoCC,1,2708,
0.913614,,Surface,nanoCC,1,2709,
0.891312,,Surface,nanoCC,1,2710,
0.885553,,Surface,nanoCC,1,2711,
0.879062,,Surface,nanoCC,1,2712,
0.79928,,Surface,nanoCC,1,2713,
0.770291,,Surface,nanoCC,1,2714,
0.667232,,Surface,nanoCC,1,2715,
0.87171,,Surface,nanoCC,1,2716,
0.923685,,Surface,nanoCC,1,2717,
0.745989,,Surface,nanoCC,1,2718,
0.773768,,Surface,nanoCC,1,2719,
0.825424,,Surface,nanoCC,1,2720,
0.507542,,Surface,nanoCC,1,2721,
0.920116,,Surface,nanoCC,1,2722,
0.781505,,Surface,nanoCC,1,2723,
0.787235,,Surface,nanoCC,1,2724,
0.898204,,Surface,nanoCC,1,2725,
0.824253,,Surface,nanoCC,1,2726,
0.890852,,Surface,nanoCC,1,2727,
0.773369,,Surface,nanoCC,1,2728,
0.594486,,Surface,nanoCC,1,2729,
0.872657,,Surface,nanoCC,1,2730,
0.729986,,Surface,nanoCC,1,2731,
0.820001,,Surface,nanoCC,1,2732,
0.76761,,Surface,nanoCC,1,2733,
0.86909,,Surface,nanoCC,1,2734,
0.817905,,Surface,nanoCC,1,2735,
0.900329,,Surface,nanoCC,1,2736,
0.814396,,Surface,nanoCC,1,2737,
0.829978,,Surface,nanoCC,1,2738,
0.922797,,Surface,nanoCC,1,2739,
0.626933,,Surface,nanoCC,1,2740,
0.837636,,Surface,nanoCC,1,2741,
0.854038,,Surface,nanoCC,1,2742,
0.927083,,Surface,nanoCC,1,2743,
0.621833,,Surface,nanoCC,1,2744,
0.906735,,Surface,nanoCC,1,2745,
0.887819,,Surface,nanoCC,1,2746,
0.874072,,Surface,nanoCC,1,2747,
0.918352,,Surface,nanoCC,1,2748,
0.773165,,Surface,nanoCC,1,2749,
0.596174,,Surface,nanoCC,1,2750,
0.726557,,Surface,nanoCC,1,2751,
0.724267,,Surface,nanoCC,1,2752,
0.878151,,Surface,nanoCC,1,2753,
0.402191,,Surface,nanoCC,1,2754,
0.503135,,Surface,nanoCC,1,2755,
0.925525,,Surface,nanoCC,1,2756,
0.641355,,Surface,nanoCC,1,2757,
0.817645,,Surface,nanoCC,1,2758,
0.825898,,Surface,nanoCC,1,2759,
0.748895,,Surface,nanoCC,1,2760,
0.352379,,Surface,nanoCC,1,2761,
0.912953,,Surface,nanoCC,1,2762,
0.879409,,Surface,nanoCC,1,2763,
0.767197,,Surface,nanoCC,1,2764,
0.369537,,Surface,nanoCC,1,2765,
0.830927,,Surface,nanoCC,1,2766,
0.647179,,Surface,nanoCC,1,2767,
0.864079,,Surface,nanoCC,1,2768,
0.890828,,Surface,nanoCC,1,2769,
0.662709,,Surface,nanoCC,1,2770,
0.757124,,Surface,nanoCC,1,2771,
0.793328,,Surface,nanoCC,1,2772,
0.947321,,Surface,nanoCC,1,2773,
0.853265,,Surface,nanoCC,1,2774,
0.718596,,Surface,nanoCC,1,2775,
0.953858,,Surface,nanoCC,1,2776,
0.748536,,Surface,nanoCC,1,2777,
0.495021,,Surface,nanoCC,1,2778,
0.520114,,Surface,nanoCC,1,2779,
0.867933,,Surface,nanoCC,1,2780,
0.481811,,Surface,nanoCC,1,2781,
0.891869,,Surface,nanoCC,1,2782,
0.73565,,Surface,nanoCC,1,2783,
0.887721,,Surface,nanoCC,1,2784,
0.835035,,Surface,nanoCC,1,2785,
0.869384,,Surface,nanoCC,1,2786,
0.802495,,Surface,nanoCC,1,2787,
0.888874,,Surface,nanoCC,1,2788,
0.894995,,Surface,nanoCC,1,2789,
0.844525,,Surface,nanoCC,1,2790,
0.693043,,Surface,nanoCC,1,2791,
0.817506,,Surface,nanoCC,1,2792,
0.843318,,Surface,nanoCC,1,2793,
0.739574,,Surface,nanoCC,1,2794,
0.903643,,Surface,nanoCC,1,2795,
0.722704,,Surface,nanoCC,1,2796,
0.845139,,Surface,nanoCC,1,2797,
0.758603,,Surface,nanoCC,1,2798,
0.800793,,Surface,nanoCC,1,2799,
0.873067,,Surface,nanoCC,1,2800,
0.744293,,Surface,nanoCC,1,2801,
0.887743,,Surface,nanoCC,1,2802,
0.796429,,Surface,nanoCC,1,2803,
0.827953,,Surface,nanoCC,1,2804,
0.793146,,Surface,nanoCC,1,2805,
0.847002,,Surface,nanoCC,1,2806,
0.871403,,Surface,nanoCC,1,2807,
0.835097,,Surface,nanoCC,1,2808,
0.705022,,Surface,nanoCC,1,2809,
0.85667,,Surface,nanoCC,1,2810,
0.750139,,Surface,nanoCC,1,2811,
0.885839,,Surface,nanoCC,1,2812,
0.854055,,Surface,nanoCC,1,2813,
0.923983,,Surface,nanoCC,1,2814,
0.781773,,Surface,nanoCC,1,2815,
0.914843,,Surface,nanoCC,1,2816,
0.49578,,Surface,nanoCC,1,2817,
0.567337,,Surface,nanoCC,1,2818,
0.666721,,Surface,nanoCC,1,2819,
0.727359,,Surface,nanoCC,1,2820,
0.720715,,Surface,nanoCC,1,2821,
0.721499,,Surface,nanoCC,1,2822,
0.712448,,Surface,nanoCC,1,2823,
0.927527,,Surface,nanoCC,1,2824,
0.831671,,Surface,nanoCC,1,2825,
0.896807,,Surface,nanoCC,1,2826,
0.833737,,Surface,nanoCC,1,2827,
0.79744,,Surface,nanoCC,1,2828,
0.798532,,Surface,nanoCC,1,2829,
0.540503,,Surface,nanoCC,1,2830,
0.890203,,Surface,nanoCC,1,2831,
0.897249,,Surface,nanoCC,1,2832,
0.843788,,Surface,nanoCC,1,2833,
0.780576,,Surface,nanoCC,1,2834,
0.452523,,Surface,nanoCC,1,2835,
0.867071,,Surface,nanoCC,1,2836,
0.904696,,Surface,nanoCC,1,2837,
0.920045,,Surface,nanoCC,1,2838,
0.74224,,Surface,nanoCC,1,2839,
0.795222,,Surface,nanoCC,1,2840,
0.922926,,Surface,nanoCC,1,2841,
0.913902,,Surface,nanoCC,1,2842,
0.926307,,Surface,nanoCC,1,2843,
0.854564,,Surface,nanoCC,1,2844,
0.473219,,Surface,nanoCC,1,2845,
0.852169,,Surface,nanoCC,1,2846,
0.700197,,Surface,nanoCC,1,2847,
0.921422,,Surface,nanoCC,1,2848,
0.743176,,Surface,nanoCC,1,2849,
0.870274,,Surface,nanoCC,1,2850,
0.726713,,Surface,nanoCC,1,2851,
0.649843,,Surface,nanoCC,1,2852,
0.792435,,Surface,nanoCC,1,2853,
0.818702,,Surface,nanoCC,1,2854,
0.755382,,Surface,nanoCC,1,2855,
0.897098,,Surface,nanoCC,1,2856,
0.85861,,Surface,nanoCC,1,2857,
0.750842,,Surface,nanoCC,1,2858,
0.799488,,Surface,nanoCC,1,2859,
0.738386,,Surface,nanoCC,1,2860,
0.875096,,Surface,nanoCC,1,2861,
0.703643,,Surface,nanoCC,1,2862,
0.800535,,Surface,nanoCC,1,2863,
0.659666,,Surface,nanoCC,1,2864,
0.824057,,Surface,nanoCC,1,2865,
0.664256,,Surface,nanoCC,1,2866,
0.700216,,Surface,nanoCC,1,2867,
0.773405,,Surface,nanoCC,1,2868,
0.816042,,Surface,nanoCC,1,2869,
0.76983,,Surface,nanoCC,1,2870,
0.858499,,Surface,nanoCC,1,2871,
0.811725,,Surface,nanoCC,1,2872,
0.793174,,Surface,nanoCC,1,2873,
0.912236,,Surface,nanoCC,1,2874,
0.788262,,Surface,nanoCC,1,2875,
0.791811,,Surface,nanoCC,1,2876,
0.919642,,Surface,nanoCC,1,2877,
0.886371,,Surface,nanoCC,1,2878,
0.743356,,Surface,nanoCC,1,2879,
0.911869,,Surface,nanoCC,1,2880,
0.836889,,Surface,nanoCC,1,2881,
0.804602,,Surface,nanoCC,1,2882,
0.865188,,Surface,nanoCC,1,2883,
0.871858,,Surface,nanoCC,1,2884,
0.933865,,Surface,nanoCC,1,2885,
0.650607,,Surface,nanoCC,1,2886,
0.699712,,Surface,nanoCC,1,2887,
0.801176,,Surface,nanoCC,1,2888,
0.920061,,Surface,nanoCC,1,2889,
0.837947,,Surface,nanoCC,1,2890,
0.762765,,Surface,nanoCC,1,2891,
0.828258,,Surface,nanoCC,1,2892,
0.78788,,Surface,nanoCC,1,2893,
0.851621,,Surface,nanoCC,1,2894,
0.632271,,Surface,nanoCC,1,2895,
0.882412,,Surface,nanoCC,1,2896,
0.803892,,Surface,nanoCC,1,2897,
0.930586,,Surface,nanoCC,1,2898,
0.87901,,Surface,nanoCC,1,2899,
0.649829,,Surface,nanoCC,1,2900,
0.92424,,Surface,nanoCC,1,2901,
0.934456,,Surface,nanoCC,1,2902,
0.568547,,Surface,nanoCC,1,2903,
0.833781,,Surface,nanoCC,1,2904,
0.876433,,Surface,nanoCC,1,2905,
0.879512,,Surface,nanoCC,1,2906,
0.774819,,Surface,nanoCC,1,2907,
0.54875,,Surface,nanoCC,1,2908,
0.764739,,Surface,nanoCC,1,2909,
0.496739,,Surface,nanoCC,1,2910,
0.867611,,Surface,nanoCC,1,2911,
0.536299,,Surface,nanoCC,1,2912,
0.803012,,Surface,nanoCC,1,2913,
0.926935,,Surface,nanoCC,1,2914,
0.894793,,Surface,nanoCC,1,2915,
0.830216,,Surface,nanoCC,1,2916,
0.898951,,Surface,nanoCC,1,2917,
0.71435,,Surface,nanoCC,1,2918,
0.882881,,Surface,nanoCC,1,2919,
0.789456,,Surface,nanoCC,1,2920,
0.717644,,Surface,nanoCC,1,2921,
0.786221,,Surface,nanoCC,1,2922,
0.931073,,Surface,nanoCC,1,2923,
0.735842,,Surface,nanoCC,1,2924,
0.658189,,Surface,nanoCC,1,2925,
0.856857,,Surface,nanoCC,1,2926,
0.722835,,Surface,nanoCC,1,2927,
0.887582,,Surface,nanoCC,1,2928,
0.696449,,Surface,nanoCC,1,2929,
0.891832,,Surface,nanoCC,1,2930,
0.736774,,Surface,nanoCC,1,2931,
0.847394,,Surface,nanoCC,1,2932,
0.929229,,Surface,nanoCC,1,2933,
0.77803,,Surface,nanoCC,1,2934,
0.770459,,Surface,nanoCC,1,2935,
0.716329,,Surface,nanoCC,1,2936,
0.866272,,Surface,nanoCC,1,2937,
0.821248,,Surface,nanoCC,1,2938,
0.70896,,Surface,nanoCC,1,2939,
0.84535,,Surface,nanoCC,1,2940,
0.760474,,Surface,nanoCC,1,2941,
0.953675,,Surface,nanoCC,1,2942,
0.943582,,Surface,nanoCC,1,2943,
0.777065,,Surface,nanoCC,1,2944,
0.731665,,Surface,nanoCC,1,2945,
0.745196,,Surface,nanoCC,1,2946,
0.787581,,Surface,nanoCC,1,2947,
0.746193,,Surface,nanoCC,1,2948,
0.910731,,Surface,nanoCC,1,2949,
0.819275,,Surface,nanoCC,1,2950,
0.846538,,Surface,nanoCC,1,2951,
0.764275,,Surface,nanoCC,1,2952,
0.795364,,Surface,nanoCC,1,2953,
0.708332,,Surface,nanoCC,1,2954,
0.637475,,Surface,nanoCC,1,2955,
0.719936,,Surface,nanoCC,1,2956,
0.705814,,Surface,nanoCC,1,2957,
0.864479,,Surface,nanoCC,1,2958,
0.609608,,Surface,nanoCC,1,2959,
0.837536,,Surface,nanoCC,1,2960,
0.495588,,Surface,nanoCC,1,2961,
0.718992,,Surface,nanoCC,1,2962,
0.873964,,Surface,nanoCC,1,2963,
0.82889,,Surface,nanoCC,1,2964,
0.764544,,Surface,nanoCC,1,2965,
0.836706,,Surface,nanoCC,1,2966,
0.75204,,Surface,nanoCC,1,2967,
0.86333,,Surface,nanoCC,1,2968,
0.511546,,Surface,nanoCC,1,2969,
0.858575,,Surface,nanoCC,1,2970,
0.863947,,Surface,nanoCC,1,2971,
0.57293,,Surface,nanoCC,1,2972,
0.745654,,Surface,nanoCC,1,2973,
0.863305,,Surface,nanoCC,1,2974,
0.91287,,Surface,nanoCC,1,2975,
0.864933,,Surface,nanoCC,1,2976,
0.760947,,Surface,nanoCC,1,2977,
0.725958,,Surface,nanoCC,1,2978,
0.638162,,Surface,nanoCC,1,2979,
0.767813,,Surface,nanoCC,1,2980,
0.782886,,Surface,nanoCC,1,2981,
0.885,,Surface,nanoCC,1,2982,
0.829975,,Surface,nanoCC,1,2983,
0.699129,,Surface,nanoCC,1,2984,
0.703916,,Surface,nanoCC,1,2985,
0.88313,,Surface,nanoCC,1,2986,
0.839394,,Surface,nanoCC,1,2987,
0.849097,,Surface,nanoCC,1,2988,
0.427946,,Surface,nanoCC,1,2989,
0.822831,,Surface,nanoCC,1,2990,
0.804784,,Surface,nanoCC,1,2991,
0.919031,,Surface,nanoCC,1,2992,
0.689362,,Surface,nanoCC,1,2993,
0.925415,,Surface,nanoCC,1,2994,
0.669473,,Surface,nanoCC,1,2995,
0.685437,,Surface,nanoCC,1,2996,
0.788524,,Surface,nanoCC,1,2997,
0.74701,,Surface,nanoCC,1,2998,
0.71525,,Surface,nanoCC,1,2999,
0.812919,,Surface,nanoCC,1,3000,
0.884296,,Surface,nanoCC,1,3001,
0.867023,,Surface,nanoCC,1,3002,
0.732431,,Surface,nanoCC,1,3003,
0.766242,,Surface,nanoCC,1,3004,
0.61386,,Surface,nanoCC,1,3005,
0.817592,,Surface,nanoCC,1,3006,
0.747591,,Surface,nanoCC,1,3007,
0.864577,,Surface,nanoCC,1,3008,
0.590602,,Surface,nanoCC,1,3009,
0.68233,,Surface,nanoCC,1,3010,
0.703149,,Surface,nanoCC,1,3011,
0.837594,,Surface,nanoCC,1,3012,
0.894234,,Surface,nanoCC,1,3013,
0.883194,,Surface,nanoCC,1,3014,
0.868127,,Surface,nanoCC,1,3015,
0.910478,,Surface,nanoCC,1,3016,
0.578643,,Surface,nanoCC,1,3017,
0.600228,,Surface,nanoCC,1,3018,
0.767309,,Surface,nanoCC,1,3019,
0.837386,,Surface,nanoCC,1,3020,
0.766532,,Surface,nanoCC,1,3021,
0.853656,,Surface,nanoCC,1,3022,
0.791718,,Surface,nanoCC,1,3023,
0.79993,,Surface,nanoCC,1,3024,
0.728238,,Surface,nanoCC,1,3025,
0.850038,,Surface,nanoCC,1,3026,
0.670927,,Surface,nanoCC,1,3027,
0.731068,,Surface,nanoCC,1,3028,
0.829898,,Surface,nanoCC,1,3029,
0.79964,,Surface,nanoCC,1,3030,
0.742394,,Surface,nanoCC,1,3031,
0.664755,,Surface,nanoCC,1,3032,
0.847138,,Surface,nanoCC,1,3033,
0.572135,,Surface,nanoCC,1,3034,
0.749741,,Surface,nanoCC,1,3035,
0.710364,,Surface,nanoCC,1,3036,
0.760071,,Surface,nanoCC,1,3037,
0.789781,,Surface,nanoCC,1,3038,
0.73363,,Surface,nanoCC,1,3039,
0.828508,,Surface,nanoCC,1,3040,
0.591471,,Surface,nanoCC,1,3041,
0.866176,,Surface,nanoCC,1,3042,
0.57529,,Surface,nanoCC,1,3043,
0.687271,,Surface,nanoCC,1,3044,
0.680342,,Surface,nanoCC,1,3045,
0.814251,,Surface,nanoCC,1,3046,
0.688111,,Surface,nanoCC,1,3047,
0.832187,,Surface,nanoCC,1,3048,
0.880571,,Surface,nanoCC,1,3049,
0.735852,,Surface,nanoCC,1,3050,
0.774418,,Surface,nanoCC,1,3051,
0.73496,,Surface,nanoCC,1,3052,
0.574581,,Surface,nanoCC,1,3053,
0.840631,,Surface,nanoCC,1,3054,
0.916021,,Surface,nanoCC,1,3055,
0.716258,,Surface,nanoCC,1,3056,
0.656141,,Surface,nanoCC,1,3057,
