
Intensity StdDev Ch=1 Img=1
 ==================== 
Intensity StdDev,Unit,Category,Channel,Image,Surpass Object,Time,ID,
2.19848,,Surface,1,Image 1,Nucleus,1,0,
2.80986,,Surface,1,Image 1,CC,1,24,
2.47378,,Surface,1,Image 1,CC,1,25,
3.83379,,Surface,1,Image 1,CC,1,26,
3.15476,,Surface,1,Image 1,CC,1,27,
3.09758,,Surface,1,Image 1,CC,1,28,
3.79821,,Surface,1,Image 1,CC,1,29,
4.28544,,Surface,1,Image 1,CC,1,30,
3.38755,,Surface,1,Image 1,CC,1,31,
3.113,,Surface,1,Image 1,CC,1,32,
1.30583,,Surface,1,Image 1,nanoCC,1,1546,
0.860542,,Surface,1,Image 1,nanoCC,1,1547,
1.01768,,Surface,1,Image 1,nanoCC,1,1548,
1.90471,,Surface,1,Image 1,nanoCC,1,1549,
0.557401,,Surface,1,Image 1,nanoCC,1,1550,
0.550446,,Surface,1,Image 1,nanoCC,1,1551,
1.30107,,Surface,1,Image 1,nanoCC,1,1552,
1.89639,,Surface,1,Image 1,nanoCC,1,1553,
1.33585,,Surface,1,Image 1,nanoCC,1,1554,
0.470965,,Surface,1,Image 1,nanoCC,1,1555,
1.86154,,Surface,1,Image 1,nanoCC,1,1556,
1.25331,,Surface,1,Image 1,nanoCC,1,1557,
2.4569,,Surface,1,Image 1,nanoCC,1,1558,
0.87156,,Surface,1,Image 1,nanoCC,1,1559,
0.468539,,Surface,1,Image 1,nanoCC,1,1560,
0,,Surface,1,Image 1,nanoCC,1,1561,
1.03076,,Surface,1,Image 1,nanoCC,1,1562,
0,,Surface,1,Image 1,nanoCC,1,1563,
1.60991,,Surface,1,Image 1,nanoCC,1,1564,
0.525653,,Surface,1,Image 1,nanoCC,1,1565,
1.93794,,Surface,1,Image 1,nanoCC,1,1566,
0,,Surface,1,Image 1,nanoCC,1,1567,
0.991655,,Surface,1,Image 1,nanoCC,1,1568,
2.10941,,Surface,1,Image 1,nanoCC,1,1569,
0.891301,,Surface,1,Image 1,nanoCC,1,1570,
2.12907,,Surface,1,Image 1,nanoCC,1,1571,
0.302552,,Surface,1,Image 1,nanoCC,1,1572,
0,,Surface,1,Image 1,nanoCC,1,1573,
0.162621,,Surface,1,Image 1,nanoCC,1,1574,
2.36641,,Surface,1,Image 1,nanoCC,1,1575,
1.09364,,Surface,1,Image 1,nanoCC,1,1576,
0.330567,,Surface,1,Image 1,nanoCC,1,1577,
1.99326,,Surface,1,Image 1,nanoCC,1,1578,
0.363216,,Surface,1,Image 1,nanoCC,1,1579,
1.4,,Surface,1,Image 1,nanoCC,1,1580,
0.346583,,Surface,1,Image 1,nanoCC,1,1581,
1.97971,,Surface,1,Image 1,nanoCC,1,1582,
1.39015,,Surface,1,Image 1,nanoCC,1,1583,
1.39557,,Surface,1,Image 1,nanoCC,1,1584,
1.33763,,Surface,1,Image 1,nanoCC,1,1585,
1.56904,,Surface,1,Image 1,nanoCC,1,1586,
1.30609,,Surface,1,Image 1,nanoCC,1,1587,
0.37794,,Surface,1,Image 1,nanoCC,1,1588,
1.41892,,Surface,1,Image 1,nanoCC,1,1589,
0.921611,,Surface,1,Image 1,nanoCC,1,1590,
0.927312,,Surface,1,Image 1,nanoCC,1,1591,
2.09405,,Surface,1,Image 1,nanoCC,1,1592,
1.84782,,Surface,1,Image 1,nanoCC,1,1593,
0.413432,,Surface,1,Image 1,nanoCC,1,1594,
1.89458,,Surface,1,Image 1,nanoCC,1,1595,
0,,Surface,1,Image 1,nanoCC,1,1596,
0.76958,,Surface,1,Image 1,nanoCC,1,1597,
0.637597,,Surface,1,Image 1,nanoCC,1,1598,
1.32489,,Surface,1,Image 1,nanoCC,1,1599,
1.26729,,Surface,1,Image 1,nanoCC,1,1600,
2.03318,,Surface,1,Image 1,nanoCC,1,1601,
1.41656,,Surface,1,Image 1,nanoCC,1,1602,
0.62667,,Surface,1,Image 1,nanoCC,1,1603,
1.04807,,Surface,1,Image 1,nanoCC,1,1604,
0.218412,,Surface,1,Image 1,nanoCC,1,1605,
1.58415,,Surface,1,Image 1,nanoCC,1,1606,
2.37236,,Surface,1,Image 1,nanoCC,1,1607,
0.44394,,Surface,1,Image 1,nanoCC,1,1608,
0.324156,,Surface,1,Image 1,nanoCC,1,1609,
1.22523,,Surface,1,Image 1,nanoCC,1,1610,
0,,Surface,1,Image 1,nanoCC,1,1611,
1.09631,,Surface,1,Image 1,nanoCC,1,1612,
1.42719,,Surface,1,Image 1,nanoCC,1,1613,
2.05566,,Surface,1,Image 1,nanoCC,1,1614,
0.930996,,Surface,1,Image 1,nanoCC,1,1615,
1.79124,,Surface,1,Image 1,nanoCC,1,1616,
0.116285,,Surface,1,Image 1,nanoCC,1,1617,
1.34931,,Surface,1,Image 1,nanoCC,1,1618,
0.669312,,Surface,1,Image 1,nanoCC,1,1619,
0.765417,,Surface,1,Image 1,nanoCC,1,1620,
1.22484,,Surface,1,Image 1,nanoCC,1,1621,
0.0646043,,Surface,1,Image 1,nanoCC,1,1622,
1.28562,,Surface,1,Image 1,nanoCC,1,1623,
1.33935,,Surface,1,Image 1,nanoCC,1,1624,
1.24796,,Surface,1,Image 1,nanoCC,1,1625,
0.699341,,Surface,1,Image 1,nanoCC,1,1626,
1.30547,,Surface,1,Image 1,nanoCC,1,1627,
0.719388,,Surface,1,Image 1,nanoCC,1,1628,
1.29589,,Surface,1,Image 1,nanoCC,1,1629,
0,,Surface,1,Image 1,nanoCC,1,1630,
0,,Surface,1,Image 1,nanoCC,1,1631,
0.738897,,Surface,1,Image 1,nanoCC,1,1632,
1.47395,,Surface,1,Image 1,nanoCC,1,1633,
0.887876,,Surface,1,Image 1,nanoCC,1,1634,
2.15608,,Surface,1,Image 1,nanoCC,1,1635,
0.85561,,Surface,1,Image 1,nanoCC,1,1636,
0.744459,,Surface,1,Image 1,nanoCC,1,1637,
1.77057,,Surface,1,Image 1,nanoCC,1,1638,
0.942176,,Surface,1,Image 1,nanoCC,1,1639,
1.53126,,Surface,1,Image 1,nanoCC,1,1640,
1.05668,,Surface,1,Image 1,nanoCC,1,1641,
2.45328,,Surface,1,Image 1,nanoCC,1,1642,
0,,Surface,1,Image 1,nanoCC,1,1643,
0,,Surface,1,Image 1,nanoCC,1,1644,
1.87437,,Surface,1,Image 1,nanoCC,1,1645,
1.54978,,Surface,1,Image 1,nanoCC,1,1646,
0,,Surface,1,Image 1,nanoCC,1,1647,
1.28125,,Surface,1,Image 1,nanoCC,1,1648,
1.46104,,Surface,1,Image 1,nanoCC,1,1649,
1.41305,,Surface,1,Image 1,nanoCC,1,1650,
0,,Surface,1,Image 1,nanoCC,1,1651,
1.43703,,Surface,1,Image 1,nanoCC,1,1652,
1.44679,,Surface,1,Image 1,nanoCC,1,1653,
1.20097,,Surface,1,Image 1,nanoCC,1,1654,
2.38287,,Surface,1,Image 1,nanoCC,1,1655,
1.72292,,Surface,1,Image 1,nanoCC,1,1656,
2.15587,,Surface,1,Image 1,nanoCC,1,1657,
1.07215,,Surface,1,Image 1,nanoCC,1,1658,
1.51978,,Surface,1,Image 1,nanoCC,1,1659,
1.30043,,Surface,1,Image 1,nanoCC,1,1660,
1.05537,,Surface,1,Image 1,nanoCC,1,1661,
1.77709,,Surface,1,Image 1,nanoCC,1,1662,
1.4561,,Surface,1,Image 1,nanoCC,1,1663,
1.15854,,Surface,1,Image 1,nanoCC,1,1664,
2.18963,,Surface,1,Image 1,nanoCC,1,1665,
1.12564,,Surface,1,Image 1,nanoCC,1,1666,
0,,Surface,1,Image 1,nanoCC,1,1667,
0.716349,,Surface,1,Image 1,nanoCC,1,1668,
1.381,,Surface,1,Image 1,nanoCC,1,1669,
0.683167,,Surface,1,Image 1,nanoCC,1,1670,
1.2516,,Surface,1,Image 1,nanoCC,1,1671,
1.62023,,Surface,1,Image 1,nanoCC,1,1672,
1.14959,,Surface,1,Image 1,nanoCC,1,1673,
1.3772,,Surface,1,Image 1,nanoCC,1,1674,
0.713794,,Surface,1,Image 1,nanoCC,1,1675,
1.45005,,Surface,1,Image 1,nanoCC,1,1676,
0.599296,,Surface,1,Image 1,nanoCC,1,1677,
0,,Surface,1,Image 1,nanoCC,1,1678,
0,,Surface,1,Image 1,nanoCC,1,1679,
0.972396,,Surface,1,Image 1,nanoCC,1,1680,
2.08081,,Surface,1,Image 1,nanoCC,1,1681,
1.07746,,Surface,1,Image 1,nanoCC,1,1682,
0.570301,,Surface,1,Image 1,nanoCC,1,1683,
0,,Surface,1,Image 1,nanoCC,1,1684,
1.17653,,Surface,1,Image 1,nanoCC,1,1685,
0,,Surface,1,Image 1,nanoCC,1,1686,
1.93008,,Surface,1,Image 1,nanoCC,1,1687,
1.65757,,Surface,1,Image 1,nanoCC,1,1688,
0.869755,,Surface,1,Image 1,nanoCC,1,1689,
1.02477,,Surface,1,Image 1,nanoCC,1,1690,
0.625048,,Surface,1,Image 1,nanoCC,1,1691,
1.31259,,Surface,1,Image 1,nanoCC,1,1692,
0,,Surface,1,Image 1,nanoCC,1,1693,
0.601842,,Surface,1,Image 1,nanoCC,1,1694,
0.566557,,Surface,1,Image 1,nanoCC,1,1695,
0.712315,,Surface,1,Image 1,nanoCC,1,1696,
0.804092,,Surface,1,Image 1,nanoCC,1,1697,
0.985884,,Surface,1,Image 1,nanoCC,1,1698,
0.726686,,Surface,1,Image 1,nanoCC,1,1699,
1.06205,,Surface,1,Image 1,nanoCC,1,1700,
0.705041,,Surface,1,Image 1,nanoCC,1,1701,
1.3619,,Surface,1,Image 1,nanoCC,1,1702,
0.835901,,Surface,1,Image 1,nanoCC,1,1703,
0,,Surface,1,Image 1,nanoCC,1,1704,
0.330471,,Surface,1,Image 1,nanoCC,1,1705,
1.7121,,Surface,1,Image 1,nanoCC,1,1706,
0,,Surface,1,Image 1,nanoCC,1,1707,
0.777529,,Surface,1,Image 1,nanoCC,1,1708,
0,,Surface,1,Image 1,nanoCC,1,1709,
1.18924,,Surface,1,Image 1,nanoCC,1,1710,
0.913256,,Surface,1,Image 1,nanoCC,1,1711,
0.332275,,Surface,1,Image 1,nanoCC,1,1712,
1.13435,,Surface,1,Image 1,nanoCC,1,1713,
0.0140796,,Surface,1,Image 1,nanoCC,1,1714,
0.825848,,Surface,1,Image 1,nanoCC,1,1715,
1.36771,,Surface,1,Image 1,nanoCC,1,1716,
1.7587,,Surface,1,Image 1,nanoCC,1,1717,
0,,Surface,1,Image 1,nanoCC,1,1718,
0.799523,,Surface,1,Image 1,nanoCC,1,1719,
1.17107,,Surface,1,Image 1,nanoCC,1,1720,
1.09516,,Surface,1,Image 1,nanoCC,1,1721,
0.893455,,Surface,1,Image 1,nanoCC,1,1722,
2.09426,,Surface,1,Image 1,nanoCC,1,1723,
0.475653,,Surface,1,Image 1,nanoCC,1,1724,
1.59463,,Surface,1,Image 1,nanoCC,1,1725,
1.45934,,Surface,1,Image 1,nanoCC,1,1726,
0.938733,,Surface,1,Image 1,nanoCC,1,1727,
0.766703,,Surface,1,Image 1,nanoCC,1,1728,
1.60465,,Surface,1,Image 1,nanoCC,1,1729,
0.472971,,Surface,1,Image 1,nanoCC,1,1730,
1.05582,,Surface,1,Image 1,nanoCC,1,1731,
1.65592,,Surface,1,Image 1,nanoCC,1,1732,
1.56539,,Surface,1,Image 1,nanoCC,1,1733,
1.16267,,Surface,1,Image 1,nanoCC,1,1734,
0.67735,,Surface,1,Image 1,nanoCC,1,1735,
0.321661,,Surface,1,Image 1,nanoCC,1,1736,
0.613371,,Surface,1,Image 1,nanoCC,1,1737,
1.6243,,Surface,1,Image 1,nanoCC,1,1738,
0.942946,,Surface,1,Image 1,nanoCC,1,1739,
1.47845,,Surface,1,Image 1,nanoCC,1,1740,
0.709993,,Surface,1,Image 1,nanoCC,1,1741,
1.84602,,Surface,1,Image 1,nanoCC,1,1742,
2.15767,,Surface,1,Image 1,nanoCC,1,1743,
1.94765,,Surface,1,Image 1,nanoCC,1,1744,
0,,Surface,1,Image 1,nanoCC,1,1745,
2.20041,,Surface,1,Image 1,nanoCC,1,1746,
0.71241,,Surface,1,Image 1,nanoCC,1,1747,
0.964208,,Surface,1,Image 1,nanoCC,1,1748,
0,,Surface,1,Image 1,nanoCC,1,1749,
0,,Surface,1,Image 1,nanoCC,1,1750,
0.97706,,Surface,1,Image 1,nanoCC,1,1751,
0,,Surface,1,Image 1,nanoCC,1,1752,
0.432704,,Surface,1,Image 1,nanoCC,1,1753,
1.26048,,Surface,1,Image 1,nanoCC,1,1754,
1.82803,,Surface,1,Image 1,nanoCC,1,1755,
0.662513,,Surface,1,Image 1,nanoCC,1,1756,
0.200278,,Surface,1,Image 1,nanoCC,1,1757,
1.53488,,Surface,1,Image 1,nanoCC,1,1758,
1.30826,,Surface,1,Image 1,nanoCC,1,1759,
0.990782,,Surface,1,Image 1,nanoCC,1,1760,
2.01014,,Surface,1,Image 1,nanoCC,1,1761,
0.815196,,Surface,1,Image 1,nanoCC,1,1762,
0,,Surface,1,Image 1,nanoCC,1,1763,
0.885403,,Surface,1,Image 1,nanoCC,1,1764,
0.451102,,Surface,1,Image 1,nanoCC,1,1765,
0.424715,,Surface,1,Image 1,nanoCC,1,1766,
0,,Surface,1,Image 1,nanoCC,1,1767,
0,,Surface,1,Image 1,nanoCC,1,1768,
0.41079,,Surface,1,Image 1,nanoCC,1,1769,
0.567571,,Surface,1,Image 1,nanoCC,1,1770,
0,,Surface,1,Image 1,nanoCC,1,1771,
1.34889,,Surface,1,Image 1,nanoCC,1,1772,
1.45132,,Surface,1,Image 1,nanoCC,1,1773,
1.60517,,Surface,1,Image 1,nanoCC,1,1774,
1.55577,,Surface,1,Image 1,nanoCC,1,1775,
0,,Surface,1,Image 1,nanoCC,1,1776,
1.52729,,Surface,1,Image 1,nanoCC,1,1777,
1.35242,,Surface,1,Image 1,nanoCC,1,1778,
0.691265,,Surface,1,Image 1,nanoCC,1,1779,
1.07623,,Surface,1,Image 1,nanoCC,1,1780,
0.177653,,Surface,1,Image 1,nanoCC,1,1781,
0,,Surface,1,Image 1,nanoCC,1,1782,
0.355033,,Surface,1,Image 1,nanoCC,1,1783,
0,,Surface,1,Image 1,nanoCC,1,1784,
1.20955,,Surface,1,Image 1,nanoCC,1,1785,
0.402008,,Surface,1,Image 1,nanoCC,1,1786,
0,,Surface,1,Image 1,nanoCC,1,1787,
0,,Surface,1,Image 1,nanoCC,1,1788,
2.33759,,Surface,1,Image 1,nanoCC,1,1789,
0,,Surface,1,Image 1,nanoCC,1,1790,
0.826972,,Surface,1,Image 1,nanoCC,1,1791,
0,,Surface,1,Image 1,nanoCC,1,1792,
1.3089,,Surface,1,Image 1,nanoCC,1,1793,
1.72261,,Surface,1,Image 1,nanoCC,1,1794,
0.677458,,Surface,1,Image 1,nanoCC,1,1795,
3.23354,,Surface,1,Image 1,nanoCC,1,1796,
1.32969,,Surface,1,Image 1,nanoCC,1,1797,
2.01049,,Surface,1,Image 1,nanoCC,1,1798,
0.966368,,Surface,1,Image 1,nanoCC,1,1799,
1.63821,,Surface,1,Image 1,nanoCC,1,1800,
1.28783,,Surface,1,Image 1,nanoCC,1,1801,
1.89219,,Surface,1,Image 1,nanoCC,1,1802,
1.03492,,Surface,1,Image 1,nanoCC,1,1803,
0.891928,,Surface,1,Image 1,nanoCC,1,1804,
1.5144,,Surface,1,Image 1,nanoCC,1,1805,
0.998359,,Surface,1,Image 1,nanoCC,1,1806,
0.879339,,Surface,1,Image 1,nanoCC,1,1807,
0.996008,,Surface,1,Image 1,nanoCC,1,1808,
1.88844,,Surface,1,Image 1,nanoCC,1,1809,
2.19632,,Surface,1,Image 1,nanoCC,1,1810,
1.18102,,Surface,1,Image 1,nanoCC,1,1811,
0.549415,,Surface,1,Image 1,nanoCC,1,1812,
0,,Surface,1,Image 1,nanoCC,1,1813,
1.27375,,Surface,1,Image 1,nanoCC,1,1814,
0.645359,,Surface,1,Image 1,nanoCC,1,1815,
0,,Surface,1,Image 1,nanoCC,1,1816,
0.356723,,Surface,1,Image 1,nanoCC,1,1817,
1.18094,,Surface,1,Image 1,nanoCC,1,1818,
0.382628,,Surface,1,Image 1,nanoCC,1,1819,
1.00161,,Surface,1,Image 1,nanoCC,1,1820,
2.16431,,Surface,1,Image 1,nanoCC,1,1821,
2.02477,,Surface,1,Image 1,nanoCC,1,1822,
0.546552,,Surface,1,Image 1,nanoCC,1,1823,
0,,Surface,1,Image 1,nanoCC,1,1824,
0,,Surface,1,Image 1,nanoCC,1,1825,
0.39995,,Surface,1,Image 1,nanoCC,1,1826,
1.07216,,Surface,1,Image 1,nanoCC,1,1827,
0.987214,,Surface,1,Image 1,nanoCC,1,1828,
0.134063,,Surface,1,Image 1,nanoCC,1,1829,
1.47502,,Surface,1,Image 1,nanoCC,1,1830,
0.614097,,Surface,1,Image 1,nanoCC,1,1831,
0,,Surface,1,Image 1,nanoCC,1,1832,
1.8285,,Surface,1,Image 1,nanoCC,1,1833,
0.0118785,,Surface,1,Image 1,nanoCC,1,1834,
2.19248,,Surface,1,Image 1,nanoCC,1,1835,
0.476087,,Surface,1,Image 1,nanoCC,1,1836,
1.50523,,Surface,1,Image 1,nanoCC,1,1837,
2.91853,,Surface,1,Image 1,nanoCC,1,1838,
2.04619,,Surface,1,Image 1,nanoCC,1,1839,
0.119719,,Surface,1,Image 1,nanoCC,1,1840,
1.55982,,Surface,1,Image 1,nanoCC,1,1841,
0.771906,,Surface,1,Image 1,nanoCC,1,1842,
0.849491,,Surface,1,Image 1,nanoCC,1,1843,
0,,Surface,1,Image 1,nanoCC,1,1844,
1.27686,,Surface,1,Image 1,nanoCC,1,1845,
0.592864,,Surface,1,Image 1,nanoCC,1,1846,
2.38244,,Surface,1,Image 1,nanoCC,1,1847,
0.349023,,Surface,1,Image 1,nanoCC,1,1848,
0.0222197,,Surface,1,Image 1,nanoCC,1,1849,
1.61454,,Surface,1,Image 1,nanoCC,1,1850,
1.09287,,Surface,1,Image 1,nanoCC,1,1851,
0.441165,,Surface,1,Image 1,nanoCC,1,1852,
2.74236,,Surface,1,Image 1,nanoCC,1,1853,
2.54612,,Surface,1,Image 1,nanoCC,1,1854,
0.860119,,Surface,1,Image 1,nanoCC,1,1855,
0.782433,,Surface,1,Image 1,nanoCC,1,1856,
0.376992,,Surface,1,Image 1,nanoCC,1,1857,
2.04541,,Surface,1,Image 1,nanoCC,1,1858,
0.281015,,Surface,1,Image 1,nanoCC,1,1859,
0,,Surface,1,Image 1,nanoCC,1,1860,
2.18896,,Surface,1,Image 1,nanoCC,1,1861,
1.55148,,Surface,1,Image 1,nanoCC,1,1862,
0,,Surface,1,Image 1,nanoCC,1,1863,
0.614142,,Surface,1,Image 1,nanoCC,1,1864,
1.84081,,Surface,1,Image 1,nanoCC,1,1865,
1.90167,,Surface,1,Image 1,nanoCC,1,1866,
1.05825,,Surface,1,Image 1,nanoCC,1,1867,
1.24036,,Surface,1,Image 1,nanoCC,1,1868,
1.3857,,Surface,1,Image 1,nanoCC,1,1869,
0.822312,,Surface,1,Image 1,nanoCC,1,1870,
0.457121,,Surface,1,Image 1,nanoCC,1,1871,
2.44175,,Surface,1,Image 1,nanoCC,1,1872,
1.50688,,Surface,1,Image 1,nanoCC,1,1873,
1.885,,Surface,1,Image 1,nanoCC,1,1874,
1.40888,,Surface,1,Image 1,nanoCC,1,1875,
1.09,,Surface,1,Image 1,nanoCC,1,1876,
1.80165,,Surface,1,Image 1,nanoCC,1,1877,
2.65588,,Surface,1,Image 1,nanoCC,1,1878,
0.432758,,Surface,1,Image 1,nanoCC,1,1879,
1.03057,,Surface,1,Image 1,nanoCC,1,1880,
2.05762,,Surface,1,Image 1,nanoCC,1,1881,
0,,Surface,1,Image 1,nanoCC,1,1882,
1.5554,,Surface,1,Image 1,nanoCC,1,1883,
0,,Surface,1,Image 1,nanoCC,1,1884,
1.76439,,Surface,1,Image 1,nanoCC,1,1885,
0,,Surface,1,Image 1,nanoCC,1,1886,
0.903379,,Surface,1,Image 1,nanoCC,1,1887,
0.519763,,Surface,1,Image 1,nanoCC,1,1888,
0.835556,,Surface,1,Image 1,nanoCC,1,1889,
3.23718,,Surface,1,Image 1,nanoCC,1,1890,
1.4695,,Surface,1,Image 1,nanoCC,1,1891,
1.5446,,Surface,1,Image 1,nanoCC,1,1892,
0,,Surface,1,Image 1,nanoCC,1,1893,
1.5967,,Surface,1,Image 1,nanoCC,1,1894,
2.00179,,Surface,1,Image 1,nanoCC,1,1895,
0.26431,,Surface,1,Image 1,nanoCC,1,1896,
0,,Surface,1,Image 1,nanoCC,1,1897,
0.983694,,Surface,1,Image 1,nanoCC,1,1898,
0.558949,,Surface,1,Image 1,nanoCC,1,1899,
1.76648,,Surface,1,Image 1,nanoCC,1,1900,
1.54368,,Surface,1,Image 1,nanoCC,1,1901,
0,,Surface,1,Image 1,nanoCC,1,1902,
1.73799,,Surface,1,Image 1,nanoCC,1,1903,
0.333182,,Surface,1,Image 1,nanoCC,1,1904,
0.626995,,Surface,1,Image 1,nanoCC,1,1905,
0.614933,,Surface,1,Image 1,nanoCC,1,1906,
1.47544,,Surface,1,Image 1,nanoCC,1,1907,
0,,Surface,1,Image 1,nanoCC,1,1908,
1.18178,,Surface,1,Image 1,nanoCC,1,1909,
1.13677,,Surface,1,Image 1,nanoCC,1,1910,
2.10812,,Surface,1,Image 1,nanoCC,1,1911,
1.11979,,Surface,1,Image 1,nanoCC,1,1912,
1.09683,,Surface,1,Image 1,nanoCC,1,1913,
0.605934,,Surface,1,Image 1,nanoCC,1,1914,
0.168824,,Surface,1,Image 1,nanoCC,1,1915,
0.478496,,Surface,1,Image 1,nanoCC,1,1916,
1.04907,,Surface,1,Image 1,nanoCC,1,1917,
2.37992,,Surface,1,Image 1,nanoCC,1,1918,
0.741811,,Surface,1,Image 1,nanoCC,1,1919,
0.216138,,Surface,1,Image 1,nanoCC,1,1920,
1.81938,,Surface,1,Image 1,nanoCC,1,1921,
2.12277,,Surface,1,Image 1,nanoCC,1,1922,
1.09705,,Surface,1,Image 1,nanoCC,1,1923,
0.933567,,Surface,1,Image 1,nanoCC,1,1924,
1.25925,,Surface,1,Image 1,nanoCC,1,1925,
0,,Surface,1,Image 1,nanoCC,1,1926,
0.735622,,Surface,1,Image 1,nanoCC,1,1927,
0.695891,,Surface,1,Image 1,nanoCC,1,1928,
0.840199,,Surface,1,Image 1,nanoCC,1,1929,
0.492805,,Surface,1,Image 1,nanoCC,1,1930,
1.50588,,Surface,1,Image 1,nanoCC,1,1931,
2.03546,,Surface,1,Image 1,nanoCC,1,1932,
1.18578,,Surface,1,Image 1,nanoCC,1,1933,
1.15467,,Surface,1,Image 1,nanoCC,1,1934,
0.469409,,Surface,1,Image 1,nanoCC,1,1935,
0.770251,,Surface,1,Image 1,nanoCC,1,1936,
0.677756,,Surface,1,Image 1,nanoCC,1,1937,
1.19125,,Surface,1,Image 1,nanoCC,1,1938,
1.54271,,Surface,1,Image 1,nanoCC,1,1939,
0,,Surface,1,Image 1,nanoCC,1,1940,
1.0791,,Surface,1,Image 1,nanoCC,1,1941,
0.63122,,Surface,1,Image 1,nanoCC,1,1942,
0.704253,,Surface,1,Image 1,nanoCC,1,1943,
0.93348,,Surface,1,Image 1,nanoCC,1,1944,
2.28733,,Surface,1,Image 1,nanoCC,1,1945,
1.24424,,Surface,1,Image 1,nanoCC,1,1946,
0.518052,,Surface,1,Image 1,nanoCC,1,1947,
0,,Surface,1,Image 1,nanoCC,1,1948,
0.221726,,Surface,1,Image 1,nanoCC,1,1949,
1.3411,,Surface,1,Image 1,nanoCC,1,1950,
0.0677986,,Surface,1,Image 1,nanoCC,1,1951,
1.30071,,Surface,1,Image 1,nanoCC,1,1952,
1.47204,,Surface,1,Image 1,nanoCC,1,1953,
0.429427,,Surface,1,Image 1,nanoCC,1,1954,
1.11651,,Surface,1,Image 1,nanoCC,1,1955,
1.01125,,Surface,1,Image 1,nanoCC,1,1956,
2.20701,,Surface,1,Image 1,nanoCC,1,1957,
1.0212,,Surface,1,Image 1,nanoCC,1,1958,
1.62707,,Surface,1,Image 1,nanoCC,1,1959,
0.965834,,Surface,1,Image 1,nanoCC,1,1960,
1.24687,,Surface,1,Image 1,nanoCC,1,1961,
2.03445,,Surface,1,Image 1,nanoCC,1,1962,
0.635753,,Surface,1,Image 1,nanoCC,1,1963,
1.04762,,Surface,1,Image 1,nanoCC,1,1964,
2.68059,,Surface,1,Image 1,nanoCC,1,1965,
0.604398,,Surface,1,Image 1,nanoCC,1,1966,
0.734561,,Surface,1,Image 1,nanoCC,1,1967,
1.58372,,Surface,1,Image 1,nanoCC,1,1968,
0.828822,,Surface,1,Image 1,nanoCC,1,1969,
1.41213,,Surface,1,Image 1,nanoCC,1,1970,
0.408085,,Surface,1,Image 1,nanoCC,1,1971,
1.55457,,Surface,1,Image 1,nanoCC,1,1972,
0.980619,,Surface,1,Image 1,nanoCC,1,1973,
0.348116,,Surface,1,Image 1,nanoCC,1,1974,
2.06708,,Surface,1,Image 1,nanoCC,1,1975,
0.909228,,Surface,1,Image 1,nanoCC,1,1976,
1.57292,,Surface,1,Image 1,nanoCC,1,1977,
0.958889,,Surface,1,Image 1,nanoCC,1,1978,
2.47202,,Surface,1,Image 1,nanoCC,1,1979,
0.67124,,Surface,1,Image 1,nanoCC,1,1980,
1.92926,,Surface,1,Image 1,nanoCC,1,1981,
0.411536,,Surface,1,Image 1,nanoCC,1,1982,
0,,Surface,1,Image 1,nanoCC,1,1983,
1.73,,Surface,1,Image 1,nanoCC,1,1984,
1.6497,,Surface,1,Image 1,nanoCC,1,1985,
0.49961,,Surface,1,Image 1,nanoCC,1,1986,
1.8629,,Surface,1,Image 1,nanoCC,1,1987,
0,,Surface,1,Image 1,nanoCC,1,1988,
0,,Surface,1,Image 1,nanoCC,1,1989,
0,,Surface,1,Image 1,nanoCC,1,1990,
1.86211,,Surface,1,Image 1,nanoCC,1,1991,
1.68248,,Surface,1,Image 1,nanoCC,1,1992,
0.933689,,Surface,1,Image 1,nanoCC,1,1993,
1.05661,,Surface,1,Image 1,nanoCC,1,1994,
1.53004,,Surface,1,Image 1,nanoCC,1,1995,
0,,Surface,1,Image 1,nanoCC,1,1996,
1.09283,,Surface,1,Image 1,nanoCC,1,1997,
1.54189,,Surface,1,Image 1,nanoCC,1,1998,
1.46424,,Surface,1,Image 1,nanoCC,1,1999,
1.17023,,Surface,1,Image 1,nanoCC,1,2000,
1.52541,,Surface,1,Image 1,nanoCC,1,2001,
1.2786,,Surface,1,Image 1,nanoCC,1,2002,
2.15064,,Surface,1,Image 1,nanoCC,1,2003,
1.35931,,Surface,1,Image 1,nanoCC,1,2004,
1.42112,,Surface,1,Image 1,nanoCC,1,2005,
0.811809,,Surface,1,Image 1,nanoCC,1,2006,
1.58127,,Surface,1,Image 1,nanoCC,1,2007,
0.42982,,Surface,1,Image 1,nanoCC,1,2008,
0.585431,,Surface,1,Image 1,nanoCC,1,2009,
0.595448,,Surface,1,Image 1,nanoCC,1,2010,
1.04311,,Surface,1,Image 1,nanoCC,1,2011,
0.663191,,Surface,1,Image 1,nanoCC,1,2012,
0.987386,,Surface,1,Image 1,nanoCC,1,2013,
0,,Surface,1,Image 1,nanoCC,1,2014,
1.01425,,Surface,1,Image 1,nanoCC,1,2015,
1.03558,,Surface,1,Image 1,nanoCC,1,2016,
0.303717,,Surface,1,Image 1,nanoCC,1,2017,
0,,Surface,1,Image 1,nanoCC,1,2018,
0.581149,,Surface,1,Image 1,nanoCC,1,2019,
0.710813,,Surface,1,Image 1,nanoCC,1,2020,
1.19879,,Surface,1,Image 1,nanoCC,1,2021,
1.76218,,Surface,1,Image 1,nanoCC,1,2022,
1.74399,,Surface,1,Image 1,nanoCC,1,2023,
0,,Surface,1,Image 1,nanoCC,1,2024,
2.49584,,Surface,1,Image 1,nanoCC,1,2025,
2.30976,,Surface,1,Image 1,nanoCC,1,2026,
0.662826,,Surface,1,Image 1,nanoCC,1,2027,
1.31566,,Surface,1,Image 1,nanoCC,1,2028,
1.50153,,Surface,1,Image 1,nanoCC,1,2029,
1.04834,,Surface,1,Image 1,nanoCC,1,2030,
0.759859,,Surface,1,Image 1,nanoCC,1,2031,
1.44787,,Surface,1,Image 1,nanoCC,1,2032,
2.14453,,Surface,1,Image 1,nanoCC,1,2033,
1.10022,,Surface,1,Image 1,nanoCC,1,2034,
1.59699,,Surface,1,Image 1,nanoCC,1,2035,
0.669438,,Surface,1,Image 1,nanoCC,1,2036,
1.08477,,Surface,1,Image 1,nanoCC,1,2037,
1.47715,,Surface,1,Image 1,nanoCC,1,2038,
2.12862,,Surface,1,Image 1,nanoCC,1,2039,
2.08271,,Surface,1,Image 1,nanoCC,1,2040,
0.411619,,Surface,1,Image 1,nanoCC,1,2041,
1.2307,,Surface,1,Image 1,nanoCC,1,2042,
0.699009,,Surface,1,Image 1,nanoCC,1,2043,
0.718081,,Surface,1,Image 1,nanoCC,1,2044,
0.548091,,Surface,1,Image 1,nanoCC,1,2045,
1.42883,,Surface,1,Image 1,nanoCC,1,2046,
0.195656,,Surface,1,Image 1,nanoCC,1,2047,
0.361299,,Surface,1,Image 1,nanoCC,1,2048,
1.55646,,Surface,1,Image 1,nanoCC,1,2049,
1.02913,,Surface,1,Image 1,nanoCC,1,2050,
1.51942,,Surface,1,Image 1,nanoCC,1,2051,
0.621887,,Surface,1,Image 1,nanoCC,1,2052,
1.70126,,Surface,1,Image 1,nanoCC,1,2053,
1.61463,,Surface,1,Image 1,nanoCC,1,2054,
0.665624,,Surface,1,Image 1,nanoCC,1,2055,
0.57398,,Surface,1,Image 1,nanoCC,1,2056,
1.27372,,Surface,1,Image 1,nanoCC,1,2057,
0.91971,,Surface,1,Image 1,nanoCC,1,2058,
0.563786,,Surface,1,Image 1,nanoCC,1,2059,
0.829941,,Surface,1,Image 1,nanoCC,1,2060,
1.01696,,Surface,1,Image 1,nanoCC,1,2061,
0.848838,,Surface,1,Image 1,nanoCC,1,2062,
1.65409,,Surface,1,Image 1,nanoCC,1,2063,
1.09953,,Surface,1,Image 1,nanoCC,1,2064,
1.32397,,Surface,1,Image 1,nanoCC,1,2065,
1.69994,,Surface,1,Image 1,nanoCC,1,2066,
1.58049,,Surface,1,Image 1,nanoCC,1,2067,
1.968,,Surface,1,Image 1,nanoCC,1,2068,
0.980136,,Surface,1,Image 1,nanoCC,1,2069,
1.07256,,Surface,1,Image 1,nanoCC,1,2070,
1.25161,,Surface,1,Image 1,nanoCC,1,2071,
1.76508,,Surface,1,Image 1,nanoCC,1,2072,
1.04602,,Surface,1,Image 1,nanoCC,1,2073,
1.7469,,Surface,1,Image 1,nanoCC,1,2074,
1.67061,,Surface,1,Image 1,nanoCC,1,2075,
0.61352,,Surface,1,Image 1,nanoCC,1,2076,
0.605182,,Surface,1,Image 1,nanoCC,1,2077,
1.70167,,Surface,1,Image 1,nanoCC,1,2078,
1.49304,,Surface,1,Image 1,nanoCC,1,2079,
1.12866,,Surface,1,Image 1,nanoCC,1,2080,
0.380864,,Surface,1,Image 1,nanoCC,1,2081,
1.09877,,Surface,1,Image 1,nanoCC,1,2082,
0.0239584,,Surface,1,Image 1,nanoCC,1,2083,
0.768545,,Surface,1,Image 1,nanoCC,1,2084,
0,,Surface,1,Image 1,nanoCC,1,2085,
0,,Surface,1,Image 1,nanoCC,1,2086,
0.701237,,Surface,1,Image 1,nanoCC,1,2087,
0.74769,,Surface,1,Image 1,nanoCC,1,2088,
0.904115,,Surface,1,Image 1,nanoCC,1,2089,
0,,Surface,1,Image 1,nanoCC,1,2090,
0.988184,,Surface,1,Image 1,nanoCC,1,2091,
1.17127,,Surface,1,Image 1,nanoCC,1,2092,
0.771476,,Surface,1,Image 1,nanoCC,1,2093,
0.894851,,Surface,1,Image 1,nanoCC,1,2094,
0.663962,,Surface,1,Image 1,nanoCC,1,2095,
0.600783,,Surface,1,Image 1,nanoCC,1,2096,
0.855635,,Surface,1,Image 1,nanoCC,1,2097,
0.335108,,Surface,1,Image 1,nanoCC,1,2098,
0.742074,,Surface,1,Image 1,nanoCC,1,2099,
1.6047,,Surface,1,Image 1,nanoCC,1,2100,
0.48684,,Surface,1,Image 1,nanoCC,1,2101,
1.08414,,Surface,1,Image 1,nanoCC,1,2102,
1.5118,,Surface,1,Image 1,nanoCC,1,2103,
1.05493,,Surface,1,Image 1,nanoCC,1,2104,
0.677103,,Surface,1,Image 1,nanoCC,1,2105,
1.63297,,Surface,1,Image 1,nanoCC,1,2106,
0,,Surface,1,Image 1,nanoCC,1,2107,
1.03874,,Surface,1,Image 1,nanoCC,1,2108,
1.07044,,Surface,1,Image 1,nanoCC,1,2109,
1.12022,,Surface,1,Image 1,nanoCC,1,2110,
1.98307,,Surface,1,Image 1,nanoCC,1,2111,
0.407725,,Surface,1,Image 1,nanoCC,1,2112,
1.04506,,Surface,1,Image 1,nanoCC,1,2113,
1.92953,,Surface,1,Image 1,nanoCC,1,2114,
0.881839,,Surface,1,Image 1,nanoCC,1,2115,
1.63501,,Surface,1,Image 1,nanoCC,1,2116,
1.1104,,Surface,1,Image 1,nanoCC,1,2117,
0.936164,,Surface,1,Image 1,nanoCC,1,2118,
2.21292,,Surface,1,Image 1,nanoCC,1,2119,
0.603657,,Surface,1,Image 1,nanoCC,1,2120,
1.01559,,Surface,1,Image 1,nanoCC,1,2121,
1.48426,,Surface,1,Image 1,nanoCC,1,2122,
1.11785,,Surface,1,Image 1,nanoCC,1,2123,
2.25138,,Surface,1,Image 1,nanoCC,1,2124,
0.504405,,Surface,1,Image 1,nanoCC,1,2125,
0.959327,,Surface,1,Image 1,nanoCC,1,2126,
0.88482,,Surface,1,Image 1,nanoCC,1,2127,
1.04837,,Surface,1,Image 1,nanoCC,1,2128,
0.0452857,,Surface,1,Image 1,nanoCC,1,2129,
0,,Surface,1,Image 1,nanoCC,1,2130,
0.549354,,Surface,1,Image 1,nanoCC,1,2131,
0.981796,,Surface,1,Image 1,nanoCC,1,2132,
0.38726,,Surface,1,Image 1,nanoCC,1,2133,
0.690822,,Surface,1,Image 1,nanoCC,1,2134,
1.75052,,Surface,1,Image 1,nanoCC,1,2135,
1.30805,,Surface,1,Image 1,nanoCC,1,2136,
0.791745,,Surface,1,Image 1,nanoCC,1,2137,
0,,Surface,1,Image 1,nanoCC,1,2138,
0,,Surface,1,Image 1,nanoCC,1,2139,
1.31623,,Surface,1,Image 1,nanoCC,1,2140,
1.85673,,Surface,1,Image 1,nanoCC,1,2141,
0.20784,,Surface,1,Image 1,nanoCC,1,2142,
1.33705,,Surface,1,Image 1,nanoCC,1,2143,
0.862387,,Surface,1,Image 1,nanoCC,1,2144,
1.50344,,Surface,1,Image 1,nanoCC,1,2145,
1.39794,,Surface,1,Image 1,nanoCC,1,2146,
0.819279,,Surface,1,Image 1,nanoCC,1,2147,
0.803293,,Surface,1,Image 1,nanoCC,1,2148,
0,,Surface,1,Image 1,nanoCC,1,2149,
0,,Surface,1,Image 1,nanoCC,1,2150,
1.15705,,Surface,1,Image 1,nanoCC,1,2151,
1.29027,,Surface,1,Image 1,nanoCC,1,2152,
0,,Surface,1,Image 1,nanoCC,1,2153,
0.663048,,Surface,1,Image 1,nanoCC,1,2154,
0.236655,,Surface,1,Image 1,nanoCC,1,2155,
0.446056,,Surface,1,Image 1,nanoCC,1,2156,
0,,Surface,1,Image 1,nanoCC,1,2157,
0.672754,,Surface,1,Image 1,nanoCC,1,2158,
0.886488,,Surface,1,Image 1,nanoCC,1,2159,
1.33524,,Surface,1,Image 1,nanoCC,1,2160,
1.26342,,Surface,1,Image 1,nanoCC,1,2161,
0.333436,,Surface,1,Image 1,nanoCC,1,2162,
1.00332,,Surface,1,Image 1,nanoCC,1,2163,
0.230521,,Surface,1,Image 1,nanoCC,1,2164,
0,,Surface,1,Image 1,nanoCC,1,2165,
0.747652,,Surface,1,Image 1,nanoCC,1,2166,
1.41274,,Surface,1,Image 1,nanoCC,1,2167,
2.27107,,Surface,1,Image 1,nanoCC,1,2168,
1.58578,,Surface,1,Image 1,nanoCC,1,2169,
0.959271,,Surface,1,Image 1,nanoCC,1,2170,
0.580997,,Surface,1,Image 1,nanoCC,1,2171,
0.365328,,Surface,1,Image 1,nanoCC,1,2172,
0.430483,,Surface,1,Image 1,nanoCC,1,2173,
0,,Surface,1,Image 1,nanoCC,1,2174,
1.32926,,Surface,1,Image 1,nanoCC,1,2175,
0.991425,,Surface,1,Image 1,nanoCC,1,2176,
0.835113,,Surface,1,Image 1,nanoCC,1,2177,
0.737426,,Surface,1,Image 1,nanoCC,1,2178,
1.19728,,Surface,1,Image 1,nanoCC,1,2179,
1.00156,,Surface,1,Image 1,nanoCC,1,2180,
0.0926919,,Surface,1,Image 1,nanoCC,1,2181,
1.52508,,Surface,1,Image 1,nanoCC,1,2182,
0.98128,,Surface,1,Image 1,nanoCC,1,2183,
1.47215,,Surface,1,Image 1,nanoCC,1,2184,
0.907827,,Surface,1,Image 1,nanoCC,1,2185,
0.802206,,Surface,1,Image 1,nanoCC,1,2186,
2.29091,,Surface,1,Image 1,nanoCC,1,2187,
0.418904,,Surface,1,Image 1,nanoCC,1,2188,
1.16418,,Surface,1,Image 1,nanoCC,1,2189,
0.818492,,Surface,1,Image 1,nanoCC,1,2190,
1.78468,,Surface,1,Image 1,nanoCC,1,2191,
0.57293,,Surface,1,Image 1,nanoCC,1,2192,
0.507351,,Surface,1,Image 1,nanoCC,1,2193,
1.01624,,Surface,1,Image 1,nanoCC,1,2194,
2.17054,,Surface,1,Image 1,nanoCC,1,2195,
0.625365,,Surface,1,Image 1,nanoCC,1,2196,
0.517194,,Surface,1,Image 1,nanoCC,1,2197,
0.942542,,Surface,1,Image 1,nanoCC,1,2198,
1.42919,,Surface,1,Image 1,nanoCC,1,2199,
1.92647,,Surface,1,Image 1,nanoCC,1,2200,
1.304,,Surface,1,Image 1,nanoCC,1,2201,
1.05098,,Surface,1,Image 1,nanoCC,1,2202,
0.259974,,Surface,1,Image 1,nanoCC,1,2203,
1.68075,,Surface,1,Image 1,nanoCC,1,2204,
0,,Surface,1,Image 1,nanoCC,1,2205,
0.618235,,Surface,1,Image 1,nanoCC,1,2206,
0.999337,,Surface,1,Image 1,nanoCC,1,2207,
2.28047,,Surface,1,Image 1,nanoCC,1,2208,
0.818058,,Surface,1,Image 1,nanoCC,1,2209,
1.62707,,Surface,1,Image 1,nanoCC,1,2210,
1.25708,,Surface,1,Image 1,nanoCC,1,2211,
3.14534,,Surface,1,Image 1,nanoCC,1,2212,
1.60082,,Surface,1,Image 1,nanoCC,1,2213,
1.87219,,Surface,1,Image 1,nanoCC,1,2214,
0.625586,,Surface,1,Image 1,nanoCC,1,2215,
1.01143,,Surface,1,Image 1,nanoCC,1,2216,
1.77032,,Surface,1,Image 1,nanoCC,1,2217,
0.178622,,Surface,1,Image 1,nanoCC,1,2218,
1.00308,,Surface,1,Image 1,nanoCC,1,2219,
0,,Surface,1,Image 1,nanoCC,1,2220,
1.75328,,Surface,1,Image 1,nanoCC,1,2221,
1.33153,,Surface,1,Image 1,nanoCC,1,2222,
2.09537,,Surface,1,Image 1,nanoCC,1,2223,
0.810802,,Surface,1,Image 1,nanoCC,1,2224,
0.959467,,Surface,1,Image 1,nanoCC,1,2225,
1.63357,,Surface,1,Image 1,nanoCC,1,2226,
1.53811,,Surface,1,Image 1,nanoCC,1,2227,
0.909787,,Surface,1,Image 1,nanoCC,1,2228,
1.83264,,Surface,1,Image 1,nanoCC,1,2229,
0,,Surface,1,Image 1,nanoCC,1,2230,
1.39516,,Surface,1,Image 1,nanoCC,1,2231,
0,,Surface,1,Image 1,nanoCC,1,2232,
0.448073,,Surface,1,Image 1,nanoCC,1,2233,
1.32902,,Surface,1,Image 1,nanoCC,1,2234,
0.421445,,Surface,1,Image 1,nanoCC,1,2235,
0.690996,,Surface,1,Image 1,nanoCC,1,2236,
1.98671,,Surface,1,Image 1,nanoCC,1,2237,
0.695902,,Surface,1,Image 1,nanoCC,1,2238,
2.14113,,Surface,1,Image 1,nanoCC,1,2239,
0,,Surface,1,Image 1,nanoCC,1,2240,
1.3133,,Surface,1,Image 1,nanoCC,1,2241,
0.633885,,Surface,1,Image 1,nanoCC,1,2242,
1.22138,,Surface,1,Image 1,nanoCC,1,2243,
2.04836,,Surface,1,Image 1,nanoCC,1,2244,
2.77206,,Surface,1,Image 1,nanoCC,1,2245,
0.226894,,Surface,1,Image 1,nanoCC,1,2246,
1.17335,,Surface,1,Image 1,nanoCC,1,2247,
0,,Surface,1,Image 1,nanoCC,1,2248,
1.85371,,Surface,1,Image 1,nanoCC,1,2249,
1.30844,,Surface,1,Image 1,nanoCC,1,2250,
0.397709,,Surface,1,Image 1,nanoCC,1,2251,
2.84026,,Surface,1,Image 1,nanoCC,1,2252,
1.93008,,Surface,1,Image 1,nanoCC,1,2253,
1.21483,,Surface,1,Image 1,nanoCC,1,2254,
2.11316,,Surface,1,Image 1,nanoCC,1,2255,
1.12548,,Surface,1,Image 1,nanoCC,1,2256,
0.604953,,Surface,1,Image 1,nanoCC,1,2257,
0.244566,,Surface,1,Image 1,nanoCC,1,2258,
1.57553,,Surface,1,Image 1,nanoCC,1,2259,
1.61474,,Surface,1,Image 1,nanoCC,1,2260,
0.22807,,Surface,1,Image 1,nanoCC,1,2261,
1.64797,,Surface,1,Image 1,nanoCC,1,2262,
1.57367,,Surface,1,Image 1,nanoCC,1,2263,
1.37516,,Surface,1,Image 1,nanoCC,1,2264,
1.01988,,Surface,1,Image 1,nanoCC,1,2265,
0.143106,,Surface,1,Image 1,nanoCC,1,2266,
1.10594,,Surface,1,Image 1,nanoCC,1,2267,
1.73993,,Surface,1,Image 1,nanoCC,1,2268,
1.82547,,Surface,1,Image 1,nanoCC,1,2269,
0.55149,,Surface,1,Image 1,nanoCC,1,2270,
2.12884,,Surface,1,Image 1,nanoCC,1,2271,
0.182742,,Surface,1,Image 1,nanoCC,1,2272,
0.752421,,Surface,1,Image 1,nanoCC,1,2273,
0.119609,,Surface,1,Image 1,nanoCC,1,2274,
0.550051,,Surface,1,Image 1,nanoCC,1,2275,
0.612683,,Surface,1,Image 1,nanoCC,1,2276,
1.3284,,Surface,1,Image 1,nanoCC,1,2277,
1.9994,,Surface,1,Image 1,nanoCC,1,2278,
0.926452,,Surface,1,Image 1,nanoCC,1,2279,
0,,Surface,1,Image 1,nanoCC,1,2280,
0.881469,,Surface,1,Image 1,nanoCC,1,2281,
0.941995,,Surface,1,Image 1,nanoCC,1,2282,
0.833252,,Surface,1,Image 1,nanoCC,1,2283,
0.59033,,Surface,1,Image 1,nanoCC,1,2284,
0.886054,,Surface,1,Image 1,nanoCC,1,2285,
0,,Surface,1,Image 1,nanoCC,1,2286,
0.864432,,Surface,1,Image 1,nanoCC,1,2287,
1.10566,,Surface,1,Image 1,nanoCC,1,2288,
0.328552,,Surface,1,Image 1,nanoCC,1,2289,
1.80694,,Surface,1,Image 1,nanoCC,1,2290,
0.909047,,Surface,1,Image 1,nanoCC,1,2291,
0.56194,,Surface,1,Image 1,nanoCC,1,2292,
1.3845,,Surface,1,Image 1,nanoCC,1,2293,
1.26954,,Surface,1,Image 1,nanoCC,1,2294,
0.958691,,Surface,1,Image 1,nanoCC,1,2295,
0.487357,,Surface,1,Image 1,nanoCC,1,2296,
1.1289,,Surface,1,Image 1,nanoCC,1,2297,
0.626462,,Surface,1,Image 1,nanoCC,1,2298,
1.5324,,Surface,1,Image 1,nanoCC,1,2299,
0.948937,,Surface,1,Image 1,nanoCC,1,2300,
0.990003,,Surface,1,Image 1,nanoCC,1,2301,
1.85757,,Surface,1,Image 1,nanoCC,1,2302,
0.441651,,Surface,1,Image 1,nanoCC,1,2303,
0.817296,,Surface,1,Image 1,nanoCC,1,2304,
1.4597,,Surface,1,Image 1,nanoCC,1,2305,
1.1694,,Surface,1,Image 1,nanoCC,1,2306,
2.21647,,Surface,1,Image 1,nanoCC,1,2307,
0.938172,,Surface,1,Image 1,nanoCC,1,2308,
1.1834,,Surface,1,Image 1,nanoCC,1,2309,
1.35531,,Surface,1,Image 1,nanoCC,1,2310,
1.31668,,Surface,1,Image 1,nanoCC,1,2311,
0.684588,,Surface,1,Image 1,nanoCC,1,2312,
0.782772,,Surface,1,Image 1,nanoCC,1,2313,
0.00821924,,Surface,1,Image 1,nanoCC,1,2314,
0.929914,,Surface,1,Image 1,nanoCC,1,2315,
0.749255,,Surface,1,Image 1,nanoCC,1,2316,
1.5604,,Surface,1,Image 1,nanoCC,1,2317,
0,,Surface,1,Image 1,nanoCC,1,2318,
0.346118,,Surface,1,Image 1,nanoCC,1,2319,
0.442861,,Surface,1,Image 1,nanoCC,1,2320,
0.207674,,Surface,1,Image 1,nanoCC,1,2321,
0.0924907,,Surface,1,Image 1,nanoCC,1,2322,
0.492166,,Surface,1,Image 1,nanoCC,1,2323,
1.18422,,Surface,1,Image 1,nanoCC,1,2324,
0.761142,,Surface,1,Image 1,nanoCC,1,2325,
0.634175,,Surface,1,Image 1,nanoCC,1,2326,
0.215413,,Surface,1,Image 1,nanoCC,1,2327,
0.998754,,Surface,1,Image 1,nanoCC,1,2328,
1.58593,,Surface,1,Image 1,nanoCC,1,2329,
0,,Surface,1,Image 1,nanoCC,1,2330,
0,,Surface,1,Image 1,nanoCC,1,2331,
0.193695,,Surface,1,Image 1,nanoCC,1,2332,
0,,Surface,1,Image 1,nanoCC,1,2333,
0.893708,,Surface,1,Image 1,nanoCC,1,2334,
1.59694,,Surface,1,Image 1,nanoCC,1,2335,
0,,Surface,1,Image 1,nanoCC,1,2336,
0.304698,,Surface,1,Image 1,nanoCC,1,2337,
0.141406,,Surface,1,Image 1,nanoCC,1,2338,
1.3668,,Surface,1,Image 1,nanoCC,1,2339,
0.919017,,Surface,1,Image 1,nanoCC,1,2340,
1.25777,,Surface,1,Image 1,nanoCC,1,2341,
0.450704,,Surface,1,Image 1,nanoCC,1,2342,
2.18791,,Surface,1,Image 1,nanoCC,1,2343,
0,,Surface,1,Image 1,nanoCC,1,2344,
0.868898,,Surface,1,Image 1,nanoCC,1,2345,
1.18049,,Surface,1,Image 1,nanoCC,1,2346,
1.69984,,Surface,1,Image 1,nanoCC,1,2347,
0.256987,,Surface,1,Image 1,nanoCC,1,2348,
0.987239,,Surface,1,Image 1,nanoCC,1,2349,
0.563306,,Surface,1,Image 1,nanoCC,1,2350,
0.788993,,Surface,1,Image 1,nanoCC,1,2351,
1.11138,,Surface,1,Image 1,nanoCC,1,2352,
1.94074,,Surface,1,Image 1,nanoCC,1,2353,
2.13641,,Surface,1,Image 1,nanoCC,1,2354,
0.797334,,Surface,1,Image 1,nanoCC,1,2355,
0.91981,,Surface,1,Image 1,nanoCC,1,2356,
1.45718,,Surface,1,Image 1,nanoCC,1,2357,
0.669699,,Surface,1,Image 1,nanoCC,1,2358,
0.951823,,Surface,1,Image 1,nanoCC,1,2359,
1.21049,,Surface,1,Image 1,nanoCC,1,2360,
1.78495,,Surface,1,Image 1,nanoCC,1,2361,
0.700828,,Surface,1,Image 1,nanoCC,1,2362,
0.685481,,Surface,1,Image 1,nanoCC,1,2363,
0.957027,,Surface,1,Image 1,nanoCC,1,2364,
1.49157,,Surface,1,Image 1,nanoCC,1,2365,
1.17654,,Surface,1,Image 1,nanoCC,1,2366,
1.77058,,Surface,1,Image 1,nanoCC,1,2367,
0,,Surface,1,Image 1,nanoCC,1,2368,
1.29239,,Surface,1,Image 1,nanoCC,1,2369,
2.10724,,Surface,1,Image 1,nanoCC,1,2370,
0.419981,,Surface,1,Image 1,nanoCC,1,2371,
1.14816,,Surface,1,Image 1,nanoCC,1,2372,
0,,Surface,1,Image 1,nanoCC,1,2373,
0.657892,,Surface,1,Image 1,nanoCC,1,2374,
0.0284023,,Surface,1,Image 1,nanoCC,1,2375,
1.26612,,Surface,1,Image 1,nanoCC,1,2376,
0.271306,,Surface,1,Image 1,nanoCC,1,2377,
1.90894,,Surface,1,Image 1,nanoCC,1,2378,
0.780249,,Surface,1,Image 1,nanoCC,1,2379,
0.719686,,Surface,1,Image 1,nanoCC,1,2380,
0.178057,,Surface,1,Image 1,nanoCC,1,2381,
0,,Surface,1,Image 1,nanoCC,1,2382,
0.133142,,Surface,1,Image 1,nanoCC,1,2383,
2.20998,,Surface,1,Image 1,nanoCC,1,2384,
0.454618,,Surface,1,Image 1,nanoCC,1,2385,
0.994437,,Surface,1,Image 1,nanoCC,1,2386,
1.45191,,Surface,1,Image 1,nanoCC,1,2387,
1.46038,,Surface,1,Image 1,nanoCC,1,2388,
1.30563,,Surface,1,Image 1,nanoCC,1,2389,
0,,Surface,1,Image 1,nanoCC,1,2390,
1.13112,,Surface,1,Image 1,nanoCC,1,2391,
1.40088,,Surface,1,Image 1,nanoCC,1,2392,
1.85466,,Surface,1,Image 1,nanoCC,1,2393,
0.363081,,Surface,1,Image 1,nanoCC,1,2394,
0.672365,,Surface,1,Image 1,nanoCC,1,2395,
1.0916,,Surface,1,Image 1,nanoCC,1,2396,
1.27021,,Surface,1,Image 1,nanoCC,1,2397,
1.76974,,Surface,1,Image 1,nanoCC,1,2398,
0.0426598,,Surface,1,Image 1,nanoCC,1,2399,
0.826563,,Surface,1,Image 1,nanoCC,1,2400,
0.135303,,Surface,1,Image 1,nanoCC,1,2401,
0.640864,,Surface,1,Image 1,nanoCC,1,2402,
0.649546,,Surface,1,Image 1,nanoCC,1,2403,
1.48527,,Surface,1,Image 1,nanoCC,1,2404,
0.393878,,Surface,1,Image 1,nanoCC,1,2405,
0.695094,,Surface,1,Image 1,nanoCC,1,2406,
0,,Surface,1,Image 1,nanoCC,1,2407,
0,,Surface,1,Image 1,nanoCC,1,2408,
0.084276,,Surface,1,Image 1,nanoCC,1,2409,
0,,Surface,1,Image 1,nanoCC,1,2410,
0,,Surface,1,Image 1,nanoCC,1,2411,
1.27187,,Surface,1,Image 1,nanoCC,1,2412,
0,,Surface,1,Image 1,nanoCC,1,2413,
0.365018,,Surface,1,Image 1,nanoCC,1,2414,
1.17279,,Surface,1,Image 1,nanoCC,1,2415,
0.906449,,Surface,1,Image 1,nanoCC,1,2416,
0.709428,,Surface,1,Image 1,nanoCC,1,2417,
0,,Surface,1,Image 1,nanoCC,1,2418,
1.21881,,Surface,1,Image 1,nanoCC,1,2419,
0.412055,,Surface,1,Image 1,nanoCC,1,2420,
1.70385,,Surface,1,Image 1,nanoCC,1,2421,
0.913792,,Surface,1,Image 1,nanoCC,1,2422,
1.28235,,Surface,1,Image 1,nanoCC,1,2423,
0,,Surface,1,Image 1,nanoCC,1,2424,
1.47756,,Surface,1,Image 1,nanoCC,1,2425,
1.21348,,Surface,1,Image 1,nanoCC,1,2426,
0.542481,,Surface,1,Image 1,nanoCC,1,2427,
1.02726,,Surface,1,Image 1,nanoCC,1,2428,
0.543523,,Surface,1,Image 1,nanoCC,1,2429,
0.950778,,Surface,1,Image 1,nanoCC,1,2430,
1.56355,,Surface,1,Image 1,nanoCC,1,2431,
0,,Surface,1,Image 1,nanoCC,1,2432,
1.51517,,Surface,1,Image 1,nanoCC,1,2433,
0.472662,,Surface,1,Image 1,nanoCC,1,2434,
1.41362,,Surface,1,Image 1,nanoCC,1,2435,
1.95673,,Surface,1,Image 1,nanoCC,1,2436,
0.293007,,Surface,1,Image 1,nanoCC,1,2437,
1.84762,,Surface,1,Image 1,nanoCC,1,2438,
0.626681,,Surface,1,Image 1,nanoCC,1,2439,
1.70025,,Surface,1,Image 1,nanoCC,1,2440,
1.17328,,Surface,1,Image 1,nanoCC,1,2441,
1.89845,,Surface,1,Image 1,nanoCC,1,2442,
2.12306,,Surface,1,Image 1,nanoCC,1,2443,
1.4944,,Surface,1,Image 1,nanoCC,1,2444,
0.233035,,Surface,1,Image 1,nanoCC,1,2445,
0.370648,,Surface,1,Image 1,nanoCC,1,2446,
0,,Surface,1,Image 1,nanoCC,1,2447,
0.890625,,Surface,1,Image 1,nanoCC,1,2448,
0,,Surface,1,Image 1,nanoCC,1,2449,
0.504955,,Surface,1,Image 1,nanoCC,1,2450,
0.5792,,Surface,1,Image 1,nanoCC,1,2451,
1.22939,,Surface,1,Image 1,nanoCC,1,2452,
1.55685,,Surface,1,Image 1,nanoCC,1,2453,
1.36432,,Surface,1,Image 1,nanoCC,1,2454,
1.06385,,Surface,1,Image 1,nanoCC,1,2455,
1.27529,,Surface,1,Image 1,nanoCC,1,2456,
1.26292,,Surface,1,Image 1,nanoCC,1,2457,
0.908716,,Surface,1,Image 1,nanoCC,1,2458,
1.02281,,Surface,1,Image 1,nanoCC,1,2459,
0,,Surface,1,Image 1,nanoCC,1,2460,
0.991415,,Surface,1,Image 1,nanoCC,1,2461,
1.28627,,Surface,1,Image 1,nanoCC,1,2462,
1.17412,,Surface,1,Image 1,nanoCC,1,2463,
1.19095,,Surface,1,Image 1,nanoCC,1,2464,
0.458967,,Surface,1,Image 1,nanoCC,1,2465,
0.521596,,Surface,1,Image 1,nanoCC,1,2466,
0.432684,,Surface,1,Image 1,nanoCC,1,2467,
0.326145,,Surface,1,Image 1,nanoCC,1,2468,
1.25115,,Surface,1,Image 1,nanoCC,1,2469,
0.684746,,Surface,1,Image 1,nanoCC,1,2470,
0.727427,,Surface,1,Image 1,nanoCC,1,2471,
1.05212,,Surface,1,Image 1,nanoCC,1,2472,
0.499143,,Surface,1,Image 1,nanoCC,1,2473,
1.78606,,Surface,1,Image 1,nanoCC,1,2474,
0.86456,,Surface,1,Image 1,nanoCC,1,2475,
0.744436,,Surface,1,Image 1,nanoCC,1,2476,
0.732333,,Surface,1,Image 1,nanoCC,1,2477,
1.80382,,Surface,1,Image 1,nanoCC,1,2478,
1.29978,,Surface,1,Image 1,nanoCC,1,2479,
1.69622,,Surface,1,Image 1,nanoCC,1,2480,
1.02737,,Surface,1,Image 1,nanoCC,1,2481,
0.275576,,Surface,1,Image 1,nanoCC,1,2482,
1.03468,,Surface,1,Image 1,nanoCC,1,2483,
1.71148,,Surface,1,Image 1,nanoCC,1,2484,
0.859626,,Surface,1,Image 1,nanoCC,1,2485,
1.08841,,Surface,1,Image 1,nanoCC,1,2486,
0,,Surface,1,Image 1,nanoCC,1,2487,
0,,Surface,1,Image 1,nanoCC,1,2488,
0.743878,,Surface,1,Image 1,nanoCC,1,2489,
1.19442,,Surface,1,Image 1,nanoCC,1,2490,
0.570685,,Surface,1,Image 1,nanoCC,1,2491,
0.754357,,Surface,1,Image 1,nanoCC,1,2492,
2.70195,,Surface,1,Image 1,nanoCC,1,2493,
0.607821,,Surface,1,Image 1,nanoCC,1,2494,
0.903656,,Surface,1,Image 1,nanoCC,1,2495,
1.55963,,Surface,1,Image 1,nanoCC,1,2496,
1.54164,,Surface,1,Image 1,nanoCC,1,2497,
0.154072,,Surface,1,Image 1,nanoCC,1,2498,
0,,Surface,1,Image 1,nanoCC,1,2499,
1.22637,,Surface,1,Image 1,nanoCC,1,2500,
0.699884,,Surface,1,Image 1,nanoCC,1,2501,
0.655183,,Surface,1,Image 1,nanoCC,1,2502,
0,,Surface,1,Image 1,nanoCC,1,2503,
1.17013,,Surface,1,Image 1,nanoCC,1,2504,
0,,Surface,1,Image 1,nanoCC,1,2505,
0.520775,,Surface,1,Image 1,nanoCC,1,2506,
1.49031,,Surface,1,Image 1,nanoCC,1,2507,
0.943262,,Surface,1,Image 1,nanoCC,1,2508,
1.91727,,Surface,1,Image 1,nanoCC,1,2509,
0.712323,,Surface,1,Image 1,nanoCC,1,2510,
0.9213,,Surface,1,Image 1,nanoCC,1,2511,
0.499924,,Surface,1,Image 1,nanoCC,1,2512,
2.6607,,Surface,1,Image 1,nanoCC,1,2513,
0.661377,,Surface,1,Image 1,nanoCC,1,2514,
0.353108,,Surface,1,Image 1,nanoCC,1,2515,
0.997207,,Surface,1,Image 1,nanoCC,1,2516,
0,,Surface,1,Image 1,nanoCC,1,2517,
1.78614,,Surface,1,Image 1,nanoCC,1,2518,
0,,Surface,1,Image 1,nanoCC,1,2519,
1.21265,,Surface,1,Image 1,nanoCC,1,2520,
1.3018,,Surface,1,Image 1,nanoCC,1,2521,
0,,Surface,1,Image 1,nanoCC,1,2522,
0.421693,,Surface,1,Image 1,nanoCC,1,2523,
0.498575,,Surface,1,Image 1,nanoCC,1,2524,
0.938941,,Surface,1,Image 1,nanoCC,1,2525,
1.21566,,Surface,1,Image 1,nanoCC,1,2526,
0.0594316,,Surface,1,Image 1,nanoCC,1,2527,
0.860911,,Surface,1,Image 1,nanoCC,1,2528,
1.73629,,Surface,1,Image 1,nanoCC,1,2529,
1.04273,,Surface,1,Image 1,nanoCC,1,2530,
1.01079,,Surface,1,Image 1,nanoCC,1,2531,
0.985423,,Surface,1,Image 1,nanoCC,1,2532,
1.91129,,Surface,1,Image 1,nanoCC,1,2533,
1.81729,,Surface,1,Image 1,nanoCC,1,2534,
0,,Surface,1,Image 1,nanoCC,1,2535,
0.877168,,Surface,1,Image 1,nanoCC,1,2536,
2.22996,,Surface,1,Image 1,nanoCC,1,2537,
0,,Surface,1,Image 1,nanoCC,1,2538,
0,,Surface,1,Image 1,nanoCC,1,2539,
1.09523,,Surface,1,Image 1,nanoCC,1,2540,
0.0282164,,Surface,1,Image 1,nanoCC,1,2541,
0.780246,,Surface,1,Image 1,nanoCC,1,2542,
1.11261,,Surface,1,Image 1,nanoCC,1,2543,
0.809455,,Surface,1,Image 1,nanoCC,1,2544,
0.460928,,Surface,1,Image 1,nanoCC,1,2545,
0.893489,,Surface,1,Image 1,nanoCC,1,2546,
1.35186,,Surface,1,Image 1,nanoCC,1,2547,
0.916349,,Surface,1,Image 1,nanoCC,1,2548,
0.183319,,Surface,1,Image 1,nanoCC,1,2549,
0,,Surface,1,Image 1,nanoCC,1,2550,
1.10766,,Surface,1,Image 1,nanoCC,1,2551,
0.434688,,Surface,1,Image 1,nanoCC,1,2552,
1.31803,,Surface,1,Image 1,nanoCC,1,2553,
0,,Surface,1,Image 1,nanoCC,1,2554,
1.37727,,Surface,1,Image 1,nanoCC,1,2555,
0.623624,,Surface,1,Image 1,nanoCC,1,2556,
0.659237,,Surface,1,Image 1,nanoCC,1,2557,
1.67213,,Surface,1,Image 1,nanoCC,1,2558,
0.979918,,Surface,1,Image 1,nanoCC,1,2559,
0.897678,,Surface,1,Image 1,nanoCC,1,2560,
0.468937,,Surface,1,Image 1,nanoCC,1,2561,
1.57876,,Surface,1,Image 1,nanoCC,1,2562,
1.35383,,Surface,1,Image 1,nanoCC,1,2563,
0.968954,,Surface,1,Image 1,nanoCC,1,2564,
0.999152,,Surface,1,Image 1,nanoCC,1,2565,
0,,Surface,1,Image 1,nanoCC,1,2566,
1.22974,,Surface,1,Image 1,nanoCC,1,2567,
1.46298,,Surface,1,Image 1,nanoCC,1,2568,
0.244828,,Surface,1,Image 1,nanoCC,1,2569,
0.523529,,Surface,1,Image 1,nanoCC,1,2570,
1.18322,,Surface,1,Image 1,nanoCC,1,2571,
1.11927,,Surface,1,Image 1,nanoCC,1,2572,
1.64826,,Surface,1,Image 1,nanoCC,1,2573,
1.45011,,Surface,1,Image 1,nanoCC,1,2574,
1.29675,,Surface,1,Image 1,nanoCC,1,2575,
0.806522,,Surface,1,Image 1,nanoCC,1,2576,
0.776587,,Surface,1,Image 1,nanoCC,1,2577,
2.94231,,Surface,1,Image 1,nanoCC,1,2578,
0.583522,,Surface,1,Image 1,nanoCC,1,2579,
1.45416,,Surface,1,Image 1,nanoCC,1,2580,
1.20204,,Surface,1,Image 1,nanoCC,1,2581,
1.37895,,Surface,1,Image 1,nanoCC,1,2582,
1.57013,,Surface,1,Image 1,nanoCC,1,2583,
1.40617,,Surface,1,Image 1,nanoCC,1,2584,
1.92562,,Surface,1,Image 1,nanoCC,1,2585,
0.59556,,Surface,1,Image 1,nanoCC,1,2586,
1.29333,,Surface,1,Image 1,nanoCC,1,2587,
0.818373,,Surface,1,Image 1,nanoCC,1,2588,
0.386557,,Surface,1,Image 1,nanoCC,1,2589,
1.95763,,Surface,1,Image 1,nanoCC,1,2590,
1.42373,,Surface,1,Image 1,nanoCC,1,2591,
0.703636,,Surface,1,Image 1,nanoCC,1,2592,
2.81496,,Surface,1,Image 1,nanoCC,1,2593,
0.772517,,Surface,1,Image 1,nanoCC,1,2594,
0.863367,,Surface,1,Image 1,nanoCC,1,2595,
1.62267,,Surface,1,Image 1,nanoCC,1,2596,
0.504856,,Surface,1,Image 1,nanoCC,1,2597,
0.898104,,Surface,1,Image 1,nanoCC,1,2598,
1.41614,,Surface,1,Image 1,nanoCC,1,2599,
0,,Surface,1,Image 1,nanoCC,1,2600,
0,,Surface,1,Image 1,nanoCC,1,2601,
2.09238,,Surface,1,Image 1,nanoCC,1,2602,
4.68016,,Surface,1,Image 1,nanoCC,1,2603,
0.301676,,Surface,1,Image 1,nanoCC,1,2604,
0.472706,,Surface,1,Image 1,nanoCC,1,2605,
1.13246,,Surface,1,Image 1,nanoCC,1,2606,
1.10005,,Surface,1,Image 1,nanoCC,1,2607,
1.2551,,Surface,1,Image 1,nanoCC,1,2608,
0.00447989,,Surface,1,Image 1,nanoCC,1,2609,
1.37665,,Surface,1,Image 1,nanoCC,1,2610,
1.0222,,Surface,1,Image 1,nanoCC,1,2611,
0.766612,,Surface,1,Image 1,nanoCC,1,2612,
0.92391,,Surface,1,Image 1,nanoCC,1,2613,
0,,Surface,1,Image 1,nanoCC,1,2614,
0.935253,,Surface,1,Image 1,nanoCC,1,2615,
0.161442,,Surface,1,Image 1,nanoCC,1,2616,
0.841793,,Surface,1,Image 1,nanoCC,1,2617,
1.16477,,Surface,1,Image 1,nanoCC,1,2618,
0.940998,,Surface,1,Image 1,nanoCC,1,2619,
0,,Surface,1,Image 1,nanoCC,1,2620,
1.5824,,Surface,1,Image 1,nanoCC,1,2621,
0.373477,,Surface,1,Image 1,nanoCC,1,2622,
0.841332,,Surface,1,Image 1,nanoCC,1,2623,
1.09998,,Surface,1,Image 1,nanoCC,1,2624,
0.00468969,,Surface,1,Image 1,nanoCC,1,2625,
0.935256,,Surface,1,Image 1,nanoCC,1,2626,
0,,Surface,1,Image 1,nanoCC,1,2627,
0.93438,,Surface,1,Image 1,nanoCC,1,2628,
1.25874,,Surface,1,Image 1,nanoCC,1,2629,
0.618698,,Surface,1,Image 1,nanoCC,1,2630,
0.711917,,Surface,1,Image 1,nanoCC,1,2631,
1.26538,,Surface,1,Image 1,nanoCC,1,2632,
0.458569,,Surface,1,Image 1,nanoCC,1,2633,
1.40743,,Surface,1,Image 1,nanoCC,1,2634,
1.1441,,Surface,1,Image 1,nanoCC,1,2635,
0.501809,,Surface,1,Image 1,nanoCC,1,2636,
0,,Surface,1,Image 1,nanoCC,1,2637,
1.56,,Surface,1,Image 1,nanoCC,1,2638,
0.381629,,Surface,1,Image 1,nanoCC,1,2639,
0.405372,,Surface,1,Image 1,nanoCC,1,2640,
0.485216,,Surface,1,Image 1,nanoCC,1,2641,
1.70061,,Surface,1,Image 1,nanoCC,1,2642,
1.8066,,Surface,1,Image 1,nanoCC,1,2643,
0.0239806,,Surface,1,Image 1,nanoCC,1,2644,
0,,Surface,1,Image 1,nanoCC,1,2645,
0.438189,,Surface,1,Image 1,nanoCC,1,2646,
1.8904,,Surface,1,Image 1,nanoCC,1,2647,
1.17342,,Surface,1,Image 1,nanoCC,1,2648,
0,,Surface,1,Image 1,nanoCC,1,2649,
0,,Surface,1,Image 1,nanoCC,1,2650,
0,,Surface,1,Image 1,nanoCC,1,2651,
0.849792,,Surface,1,Image 1,nanoCC,1,2652,
1.38067,,Surface,1,Image 1,nanoCC,1,2653,
0.92955,,Surface,1,Image 1,nanoCC,1,2654,
0.310871,,Surface,1,Image 1,nanoCC,1,2655,
1.16969,,Surface,1,Image 1,nanoCC,1,2656,
1.58215,,Surface,1,Image 1,nanoCC,1,2657,
1.16963,,Surface,1,Image 1,nanoCC,1,2658,
1.7493,,Surface,1,Image 1,nanoCC,1,2659,
1.44248,,Surface,1,Image 1,nanoCC,1,2660,
0,,Surface,1,Image 1,nanoCC,1,2661,
1.07187,,Surface,1,Image 1,nanoCC,1,2662,
0,,Surface,1,Image 1,nanoCC,1,2663,
1.0289,,Surface,1,Image 1,nanoCC,1,2664,
0.452077,,Surface,1,Image 1,nanoCC,1,2665,
0.852269,,Surface,1,Image 1,nanoCC,1,2666,
1.0804,,Surface,1,Image 1,nanoCC,1,2667,
1.69809,,Surface,1,Image 1,nanoCC,1,2668,
0,,Surface,1,Image 1,nanoCC,1,2669,
2.22938,,Surface,1,Image 1,nanoCC,1,2670,
2.02762,,Surface,1,Image 1,nanoCC,1,2671,
0,,Surface,1,Image 1,nanoCC,1,2672,
0.72591,,Surface,1,Image 1,nanoCC,1,2673,
1.27784,,Surface,1,Image 1,nanoCC,1,2674,
1.58549,,Surface,1,Image 1,nanoCC,1,2675,
0.666683,,Surface,1,Image 1,nanoCC,1,2676,
0.810568,,Surface,1,Image 1,nanoCC,1,2677,
0.835279,,Surface,1,Image 1,nanoCC,1,2678,
1.51542,,Surface,1,Image 1,nanoCC,1,2679,
1.17321,,Surface,1,Image 1,nanoCC,1,2680,
0.574004,,Surface,1,Image 1,nanoCC,1,2681,
1.30674,,Surface,1,Image 1,nanoCC,1,2682,
1.85741,,Surface,1,Image 1,nanoCC,1,2683,
0.952178,,Surface,1,Image 1,nanoCC,1,2684,
1.05873,,Surface,1,Image 1,nanoCC,1,2685,
0.619901,,Surface,1,Image 1,nanoCC,1,2686,
1.02664,,Surface,1,Image 1,nanoCC,1,2687,
1.69038,,Surface,1,Image 1,nanoCC,1,2688,
0.459294,,Surface,1,Image 1,nanoCC,1,2689,
1.80682,,Surface,1,Image 1,nanoCC,1,2690,
0.344181,,Surface,1,Image 1,nanoCC,1,2691,
0.618201,,Surface,1,Image 1,nanoCC,1,2692,
1.17047,,Surface,1,Image 1,nanoCC,1,2693,
0.813079,,Surface,1,Image 1,nanoCC,1,2694,
0,,Surface,1,Image 1,nanoCC,1,2695,
1.75418,,Surface,1,Image 1,nanoCC,1,2696,
0.755943,,Surface,1,Image 1,nanoCC,1,2697,
1.0308,,Surface,1,Image 1,nanoCC,1,2698,
0.374282,,Surface,1,Image 1,nanoCC,1,2699,
1.46126,,Surface,1,Image 1,nanoCC,1,2700,
0.75718,,Surface,1,Image 1,nanoCC,1,2701,
1.46644,,Surface,1,Image 1,nanoCC,1,2702,
1.72865,,Surface,1,Image 1,nanoCC,1,2703,
1.21559,,Surface,1,Image 1,nanoCC,1,2704,
1.75811,,Surface,1,Image 1,nanoCC,1,2705,
1.1399,,Surface,1,Image 1,nanoCC,1,2706,
1.15033,,Surface,1,Image 1,nanoCC,1,2707,
1.07434,,Surface,1,Image 1,nanoCC,1,2708,
1.61,,Surface,1,Image 1,nanoCC,1,2709,
1.5515,,Surface,1,Image 1,nanoCC,1,2710,
0.894606,,Surface,1,Image 1,nanoCC,1,2711,
0.763866,,Surface,1,Image 1,nanoCC,1,2712,
0.189765,,Surface,1,Image 1,nanoCC,1,2713,
1.13685,,Surface,1,Image 1,nanoCC,1,2714,
1.47089,,Surface,1,Image 1,nanoCC,1,2715,
0.944117,,Surface,1,Image 1,nanoCC,1,2716,
2.08636,,Surface,1,Image 1,nanoCC,1,2717,
1.58402,,Surface,1,Image 1,nanoCC,1,2718,
1.45963,,Surface,1,Image 1,nanoCC,1,2719,
0.261458,,Surface,1,Image 1,nanoCC,1,2720,
0.471531,,Surface,1,Image 1,nanoCC,1,2721,
1.10177,,Surface,1,Image 1,nanoCC,1,2722,
1.10517,,Surface,1,Image 1,nanoCC,1,2723,
1.32839,,Surface,1,Image 1,nanoCC,1,2724,
1.57759,,Surface,1,Image 1,nanoCC,1,2725,
0.584433,,Surface,1,Image 1,nanoCC,1,2726,
1.42271,,Surface,1,Image 1,nanoCC,1,2727,
0.907227,,Surface,1,Image 1,nanoCC,1,2728,
0,,Surface,1,Image 1,nanoCC,1,2729,
1.30205,,Surface,1,Image 1,nanoCC,1,2730,
0.300838,,Surface,1,Image 1,nanoCC,1,2731,
0.030479,,Surface,1,Image 1,nanoCC,1,2732,
0,,Surface,1,Image 1,nanoCC,1,2733,
1.33857,,Surface,1,Image 1,nanoCC,1,2734,
1.90831,,Surface,1,Image 1,nanoCC,1,2735,
2.13609,,Surface,1,Image 1,nanoCC,1,2736,
1.00381,,Surface,1,Image 1,nanoCC,1,2737,
2.55334,,Surface,1,Image 1,nanoCC,1,2738,
1.5782,,Surface,1,Image 1,nanoCC,1,2739,
0.637385,,Surface,1,Image 1,nanoCC,1,2740,
0.330806,,Surface,1,Image 1,nanoCC,1,2741,
1.66621,,Surface,1,Image 1,nanoCC,1,2742,
1.45773,,Surface,1,Image 1,nanoCC,1,2743,
1.4769,,Surface,1,Image 1,nanoCC,1,2744,
1.91679,,Surface,1,Image 1,nanoCC,1,2745,
0.653007,,Surface,1,Image 1,nanoCC,1,2746,
1.70705,,Surface,1,Image 1,nanoCC,1,2747,
2.10415,,Surface,1,Image 1,nanoCC,1,2748,
0.736691,,Surface,1,Image 1,nanoCC,1,2749,
0.403738,,Surface,1,Image 1,nanoCC,1,2750,
0.820908,,Surface,1,Image 1,nanoCC,1,2751,
1.24069,,Surface,1,Image 1,nanoCC,1,2752,
1.66342,,Surface,1,Image 1,nanoCC,1,2753,
0,,Surface,1,Image 1,nanoCC,1,2754,
0,,Surface,1,Image 1,nanoCC,1,2755,
1.30959,,Surface,1,Image 1,nanoCC,1,2756,
0,,Surface,1,Image 1,nanoCC,1,2757,
1.1833,,Surface,1,Image 1,nanoCC,1,2758,
1.09709,,Surface,1,Image 1,nanoCC,1,2759,
1.48505,,Surface,1,Image 1,nanoCC,1,2760,
0,,Surface,1,Image 1,nanoCC,1,2761,
0.62403,,Surface,1,Image 1,nanoCC,1,2762,
1.06033,,Surface,1,Image 1,nanoCC,1,2763,
0.421447,,Surface,1,Image 1,nanoCC,1,2764,
0,,Surface,1,Image 1,nanoCC,1,2765,
0.733135,,Surface,1,Image 1,nanoCC,1,2766,
0.346377,,Surface,1,Image 1,nanoCC,1,2767,
1.12253,,Surface,1,Image 1,nanoCC,1,2768,
1.14907,,Surface,1,Image 1,nanoCC,1,2769,
0.497455,,Surface,1,Image 1,nanoCC,1,2770,
0.390149,,Surface,1,Image 1,nanoCC,1,2771,
0.763516,,Surface,1,Image 1,nanoCC,1,2772,
2.54972,,Surface,1,Image 1,nanoCC,1,2773,
0.233983,,Surface,1,Image 1,nanoCC,1,2774,
0,,Surface,1,Image 1,nanoCC,1,2775,
1.67391,,Surface,1,Image 1,nanoCC,1,2776,
0,,Surface,1,Image 1,nanoCC,1,2777,
0,,Surface,1,Image 1,nanoCC,1,2778,
0,,Surface,1,Image 1,nanoCC,1,2779,
0.742629,,Surface,1,Image 1,nanoCC,1,2780,
1.14728,,Surface,1,Image 1,nanoCC,1,2781,
1.34106,,Surface,1,Image 1,nanoCC,1,2782,
0.916985,,Surface,1,Image 1,nanoCC,1,2783,
1.78886,,Surface,1,Image 1,nanoCC,1,2784,
0.467567,,Surface,1,Image 1,nanoCC,1,2785,
2.32729,,Surface,1,Image 1,nanoCC,1,2786,
1.14899,,Surface,1,Image 1,nanoCC,1,2787,
1.03704,,Surface,1,Image 1,nanoCC,1,2788,
1.33276,,Surface,1,Image 1,nanoCC,1,2789,
1.47761,,Surface,1,Image 1,nanoCC,1,2790,
2.20677,,Surface,1,Image 1,nanoCC,1,2791,
0,,Surface,1,Image 1,nanoCC,1,2792,
0.892272,,Surface,1,Image 1,nanoCC,1,2793,
0.550593,,Surface,1,Image 1,nanoCC,1,2794,
1.94643,,Surface,1,Image 1,nanoCC,1,2795,
0,,Surface,1,Image 1,nanoCC,1,2796,
1.34922,,Surface,1,Image 1,nanoCC,1,2797,
1.50493,,Surface,1,Image 1,nanoCC,1,2798,
0.954892,,Surface,1,Image 1,nanoCC,1,2799,
0.650859,,Surface,1,Image 1,nanoCC,1,2800,
0.374108,,Surface,1,Image 1,nanoCC,1,2801,
1.07958,,Surface,1,Image 1,nanoCC,1,2802,
0,,Surface,1,Image 1,nanoCC,1,2803,
1.67816,,Surface,1,Image 1,nanoCC,1,2804,
1.18626,,Surface,1,Image 1,nanoCC,1,2805,
0.682043,,Surface,1,Image 1,nanoCC,1,2806,
0.673741,,Surface,1,Image 1,nanoCC,1,2807,
1.65227,,Surface,1,Image 1,nanoCC,1,2808,
1.68579,,Surface,1,Image 1,nanoCC,1,2809,
1.44901,,Surface,1,Image 1,nanoCC,1,2810,
1.81337,,Surface,1,Image 1,nanoCC,1,2811,
1.25312,,Surface,1,Image 1,nanoCC,1,2812,
0.902172,,Surface,1,Image 1,nanoCC,1,2813,
1.97018,,Surface,1,Image 1,nanoCC,1,2814,
0.074862,,Surface,1,Image 1,nanoCC,1,2815,
0.735688,,Surface,1,Image 1,nanoCC,1,2816,
0.834332,,Surface,1,Image 1,nanoCC,1,2817,
1.92624,,Surface,1,Image 1,nanoCC,1,2818,
0.415841,,Surface,1,Image 1,nanoCC,1,2819,
0.571465,,Surface,1,Image 1,nanoCC,1,2820,
0.469147,,Surface,1,Image 1,nanoCC,1,2821,
0,,Surface,1,Image 1,nanoCC,1,2822,
0.461621,,Surface,1,Image 1,nanoCC,1,2823,
0.962731,,Surface,1,Image 1,nanoCC,1,2824,
1.24593,,Surface,1,Image 1,nanoCC,1,2825,
0.855224,,Surface,1,Image 1,nanoCC,1,2826,
1.49328,,Surface,1,Image 1,nanoCC,1,2827,
1.27278,,Surface,1,Image 1,nanoCC,1,2828,
0.575433,,Surface,1,Image 1,nanoCC,1,2829,
0,,Surface,1,Image 1,nanoCC,1,2830,
1.77057,,Surface,1,Image 1,nanoCC,1,2831,
1.14165,,Surface,1,Image 1,nanoCC,1,2832,
1.69726,,Surface,1,Image 1,nanoCC,1,2833,
0.834142,,Surface,1,Image 1,nanoCC,1,2834,
0.172422,,Surface,1,Image 1,nanoCC,1,2835,
0.83798,,Surface,1,Image 1,nanoCC,1,2836,
1.68871,,Surface,1,Image 1,nanoCC,1,2837,
1.93263,,Surface,1,Image 1,nanoCC,1,2838,
1.3622,,Surface,1,Image 1,nanoCC,1,2839,
0.43319,,Surface,1,Image 1,nanoCC,1,2840,
1.86887,,Surface,1,Image 1,nanoCC,1,2841,
1.50305,,Surface,1,Image 1,nanoCC,1,2842,
2.55378,,Surface,1,Image 1,nanoCC,1,2843,
0.857159,,Surface,1,Image 1,nanoCC,1,2844,
0.84944,,Surface,1,Image 1,nanoCC,1,2845,
1.23356,,Surface,1,Image 1,nanoCC,1,2846,
0,,Surface,1,Image 1,nanoCC,1,2847,
1.61785,,Surface,1,Image 1,nanoCC,1,2848,
1.06347,,Surface,1,Image 1,nanoCC,1,2849,
0.894424,,Surface,1,Image 1,nanoCC,1,2850,
0.728064,,Surface,1,Image 1,nanoCC,1,2851,
0.0180593,,Surface,1,Image 1,nanoCC,1,2852,
1.23701,,Surface,1,Image 1,nanoCC,1,2853,
1.50783,,Surface,1,Image 1,nanoCC,1,2854,
0.675175,,Surface,1,Image 1,nanoCC,1,2855,
0.966187,,Surface,1,Image 1,nanoCC,1,2856,
1.56042,,Surface,1,Image 1,nanoCC,1,2857,
0,,Surface,1,Image 1,nanoCC,1,2858,
1.18976,,Surface,1,Image 1,nanoCC,1,2859,
0,,Surface,1,Image 1,nanoCC,1,2860,
1.47116,,Surface,1,Image 1,nanoCC,1,2861,
1.06257,,Surface,1,Image 1,nanoCC,1,2862,
0,,Surface,1,Image 1,nanoCC,1,2863,
0.78697,,Surface,1,Image 1,nanoCC,1,2864,
0.600201,,Surface,1,Image 1,nanoCC,1,2865,
0,,Surface,1,Image 1,nanoCC,1,2866,
1.1533,,Surface,1,Image 1,nanoCC,1,2867,
1.21753,,Surface,1,Image 1,nanoCC,1,2868,
0.418545,,Surface,1,Image 1,nanoCC,1,2869,
0.873901,,Surface,1,Image 1,nanoCC,1,2870,
1.20657,,Surface,1,Image 1,nanoCC,1,2871,
1.1251,,Surface,1,Image 1,nanoCC,1,2872,
0.939697,,Surface,1,Image 1,nanoCC,1,2873,
1.78924,,Surface,1,Image 1,nanoCC,1,2874,
0.918894,,Surface,1,Image 1,nanoCC,1,2875,
1.70986,,Surface,1,Image 1,nanoCC,1,2876,
1.39231,,Surface,1,Image 1,nanoCC,1,2877,
1.92581,,Surface,1,Image 1,nanoCC,1,2878,
0,,Surface,1,Image 1,nanoCC,1,2879,
1.91387,,Surface,1,Image 1,nanoCC,1,2880,
0.577138,,Surface,1,Image 1,nanoCC,1,2881,
0.794214,,Surface,1,Image 1,nanoCC,1,2882,
1.19724,,Surface,1,Image 1,nanoCC,1,2883,
1.95731,,Surface,1,Image 1,nanoCC,1,2884,
1.42235,,Surface,1,Image 1,nanoCC,1,2885,
0,,Surface,1,Image 1,nanoCC,1,2886,
0.096746,,Surface,1,Image 1,nanoCC,1,2887,
0.938065,,Surface,1,Image 1,nanoCC,1,2888,
1.35811,,Surface,1,Image 1,nanoCC,1,2889,
1.60491,,Surface,1,Image 1,nanoCC,1,2890,
1.1403,,Surface,1,Image 1,nanoCC,1,2891,
1.40623,,Surface,1,Image 1,nanoCC,1,2892,
0,,Surface,1,Image 1,nanoCC,1,2893,
2.20986,,Surface,1,Image 1,nanoCC,1,2894,
0.986758,,Surface,1,Image 1,nanoCC,1,2895,
1.1164,,Surface,1,Image 1,nanoCC,1,2896,
0.900946,,Surface,1,Image 1,nanoCC,1,2897,
0.57208,,Surface,1,Image 1,nanoCC,1,2898,
0.729145,,Surface,1,Image 1,nanoCC,1,2899,
0,,Surface,1,Image 1,nanoCC,1,2900,
1.40725,,Surface,1,Image 1,nanoCC,1,2901,
0.643048,,Surface,1,Image 1,nanoCC,1,2902,
0.190605,,Surface,1,Image 1,nanoCC,1,2903,
1.45397,,Surface,1,Image 1,nanoCC,1,2904,
1.52059,,Surface,1,Image 1,nanoCC,1,2905,
1.52046,,Surface,1,Image 1,nanoCC,1,2906,
1.18125,,Surface,1,Image 1,nanoCC,1,2907,
0.383379,,Surface,1,Image 1,nanoCC,1,2908,
0.972847,,Surface,1,Image 1,nanoCC,1,2909,
0,,Surface,1,Image 1,nanoCC,1,2910,
1.32849,,Surface,1,Image 1,nanoCC,1,2911,
0.30311,,Surface,1,Image 1,nanoCC,1,2912,
0.491643,,Surface,1,Image 1,nanoCC,1,2913,
1.48629,,Surface,1,Image 1,nanoCC,1,2914,
2.65992,,Surface,1,Image 1,nanoCC,1,2915,
1.13779,,Surface,1,Image 1,nanoCC,1,2916,
0.398178,,Surface,1,Image 1,nanoCC,1,2917,
0.841045,,Surface,1,Image 1,nanoCC,1,2918,
1.45153,,Surface,1,Image 1,nanoCC,1,2919,
3.99716,,Surface,1,Image 1,nanoCC,1,2920,
1.2704,,Surface,1,Image 1,nanoCC,1,2921,
1.27736,,Surface,1,Image 1,nanoCC,1,2922,
1.36727,,Surface,1,Image 1,nanoCC,1,2923,
1.08275,,Surface,1,Image 1,nanoCC,1,2924,
0,,Surface,1,Image 1,nanoCC,1,2925,
1.01383,,Surface,1,Image 1,nanoCC,1,2926,
0,,Surface,1,Image 1,nanoCC,1,2927,
1.08635,,Surface,1,Image 1,nanoCC,1,2928,
1.23489,,Surface,1,Image 1,nanoCC,1,2929,
1.52803,,Surface,1,Image 1,nanoCC,1,2930,
0,,Surface,1,Image 1,nanoCC,1,2931,
1.09161,,Surface,1,Image 1,nanoCC,1,2932,
1.60606,,Surface,1,Image 1,nanoCC,1,2933,
1.48675,,Surface,1,Image 1,nanoCC,1,2934,
0.979713,,Surface,1,Image 1,nanoCC,1,2935,
1.65729,,Surface,1,Image 1,nanoCC,1,2936,
0.86611,,Surface,1,Image 1,nanoCC,1,2937,
1.25359,,Surface,1,Image 1,nanoCC,1,2938,
0.415659,,Surface,1,Image 1,nanoCC,1,2939,
0.642743,,Surface,1,Image 1,nanoCC,1,2940,
0.375274,,Surface,1,Image 1,nanoCC,1,2941,
2.24911,,Surface,1,Image 1,nanoCC,1,2942,
2.98009,,Surface,1,Image 1,nanoCC,1,2943,
1.79856,,Surface,1,Image 1,nanoCC,1,2944,
0,,Surface,1,Image 1,nanoCC,1,2945,
0.735163,,Surface,1,Image 1,nanoCC,1,2946,
1.5701,,Surface,1,Image 1,nanoCC,1,2947,
1.52831,,Surface,1,Image 1,nanoCC,1,2948,
3.19517,,Surface,1,Image 1,nanoCC,1,2949,
0.750963,,Surface,1,Image 1,nanoCC,1,2950,
0.866522,,Surface,1,Image 1,nanoCC,1,2951,
1.80261,,Surface,1,Image 1,nanoCC,1,2952,
1.87596,,Surface,1,Image 1,nanoCC,1,2953,
0.536735,,Surface,1,Image 1,nanoCC,1,2954,
0.29987,,Surface,1,Image 1,nanoCC,1,2955,
1.32423,,Surface,1,Image 1,nanoCC,1,2956,
1.3797,,Surface,1,Image 1,nanoCC,1,2957,
0.464125,,Surface,1,Image 1,nanoCC,1,2958,
0,,Surface,1,Image 1,nanoCC,1,2959,
1.58731,,Surface,1,Image 1,nanoCC,1,2960,
0.5164,,Surface,1,Image 1,nanoCC,1,2961,
0,,Surface,1,Image 1,nanoCC,1,2962,
1.70938,,Surface,1,Image 1,nanoCC,1,2963,
0.795159,,Surface,1,Image 1,nanoCC,1,2964,
0.346683,,Surface,1,Image 1,nanoCC,1,2965,
1.37385,,Surface,1,Image 1,nanoCC,1,2966,
1.32016,,Surface,1,Image 1,nanoCC,1,2967,
0.754365,,Surface,1,Image 1,nanoCC,1,2968,
0,,Surface,1,Image 1,nanoCC,1,2969,
1.03749,,Surface,1,Image 1,nanoCC,1,2970,
0.810436,,Surface,1,Image 1,nanoCC,1,2971,
0.449112,,Surface,1,Image 1,nanoCC,1,2972,
0,,Surface,1,Image 1,nanoCC,1,2973,
1.70321,,Surface,1,Image 1,nanoCC,1,2974,
1.22689,,Surface,1,Image 1,nanoCC,1,2975,
0.467388,,Surface,1,Image 1,nanoCC,1,2976,
0.0265377,,Surface,1,Image 1,nanoCC,1,2977,
0.734034,,Surface,1,Image 1,nanoCC,1,2978,
1.15264,,Surface,1,Image 1,nanoCC,1,2979,
2.28299,,Surface,1,Image 1,nanoCC,1,2980,
0.951693,,Surface,1,Image 1,nanoCC,1,2981,
1.30489,,Surface,1,Image 1,nanoCC,1,2982,
0.843371,,Surface,1,Image 1,nanoCC,1,2983,
0.292467,,Surface,1,Image 1,nanoCC,1,2984,
1.43174,,Surface,1,Image 1,nanoCC,1,2985,
1.57338,,Surface,1,Image 1,nanoCC,1,2986,
2.11021,,Surface,1,Image 1,nanoCC,1,2987,
2.47858,,Surface,1,Image 1,nanoCC,1,2988,
0,,Surface,1,Image 1,nanoCC,1,2989,
0.760361,,Surface,1,Image 1,nanoCC,1,2990,
1.56469,,Surface,1,Image 1,nanoCC,1,2991,
1.60682,,Surface,1,Image 1,nanoCC,1,2992,
1.14268,,Surface,1,Image 1,nanoCC,1,2993,
0.875612,,Surface,1,Image 1,nanoCC,1,2994,
0.828242,,Surface,1,Image 1,nanoCC,1,2995,
0.969674,,Surface,1,Image 1,nanoCC,1,2996,
0.218846,,Surface,1,Image 1,nanoCC,1,2997,
1.54479,,Surface,1,Image 1,nanoCC,1,2998,
2.5156,,Surface,1,Image 1,nanoCC,1,2999,
1.24883,,Surface,1,Image 1,nanoCC,1,3000,
0.763396,,Surface,1,Image 1,nanoCC,1,3001,
0.555102,,Surface,1,Image 1,nanoCC,1,3002,
1.89546,,Surface,1,Image 1,nanoCC,1,3003,
1.40565,,Surface,1,Image 1,nanoCC,1,3004,
0.815808,,Surface,1,Image 1,nanoCC,1,3005,
1.38883,,Surface,1,Image 1,nanoCC,1,3006,
1.83909,,Surface,1,Image 1,nanoCC,1,3007,
0.952015,,Surface,1,Image 1,nanoCC,1,3008,
0.734304,,Surface,1,Image 1,nanoCC,1,3009,
0.712758,,Surface,1,Image 1,nanoCC,1,3010,
0.158646,,Surface,1,Image 1,nanoCC,1,3011,
1.23616,,Surface,1,Image 1,nanoCC,1,3012,
1.55008,,Surface,1,Image 1,nanoCC,1,3013,
2.69379,,Surface,1,Image 1,nanoCC,1,3014,
0.422082,,Surface,1,Image 1,nanoCC,1,3015,
1.41784,,Surface,1,Image 1,nanoCC,1,3016,
0,,Surface,1,Image 1,nanoCC,1,3017,
0,,Surface,1,Image 1,nanoCC,1,3018,
0.138638,,Surface,1,Image 1,nanoCC,1,3019,
1.08226,,Surface,1,Image 1,nanoCC,1,3020,
0.925642,,Surface,1,Image 1,nanoCC,1,3021,
0.788818,,Surface,1,Image 1,nanoCC,1,3022,
1.37553,,Surface,1,Image 1,nanoCC,1,3023,
1.30429,,Surface,1,Image 1,nanoCC,1,3024,
0.290676,,Surface,1,Image 1,nanoCC,1,3025,
0.705943,,Surface,1,Image 1,nanoCC,1,3026,
0,,Surface,1,Image 1,nanoCC,1,3027,
0.998249,,Surface,1,Image 1,nanoCC,1,3028,
0.829615,,Surface,1,Image 1,nanoCC,1,3029,
0.725894,,Surface,1,Image 1,nanoCC,1,3030,
0,,Surface,1,Image 1,nanoCC,1,3031,
0,,Surface,1,Image 1,nanoCC,1,3032,
2.16801,,Surface,1,Image 1,nanoCC,1,3033,
0.29346,,Surface,1,Image 1,nanoCC,1,3034,
1.12027,,Surface,1,Image 1,nanoCC,1,3035,
0,,Surface,1,Image 1,nanoCC,1,3036,
0.737179,,Surface,1,Image 1,nanoCC,1,3037,
0,,Surface,1,Image 1,nanoCC,1,3038,
0.588691,,Surface,1,Image 1,nanoCC,1,3039,
0.79715,,Surface,1,Image 1,nanoCC,1,3040,
0.929153,,Surface,1,Image 1,nanoCC,1,3041,
1.33301,,Surface,1,Image 1,nanoCC,1,3042,
0,,Surface,1,Image 1,nanoCC,1,3043,
0,,Surface,1,Image 1,nanoCC,1,3044,
0.415684,,Surface,1,Image 1,nanoCC,1,3045,
0.283357,,Surface,1,Image 1,nanoCC,1,3046,
1.10792,,Surface,1,Image 1,nanoCC,1,3047,
1.53867,,Surface,1,Image 1,nanoCC,1,3048,
1.22823,,Surface,1,Image 1,nanoCC,1,3049,
1.50035,,Surface,1,Image 1,nanoCC,1,3050,
0,,Surface,1,Image 1,nanoCC,1,3051,
0.723965,,Surface,1,Image 1,nanoCC,1,3052,
1.6066,,Surface,1,Image 1,nanoCC,1,3053,
0.864066,,Surface,1,Image 1,nanoCC,1,3054,
1.17195,,Surface,1,Image 1,nanoCC,1,3055,
1.32038,,Surface,1,Image 1,nanoCC,1,3056,
0.399857,,Surface,1,Image 1,nanoCC,1,3057,
