
Intensity StdDev Ch=2 Img=1
 ==================== 
Intensity StdDev,Unit,Category,Channel,Image,Surpass Object,Time,ID,
4.82831,,Surface,2,Image 1,Nucleus,1,0,
4.98221,,Surface,2,Image 1,CC,1,24,
0.786469,,Surface,2,Image 1,CC,1,25,
4.81241,,Surface,2,Image 1,CC,1,26,
2.32187,,Surface,2,Image 1,CC,1,27,
0.21339,,Surface,2,Image 1,CC,1,28,
3.94042,,Surface,2,Image 1,CC,1,29,
1.57335,,Surface,2,Image 1,CC,1,30,
1.99097,,Surface,2,Image 1,CC,1,31,
2.93667,,Surface,2,Image 1,CC,1,32,
1.12926,,Surface,2,Image 1,nanoCC,1,1546,
2.5179,,Surface,2,Image 1,nanoCC,1,1547,
0.435338,,Surface,2,Image 1,nanoCC,1,1548,
0.159311,,Surface,2,Image 1,nanoCC,1,1549,
0.182688,,Surface,2,Image 1,nanoCC,1,1550,
0.830495,,Surface,2,Image 1,nanoCC,1,1551,
0.981799,,Surface,2,Image 1,nanoCC,1,1552,
0.765564,,Surface,2,Image 1,nanoCC,1,1553,
1.48476,,Surface,2,Image 1,nanoCC,1,1554,
0.115045,,Surface,2,Image 1,nanoCC,1,1555,
1.12334,,Surface,2,Image 1,nanoCC,1,1556,
0.153014,,Surface,2,Image 1,nanoCC,1,1557,
0.719341,,Surface,2,Image 1,nanoCC,1,1558,
0.336935,,Surface,2,Image 1,nanoCC,1,1559,
0.280251,,Surface,2,Image 1,nanoCC,1,1560,
0,,Surface,2,Image 1,nanoCC,1,1561,
0.0715992,,Surface,2,Image 1,nanoCC,1,1562,
0,,Surface,2,Image 1,nanoCC,1,1563,
2.20657,,Surface,2,Image 1,nanoCC,1,1564,
0.0988998,,Surface,2,Image 1,nanoCC,1,1565,
1.98083,,Surface,2,Image 1,nanoCC,1,1566,
0,,Surface,2,Image 1,nanoCC,1,1567,
0.963691,,Surface,2,Image 1,nanoCC,1,1568,
2.59611,,Surface,2,Image 1,nanoCC,1,1569,
0.690197,,Surface,2,Image 1,nanoCC,1,1570,
0.540566,,Surface,2,Image 1,nanoCC,1,1571,
0.193883,,Surface,2,Image 1,nanoCC,1,1572,
0,,Surface,2,Image 1,nanoCC,1,1573,
0.501441,,Surface,2,Image 1,nanoCC,1,1574,
0.350026,,Surface,2,Image 1,nanoCC,1,1575,
1.35599,,Surface,2,Image 1,nanoCC,1,1576,
0.209648,,Surface,2,Image 1,nanoCC,1,1577,
0.020233,,Surface,2,Image 1,nanoCC,1,1578,
0.0356162,,Surface,2,Image 1,nanoCC,1,1579,
0.491723,,Surface,2,Image 1,nanoCC,1,1580,
0.519247,,Surface,2,Image 1,nanoCC,1,1581,
1.5848,,Surface,2,Image 1,nanoCC,1,1582,
0.389526,,Surface,2,Image 1,nanoCC,1,1583,
0.107867,,Surface,2,Image 1,nanoCC,1,1584,
1.02738,,Surface,2,Image 1,nanoCC,1,1585,
0.250972,,Surface,2,Image 1,nanoCC,1,1586,
0.296019,,Surface,2,Image 1,nanoCC,1,1587,
0.31589,,Surface,2,Image 1,nanoCC,1,1588,
0.312662,,Surface,2,Image 1,nanoCC,1,1589,
0.917955,,Surface,2,Image 1,nanoCC,1,1590,
0.0813792,,Surface,2,Image 1,nanoCC,1,1591,
0.356749,,Surface,2,Image 1,nanoCC,1,1592,
0.918357,,Surface,2,Image 1,nanoCC,1,1593,
0.0568486,,Surface,2,Image 1,nanoCC,1,1594,
4.77277,,Surface,2,Image 1,nanoCC,1,1595,
0,,Surface,2,Image 1,nanoCC,1,1596,
0.270489,,Surface,2,Image 1,nanoCC,1,1597,
0.43252,,Surface,2,Image 1,nanoCC,1,1598,
0.147256,,Surface,2,Image 1,nanoCC,1,1599,
1.32478,,Surface,2,Image 1,nanoCC,1,1600,
1.68301,,Surface,2,Image 1,nanoCC,1,1601,
1.95029,,Surface,2,Image 1,nanoCC,1,1602,
0.0555941,,Surface,2,Image 1,nanoCC,1,1603,
0.807113,,Surface,2,Image 1,nanoCC,1,1604,
0.269092,,Surface,2,Image 1,nanoCC,1,1605,
0.0398396,,Surface,2,Image 1,nanoCC,1,1606,
1.02598,,Surface,2,Image 1,nanoCC,1,1607,
0.0599907,,Surface,2,Image 1,nanoCC,1,1608,
0.485476,,Surface,2,Image 1,nanoCC,1,1609,
0.00973528,,Surface,2,Image 1,nanoCC,1,1610,
0,,Surface,2,Image 1,nanoCC,1,1611,
0.46619,,Surface,2,Image 1,nanoCC,1,1612,
0.725653,,Surface,2,Image 1,nanoCC,1,1613,
3.79053,,Surface,2,Image 1,nanoCC,1,1614,
0.048319,,Surface,2,Image 1,nanoCC,1,1615,
2.20487,,Surface,2,Image 1,nanoCC,1,1616,
0.272171,,Surface,2,Image 1,nanoCC,1,1617,
0.0706715,,Surface,2,Image 1,nanoCC,1,1618,
0.0272761,,Surface,2,Image 1,nanoCC,1,1619,
0.410523,,Surface,2,Image 1,nanoCC,1,1620,
1.09866,,Surface,2,Image 1,nanoCC,1,1621,
0.107211,,Surface,2,Image 1,nanoCC,1,1622,
1.12612,,Surface,2,Image 1,nanoCC,1,1623,
1.46103,,Surface,2,Image 1,nanoCC,1,1624,
0.571252,,Surface,2,Image 1,nanoCC,1,1625,
1.21592,,Surface,2,Image 1,nanoCC,1,1626,
1.21406,,Surface,2,Image 1,nanoCC,1,1627,
1.11142,,Surface,2,Image 1,nanoCC,1,1628,
1.60356,,Surface,2,Image 1,nanoCC,1,1629,
0,,Surface,2,Image 1,nanoCC,1,1630,
0,,Surface,2,Image 1,nanoCC,1,1631,
0.000447152,,Surface,2,Image 1,nanoCC,1,1632,
0.748484,,Surface,2,Image 1,nanoCC,1,1633,
0.459853,,Surface,2,Image 1,nanoCC,1,1634,
1.61476,,Surface,2,Image 1,nanoCC,1,1635,
0.523296,,Surface,2,Image 1,nanoCC,1,1636,
0.355385,,Surface,2,Image 1,nanoCC,1,1637,
0.00303652,,Surface,2,Image 1,nanoCC,1,1638,
1.24435,,Surface,2,Image 1,nanoCC,1,1639,
1.77078,,Surface,2,Image 1,nanoCC,1,1640,
0.0225428,,Surface,2,Image 1,nanoCC,1,1641,
1.44424,,Surface,2,Image 1,nanoCC,1,1642,
0,,Surface,2,Image 1,nanoCC,1,1643,
0,,Surface,2,Image 1,nanoCC,1,1644,
1.651,,Surface,2,Image 1,nanoCC,1,1645,
0.345174,,Surface,2,Image 1,nanoCC,1,1646,
0,,Surface,2,Image 1,nanoCC,1,1647,
0.125472,,Surface,2,Image 1,nanoCC,1,1648,
0.948357,,Surface,2,Image 1,nanoCC,1,1649,
0.294182,,Surface,2,Image 1,nanoCC,1,1650,
0,,Surface,2,Image 1,nanoCC,1,1651,
0.597487,,Surface,2,Image 1,nanoCC,1,1652,
0.658107,,Surface,2,Image 1,nanoCC,1,1653,
1.75195,,Surface,2,Image 1,nanoCC,1,1654,
2.86224,,Surface,2,Image 1,nanoCC,1,1655,
0.219778,,Surface,2,Image 1,nanoCC,1,1656,
2.37978,,Surface,2,Image 1,nanoCC,1,1657,
1.35253,,Surface,2,Image 1,nanoCC,1,1658,
0.530301,,Surface,2,Image 1,nanoCC,1,1659,
0.2279,,Surface,2,Image 1,nanoCC,1,1660,
0.886697,,Surface,2,Image 1,nanoCC,1,1661,
1.6222,,Surface,2,Image 1,nanoCC,1,1662,
0.74692,,Surface,2,Image 1,nanoCC,1,1663,
1.27471,,Surface,2,Image 1,nanoCC,1,1664,
2.01485,,Surface,2,Image 1,nanoCC,1,1665,
0.833221,,Surface,2,Image 1,nanoCC,1,1666,
0,,Surface,2,Image 1,nanoCC,1,1667,
0.333955,,Surface,2,Image 1,nanoCC,1,1668,
1.45576,,Surface,2,Image 1,nanoCC,1,1669,
0.163339,,Surface,2,Image 1,nanoCC,1,1670,
0.0386626,,Surface,2,Image 1,nanoCC,1,1671,
0.438771,,Surface,2,Image 1,nanoCC,1,1672,
0.310852,,Surface,2,Image 1,nanoCC,1,1673,
3.63787,,Surface,2,Image 1,nanoCC,1,1674,
1.16054,,Surface,2,Image 1,nanoCC,1,1675,
0.32009,,Surface,2,Image 1,nanoCC,1,1676,
0.325329,,Surface,2,Image 1,nanoCC,1,1677,
0,,Surface,2,Image 1,nanoCC,1,1678,
0,,Surface,2,Image 1,nanoCC,1,1679,
0.287333,,Surface,2,Image 1,nanoCC,1,1680,
2.33554,,Surface,2,Image 1,nanoCC,1,1681,
0.293775,,Surface,2,Image 1,nanoCC,1,1682,
1.10244,,Surface,2,Image 1,nanoCC,1,1683,
0,,Surface,2,Image 1,nanoCC,1,1684,
0.394995,,Surface,2,Image 1,nanoCC,1,1685,
0,,Surface,2,Image 1,nanoCC,1,1686,
0.435189,,Surface,2,Image 1,nanoCC,1,1687,
0.109493,,Surface,2,Image 1,nanoCC,1,1688,
1.01612,,Surface,2,Image 1,nanoCC,1,1689,
0.255067,,Surface,2,Image 1,nanoCC,1,1690,
0.587717,,Surface,2,Image 1,nanoCC,1,1691,
0.030138,,Surface,2,Image 1,nanoCC,1,1692,
0,,Surface,2,Image 1,nanoCC,1,1693,
0.0852276,,Surface,2,Image 1,nanoCC,1,1694,
0.146953,,Surface,2,Image 1,nanoCC,1,1695,
0.80979,,Surface,2,Image 1,nanoCC,1,1696,
1.7644,,Surface,2,Image 1,nanoCC,1,1697,
0.788151,,Surface,2,Image 1,nanoCC,1,1698,
0.792096,,Surface,2,Image 1,nanoCC,1,1699,
0.583191,,Surface,2,Image 1,nanoCC,1,1700,
0.938192,,Surface,2,Image 1,nanoCC,1,1701,
0.181194,,Surface,2,Image 1,nanoCC,1,1702,
0.729863,,Surface,2,Image 1,nanoCC,1,1703,
0,,Surface,2,Image 1,nanoCC,1,1704,
1.12912,,Surface,2,Image 1,nanoCC,1,1705,
0.8694,,Surface,2,Image 1,nanoCC,1,1706,
0,,Surface,2,Image 1,nanoCC,1,1707,
0.523573,,Surface,2,Image 1,nanoCC,1,1708,
0,,Surface,2,Image 1,nanoCC,1,1709,
1.37498,,Surface,2,Image 1,nanoCC,1,1710,
1.31753,,Surface,2,Image 1,nanoCC,1,1711,
0.600132,,Surface,2,Image 1,nanoCC,1,1712,
1.7729,,Surface,2,Image 1,nanoCC,1,1713,
0.743041,,Surface,2,Image 1,nanoCC,1,1714,
1.77506,,Surface,2,Image 1,nanoCC,1,1715,
0.323547,,Surface,2,Image 1,nanoCC,1,1716,
0.185048,,Surface,2,Image 1,nanoCC,1,1717,
0,,Surface,2,Image 1,nanoCC,1,1718,
0.436434,,Surface,2,Image 1,nanoCC,1,1719,
0.143766,,Surface,2,Image 1,nanoCC,1,1720,
1.36407,,Surface,2,Image 1,nanoCC,1,1721,
0.0806767,,Surface,2,Image 1,nanoCC,1,1722,
1.03626,,Surface,2,Image 1,nanoCC,1,1723,
0.00267138,,Surface,2,Image 1,nanoCC,1,1724,
0.514529,,Surface,2,Image 1,nanoCC,1,1725,
0.609948,,Surface,2,Image 1,nanoCC,1,1726,
0.138376,,Surface,2,Image 1,nanoCC,1,1727,
0.597511,,Surface,2,Image 1,nanoCC,1,1728,
1.26066,,Surface,2,Image 1,nanoCC,1,1729,
0.580348,,Surface,2,Image 1,nanoCC,1,1730,
1.30858,,Surface,2,Image 1,nanoCC,1,1731,
0.0929892,,Surface,2,Image 1,nanoCC,1,1732,
0.921978,,Surface,2,Image 1,nanoCC,1,1733,
0.215145,,Surface,2,Image 1,nanoCC,1,1734,
0.322417,,Surface,2,Image 1,nanoCC,1,1735,
0.029356,,Surface,2,Image 1,nanoCC,1,1736,
0.386779,,Surface,2,Image 1,nanoCC,1,1737,
0.214098,,Surface,2,Image 1,nanoCC,1,1738,
0.459368,,Surface,2,Image 1,nanoCC,1,1739,
0.493065,,Surface,2,Image 1,nanoCC,1,1740,
0.88102,,Surface,2,Image 1,nanoCC,1,1741,
1.31908,,Surface,2,Image 1,nanoCC,1,1742,
1.59556,,Surface,2,Image 1,nanoCC,1,1743,
1.37243,,Surface,2,Image 1,nanoCC,1,1744,
0,,Surface,2,Image 1,nanoCC,1,1745,
1.1444,,Surface,2,Image 1,nanoCC,1,1746,
0.0687898,,Surface,2,Image 1,nanoCC,1,1747,
0.986474,,Surface,2,Image 1,nanoCC,1,1748,
0,,Surface,2,Image 1,nanoCC,1,1749,
0,,Surface,2,Image 1,nanoCC,1,1750,
0.230135,,Surface,2,Image 1,nanoCC,1,1751,
0,,Surface,2,Image 1,nanoCC,1,1752,
0.405334,,Surface,2,Image 1,nanoCC,1,1753,
0.43108,,Surface,2,Image 1,nanoCC,1,1754,
1.52852,,Surface,2,Image 1,nanoCC,1,1755,
0.0670146,,Surface,2,Image 1,nanoCC,1,1756,
0.381934,,Surface,2,Image 1,nanoCC,1,1757,
0.103184,,Surface,2,Image 1,nanoCC,1,1758,
0.276536,,Surface,2,Image 1,nanoCC,1,1759,
0.242128,,Surface,2,Image 1,nanoCC,1,1760,
1.40749,,Surface,2,Image 1,nanoCC,1,1761,
0.326236,,Surface,2,Image 1,nanoCC,1,1762,
0,,Surface,2,Image 1,nanoCC,1,1763,
0.481336,,Surface,2,Image 1,nanoCC,1,1764,
0.435737,,Surface,2,Image 1,nanoCC,1,1765,
0.416597,,Surface,2,Image 1,nanoCC,1,1766,
0,,Surface,2,Image 1,nanoCC,1,1767,
0,,Surface,2,Image 1,nanoCC,1,1768,
0.553647,,Surface,2,Image 1,nanoCC,1,1769,
1.27085,,Surface,2,Image 1,nanoCC,1,1770,
0,,Surface,2,Image 1,nanoCC,1,1771,
0.257481,,Surface,2,Image 1,nanoCC,1,1772,
0.97849,,Surface,2,Image 1,nanoCC,1,1773,
0.668089,,Surface,2,Image 1,nanoCC,1,1774,
0.503023,,Surface,2,Image 1,nanoCC,1,1775,
0,,Surface,2,Image 1,nanoCC,1,1776,
0.167262,,Surface,2,Image 1,nanoCC,1,1777,
0.776904,,Surface,2,Image 1,nanoCC,1,1778,
1.19205,,Surface,2,Image 1,nanoCC,1,1779,
0.233044,,Surface,2,Image 1,nanoCC,1,1780,
0.795649,,Surface,2,Image 1,nanoCC,1,1781,
0,,Surface,2,Image 1,nanoCC,1,1782,
0.0217783,,Surface,2,Image 1,nanoCC,1,1783,
0,,Surface,2,Image 1,nanoCC,1,1784,
0.688035,,Surface,2,Image 1,nanoCC,1,1785,
0.18031,,Surface,2,Image 1,nanoCC,1,1786,
0,,Surface,2,Image 1,nanoCC,1,1787,
0,,Surface,2,Image 1,nanoCC,1,1788,
1.47525,,Surface,2,Image 1,nanoCC,1,1789,
0,,Surface,2,Image 1,nanoCC,1,1790,
0.815023,,Surface,2,Image 1,nanoCC,1,1791,
0,,Surface,2,Image 1,nanoCC,1,1792,
1.05846,,Surface,2,Image 1,nanoCC,1,1793,
4.34872,,Surface,2,Image 1,nanoCC,1,1794,
0.200253,,Surface,2,Image 1,nanoCC,1,1795,
1.53889,,Surface,2,Image 1,nanoCC,1,1796,
2.35945,,Surface,2,Image 1,nanoCC,1,1797,
0.982372,,Surface,2,Image 1,nanoCC,1,1798,
1.06323,,Surface,2,Image 1,nanoCC,1,1799,
1.18081,,Surface,2,Image 1,nanoCC,1,1800,
2.39873,,Surface,2,Image 1,nanoCC,1,1801,
0.195206,,Surface,2,Image 1,nanoCC,1,1802,
1.02327,,Surface,2,Image 1,nanoCC,1,1803,
0.0773061,,Surface,2,Image 1,nanoCC,1,1804,
0.637428,,Surface,2,Image 1,nanoCC,1,1805,
0.628899,,Surface,2,Image 1,nanoCC,1,1806,
0.569629,,Surface,2,Image 1,nanoCC,1,1807,
0.490489,,Surface,2,Image 1,nanoCC,1,1808,
0.802241,,Surface,2,Image 1,nanoCC,1,1809,
0.0401497,,Surface,2,Image 1,nanoCC,1,1810,
0.451423,,Surface,2,Image 1,nanoCC,1,1811,
0.0874976,,Surface,2,Image 1,nanoCC,1,1812,
0,,Surface,2,Image 1,nanoCC,1,1813,
0.56522,,Surface,2,Image 1,nanoCC,1,1814,
0.338637,,Surface,2,Image 1,nanoCC,1,1815,
0,,Surface,2,Image 1,nanoCC,1,1816,
0.708436,,Surface,2,Image 1,nanoCC,1,1817,
0.409237,,Surface,2,Image 1,nanoCC,1,1818,
0.0489869,,Surface,2,Image 1,nanoCC,1,1819,
1.3194,,Surface,2,Image 1,nanoCC,1,1820,
1.46938,,Surface,2,Image 1,nanoCC,1,1821,
2.23633,,Surface,2,Image 1,nanoCC,1,1822,
0.792226,,Surface,2,Image 1,nanoCC,1,1823,
0,,Surface,2,Image 1,nanoCC,1,1824,
0,,Surface,2,Image 1,nanoCC,1,1825,
0.286867,,Surface,2,Image 1,nanoCC,1,1826,
0.534648,,Surface,2,Image 1,nanoCC,1,1827,
1.30421,,Surface,2,Image 1,nanoCC,1,1828,
0.114521,,Surface,2,Image 1,nanoCC,1,1829,
0.246014,,Surface,2,Image 1,nanoCC,1,1830,
0.46502,,Surface,2,Image 1,nanoCC,1,1831,
0,,Surface,2,Image 1,nanoCC,1,1832,
0.299929,,Surface,2,Image 1,nanoCC,1,1833,
0.398946,,Surface,2,Image 1,nanoCC,1,1834,
0.733822,,Surface,2,Image 1,nanoCC,1,1835,
0.758651,,Surface,2,Image 1,nanoCC,1,1836,
1.24843,,Surface,2,Image 1,nanoCC,1,1837,
0.0606241,,Surface,2,Image 1,nanoCC,1,1838,
0.00105966,,Surface,2,Image 1,nanoCC,1,1839,
0.827385,,Surface,2,Image 1,nanoCC,1,1840,
0.801847,,Surface,2,Image 1,nanoCC,1,1841,
0.0914401,,Surface,2,Image 1,nanoCC,1,1842,
1.28379,,Surface,2,Image 1,nanoCC,1,1843,
0,,Surface,2,Image 1,nanoCC,1,1844,
0.806234,,Surface,2,Image 1,nanoCC,1,1845,
0.238537,,Surface,2,Image 1,nanoCC,1,1846,
2.23712,,Surface,2,Image 1,nanoCC,1,1847,
0.00725889,,Surface,2,Image 1,nanoCC,1,1848,
0.0291441,,Surface,2,Image 1,nanoCC,1,1849,
0.960338,,Surface,2,Image 1,nanoCC,1,1850,
0.388009,,Surface,2,Image 1,nanoCC,1,1851,
0.0703538,,Surface,2,Image 1,nanoCC,1,1852,
2.22185,,Surface,2,Image 1,nanoCC,1,1853,
1.54399,,Surface,2,Image 1,nanoCC,1,1854,
0.987663,,Surface,2,Image 1,nanoCC,1,1855,
0.179897,,Surface,2,Image 1,nanoCC,1,1856,
0.116539,,Surface,2,Image 1,nanoCC,1,1857,
0.692877,,Surface,2,Image 1,nanoCC,1,1858,
0.0732684,,Surface,2,Image 1,nanoCC,1,1859,
0,,Surface,2,Image 1,nanoCC,1,1860,
1.51805,,Surface,2,Image 1,nanoCC,1,1861,
1.84284,,Surface,2,Image 1,nanoCC,1,1862,
0,,Surface,2,Image 1,nanoCC,1,1863,
0.0956059,,Surface,2,Image 1,nanoCC,1,1864,
0.154691,,Surface,2,Image 1,nanoCC,1,1865,
3.52263,,Surface,2,Image 1,nanoCC,1,1866,
1.44882,,Surface,2,Image 1,nanoCC,1,1867,
1.21642,,Surface,2,Image 1,nanoCC,1,1868,
5.16831,,Surface,2,Image 1,nanoCC,1,1869,
0.59564,,Surface,2,Image 1,nanoCC,1,1870,
0.172997,,Surface,2,Image 1,nanoCC,1,1871,
0.00335884,,Surface,2,Image 1,nanoCC,1,1872,
1.40899,,Surface,2,Image 1,nanoCC,1,1873,
2.98101,,Surface,2,Image 1,nanoCC,1,1874,
1.2861,,Surface,2,Image 1,nanoCC,1,1875,
0.00689704,,Surface,2,Image 1,nanoCC,1,1876,
0.750527,,Surface,2,Image 1,nanoCC,1,1877,
4.06616,,Surface,2,Image 1,nanoCC,1,1878,
0.49512,,Surface,2,Image 1,nanoCC,1,1879,
0.347699,,Surface,2,Image 1,nanoCC,1,1880,
0.306242,,Surface,2,Image 1,nanoCC,1,1881,
0,,Surface,2,Image 1,nanoCC,1,1882,
0.711957,,Surface,2,Image 1,nanoCC,1,1883,
0,,Surface,2,Image 1,nanoCC,1,1884,
0.688463,,Surface,2,Image 1,nanoCC,1,1885,
0,,Surface,2,Image 1,nanoCC,1,1886,
0.0556649,,Surface,2,Image 1,nanoCC,1,1887,
0.100099,,Surface,2,Image 1,nanoCC,1,1888,
1.2432,,Surface,2,Image 1,nanoCC,1,1889,
0.0238333,,Surface,2,Image 1,nanoCC,1,1890,
1.8304,,Surface,2,Image 1,nanoCC,1,1891,
2.00253,,Surface,2,Image 1,nanoCC,1,1892,
0,,Surface,2,Image 1,nanoCC,1,1893,
1.02935,,Surface,2,Image 1,nanoCC,1,1894,
0.0916533,,Surface,2,Image 1,nanoCC,1,1895,
0.878885,,Surface,2,Image 1,nanoCC,1,1896,
0,,Surface,2,Image 1,nanoCC,1,1897,
0.660632,,Surface,2,Image 1,nanoCC,1,1898,
0.561652,,Surface,2,Image 1,nanoCC,1,1899,
0.774289,,Surface,2,Image 1,nanoCC,1,1900,
1.18063,,Surface,2,Image 1,nanoCC,1,1901,
0,,Surface,2,Image 1,nanoCC,1,1902,
1.57495,,Surface,2,Image 1,nanoCC,1,1903,
0.373558,,Surface,2,Image 1,nanoCC,1,1904,
0.93165,,Surface,2,Image 1,nanoCC,1,1905,
0.210981,,Surface,2,Image 1,nanoCC,1,1906,
3.23969,,Surface,2,Image 1,nanoCC,1,1907,
0,,Surface,2,Image 1,nanoCC,1,1908,
0.945312,,Surface,2,Image 1,nanoCC,1,1909,
0.00826435,,Surface,2,Image 1,nanoCC,1,1910,
0.117745,,Surface,2,Image 1,nanoCC,1,1911,
4.15867,,Surface,2,Image 1,nanoCC,1,1912,
0.382812,,Surface,2,Image 1,nanoCC,1,1913,
0.108764,,Surface,2,Image 1,nanoCC,1,1914,
0.285865,,Surface,2,Image 1,nanoCC,1,1915,
0.40881,,Surface,2,Image 1,nanoCC,1,1916,
1.4183,,Surface,2,Image 1,nanoCC,1,1917,
1.62004,,Surface,2,Image 1,nanoCC,1,1918,
0.394517,,Surface,2,Image 1,nanoCC,1,1919,
0.00137819,,Surface,2,Image 1,nanoCC,1,1920,
0.980882,,Surface,2,Image 1,nanoCC,1,1921,
0.839471,,Surface,2,Image 1,nanoCC,1,1922,
0.181093,,Surface,2,Image 1,nanoCC,1,1923,
1.48381,,Surface,2,Image 1,nanoCC,1,1924,
0.901597,,Surface,2,Image 1,nanoCC,1,1925,
0,,Surface,2,Image 1,nanoCC,1,1926,
0.362842,,Surface,2,Image 1,nanoCC,1,1927,
0.519156,,Surface,2,Image 1,nanoCC,1,1928,
0.453737,,Surface,2,Image 1,nanoCC,1,1929,
0.965494,,Surface,2,Image 1,nanoCC,1,1930,
1.99219,,Surface,2,Image 1,nanoCC,1,1931,
0.438642,,Surface,2,Image 1,nanoCC,1,1932,
0.734916,,Surface,2,Image 1,nanoCC,1,1933,
0.157183,,Surface,2,Image 1,nanoCC,1,1934,
0.00187095,,Surface,2,Image 1,nanoCC,1,1935,
0.493505,,Surface,2,Image 1,nanoCC,1,1936,
0.119221,,Surface,2,Image 1,nanoCC,1,1937,
0.475634,,Surface,2,Image 1,nanoCC,1,1938,
0.745597,,Surface,2,Image 1,nanoCC,1,1939,
0,,Surface,2,Image 1,nanoCC,1,1940,
0.0912231,,Surface,2,Image 1,nanoCC,1,1941,
0.166646,,Surface,2,Image 1,nanoCC,1,1942,
0.682841,,Surface,2,Image 1,nanoCC,1,1943,
1.10645,,Surface,2,Image 1,nanoCC,1,1944,
1.56445,,Surface,2,Image 1,nanoCC,1,1945,
0.105099,,Surface,2,Image 1,nanoCC,1,1946,
0.685085,,Surface,2,Image 1,nanoCC,1,1947,
0,,Surface,2,Image 1,nanoCC,1,1948,
0.209551,,Surface,2,Image 1,nanoCC,1,1949,
1.3303,,Surface,2,Image 1,nanoCC,1,1950,
0.0265465,,Surface,2,Image 1,nanoCC,1,1951,
1.28968,,Surface,2,Image 1,nanoCC,1,1952,
0.867136,,Surface,2,Image 1,nanoCC,1,1953,
0.154321,,Surface,2,Image 1,nanoCC,1,1954,
2.87171,,Surface,2,Image 1,nanoCC,1,1955,
0.437709,,Surface,2,Image 1,nanoCC,1,1956,
2.08474,,Surface,2,Image 1,nanoCC,1,1957,
1.38386,,Surface,2,Image 1,nanoCC,1,1958,
1.5985,,Surface,2,Image 1,nanoCC,1,1959,
1.22745,,Surface,2,Image 1,nanoCC,1,1960,
0.0940113,,Surface,2,Image 1,nanoCC,1,1961,
0.250801,,Surface,2,Image 1,nanoCC,1,1962,
1.49379,,Surface,2,Image 1,nanoCC,1,1963,
0.0848934,,Surface,2,Image 1,nanoCC,1,1964,
2.88315,,Surface,2,Image 1,nanoCC,1,1965,
0.176642,,Surface,2,Image 1,nanoCC,1,1966,
0.511249,,Surface,2,Image 1,nanoCC,1,1967,
0.0214615,,Surface,2,Image 1,nanoCC,1,1968,
0.248373,,Surface,2,Image 1,nanoCC,1,1969,
1.08082,,Surface,2,Image 1,nanoCC,1,1970,
0.0869439,,Surface,2,Image 1,nanoCC,1,1971,
4.98301,,Surface,2,Image 1,nanoCC,1,1972,
0.755951,,Surface,2,Image 1,nanoCC,1,1973,
0.0442633,,Surface,2,Image 1,nanoCC,1,1974,
0.00285008,,Surface,2,Image 1,nanoCC,1,1975,
1.13839,,Surface,2,Image 1,nanoCC,1,1976,
0.97776,,Surface,2,Image 1,nanoCC,1,1977,
0.882141,,Surface,2,Image 1,nanoCC,1,1978,
0.0110638,,Surface,2,Image 1,nanoCC,1,1979,
0.616685,,Surface,2,Image 1,nanoCC,1,1980,
1.13641,,Surface,2,Image 1,nanoCC,1,1981,
0.676691,,Surface,2,Image 1,nanoCC,1,1982,
0,,Surface,2,Image 1,nanoCC,1,1983,
1.91466,,Surface,2,Image 1,nanoCC,1,1984,
2.89774,,Surface,2,Image 1,nanoCC,1,1985,
1.46979,,Surface,2,Image 1,nanoCC,1,1986,
1.7382,,Surface,2,Image 1,nanoCC,1,1987,
0,,Surface,2,Image 1,nanoCC,1,1988,
0,,Surface,2,Image 1,nanoCC,1,1989,
0,,Surface,2,Image 1,nanoCC,1,1990,
0.680416,,Surface,2,Image 1,nanoCC,1,1991,
2.02541,,Surface,2,Image 1,nanoCC,1,1992,
0.727048,,Surface,2,Image 1,nanoCC,1,1993,
0.736365,,Surface,2,Image 1,nanoCC,1,1994,
0.695111,,Surface,2,Image 1,nanoCC,1,1995,
0,,Surface,2,Image 1,nanoCC,1,1996,
0.141387,,Surface,2,Image 1,nanoCC,1,1997,
0.630171,,Surface,2,Image 1,nanoCC,1,1998,
0.728602,,Surface,2,Image 1,nanoCC,1,1999,
1.37566,,Surface,2,Image 1,nanoCC,1,2000,
1.32813,,Surface,2,Image 1,nanoCC,1,2001,
1.46694,,Surface,2,Image 1,nanoCC,1,2002,
0.814055,,Surface,2,Image 1,nanoCC,1,2003,
0.439943,,Surface,2,Image 1,nanoCC,1,2004,
0.685014,,Surface,2,Image 1,nanoCC,1,2005,
1.64414,,Surface,2,Image 1,nanoCC,1,2006,
1.3171,,Surface,2,Image 1,nanoCC,1,2007,
0.938371,,Surface,2,Image 1,nanoCC,1,2008,
0.144776,,Surface,2,Image 1,nanoCC,1,2009,
1.1243,,Surface,2,Image 1,nanoCC,1,2010,
0.865871,,Surface,2,Image 1,nanoCC,1,2011,
0.689458,,Surface,2,Image 1,nanoCC,1,2012,
0.0912812,,Surface,2,Image 1,nanoCC,1,2013,
0,,Surface,2,Image 1,nanoCC,1,2014,
0.96835,,Surface,2,Image 1,nanoCC,1,2015,
0.00565538,,Surface,2,Image 1,nanoCC,1,2016,
0.833166,,Surface,2,Image 1,nanoCC,1,2017,
0,,Surface,2,Image 1,nanoCC,1,2018,
1.00488,,Surface,2,Image 1,nanoCC,1,2019,
0.918213,,Surface,2,Image 1,nanoCC,1,2020,
1.04166,,Surface,2,Image 1,nanoCC,1,2021,
1.19182,,Surface,2,Image 1,nanoCC,1,2022,
0.254932,,Surface,2,Image 1,nanoCC,1,2023,
0,,Surface,2,Image 1,nanoCC,1,2024,
0.151813,,Surface,2,Image 1,nanoCC,1,2025,
1.06159,,Surface,2,Image 1,nanoCC,1,2026,
0.161496,,Surface,2,Image 1,nanoCC,1,2027,
0.22591,,Surface,2,Image 1,nanoCC,1,2028,
0.460521,,Surface,2,Image 1,nanoCC,1,2029,
0.0999486,,Surface,2,Image 1,nanoCC,1,2030,
0.436835,,Surface,2,Image 1,nanoCC,1,2031,
1.55039,,Surface,2,Image 1,nanoCC,1,2032,
0.48472,,Surface,2,Image 1,nanoCC,1,2033,
0.44774,,Surface,2,Image 1,nanoCC,1,2034,
0.389607,,Surface,2,Image 1,nanoCC,1,2035,
0.405084,,Surface,2,Image 1,nanoCC,1,2036,
1.67653,,Surface,2,Image 1,nanoCC,1,2037,
1.23537,,Surface,2,Image 1,nanoCC,1,2038,
1.24106e-06,,Surface,2,Image 1,nanoCC,1,2039,
1.74665,,Surface,2,Image 1,nanoCC,1,2040,
0.128963,,Surface,2,Image 1,nanoCC,1,2041,
0.643131,,Surface,2,Image 1,nanoCC,1,2042,
0.203051,,Surface,2,Image 1,nanoCC,1,2043,
0.331129,,Surface,2,Image 1,nanoCC,1,2044,
1.15761,,Surface,2,Image 1,nanoCC,1,2045,
0.902043,,Surface,2,Image 1,nanoCC,1,2046,
0.00604181,,Surface,2,Image 1,nanoCC,1,2047,
0.740903,,Surface,2,Image 1,nanoCC,1,2048,
1.87676,,Surface,2,Image 1,nanoCC,1,2049,
0.0849205,,Surface,2,Image 1,nanoCC,1,2050,
4.11882,,Surface,2,Image 1,nanoCC,1,2051,
0.666333,,Surface,2,Image 1,nanoCC,1,2052,
2.45619,,Surface,2,Image 1,nanoCC,1,2053,
0.68919,,Surface,2,Image 1,nanoCC,1,2054,
0.927655,,Surface,2,Image 1,nanoCC,1,2055,
2.06188,,Surface,2,Image 1,nanoCC,1,2056,
2.53475,,Surface,2,Image 1,nanoCC,1,2057,
0.514921,,Surface,2,Image 1,nanoCC,1,2058,
0.336102,,Surface,2,Image 1,nanoCC,1,2059,
0.89902,,Surface,2,Image 1,nanoCC,1,2060,
2.03401,,Surface,2,Image 1,nanoCC,1,2061,
1.66724,,Surface,2,Image 1,nanoCC,1,2062,
0.162267,,Surface,2,Image 1,nanoCC,1,2063,
0.270346,,Surface,2,Image 1,nanoCC,1,2064,
0.508859,,Surface,2,Image 1,nanoCC,1,2065,
0.51684,,Surface,2,Image 1,nanoCC,1,2066,
2.81891,,Surface,2,Image 1,nanoCC,1,2067,
0.750756,,Surface,2,Image 1,nanoCC,1,2068,
0.643435,,Surface,2,Image 1,nanoCC,1,2069,
1.75488,,Surface,2,Image 1,nanoCC,1,2070,
0.145103,,Surface,2,Image 1,nanoCC,1,2071,
1.49922,,Surface,2,Image 1,nanoCC,1,2072,
0.532109,,Surface,2,Image 1,nanoCC,1,2073,
1.97786,,Surface,2,Image 1,nanoCC,1,2074,
0.997974,,Surface,2,Image 1,nanoCC,1,2075,
0.490404,,Surface,2,Image 1,nanoCC,1,2076,
0.768656,,Surface,2,Image 1,nanoCC,1,2077,
0.787866,,Surface,2,Image 1,nanoCC,1,2078,
1.65982,,Surface,2,Image 1,nanoCC,1,2079,
0.741988,,Surface,2,Image 1,nanoCC,1,2080,
0.0713925,,Surface,2,Image 1,nanoCC,1,2081,
1.83673,,Surface,2,Image 1,nanoCC,1,2082,
0.197215,,Surface,2,Image 1,nanoCC,1,2083,
1.75076,,Surface,2,Image 1,nanoCC,1,2084,
0,,Surface,2,Image 1,nanoCC,1,2085,
0,,Surface,2,Image 1,nanoCC,1,2086,
0.527801,,Surface,2,Image 1,nanoCC,1,2087,
0.687533,,Surface,2,Image 1,nanoCC,1,2088,
1.3683,,Surface,2,Image 1,nanoCC,1,2089,
0,,Surface,2,Image 1,nanoCC,1,2090,
0.714333,,Surface,2,Image 1,nanoCC,1,2091,
1.41392,,Surface,2,Image 1,nanoCC,1,2092,
1.06731,,Surface,2,Image 1,nanoCC,1,2093,
1.60128,,Surface,2,Image 1,nanoCC,1,2094,
0.127998,,Surface,2,Image 1,nanoCC,1,2095,
0.340994,,Surface,2,Image 1,nanoCC,1,2096,
0.459364,,Surface,2,Image 1,nanoCC,1,2097,
0.180258,,Surface,2,Image 1,nanoCC,1,2098,
0.857493,,Surface,2,Image 1,nanoCC,1,2099,
1.06598,,Surface,2,Image 1,nanoCC,1,2100,
0.267605,,Surface,2,Image 1,nanoCC,1,2101,
0.727014,,Surface,2,Image 1,nanoCC,1,2102,
0.360831,,Surface,2,Image 1,nanoCC,1,2103,
0.853964,,Surface,2,Image 1,nanoCC,1,2104,
0.354788,,Surface,2,Image 1,nanoCC,1,2105,
0.884591,,Surface,2,Image 1,nanoCC,1,2106,
0,,Surface,2,Image 1,nanoCC,1,2107,
0.634048,,Surface,2,Image 1,nanoCC,1,2108,
0.112005,,Surface,2,Image 1,nanoCC,1,2109,
0.737191,,Surface,2,Image 1,nanoCC,1,2110,
1.89711,,Surface,2,Image 1,nanoCC,1,2111,
0.106441,,Surface,2,Image 1,nanoCC,1,2112,
0.110412,,Surface,2,Image 1,nanoCC,1,2113,
1.35326,,Surface,2,Image 1,nanoCC,1,2114,
0.860325,,Surface,2,Image 1,nanoCC,1,2115,
0.921845,,Surface,2,Image 1,nanoCC,1,2116,
0.504828,,Surface,2,Image 1,nanoCC,1,2117,
1.91745e-05,,Surface,2,Image 1,nanoCC,1,2118,
2.98161,,Surface,2,Image 1,nanoCC,1,2119,
0.389881,,Surface,2,Image 1,nanoCC,1,2120,
0.559264,,Surface,2,Image 1,nanoCC,1,2121,
0.413485,,Surface,2,Image 1,nanoCC,1,2122,
0.68654,,Surface,2,Image 1,nanoCC,1,2123,
2.03482,,Surface,2,Image 1,nanoCC,1,2124,
0.723102,,Surface,2,Image 1,nanoCC,1,2125,
1.08797,,Surface,2,Image 1,nanoCC,1,2126,
0.348139,,Surface,2,Image 1,nanoCC,1,2127,
0.979162,,Surface,2,Image 1,nanoCC,1,2128,
1.21447,,Surface,2,Image 1,nanoCC,1,2129,
0,,Surface,2,Image 1,nanoCC,1,2130,
0.252784,,Surface,2,Image 1,nanoCC,1,2131,
0.724168,,Surface,2,Image 1,nanoCC,1,2132,
0.207109,,Surface,2,Image 1,nanoCC,1,2133,
0.305493,,Surface,2,Image 1,nanoCC,1,2134,
2.38616,,Surface,2,Image 1,nanoCC,1,2135,
0.46815,,Surface,2,Image 1,nanoCC,1,2136,
0.92669,,Surface,2,Image 1,nanoCC,1,2137,
0,,Surface,2,Image 1,nanoCC,1,2138,
0,,Surface,2,Image 1,nanoCC,1,2139,
0.0469,,Surface,2,Image 1,nanoCC,1,2140,
0.458123,,Surface,2,Image 1,nanoCC,1,2141,
0.0962162,,Surface,2,Image 1,nanoCC,1,2142,
0.225958,,Surface,2,Image 1,nanoCC,1,2143,
0.379642,,Surface,2,Image 1,nanoCC,1,2144,
0.741045,,Surface,2,Image 1,nanoCC,1,2145,
1.31286,,Surface,2,Image 1,nanoCC,1,2146,
0.596761,,Surface,2,Image 1,nanoCC,1,2147,
0.0102835,,Surface,2,Image 1,nanoCC,1,2148,
0,,Surface,2,Image 1,nanoCC,1,2149,
0,,Surface,2,Image 1,nanoCC,1,2150,
1.15679,,Surface,2,Image 1,nanoCC,1,2151,
1.26379,,Surface,2,Image 1,nanoCC,1,2152,
0,,Surface,2,Image 1,nanoCC,1,2153,
0.0334415,,Surface,2,Image 1,nanoCC,1,2154,
0.114411,,Surface,2,Image 1,nanoCC,1,2155,
0.618971,,Surface,2,Image 1,nanoCC,1,2156,
0,,Surface,2,Image 1,nanoCC,1,2157,
0.47913,,Surface,2,Image 1,nanoCC,1,2158,
0.730614,,Surface,2,Image 1,nanoCC,1,2159,
1.24768,,Surface,2,Image 1,nanoCC,1,2160,
1.13228,,Surface,2,Image 1,nanoCC,1,2161,
0.628525,,Surface,2,Image 1,nanoCC,1,2162,
1.36899,,Surface,2,Image 1,nanoCC,1,2163,
0.144828,,Surface,2,Image 1,nanoCC,1,2164,
0,,Surface,2,Image 1,nanoCC,1,2165,
0.165256,,Surface,2,Image 1,nanoCC,1,2166,
1.33062,,Surface,2,Image 1,nanoCC,1,2167,
0.906416,,Surface,2,Image 1,nanoCC,1,2168,
1.10089,,Surface,2,Image 1,nanoCC,1,2169,
0.211028,,Surface,2,Image 1,nanoCC,1,2170,
0.140398,,Surface,2,Image 1,nanoCC,1,2171,
0.542139,,Surface,2,Image 1,nanoCC,1,2172,
0.125911,,Surface,2,Image 1,nanoCC,1,2173,
0,,Surface,2,Image 1,nanoCC,1,2174,
1.61916,,Surface,2,Image 1,nanoCC,1,2175,
2.05711,,Surface,2,Image 1,nanoCC,1,2176,
0.97233,,Surface,2,Image 1,nanoCC,1,2177,
0.334539,,Surface,2,Image 1,nanoCC,1,2178,
0.321354,,Surface,2,Image 1,nanoCC,1,2179,
0.548832,,Surface,2,Image 1,nanoCC,1,2180,
0.692153,,Surface,2,Image 1,nanoCC,1,2181,
1.3763,,Surface,2,Image 1,nanoCC,1,2182,
0.954838,,Surface,2,Image 1,nanoCC,1,2183,
1.36108,,Surface,2,Image 1,nanoCC,1,2184,
0.670181,,Surface,2,Image 1,nanoCC,1,2185,
0.516562,,Surface,2,Image 1,nanoCC,1,2186,
0.759458,,Surface,2,Image 1,nanoCC,1,2187,
0.779352,,Surface,2,Image 1,nanoCC,1,2188,
0.480737,,Surface,2,Image 1,nanoCC,1,2189,
0.599238,,Surface,2,Image 1,nanoCC,1,2190,
1.02779,,Surface,2,Image 1,nanoCC,1,2191,
0.231168,,Surface,2,Image 1,nanoCC,1,2192,
0.812643,,Surface,2,Image 1,nanoCC,1,2193,
2.58629,,Surface,2,Image 1,nanoCC,1,2194,
1.41216,,Surface,2,Image 1,nanoCC,1,2195,
0.499462,,Surface,2,Image 1,nanoCC,1,2196,
0.703472,,Surface,2,Image 1,nanoCC,1,2197,
0.138423,,Surface,2,Image 1,nanoCC,1,2198,
0.813462,,Surface,2,Image 1,nanoCC,1,2199,
1.33974,,Surface,2,Image 1,nanoCC,1,2200,
0.0459882,,Surface,2,Image 1,nanoCC,1,2201,
0.174686,,Surface,2,Image 1,nanoCC,1,2202,
0.552287,,Surface,2,Image 1,nanoCC,1,2203,
1.54108,,Surface,2,Image 1,nanoCC,1,2204,
0,,Surface,2,Image 1,nanoCC,1,2205,
0.704247,,Surface,2,Image 1,nanoCC,1,2206,
0.188303,,Surface,2,Image 1,nanoCC,1,2207,
1.78557,,Surface,2,Image 1,nanoCC,1,2208,
1.84894,,Surface,2,Image 1,nanoCC,1,2209,
0.719528,,Surface,2,Image 1,nanoCC,1,2210,
2.31974,,Surface,2,Image 1,nanoCC,1,2211,
0.763592,,Surface,2,Image 1,nanoCC,1,2212,
0.995416,,Surface,2,Image 1,nanoCC,1,2213,
1.54372,,Surface,2,Image 1,nanoCC,1,2214,
0.68204,,Surface,2,Image 1,nanoCC,1,2215,
0.503519,,Surface,2,Image 1,nanoCC,1,2216,
0.327003,,Surface,2,Image 1,nanoCC,1,2217,
0.0543687,,Surface,2,Image 1,nanoCC,1,2218,
0.578815,,Surface,2,Image 1,nanoCC,1,2219,
0,,Surface,2,Image 1,nanoCC,1,2220,
2.06763,,Surface,2,Image 1,nanoCC,1,2221,
2.45123,,Surface,2,Image 1,nanoCC,1,2222,
2.29029,,Surface,2,Image 1,nanoCC,1,2223,
0.535414,,Surface,2,Image 1,nanoCC,1,2224,
0.147976,,Surface,2,Image 1,nanoCC,1,2225,
0.993234,,Surface,2,Image 1,nanoCC,1,2226,
0.440355,,Surface,2,Image 1,nanoCC,1,2227,
0.377639,,Surface,2,Image 1,nanoCC,1,2228,
1.17906,,Surface,2,Image 1,nanoCC,1,2229,
0,,Surface,2,Image 1,nanoCC,1,2230,
2.13414,,Surface,2,Image 1,nanoCC,1,2231,
0,,Surface,2,Image 1,nanoCC,1,2232,
1.38287,,Surface,2,Image 1,nanoCC,1,2233,
0.605895,,Surface,2,Image 1,nanoCC,1,2234,
2.59124,,Surface,2,Image 1,nanoCC,1,2235,
0.00271953,,Surface,2,Image 1,nanoCC,1,2236,
2.03623,,Surface,2,Image 1,nanoCC,1,2237,
1.11938,,Surface,2,Image 1,nanoCC,1,2238,
4.91445,,Surface,2,Image 1,nanoCC,1,2239,
0,,Surface,2,Image 1,nanoCC,1,2240,
0.543722,,Surface,2,Image 1,nanoCC,1,2241,
0.206823,,Surface,2,Image 1,nanoCC,1,2242,
2.5034,,Surface,2,Image 1,nanoCC,1,2243,
1.41757,,Surface,2,Image 1,nanoCC,1,2244,
0.193171,,Surface,2,Image 1,nanoCC,1,2245,
0.156877,,Surface,2,Image 1,nanoCC,1,2246,
0.917073,,Surface,2,Image 1,nanoCC,1,2247,
0,,Surface,2,Image 1,nanoCC,1,2248,
0.570491,,Surface,2,Image 1,nanoCC,1,2249,
1.8384,,Surface,2,Image 1,nanoCC,1,2250,
0.0241664,,Surface,2,Image 1,nanoCC,1,2251,
1.22329,,Surface,2,Image 1,nanoCC,1,2252,
0.363798,,Surface,2,Image 1,nanoCC,1,2253,
0.0359846,,Surface,2,Image 1,nanoCC,1,2254,
1.14882,,Surface,2,Image 1,nanoCC,1,2255,
1.29963,,Surface,2,Image 1,nanoCC,1,2256,
0.667173,,Surface,2,Image 1,nanoCC,1,2257,
0.470117,,Surface,2,Image 1,nanoCC,1,2258,
0.613577,,Surface,2,Image 1,nanoCC,1,2259,
0.804922,,Surface,2,Image 1,nanoCC,1,2260,
0.84172,,Surface,2,Image 1,nanoCC,1,2261,
1.54757,,Surface,2,Image 1,nanoCC,1,2262,
1.8732,,Surface,2,Image 1,nanoCC,1,2263,
0.0417327,,Surface,2,Image 1,nanoCC,1,2264,
0.833456,,Surface,2,Image 1,nanoCC,1,2265,
0.96107,,Surface,2,Image 1,nanoCC,1,2266,
1.1509,,Surface,2,Image 1,nanoCC,1,2267,
1.0617,,Surface,2,Image 1,nanoCC,1,2268,
1.8612,,Surface,2,Image 1,nanoCC,1,2269,
0.771358,,Surface,2,Image 1,nanoCC,1,2270,
0.457658,,Surface,2,Image 1,nanoCC,1,2271,
0.0212303,,Surface,2,Image 1,nanoCC,1,2272,
0.258445,,Surface,2,Image 1,nanoCC,1,2273,
0.236041,,Surface,2,Image 1,nanoCC,1,2274,
0.45765,,Surface,2,Image 1,nanoCC,1,2275,
1.36608,,Surface,2,Image 1,nanoCC,1,2276,
1.38132,,Surface,2,Image 1,nanoCC,1,2277,
0.606549,,Surface,2,Image 1,nanoCC,1,2278,
1.43973,,Surface,2,Image 1,nanoCC,1,2279,
0,,Surface,2,Image 1,nanoCC,1,2280,
0.150605,,Surface,2,Image 1,nanoCC,1,2281,
0.975234,,Surface,2,Image 1,nanoCC,1,2282,
0.1411,,Surface,2,Image 1,nanoCC,1,2283,
0.732405,,Surface,2,Image 1,nanoCC,1,2284,
0.287024,,Surface,2,Image 1,nanoCC,1,2285,
0,,Surface,2,Image 1,nanoCC,1,2286,
1.27425,,Surface,2,Image 1,nanoCC,1,2287,
2.07626,,Surface,2,Image 1,nanoCC,1,2288,
0.489548,,Surface,2,Image 1,nanoCC,1,2289,
0.913261,,Surface,2,Image 1,nanoCC,1,2290,
1.00716,,Surface,2,Image 1,nanoCC,1,2291,
0.891409,,Surface,2,Image 1,nanoCC,1,2292,
1.1618,,Surface,2,Image 1,nanoCC,1,2293,
1.336,,Surface,2,Image 1,nanoCC,1,2294,
0.0318016,,Surface,2,Image 1,nanoCC,1,2295,
0.748954,,Surface,2,Image 1,nanoCC,1,2296,
0.0972543,,Surface,2,Image 1,nanoCC,1,2297,
0.282866,,Surface,2,Image 1,nanoCC,1,2298,
0.751224,,Surface,2,Image 1,nanoCC,1,2299,
1.57921,,Surface,2,Image 1,nanoCC,1,2300,
1.03094,,Surface,2,Image 1,nanoCC,1,2301,
0.881797,,Surface,2,Image 1,nanoCC,1,2302,
0.035398,,Surface,2,Image 1,nanoCC,1,2303,
0.454265,,Surface,2,Image 1,nanoCC,1,2304,
2.47181,,Surface,2,Image 1,nanoCC,1,2305,
1.17697,,Surface,2,Image 1,nanoCC,1,2306,
5.99162,,Surface,2,Image 1,nanoCC,1,2307,
1.27002,,Surface,2,Image 1,nanoCC,1,2308,
0.77792,,Surface,2,Image 1,nanoCC,1,2309,
1.76193,,Surface,2,Image 1,nanoCC,1,2310,
2.13309,,Surface,2,Image 1,nanoCC,1,2311,
0.858353,,Surface,2,Image 1,nanoCC,1,2312,
0.896508,,Surface,2,Image 1,nanoCC,1,2313,
0.031013,,Surface,2,Image 1,nanoCC,1,2314,
0.845051,,Surface,2,Image 1,nanoCC,1,2315,
0.559702,,Surface,2,Image 1,nanoCC,1,2316,
3.10525,,Surface,2,Image 1,nanoCC,1,2317,
0,,Surface,2,Image 1,nanoCC,1,2318,
0.644209,,Surface,2,Image 1,nanoCC,1,2319,
0.0823412,,Surface,2,Image 1,nanoCC,1,2320,
0.350487,,Surface,2,Image 1,nanoCC,1,2321,
0.258887,,Surface,2,Image 1,nanoCC,1,2322,
2.45322,,Surface,2,Image 1,nanoCC,1,2323,
0.455954,,Surface,2,Image 1,nanoCC,1,2324,
0.0923995,,Surface,2,Image 1,nanoCC,1,2325,
0.86113,,Surface,2,Image 1,nanoCC,1,2326,
0.34823,,Surface,2,Image 1,nanoCC,1,2327,
0.121712,,Surface,2,Image 1,nanoCC,1,2328,
2.80286,,Surface,2,Image 1,nanoCC,1,2329,
0,,Surface,2,Image 1,nanoCC,1,2330,
0,,Surface,2,Image 1,nanoCC,1,2331,
0.0209269,,Surface,2,Image 1,nanoCC,1,2332,
0,,Surface,2,Image 1,nanoCC,1,2333,
1.53936,,Surface,2,Image 1,nanoCC,1,2334,
2.69267,,Surface,2,Image 1,nanoCC,1,2335,
0,,Surface,2,Image 1,nanoCC,1,2336,
0.770774,,Surface,2,Image 1,nanoCC,1,2337,
0.610967,,Surface,2,Image 1,nanoCC,1,2338,
1.22923,,Surface,2,Image 1,nanoCC,1,2339,
0.361608,,Surface,2,Image 1,nanoCC,1,2340,
0.117943,,Surface,2,Image 1,nanoCC,1,2341,
0.616219,,Surface,2,Image 1,nanoCC,1,2342,
0.652345,,Surface,2,Image 1,nanoCC,1,2343,
0,,Surface,2,Image 1,nanoCC,1,2344,
0.628141,,Surface,2,Image 1,nanoCC,1,2345,
0.460662,,Surface,2,Image 1,nanoCC,1,2346,
1.81564,,Surface,2,Image 1,nanoCC,1,2347,
0.400709,,Surface,2,Image 1,nanoCC,1,2348,
0.369569,,Surface,2,Image 1,nanoCC,1,2349,
0.163255,,Surface,2,Image 1,nanoCC,1,2350,
0.954504,,Surface,2,Image 1,nanoCC,1,2351,
0.712812,,Surface,2,Image 1,nanoCC,1,2352,
0.370724,,Surface,2,Image 1,nanoCC,1,2353,
1.8252,,Surface,2,Image 1,nanoCC,1,2354,
1.43186,,Surface,2,Image 1,nanoCC,1,2355,
1.65551,,Surface,2,Image 1,nanoCC,1,2356,
2.41254,,Surface,2,Image 1,nanoCC,1,2357,
0.437978,,Surface,2,Image 1,nanoCC,1,2358,
1.0773,,Surface,2,Image 1,nanoCC,1,2359,
0.612725,,Surface,2,Image 1,nanoCC,1,2360,
2.14971,,Surface,2,Image 1,nanoCC,1,2361,
1.87027,,Surface,2,Image 1,nanoCC,1,2362,
0.627008,,Surface,2,Image 1,nanoCC,1,2363,
2.69692,,Surface,2,Image 1,nanoCC,1,2364,
0.26773,,Surface,2,Image 1,nanoCC,1,2365,
2.18346,,Surface,2,Image 1,nanoCC,1,2366,
1.02816,,Surface,2,Image 1,nanoCC,1,2367,
0,,Surface,2,Image 1,nanoCC,1,2368,
0.238601,,Surface,2,Image 1,nanoCC,1,2369,
1.80024,,Surface,2,Image 1,nanoCC,1,2370,
0,,Surface,2,Image 1,nanoCC,1,2371,
1.59447,,Surface,2,Image 1,nanoCC,1,2372,
0,,Surface,2,Image 1,nanoCC,1,2373,
0.654053,,Surface,2,Image 1,nanoCC,1,2374,
0.645306,,Surface,2,Image 1,nanoCC,1,2375,
1.85171,,Surface,2,Image 1,nanoCC,1,2376,
0.798666,,Surface,2,Image 1,nanoCC,1,2377,
0.833014,,Surface,2,Image 1,nanoCC,1,2378,
1.05857,,Surface,2,Image 1,nanoCC,1,2379,
0.598807,,Surface,2,Image 1,nanoCC,1,2380,
1.01877,,Surface,2,Image 1,nanoCC,1,2381,
0,,Surface,2,Image 1,nanoCC,1,2382,
0.066206,,Surface,2,Image 1,nanoCC,1,2383,
0.00667805,,Surface,2,Image 1,nanoCC,1,2384,
1.11643,,Surface,2,Image 1,nanoCC,1,2385,
0.286221,,Surface,2,Image 1,nanoCC,1,2386,
0.912198,,Surface,2,Image 1,nanoCC,1,2387,
0.000475773,,Surface,2,Image 1,nanoCC,1,2388,
0.219996,,Surface,2,Image 1,nanoCC,1,2389,
0,,Surface,2,Image 1,nanoCC,1,2390,
0.438095,,Surface,2,Image 1,nanoCC,1,2391,
0.0170828,,Surface,2,Image 1,nanoCC,1,2392,
0.411259,,Surface,2,Image 1,nanoCC,1,2393,
0.0154037,,Surface,2,Image 1,nanoCC,1,2394,
0.72589,,Surface,2,Image 1,nanoCC,1,2395,
0.0553037,,Surface,2,Image 1,nanoCC,1,2396,
1.05148,,Surface,2,Image 1,nanoCC,1,2397,
0.501316,,Surface,2,Image 1,nanoCC,1,2398,
0.0383034,,Surface,2,Image 1,nanoCC,1,2399,
0.770999,,Surface,2,Image 1,nanoCC,1,2400,
0.252222,,Surface,2,Image 1,nanoCC,1,2401,
0.656985,,Surface,2,Image 1,nanoCC,1,2402,
0.251171,,Surface,2,Image 1,nanoCC,1,2403,
0.0425413,,Surface,2,Image 1,nanoCC,1,2404,
0.528691,,Surface,2,Image 1,nanoCC,1,2405,
0.93793,,Surface,2,Image 1,nanoCC,1,2406,
0,,Surface,2,Image 1,nanoCC,1,2407,
0,,Surface,2,Image 1,nanoCC,1,2408,
0.669902,,Surface,2,Image 1,nanoCC,1,2409,
0,,Surface,2,Image 1,nanoCC,1,2410,
0,,Surface,2,Image 1,nanoCC,1,2411,
1.67102,,Surface,2,Image 1,nanoCC,1,2412,
0,,Surface,2,Image 1,nanoCC,1,2413,
0.37919,,Surface,2,Image 1,nanoCC,1,2414,
0.780573,,Surface,2,Image 1,nanoCC,1,2415,
0.424994,,Surface,2,Image 1,nanoCC,1,2416,
1.99373,,Surface,2,Image 1,nanoCC,1,2417,
0,,Surface,2,Image 1,nanoCC,1,2418,
2.97515,,Surface,2,Image 1,nanoCC,1,2419,
0.0556395,,Surface,2,Image 1,nanoCC,1,2420,
1.69822,,Surface,2,Image 1,nanoCC,1,2421,
0.406267,,Surface,2,Image 1,nanoCC,1,2422,
2.21089,,Surface,2,Image 1,nanoCC,1,2423,
0,,Surface,2,Image 1,nanoCC,1,2424,
0.319127,,Surface,2,Image 1,nanoCC,1,2425,
0.168858,,Surface,2,Image 1,nanoCC,1,2426,
0.167164,,Surface,2,Image 1,nanoCC,1,2427,
0.407681,,Surface,2,Image 1,nanoCC,1,2428,
1.45123,,Surface,2,Image 1,nanoCC,1,2429,
0.62558,,Surface,2,Image 1,nanoCC,1,2430,
1.02512,,Surface,2,Image 1,nanoCC,1,2431,
0,,Surface,2,Image 1,nanoCC,1,2432,
0.068375,,Surface,2,Image 1,nanoCC,1,2433,
0.791551,,Surface,2,Image 1,nanoCC,1,2434,
1.78691,,Surface,2,Image 1,nanoCC,1,2435,
0.0128114,,Surface,2,Image 1,nanoCC,1,2436,
0.376535,,Surface,2,Image 1,nanoCC,1,2437,
2.6606,,Surface,2,Image 1,nanoCC,1,2438,
1.80125,,Surface,2,Image 1,nanoCC,1,2439,
0.910638,,Surface,2,Image 1,nanoCC,1,2440,
0.836034,,Surface,2,Image 1,nanoCC,1,2441,
0.12726,,Surface,2,Image 1,nanoCC,1,2442,
0.96784,,Surface,2,Image 1,nanoCC,1,2443,
1.39643,,Surface,2,Image 1,nanoCC,1,2444,
1.0021,,Surface,2,Image 1,nanoCC,1,2445,
0.0793405,,Surface,2,Image 1,nanoCC,1,2446,
0,,Surface,2,Image 1,nanoCC,1,2447,
0.354984,,Surface,2,Image 1,nanoCC,1,2448,
0,,Surface,2,Image 1,nanoCC,1,2449,
1.36734,,Surface,2,Image 1,nanoCC,1,2450,
0.806639,,Surface,2,Image 1,nanoCC,1,2451,
0.282757,,Surface,2,Image 1,nanoCC,1,2452,
1.7798,,Surface,2,Image 1,nanoCC,1,2453,
0.204471,,Surface,2,Image 1,nanoCC,1,2454,
1.25214e-05,,Surface,2,Image 1,nanoCC,1,2455,
1.52628,,Surface,2,Image 1,nanoCC,1,2456,
0.492651,,Surface,2,Image 1,nanoCC,1,2457,
0.0753197,,Surface,2,Image 1,nanoCC,1,2458,
0.279232,,Surface,2,Image 1,nanoCC,1,2459,
0,,Surface,2,Image 1,nanoCC,1,2460,
0.251902,,Surface,2,Image 1,nanoCC,1,2461,
0.0178795,,Surface,2,Image 1,nanoCC,1,2462,
0.00125857,,Surface,2,Image 1,nanoCC,1,2463,
0.288278,,Surface,2,Image 1,nanoCC,1,2464,
0.360297,,Surface,2,Image 1,nanoCC,1,2465,
1.09526,,Surface,2,Image 1,nanoCC,1,2466,
0.77447,,Surface,2,Image 1,nanoCC,1,2467,
0.29214,,Surface,2,Image 1,nanoCC,1,2468,
0.420416,,Surface,2,Image 1,nanoCC,1,2469,
0.69889,,Surface,2,Image 1,nanoCC,1,2470,
0.249159,,Surface,2,Image 1,nanoCC,1,2471,
0.00293979,,Surface,2,Image 1,nanoCC,1,2472,
0.899316,,Surface,2,Image 1,nanoCC,1,2473,
0.987242,,Surface,2,Image 1,nanoCC,1,2474,
0.261609,,Surface,2,Image 1,nanoCC,1,2475,
1.12729,,Surface,2,Image 1,nanoCC,1,2476,
0.660709,,Surface,2,Image 1,nanoCC,1,2477,
1.00614,,Surface,2,Image 1,nanoCC,1,2478,
0.672469,,Surface,2,Image 1,nanoCC,1,2479,
0.566541,,Surface,2,Image 1,nanoCC,1,2480,
0.442555,,Surface,2,Image 1,nanoCC,1,2481,
0.124723,,Surface,2,Image 1,nanoCC,1,2482,
0.357735,,Surface,2,Image 1,nanoCC,1,2483,
0.674436,,Surface,2,Image 1,nanoCC,1,2484,
1.02281,,Surface,2,Image 1,nanoCC,1,2485,
0.702846,,Surface,2,Image 1,nanoCC,1,2486,
0,,Surface,2,Image 1,nanoCC,1,2487,
0,,Surface,2,Image 1,nanoCC,1,2488,
0.113356,,Surface,2,Image 1,nanoCC,1,2489,
1.31639,,Surface,2,Image 1,nanoCC,1,2490,
0.304609,,Surface,2,Image 1,nanoCC,1,2491,
0.596711,,Surface,2,Image 1,nanoCC,1,2492,
1.89454,,Surface,2,Image 1,nanoCC,1,2493,
0.15518,,Surface,2,Image 1,nanoCC,1,2494,
0.368592,,Surface,2,Image 1,nanoCC,1,2495,
2.29883,,Surface,2,Image 1,nanoCC,1,2496,
1.58569,,Surface,2,Image 1,nanoCC,1,2497,
0.0356768,,Surface,2,Image 1,nanoCC,1,2498,
0,,Surface,2,Image 1,nanoCC,1,2499,
0.197817,,Surface,2,Image 1,nanoCC,1,2500,
0.417915,,Surface,2,Image 1,nanoCC,1,2501,
0.454891,,Surface,2,Image 1,nanoCC,1,2502,
0,,Surface,2,Image 1,nanoCC,1,2503,
1.57685,,Surface,2,Image 1,nanoCC,1,2504,
0,,Surface,2,Image 1,nanoCC,1,2505,
0.612887,,Surface,2,Image 1,nanoCC,1,2506,
1.28571,,Surface,2,Image 1,nanoCC,1,2507,
1.32405,,Surface,2,Image 1,nanoCC,1,2508,
0.518572,,Surface,2,Image 1,nanoCC,1,2509,
0.0906376,,Surface,2,Image 1,nanoCC,1,2510,
0.434106,,Surface,2,Image 1,nanoCC,1,2511,
0.158821,,Surface,2,Image 1,nanoCC,1,2512,
1.24081,,Surface,2,Image 1,nanoCC,1,2513,
0.227724,,Surface,2,Image 1,nanoCC,1,2514,
0.49744,,Surface,2,Image 1,nanoCC,1,2515,
1.45885,,Surface,2,Image 1,nanoCC,1,2516,
0,,Surface,2,Image 1,nanoCC,1,2517,
0.394843,,Surface,2,Image 1,nanoCC,1,2518,
0,,Surface,2,Image 1,nanoCC,1,2519,
0.797418,,Surface,2,Image 1,nanoCC,1,2520,
0.0607545,,Surface,2,Image 1,nanoCC,1,2521,
0,,Surface,2,Image 1,nanoCC,1,2522,
1.09943,,Surface,2,Image 1,nanoCC,1,2523,
0.399442,,Surface,2,Image 1,nanoCC,1,2524,
0.218334,,Surface,2,Image 1,nanoCC,1,2525,
0.052116,,Surface,2,Image 1,nanoCC,1,2526,
0.227314,,Surface,2,Image 1,nanoCC,1,2527,
0.952984,,Surface,2,Image 1,nanoCC,1,2528,
0.405586,,Surface,2,Image 1,nanoCC,1,2529,
0.319551,,Surface,2,Image 1,nanoCC,1,2530,
1.30907,,Surface,2,Image 1,nanoCC,1,2531,
0.940613,,Surface,2,Image 1,nanoCC,1,2532,
1.35877,,Surface,2,Image 1,nanoCC,1,2533,
0.296106,,Surface,2,Image 1,nanoCC,1,2534,
0,,Surface,2,Image 1,nanoCC,1,2535,
1.68674,,Surface,2,Image 1,nanoCC,1,2536,
1.73397,,Surface,2,Image 1,nanoCC,1,2537,
0,,Surface,2,Image 1,nanoCC,1,2538,
0,,Surface,2,Image 1,nanoCC,1,2539,
1.39797,,Surface,2,Image 1,nanoCC,1,2540,
0.158711,,Surface,2,Image 1,nanoCC,1,2541,
0.807108,,Surface,2,Image 1,nanoCC,1,2542,
0.74522,,Surface,2,Image 1,nanoCC,1,2543,
0.702365,,Surface,2,Image 1,nanoCC,1,2544,
0.350564,,Surface,2,Image 1,nanoCC,1,2545,
2.2424,,Surface,2,Image 1,nanoCC,1,2546,
0.687229,,Surface,2,Image 1,nanoCC,1,2547,
0.160399,,Surface,2,Image 1,nanoCC,1,2548,
0.578833,,Surface,2,Image 1,nanoCC,1,2549,
0,,Surface,2,Image 1,nanoCC,1,2550,
0.182269,,Surface,2,Image 1,nanoCC,1,2551,
0.272946,,Surface,2,Image 1,nanoCC,1,2552,
0.00186781,,Surface,2,Image 1,nanoCC,1,2553,
0,,Surface,2,Image 1,nanoCC,1,2554,
0.230196,,Surface,2,Image 1,nanoCC,1,2555,
1.35332,,Surface,2,Image 1,nanoCC,1,2556,
0.549268,,Surface,2,Image 1,nanoCC,1,2557,
2.28735,,Surface,2,Image 1,nanoCC,1,2558,
0.114418,,Surface,2,Image 1,nanoCC,1,2559,
1.11603,,Surface,2,Image 1,nanoCC,1,2560,
0.293221,,Surface,2,Image 1,nanoCC,1,2561,
1.16493,,Surface,2,Image 1,nanoCC,1,2562,
0.344527,,Surface,2,Image 1,nanoCC,1,2563,
1.37094,,Surface,2,Image 1,nanoCC,1,2564,
0.617008,,Surface,2,Image 1,nanoCC,1,2565,
0,,Surface,2,Image 1,nanoCC,1,2566,
0.864875,,Surface,2,Image 1,nanoCC,1,2567,
0.970597,,Surface,2,Image 1,nanoCC,1,2568,
0.128962,,Surface,2,Image 1,nanoCC,1,2569,
0.323488,,Surface,2,Image 1,nanoCC,1,2570,
0.0528291,,Surface,2,Image 1,nanoCC,1,2571,
0.0219559,,Surface,2,Image 1,nanoCC,1,2572,
0.0510011,,Surface,2,Image 1,nanoCC,1,2573,
0.248924,,Surface,2,Image 1,nanoCC,1,2574,
0.471401,,Surface,2,Image 1,nanoCC,1,2575,
0.733467,,Surface,2,Image 1,nanoCC,1,2576,
0.59031,,Surface,2,Image 1,nanoCC,1,2577,
0.964805,,Surface,2,Image 1,nanoCC,1,2578,
0.621723,,Surface,2,Image 1,nanoCC,1,2579,
1.18556,,Surface,2,Image 1,nanoCC,1,2580,
1.6367,,Surface,2,Image 1,nanoCC,1,2581,
0.0945186,,Surface,2,Image 1,nanoCC,1,2582,
0.707368,,Surface,2,Image 1,nanoCC,1,2583,
4.53366,,Surface,2,Image 1,nanoCC,1,2584,
0.885085,,Surface,2,Image 1,nanoCC,1,2585,
0.594962,,Surface,2,Image 1,nanoCC,1,2586,
0.556803,,Surface,2,Image 1,nanoCC,1,2587,
0.441898,,Surface,2,Image 1,nanoCC,1,2588,
0.875177,,Surface,2,Image 1,nanoCC,1,2589,
1.36315,,Surface,2,Image 1,nanoCC,1,2590,
0.000516323,,Surface,2,Image 1,nanoCC,1,2591,
0.387879,,Surface,2,Image 1,nanoCC,1,2592,
0.615908,,Surface,2,Image 1,nanoCC,1,2593,
0.571984,,Surface,2,Image 1,nanoCC,1,2594,
2.12786,,Surface,2,Image 1,nanoCC,1,2595,
0.201339,,Surface,2,Image 1,nanoCC,1,2596,
0.623309,,Surface,2,Image 1,nanoCC,1,2597,
0.594739,,Surface,2,Image 1,nanoCC,1,2598,
2.3136,,Surface,2,Image 1,nanoCC,1,2599,
0,,Surface,2,Image 1,nanoCC,1,2600,
0,,Surface,2,Image 1,nanoCC,1,2601,
1.37102,,Surface,2,Image 1,nanoCC,1,2602,
0.162992,,Surface,2,Image 1,nanoCC,1,2603,
0.343973,,Surface,2,Image 1,nanoCC,1,2604,
0.277727,,Surface,2,Image 1,nanoCC,1,2605,
1.3741,,Surface,2,Image 1,nanoCC,1,2606,
0.666991,,Surface,2,Image 1,nanoCC,1,2607,
0.00276056,,Surface,2,Image 1,nanoCC,1,2608,
0.264965,,Surface,2,Image 1,nanoCC,1,2609,
1.50943,,Surface,2,Image 1,nanoCC,1,2610,
0.280917,,Surface,2,Image 1,nanoCC,1,2611,
0.932393,,Surface,2,Image 1,nanoCC,1,2612,
0.298103,,Surface,2,Image 1,nanoCC,1,2613,
0,,Surface,2,Image 1,nanoCC,1,2614,
0.647593,,Surface,2,Image 1,nanoCC,1,2615,
0.0965497,,Surface,2,Image 1,nanoCC,1,2616,
0.0555474,,Surface,2,Image 1,nanoCC,1,2617,
1.01463,,Surface,2,Image 1,nanoCC,1,2618,
0.490833,,Surface,2,Image 1,nanoCC,1,2619,
0,,Surface,2,Image 1,nanoCC,1,2620,
0.893795,,Surface,2,Image 1,nanoCC,1,2621,
0.00553894,,Surface,2,Image 1,nanoCC,1,2622,
0.323411,,Surface,2,Image 1,nanoCC,1,2623,
0.178686,,Surface,2,Image 1,nanoCC,1,2624,
0.00109243,,Surface,2,Image 1,nanoCC,1,2625,
0.852497,,Surface,2,Image 1,nanoCC,1,2626,
0,,Surface,2,Image 1,nanoCC,1,2627,
0.443104,,Surface,2,Image 1,nanoCC,1,2628,
1.20788,,Surface,2,Image 1,nanoCC,1,2629,
0.526427,,Surface,2,Image 1,nanoCC,1,2630,
2.59079,,Surface,2,Image 1,nanoCC,1,2631,
0.871936,,Surface,2,Image 1,nanoCC,1,2632,
0.600289,,Surface,2,Image 1,nanoCC,1,2633,
0.209759,,Surface,2,Image 1,nanoCC,1,2634,
1.32967,,Surface,2,Image 1,nanoCC,1,2635,
1.52647,,Surface,2,Image 1,nanoCC,1,2636,
0,,Surface,2,Image 1,nanoCC,1,2637,
0.833589,,Surface,2,Image 1,nanoCC,1,2638,
0.18237,,Surface,2,Image 1,nanoCC,1,2639,
0.233252,,Surface,2,Image 1,nanoCC,1,2640,
0.678406,,Surface,2,Image 1,nanoCC,1,2641,
1.02057,,Surface,2,Image 1,nanoCC,1,2642,
0.863887,,Surface,2,Image 1,nanoCC,1,2643,
0.197136,,Surface,2,Image 1,nanoCC,1,2644,
0,,Surface,2,Image 1,nanoCC,1,2645,
0.521076,,Surface,2,Image 1,nanoCC,1,2646,
0.82467,,Surface,2,Image 1,nanoCC,1,2647,
1.00978,,Surface,2,Image 1,nanoCC,1,2648,
0,,Surface,2,Image 1,nanoCC,1,2649,
0,,Surface,2,Image 1,nanoCC,1,2650,
0,,Surface,2,Image 1,nanoCC,1,2651,
0.590285,,Surface,2,Image 1,nanoCC,1,2652,
1.6619,,Surface,2,Image 1,nanoCC,1,2653,
1.73893,,Surface,2,Image 1,nanoCC,1,2654,
0.150596,,Surface,2,Image 1,nanoCC,1,2655,
0.727956,,Surface,2,Image 1,nanoCC,1,2656,
1.135,,Surface,2,Image 1,nanoCC,1,2657,
0.708479,,Surface,2,Image 1,nanoCC,1,2658,
1.37227,,Surface,2,Image 1,nanoCC,1,2659,
2.80588,,Surface,2,Image 1,nanoCC,1,2660,
0,,Surface,2,Image 1,nanoCC,1,2661,
0,,Surface,2,Image 1,nanoCC,1,2662,
0,,Surface,2,Image 1,nanoCC,1,2663,
0.489312,,Surface,2,Image 1,nanoCC,1,2664,
0.022934,,Surface,2,Image 1,nanoCC,1,2665,
1.29454,,Surface,2,Image 1,nanoCC,1,2666,
0.226729,,Surface,2,Image 1,nanoCC,1,2667,
0.63574,,Surface,2,Image 1,nanoCC,1,2668,
0,,Surface,2,Image 1,nanoCC,1,2669,
1.10869,,Surface,2,Image 1,nanoCC,1,2670,
1.93544,,Surface,2,Image 1,nanoCC,1,2671,
0,,Surface,2,Image 1,nanoCC,1,2672,
1.07524,,Surface,2,Image 1,nanoCC,1,2673,
0.972045,,Surface,2,Image 1,nanoCC,1,2674,
1.23752,,Surface,2,Image 1,nanoCC,1,2675,
0.422927,,Surface,2,Image 1,nanoCC,1,2676,
0.916752,,Surface,2,Image 1,nanoCC,1,2677,
0.43641,,Surface,2,Image 1,nanoCC,1,2678,
2.6619,,Surface,2,Image 1,nanoCC,1,2679,
2.50285,,Surface,2,Image 1,nanoCC,1,2680,
0.651162,,Surface,2,Image 1,nanoCC,1,2681,
0.847581,,Surface,2,Image 1,nanoCC,1,2682,
1.04652,,Surface,2,Image 1,nanoCC,1,2683,
0.391158,,Surface,2,Image 1,nanoCC,1,2684,
0.396595,,Surface,2,Image 1,nanoCC,1,2685,
0.199456,,Surface,2,Image 1,nanoCC,1,2686,
1.65333,,Surface,2,Image 1,nanoCC,1,2687,
0.0598552,,Surface,2,Image 1,nanoCC,1,2688,
0.444096,,Surface,2,Image 1,nanoCC,1,2689,
0.475746,,Surface,2,Image 1,nanoCC,1,2690,
0.186663,,Surface,2,Image 1,nanoCC,1,2691,
0.523458,,Surface,2,Image 1,nanoCC,1,2692,
0.515523,,Surface,2,Image 1,nanoCC,1,2693,
0.431132,,Surface,2,Image 1,nanoCC,1,2694,
0,,Surface,2,Image 1,nanoCC,1,2695,
1.41102,,Surface,2,Image 1,nanoCC,1,2696,
0.0202337,,Surface,2,Image 1,nanoCC,1,2697,
0.289243,,Surface,2,Image 1,nanoCC,1,2698,
0.493536,,Surface,2,Image 1,nanoCC,1,2699,
0.169065,,Surface,2,Image 1,nanoCC,1,2700,
2.54849,,Surface,2,Image 1,nanoCC,1,2701,
1.7981,,Surface,2,Image 1,nanoCC,1,2702,
0.00652379,,Surface,2,Image 1,nanoCC,1,2703,
1.01897,,Surface,2,Image 1,nanoCC,1,2704,
0.812949,,Surface,2,Image 1,nanoCC,1,2705,
0,,Surface,2,Image 1,nanoCC,1,2706,
0.749546,,Surface,2,Image 1,nanoCC,1,2707,
1.14585,,Surface,2,Image 1,nanoCC,1,2708,
0.580349,,Surface,2,Image 1,nanoCC,1,2709,
0.468366,,Surface,2,Image 1,nanoCC,1,2710,
1.24106,,Surface,2,Image 1,nanoCC,1,2711,
0.204976,,Surface,2,Image 1,nanoCC,1,2712,
0.509311,,Surface,2,Image 1,nanoCC,1,2713,
0.654544,,Surface,2,Image 1,nanoCC,1,2714,
0.0023206,,Surface,2,Image 1,nanoCC,1,2715,
0.0259204,,Surface,2,Image 1,nanoCC,1,2716,
1.57608,,Surface,2,Image 1,nanoCC,1,2717,
0.352114,,Surface,2,Image 1,nanoCC,1,2718,
0.30742,,Surface,2,Image 1,nanoCC,1,2719,
0.481673,,Surface,2,Image 1,nanoCC,1,2720,
0.017786,,Surface,2,Image 1,nanoCC,1,2721,
1.38498,,Surface,2,Image 1,nanoCC,1,2722,
1.5188,,Surface,2,Image 1,nanoCC,1,2723,
0.246052,,Surface,2,Image 1,nanoCC,1,2724,
1.87206,,Surface,2,Image 1,nanoCC,1,2725,
1.17869,,Surface,2,Image 1,nanoCC,1,2726,
1.01988,,Surface,2,Image 1,nanoCC,1,2727,
0.10913,,Surface,2,Image 1,nanoCC,1,2728,
0,,Surface,2,Image 1,nanoCC,1,2729,
0.593686,,Surface,2,Image 1,nanoCC,1,2730,
0.281563,,Surface,2,Image 1,nanoCC,1,2731,
0.0457526,,Surface,2,Image 1,nanoCC,1,2732,
0,,Surface,2,Image 1,nanoCC,1,2733,
1.12916,,Surface,2,Image 1,nanoCC,1,2734,
0.552973,,Surface,2,Image 1,nanoCC,1,2735,
0.302982,,Surface,2,Image 1,nanoCC,1,2736,
0,,Surface,2,Image 1,nanoCC,1,2737,
1.33435,,Surface,2,Image 1,nanoCC,1,2738,
0.444642,,Surface,2,Image 1,nanoCC,1,2739,
0.107014,,Surface,2,Image 1,nanoCC,1,2740,
0.21029,,Surface,2,Image 1,nanoCC,1,2741,
0.380857,,Surface,2,Image 1,nanoCC,1,2742,
1.68648,,Surface,2,Image 1,nanoCC,1,2743,
0.93732,,Surface,2,Image 1,nanoCC,1,2744,
0.290363,,Surface,2,Image 1,nanoCC,1,2745,
0.772468,,Surface,2,Image 1,nanoCC,1,2746,
0.494789,,Surface,2,Image 1,nanoCC,1,2747,
1.33042,,Surface,2,Image 1,nanoCC,1,2748,
0.242224,,Surface,2,Image 1,nanoCC,1,2749,
0.199333,,Surface,2,Image 1,nanoCC,1,2750,
0.219115,,Surface,2,Image 1,nanoCC,1,2751,
0.450058,,Surface,2,Image 1,nanoCC,1,2752,
3.32974,,Surface,2,Image 1,nanoCC,1,2753,
0,,Surface,2,Image 1,nanoCC,1,2754,
0,,Surface,2,Image 1,nanoCC,1,2755,
0.582744,,Surface,2,Image 1,nanoCC,1,2756,
0,,Surface,2,Image 1,nanoCC,1,2757,
0.483075,,Surface,2,Image 1,nanoCC,1,2758,
1.85686,,Surface,2,Image 1,nanoCC,1,2759,
1.32868,,Surface,2,Image 1,nanoCC,1,2760,
0,,Surface,2,Image 1,nanoCC,1,2761,
0.233407,,Surface,2,Image 1,nanoCC,1,2762,
0.368628,,Surface,2,Image 1,nanoCC,1,2763,
0.241654,,Surface,2,Image 1,nanoCC,1,2764,
0,,Surface,2,Image 1,nanoCC,1,2765,
0.166715,,Surface,2,Image 1,nanoCC,1,2766,
0.30387,,Surface,2,Image 1,nanoCC,1,2767,
1.43701,,Surface,2,Image 1,nanoCC,1,2768,
0.468768,,Surface,2,Image 1,nanoCC,1,2769,
0.177818,,Surface,2,Image 1,nanoCC,1,2770,
1.36879,,Surface,2,Image 1,nanoCC,1,2771,
0.0870252,,Surface,2,Image 1,nanoCC,1,2772,
1.07484,,Surface,2,Image 1,nanoCC,1,2773,
0.986664,,Surface,2,Image 1,nanoCC,1,2774,
0,,Surface,2,Image 1,nanoCC,1,2775,
1.44861,,Surface,2,Image 1,nanoCC,1,2776,
0,,Surface,2,Image 1,nanoCC,1,2777,
0,,Surface,2,Image 1,nanoCC,1,2778,
0,,Surface,2,Image 1,nanoCC,1,2779,
0.575166,,Surface,2,Image 1,nanoCC,1,2780,
0.389245,,Surface,2,Image 1,nanoCC,1,2781,
0.835492,,Surface,2,Image 1,nanoCC,1,2782,
0.138833,,Surface,2,Image 1,nanoCC,1,2783,
1.52879,,Surface,2,Image 1,nanoCC,1,2784,
0.00454866,,Surface,2,Image 1,nanoCC,1,2785,
1.9399,,Surface,2,Image 1,nanoCC,1,2786,
0.675142,,Surface,2,Image 1,nanoCC,1,2787,
4.46788e-05,,Surface,2,Image 1,nanoCC,1,2788,
0.0344982,,Surface,2,Image 1,nanoCC,1,2789,
1.00751,,Surface,2,Image 1,nanoCC,1,2790,
0.806771,,Surface,2,Image 1,nanoCC,1,2791,
0,,Surface,2,Image 1,nanoCC,1,2792,
1.01211,,Surface,2,Image 1,nanoCC,1,2793,
0.969175,,Surface,2,Image 1,nanoCC,1,2794,
1.14961,,Surface,2,Image 1,nanoCC,1,2795,
0,,Surface,2,Image 1,nanoCC,1,2796,
1.29371,,Surface,2,Image 1,nanoCC,1,2797,
0.573504,,Surface,2,Image 1,nanoCC,1,2798,
0.407012,,Surface,2,Image 1,nanoCC,1,2799,
0.041747,,Surface,2,Image 1,nanoCC,1,2800,
0.266587,,Surface,2,Image 1,nanoCC,1,2801,
0.856879,,Surface,2,Image 1,nanoCC,1,2802,
0,,Surface,2,Image 1,nanoCC,1,2803,
0.801906,,Surface,2,Image 1,nanoCC,1,2804,
0.150711,,Surface,2,Image 1,nanoCC,1,2805,
0.867219,,Surface,2,Image 1,nanoCC,1,2806,
0.531136,,Surface,2,Image 1,nanoCC,1,2807,
0.374031,,Surface,2,Image 1,nanoCC,1,2808,
0.762097,,Surface,2,Image 1,nanoCC,1,2809,
0.0967982,,Surface,2,Image 1,nanoCC,1,2810,
0.00532006,,Surface,2,Image 1,nanoCC,1,2811,
0.358775,,Surface,2,Image 1,nanoCC,1,2812,
0.224694,,Surface,2,Image 1,nanoCC,1,2813,
0.521675,,Surface,2,Image 1,nanoCC,1,2814,
0.0473127,,Surface,2,Image 1,nanoCC,1,2815,
0.00837707,,Surface,2,Image 1,nanoCC,1,2816,
0.188565,,Surface,2,Image 1,nanoCC,1,2817,
1.95019,,Surface,2,Image 1,nanoCC,1,2818,
1.22274,,Surface,2,Image 1,nanoCC,1,2819,
0.00734098,,Surface,2,Image 1,nanoCC,1,2820,
0.506362,,Surface,2,Image 1,nanoCC,1,2821,
0,,Surface,2,Image 1,nanoCC,1,2822,
0.0999504,,Surface,2,Image 1,nanoCC,1,2823,
0.263682,,Surface,2,Image 1,nanoCC,1,2824,
0.730597,,Surface,2,Image 1,nanoCC,1,2825,
0.315714,,Surface,2,Image 1,nanoCC,1,2826,
2.23703,,Surface,2,Image 1,nanoCC,1,2827,
0.373963,,Surface,2,Image 1,nanoCC,1,2828,
0.705914,,Surface,2,Image 1,nanoCC,1,2829,
0,,Surface,2,Image 1,nanoCC,1,2830,
1.77705,,Surface,2,Image 1,nanoCC,1,2831,
0.584545,,Surface,2,Image 1,nanoCC,1,2832,
0.96793,,Surface,2,Image 1,nanoCC,1,2833,
0.924167,,Surface,2,Image 1,nanoCC,1,2834,
0.155225,,Surface,2,Image 1,nanoCC,1,2835,
0.747538,,Surface,2,Image 1,nanoCC,1,2836,
0.298985,,Surface,2,Image 1,nanoCC,1,2837,
1.50308,,Surface,2,Image 1,nanoCC,1,2838,
2.51795,,Surface,2,Image 1,nanoCC,1,2839,
0.264594,,Surface,2,Image 1,nanoCC,1,2840,
1.1671,,Surface,2,Image 1,nanoCC,1,2841,
0.270214,,Surface,2,Image 1,nanoCC,1,2842,
0.35638,,Surface,2,Image 1,nanoCC,1,2843,
0.381287,,Surface,2,Image 1,nanoCC,1,2844,
0.412135,,Surface,2,Image 1,nanoCC,1,2845,
0.316383,,Surface,2,Image 1,nanoCC,1,2846,
0,,Surface,2,Image 1,nanoCC,1,2847,
0.270002,,Surface,2,Image 1,nanoCC,1,2848,
0.2279,,Surface,2,Image 1,nanoCC,1,2849,
0.665209,,Surface,2,Image 1,nanoCC,1,2850,
0.127244,,Surface,2,Image 1,nanoCC,1,2851,
0.609589,,Surface,2,Image 1,nanoCC,1,2852,
0.0704581,,Surface,2,Image 1,nanoCC,1,2853,
0.216349,,Surface,2,Image 1,nanoCC,1,2854,
0.417972,,Surface,2,Image 1,nanoCC,1,2855,
0.272057,,Surface,2,Image 1,nanoCC,1,2856,
0.0848436,,Surface,2,Image 1,nanoCC,1,2857,
0,,Surface,2,Image 1,nanoCC,1,2858,
1.17607,,Surface,2,Image 1,nanoCC,1,2859,
0,,Surface,2,Image 1,nanoCC,1,2860,
0.252753,,Surface,2,Image 1,nanoCC,1,2861,
0.448767,,Surface,2,Image 1,nanoCC,1,2862,
0,,Surface,2,Image 1,nanoCC,1,2863,
0.121612,,Surface,2,Image 1,nanoCC,1,2864,
0.413605,,Surface,2,Image 1,nanoCC,1,2865,
0,,Surface,2,Image 1,nanoCC,1,2866,
0.23081,,Surface,2,Image 1,nanoCC,1,2867,
0.478054,,Surface,2,Image 1,nanoCC,1,2868,
0.558028,,Surface,2,Image 1,nanoCC,1,2869,
0.318293,,Surface,2,Image 1,nanoCC,1,2870,
0.106668,,Surface,2,Image 1,nanoCC,1,2871,
2.0978,,Surface,2,Image 1,nanoCC,1,2872,
0.148401,,Surface,2,Image 1,nanoCC,1,2873,
2.74658,,Surface,2,Image 1,nanoCC,1,2874,
0.354343,,Surface,2,Image 1,nanoCC,1,2875,
0.653397,,Surface,2,Image 1,nanoCC,1,2876,
0.519942,,Surface,2,Image 1,nanoCC,1,2877,
1.42384,,Surface,2,Image 1,nanoCC,1,2878,
0,,Surface,2,Image 1,nanoCC,1,2879,
1.54654,,Surface,2,Image 1,nanoCC,1,2880,
0.731643,,Surface,2,Image 1,nanoCC,1,2881,
1.00011,,Surface,2,Image 1,nanoCC,1,2882,
0.72272,,Surface,2,Image 1,nanoCC,1,2883,
0.490052,,Surface,2,Image 1,nanoCC,1,2884,
0.836638,,Surface,2,Image 1,nanoCC,1,2885,
0,,Surface,2,Image 1,nanoCC,1,2886,
0.065918,,Surface,2,Image 1,nanoCC,1,2887,
0.118739,,Surface,2,Image 1,nanoCC,1,2888,
0.884855,,Surface,2,Image 1,nanoCC,1,2889,
0.0915871,,Surface,2,Image 1,nanoCC,1,2890,
0.134438,,Surface,2,Image 1,nanoCC,1,2891,
0.191056,,Surface,2,Image 1,nanoCC,1,2892,
0,,Surface,2,Image 1,nanoCC,1,2893,
2.1532,,Surface,2,Image 1,nanoCC,1,2894,
0.0329546,,Surface,2,Image 1,nanoCC,1,2895,
2.04584,,Surface,2,Image 1,nanoCC,1,2896,
0.181374,,Surface,2,Image 1,nanoCC,1,2897,
0.726832,,Surface,2,Image 1,nanoCC,1,2898,
1.5019,,Surface,2,Image 1,nanoCC,1,2899,
0,,Surface,2,Image 1,nanoCC,1,2900,
1.45268,,Surface,2,Image 1,nanoCC,1,2901,
0.818707,,Surface,2,Image 1,nanoCC,1,2902,
0.553962,,Surface,2,Image 1,nanoCC,1,2903,
0.293903,,Surface,2,Image 1,nanoCC,1,2904,
1.27267,,Surface,2,Image 1,nanoCC,1,2905,
1.01955,,Surface,2,Image 1,nanoCC,1,2906,
0.0825797,,Surface,2,Image 1,nanoCC,1,2907,
0.015729,,Surface,2,Image 1,nanoCC,1,2908,
0.453252,,Surface,2,Image 1,nanoCC,1,2909,
0,,Surface,2,Image 1,nanoCC,1,2910,
2.65933,,Surface,2,Image 1,nanoCC,1,2911,
0.33944,,Surface,2,Image 1,nanoCC,1,2912,
0.325711,,Surface,2,Image 1,nanoCC,1,2913,
0.584953,,Surface,2,Image 1,nanoCC,1,2914,
0.387458,,Surface,2,Image 1,nanoCC,1,2915,
0.33591,,Surface,2,Image 1,nanoCC,1,2916,
0.237805,,Surface,2,Image 1,nanoCC,1,2917,
0.120532,,Surface,2,Image 1,nanoCC,1,2918,
0.98893,,Surface,2,Image 1,nanoCC,1,2919,
3.20547,,Surface,2,Image 1,nanoCC,1,2920,
1.16931,,Surface,2,Image 1,nanoCC,1,2921,
0.742936,,Surface,2,Image 1,nanoCC,1,2922,
0.0906952,,Surface,2,Image 1,nanoCC,1,2923,
0.419557,,Surface,2,Image 1,nanoCC,1,2924,
0,,Surface,2,Image 1,nanoCC,1,2925,
0.0688443,,Surface,2,Image 1,nanoCC,1,2926,
0,,Surface,2,Image 1,nanoCC,1,2927,
0.912725,,Surface,2,Image 1,nanoCC,1,2928,
0.0810784,,Surface,2,Image 1,nanoCC,1,2929,
0.246968,,Surface,2,Image 1,nanoCC,1,2930,
0,,Surface,2,Image 1,nanoCC,1,2931,
0.930512,,Surface,2,Image 1,nanoCC,1,2932,
2.53673,,Surface,2,Image 1,nanoCC,1,2933,
0.184936,,Surface,2,Image 1,nanoCC,1,2934,
0.644737,,Surface,2,Image 1,nanoCC,1,2935,
1.09199,,Surface,2,Image 1,nanoCC,1,2936,
1.99622,,Surface,2,Image 1,nanoCC,1,2937,
0.321588,,Surface,2,Image 1,nanoCC,1,2938,
0.0670853,,Surface,2,Image 1,nanoCC,1,2939,
0.0730637,,Surface,2,Image 1,nanoCC,1,2940,
0.480469,,Surface,2,Image 1,nanoCC,1,2941,
2.51031,,Surface,2,Image 1,nanoCC,1,2942,
0.728388,,Surface,2,Image 1,nanoCC,1,2943,
1.7819,,Surface,2,Image 1,nanoCC,1,2944,
0,,Surface,2,Image 1,nanoCC,1,2945,
0.202715,,Surface,2,Image 1,nanoCC,1,2946,
0.38943,,Surface,2,Image 1,nanoCC,1,2947,
0.731679,,Surface,2,Image 1,nanoCC,1,2948,
2.87711,,Surface,2,Image 1,nanoCC,1,2949,
0.32749,,Surface,2,Image 1,nanoCC,1,2950,
0.379394,,Surface,2,Image 1,nanoCC,1,2951,
1.26359,,Surface,2,Image 1,nanoCC,1,2952,
1.74065,,Surface,2,Image 1,nanoCC,1,2953,
0.00215126,,Surface,2,Image 1,nanoCC,1,2954,
0.180847,,Surface,2,Image 1,nanoCC,1,2955,
0.373028,,Surface,2,Image 1,nanoCC,1,2956,
3.01955,,Surface,2,Image 1,nanoCC,1,2957,
0.658363,,Surface,2,Image 1,nanoCC,1,2958,
0,,Surface,2,Image 1,nanoCC,1,2959,
0.144994,,Surface,2,Image 1,nanoCC,1,2960,
2.54048,,Surface,2,Image 1,nanoCC,1,2961,
0,,Surface,2,Image 1,nanoCC,1,2962,
0.954855,,Surface,2,Image 1,nanoCC,1,2963,
1.22172,,Surface,2,Image 1,nanoCC,1,2964,
0.142883,,Surface,2,Image 1,nanoCC,1,2965,
0.255977,,Surface,2,Image 1,nanoCC,1,2966,
0.207115,,Surface,2,Image 1,nanoCC,1,2967,
0.0589823,,Surface,2,Image 1,nanoCC,1,2968,
0,,Surface,2,Image 1,nanoCC,1,2969,
0.0734514,,Surface,2,Image 1,nanoCC,1,2970,
0.300293,,Surface,2,Image 1,nanoCC,1,2971,
0.0267697,,Surface,2,Image 1,nanoCC,1,2972,
0,,Surface,2,Image 1,nanoCC,1,2973,
0.269234,,Surface,2,Image 1,nanoCC,1,2974,
0.268612,,Surface,2,Image 1,nanoCC,1,2975,
0.00559503,,Surface,2,Image 1,nanoCC,1,2976,
0.0234962,,Surface,2,Image 1,nanoCC,1,2977,
0.0745389,,Surface,2,Image 1,nanoCC,1,2978,
2.40952,,Surface,2,Image 1,nanoCC,1,2979,
2.04767,,Surface,2,Image 1,nanoCC,1,2980,
0.0308656,,Surface,2,Image 1,nanoCC,1,2981,
0.423006,,Surface,2,Image 1,nanoCC,1,2982,
0.830989,,Surface,2,Image 1,nanoCC,1,2983,
0.053942,,Surface,2,Image 1,nanoCC,1,2984,
1.11543,,Surface,2,Image 1,nanoCC,1,2985,
1.03424,,Surface,2,Image 1,nanoCC,1,2986,
1.10007,,Surface,2,Image 1,nanoCC,1,2987,
1.6756,,Surface,2,Image 1,nanoCC,1,2988,
0,,Surface,2,Image 1,nanoCC,1,2989,
0.562311,,Surface,2,Image 1,nanoCC,1,2990,
1.15848,,Surface,2,Image 1,nanoCC,1,2991,
1.10004,,Surface,2,Image 1,nanoCC,1,2992,
0.952008,,Surface,2,Image 1,nanoCC,1,2993,
2.98834,,Surface,2,Image 1,nanoCC,1,2994,
0.785142,,Surface,2,Image 1,nanoCC,1,2995,
0.0313587,,Surface,2,Image 1,nanoCC,1,2996,
0.176578,,Surface,2,Image 1,nanoCC,1,2997,
0.597238,,Surface,2,Image 1,nanoCC,1,2998,
0.825205,,Surface,2,Image 1,nanoCC,1,2999,
0.592178,,Surface,2,Image 1,nanoCC,1,3000,
0.000114206,,Surface,2,Image 1,nanoCC,1,3001,
2.25113e-05,,Surface,2,Image 1,nanoCC,1,3002,
1.60794,,Surface,2,Image 1,nanoCC,1,3003,
0.010211,,Surface,2,Image 1,nanoCC,1,3004,
0.013223,,Surface,2,Image 1,nanoCC,1,3005,
0,,Surface,2,Image 1,nanoCC,1,3006,
5.2898e-05,,Surface,2,Image 1,nanoCC,1,3007,
0.0320064,,Surface,2,Image 1,nanoCC,1,3008,
0.00357826,,Surface,2,Image 1,nanoCC,1,3009,
0.000299026,,Surface,2,Image 1,nanoCC,1,3010,
0.0212457,,Surface,2,Image 1,nanoCC,1,3011,
0.000328999,,Surface,2,Image 1,nanoCC,1,3012,
0.0122203,,Surface,2,Image 1,nanoCC,1,3013,
8.20407e-05,,Surface,2,Image 1,nanoCC,1,3014,
0.0557875,,Surface,2,Image 1,nanoCC,1,3015,
0.0263964,,Surface,2,Image 1,nanoCC,1,3016,
0,,Surface,2,Image 1,nanoCC,1,3017,
0,,Surface,2,Image 1,nanoCC,1,3018,
0.00175313,,Surface,2,Image 1,nanoCC,1,3019,
0.625197,,Surface,2,Image 1,nanoCC,1,3020,
0.0108101,,Surface,2,Image 1,nanoCC,1,3021,
0.00024554,,Surface,2,Image 1,nanoCC,1,3022,
0.00378492,,Surface,2,Image 1,nanoCC,1,3023,
0,,Surface,2,Image 1,nanoCC,1,3024,
0.000137749,,Surface,2,Image 1,nanoCC,1,3025,
0.147695,,Surface,2,Image 1,nanoCC,1,3026,
0,,Surface,2,Image 1,nanoCC,1,3027,
0.000110061,,Surface,2,Image 1,nanoCC,1,3028,
0.245867,,Surface,2,Image 1,nanoCC,1,3029,
0.205818,,Surface,2,Image 1,nanoCC,1,3030,
0,,Surface,2,Image 1,nanoCC,1,3031,
0,,Surface,2,Image 1,nanoCC,1,3032,
0,,Surface,2,Image 1,nanoCC,1,3033,
0.00363621,,Surface,2,Image 1,nanoCC,1,3034,
0.858276,,Surface,2,Image 1,nanoCC,1,3035,
0,,Surface,2,Image 1,nanoCC,1,3036,
0.536038,,Surface,2,Image 1,nanoCC,1,3037,
0,,Surface,2,Image 1,nanoCC,1,3038,
0.0574247,,Surface,2,Image 1,nanoCC,1,3039,
1.63539,,Surface,2,Image 1,nanoCC,1,3040,
0,,Surface,2,Image 1,nanoCC,1,3041,
0.000444645,,Surface,2,Image 1,nanoCC,1,3042,
0,,Surface,2,Image 1,nanoCC,1,3043,
0,,Surface,2,Image 1,nanoCC,1,3044,
0.72506,,Surface,2,Image 1,nanoCC,1,3045,
0.00330179,,Surface,2,Image 1,nanoCC,1,3046,
0.0101691,,Surface,2,Image 1,nanoCC,1,3047,
0.160088,,Surface,2,Image 1,nanoCC,1,3048,
0.834506,,Surface,2,Image 1,nanoCC,1,3049,
0.737031,,Surface,2,Image 1,nanoCC,1,3050,
0,,Surface,2,Image 1,nanoCC,1,3051,
0.310306,,Surface,2,Image 1,nanoCC,1,3052,
0.0671563,,Surface,2,Image 1,nanoCC,1,3053,
0.643885,,Surface,2,Image 1,nanoCC,1,3054,
0.640533,,Surface,2,Image 1,nanoCC,1,3055,
0.636541,,Surface,2,Image 1,nanoCC,1,3056,
0.00244453,,Surface,2,Image 1,nanoCC,1,3057,
