
Intensity Sum Ch=2 Img=1
 ==================== 
Intensity Sum,Unit,Category,Channel,Image,Surpass Object,Time,ID,
25.0607,,Spot,2,Image 1,S2P,1,0,
98.8554,,Spot,2,Image 1,Nucleus center of mass,1,0,
1276.09,,Spot,2,Image 1,S2P,1,1,
161.25,,Spot,2,Image 1,S2P,1,2,
47.852,,Spot,2,Image 1,S2P,1,3,
182.01,,Spot,2,Image 1,S2P,1,4,
354.768,,Spot,2,Image 1,S2P,1,5,
20.4191,,Spot,2,Image 1,S2P,1,6,
28.7226,,Spot,2,Image 1,S2P,1,7,
248.036,,Spot,2,Image 1,S2P,1,8,
64.3597,,Spot,2,Image 1,S2P,1,9,
1067.9,,Spot,2,Image 1,S2P,1,10,
1692.2,,Spot,2,Image 1,S2P,1,11,
315.849,,Spot,2,Image 1,S2P,1,12,
356.145,,Spot,2,Image 1,S2P,1,13,
142.769,,Spot,2,Image 1,S2P,1,14,
380.426,,Spot,2,Image 1,S2P,1,15,
241.53,,Spot,2,Image 1,S2P,1,16,
585.031,,Spot,2,Image 1,S2P,1,17,
694.423,,Spot,2,Image 1,S2P,1,18,
1216.91,,Spot,2,Image 1,S2P,1,19,
668.86,,Spot,2,Image 1,S2P,1,20,
872.147,,Spot,2,Image 1,S2P,1,21,
352.102,,Spot,2,Image 1,S2P,1,22,
266.885,,Spot,2,Image 1,S2P,1,23,
716.322,,Spot,2,Image 1,S2P,1,24,
425.057,,Spot,2,Image 1,S2P,1,25,
816.887,,Spot,2,Image 1,S2P,1,26,
41.1479,,Spot,2,Image 1,S2P,1,27,
278.932,,Spot,2,Image 1,S2P,1,28,
371.777,,Spot,2,Image 1,S2P,1,29,
403.738,,Spot,2,Image 1,S2P,1,30,
130.637,,Spot,2,Image 1,S2P,1,31,
508.389,,Spot,2,Image 1,S2P,1,32,
220.104,,Spot,2,Image 1,S2P,1,33,
2349.28,,Spot,2,Image 1,S2P,1,34,
5598.21,,Spot,2,Image 1,S2P,1,35,
26.3029,,Spot,2,Image 1,S2P,1,36,
343.686,,Spot,2,Image 1,S2P,1,37,
46.2542,,Spot,2,Image 1,S2P,1,38,
1120.68,,Spot,2,Image 1,S2P,1,39,
933.144,,Spot,2,Image 1,S2P,1,40,
1086.55,,Spot,2,Image 1,S2P,1,41,
862.307,,Spot,2,Image 1,S2P,1,42,
513.361,,Spot,2,Image 1,S2P,1,43,
1911.4,,Spot,2,Image 1,S2P,1,44,
295.116,,Spot,2,Image 1,S2P,1,45,
1490.56,,Spot,2,Image 1,S2P,1,46,
2080.36,,Spot,2,Image 1,S2P,1,47,
1465.88,,Spot,2,Image 1,S2P,1,48,
4856.23,,Spot,2,Image 1,S2P,1,49,
516.981,,Spot,2,Image 1,S2P,1,50,
811.927,,Spot,2,Image 1,S2P,1,51,
314.277,,Spot,2,Image 1,S2P,1,52,
212.667,,Spot,2,Image 1,S2P,1,53,
730.534,,Spot,2,Image 1,S2P,1,54,
8.09434,,Spot,2,Image 1,S2P,1,55,
1340.65,,Spot,2,Image 1,S2P,1,56,
3149.28,,Spot,2,Image 1,S2P,1,57,
261.1,,Spot,2,Image 1,S2P,1,58,
242.624,,Spot,2,Image 1,S2P,1,59,
10.6381,,Spot,2,Image 1,S2P,1,60,
322.396,,Spot,2,Image 1,S2P,1,61,
1602.43,,Spot,2,Image 1,S2P,1,62,
240.052,,Spot,2,Image 1,S2P,1,63,
1583.72,,Spot,2,Image 1,S2P,1,64,
202.397,,Spot,2,Image 1,S2P,1,65,
901.797,,Spot,2,Image 1,S2P,1,66,
2825.92,,Spot,2,Image 1,S2P,1,67,
697.164,,Spot,2,Image 1,S2P,1,68,
298.902,,Spot,2,Image 1,S2P,1,69,
546.834,,Spot,2,Image 1,S2P,1,70,
2.06395,,Spot,2,Image 1,S2P,1,71,
573.396,,Spot,2,Image 1,S2P,1,72,
54.9026,,Spot,2,Image 1,S2P,1,73,
4416.81,,Spot,2,Image 1,S2P,1,74,
1630.93,,Spot,2,Image 1,S2P,1,75,
299.85,,Spot,2,Image 1,S2P,1,76,
547.709,,Spot,2,Image 1,S2P,1,77,
33.3318,,Spot,2,Image 1,S2P,1,78,
8768.86,,Spot,2,Image 1,S2P,1,79,
115.674,,Spot,2,Image 1,S2P,1,80,
11.9044,,Spot,2,Image 1,S2P,1,81,
419.296,,Spot,2,Image 1,S2P,1,82,
695.114,,Spot,2,Image 1,S2P,1,83,
1326.12,,Spot,2,Image 1,S2P,1,84,
1710.7,,Spot,2,Image 1,S2P,1,85,
1250.85,,Spot,2,Image 1,S2P,1,86,
3092.22,,Spot,2,Image 1,S2P,1,87,
556.075,,Spot,2,Image 1,S2P,1,88,
2234.79,,Spot,2,Image 1,S2P,1,89,
2018.86,,Spot,2,Image 1,S2P,1,90,
35.7274,,Spot,2,Image 1,S2P,1,91,
666.059,,Spot,2,Image 1,S2P,1,92,
825.234,,Spot,2,Image 1,S2P,1,93,
894.215,,Spot,2,Image 1,S2P,1,94,
199.387,,Spot,2,Image 1,S2P,1,95,
4392.11,,Spot,2,Image 1,S2P,1,96,
30.5352,,Spot,2,Image 1,S2P,1,97,
20.8242,,Spot,2,Image 1,S2P,1,98,
37.0782,,Spot,2,Image 1,S2P,1,99,
39.6895,,Spot,2,Image 1,S2P,1,100,
2921.03,,Spot,2,Image 1,S2P,1,101,
1026.08,,Spot,2,Image 1,S2P,1,102,
2013.52,,Spot,2,Image 1,S2P,1,103,
854.919,,Spot,2,Image 1,S2P,1,104,
1015.32,,Spot,2,Image 1,S2P,1,105,
109.201,,Spot,2,Image 1,S2P,1,106,
2546.15,,Spot,2,Image 1,S2P,1,107,
2984.25,,Spot,2,Image 1,S2P,1,108,
1532.51,,Spot,2,Image 1,S2P,1,109,
810.85,,Spot,2,Image 1,S2P,1,110,
946.017,,Spot,2,Image 1,S2P,1,111,
6267.74,,Spot,2,Image 1,S2P,1,112,
3239.86,,Spot,2,Image 1,S2P,1,113,
1031.15,,Spot,2,Image 1,S2P,1,114,
261.014,,Spot,2,Image 1,S2P,1,115,
13.8977,,Spot,2,Image 1,S2P,1,116,
864.625,,Spot,2,Image 1,S2P,1,117,
1565.19,,Spot,2,Image 1,S2P,1,118,
76.1696,,Spot,2,Image 1,S2P,1,119,
261.866,,Spot,2,Image 1,S2P,1,120,
296.989,,Spot,2,Image 1,S2P,1,121,
3974.42,,Spot,2,Image 1,S2P,1,122,
1376.52,,Spot,2,Image 1,S2P,1,123,
411.158,,Spot,2,Image 1,S2P,1,124,
2337.53,,Spot,2,Image 1,S2P,1,125,
626.234,,Spot,2,Image 1,S2P,1,126,
2512.5,,Spot,2,Image 1,S2P,1,127,
1297.15,,Spot,2,Image 1,S2P,1,128,
8275.04,,Spot,2,Image 1,S2P,1,129,
216.01,,Spot,2,Image 1,S2P,1,130,
961.483,,Spot,2,Image 1,S2P,1,131,
1462.8,,Spot,2,Image 1,S2P,1,132,
1821.09,,Spot,2,Image 1,S2P,1,133,
988.395,,Spot,2,Image 1,S2P,1,134,
16.5571,,Spot,2,Image 1,S2P,1,135,
34.0965,,Spot,2,Image 1,S2P,1,136,
848.49,,Spot,2,Image 1,S2P,1,137,
187.141,,Spot,2,Image 1,S2P,1,138,
1277.79,,Spot,2,Image 1,S2P,1,139,
1393.64,,Spot,2,Image 1,S2P,1,140,
140.354,,Spot,2,Image 1,S2P,1,141,
158.149,,Spot,2,Image 1,S2P,1,142,
1978.06,,Spot,2,Image 1,S2P,1,143,
2710.56,,Spot,2,Image 1,S2P,1,144,
11225.8,,Spot,2,Image 1,S2P,1,145,
7305.23,,Spot,2,Image 1,S2P,1,146,
2507.45,,Spot,2,Image 1,S2P,1,147,
3858.73,,Spot,2,Image 1,S2P,1,148,
121.695,,Spot,2,Image 1,S2P,1,149,
1481.9,,Spot,2,Image 1,S2P,1,150,
45.5031,,Spot,2,Image 1,S2P,1,151,
6067.13,,Spot,2,Image 1,S2P,1,152,
160.263,,Spot,2,Image 1,S2P,1,153,
240.381,,Spot,2,Image 1,S2P,1,154,
246.704,,Spot,2,Image 1,S2P,1,155,
376.633,,Spot,2,Image 1,S2P,1,156,
2164.1,,Spot,2,Image 1,S2P,1,157,
962.625,,Spot,2,Image 1,S2P,1,158,
1543.91,,Spot,2,Image 1,S2P,1,159,
306.028,,Spot,2,Image 1,S2P,1,160,
1728.14,,Spot,2,Image 1,S2P,1,161,
12.3372,,Spot,2,Image 1,S2P,1,162,
308.191,,Spot,2,Image 1,S2P,1,163,
895.616,,Spot,2,Image 1,S2P,1,164,
2163.69,,Spot,2,Image 1,S2P,1,165,
4797.05,,Spot,2,Image 1,S2P,1,166,
5008.67,,Spot,2,Image 1,S2P,1,167,
10499.8,,Spot,2,Image 1,S2P,1,168,
72.8633,,Spot,2,Image 1,S2P,1,169,
334.316,,Spot,2,Image 1,S2P,1,170,
6979.21,,Spot,2,Image 1,S2P,1,171,
29.5261,,Spot,2,Image 1,S2P,1,172,
251.275,,Spot,2,Image 1,S2P,1,173,
284.662,,Spot,2,Image 1,S2P,1,174,
327.843,,Spot,2,Image 1,S2P,1,175,
3687.32,,Spot,2,Image 1,S2P,1,176,
128.074,,Spot,2,Image 1,S2P,1,177,
150.213,,Spot,2,Image 1,S2P,1,178,
1289.25,,Spot,2,Image 1,S2P,1,179,
3453.58,,Spot,2,Image 1,S2P,1,180,
546.029,,Spot,2,Image 1,S2P,1,181,
333.418,,Spot,2,Image 1,S2P,1,182,
456.839,,Spot,2,Image 1,S2P,1,183,
2012.17,,Spot,2,Image 1,S2P,1,184,
426.283,,Spot,2,Image 1,S2P,1,185,
4888.42,,Spot,2,Image 1,S2P,1,186,
79.4621,,Spot,2,Image 1,S2P,1,187,
2086.05,,Spot,2,Image 1,S2P,1,188,
380.32,,Spot,2,Image 1,S2P,1,189,
771.721,,Spot,2,Image 1,S2P,1,190,
3147.21,,Spot,2,Image 1,S2P,1,191,
829.51,,Spot,2,Image 1,S2P,1,192,
1665.45,,Spot,2,Image 1,S2P,1,193,
385.403,,Spot,2,Image 1,S2P,1,194,
176.556,,Spot,2,Image 1,S2P,1,195,
660.842,,Spot,2,Image 1,S2P,1,196,
2175.66,,Spot,2,Image 1,S2P,1,197,
9332.21,,Spot,2,Image 1,S2P,1,198,
81.7929,,Spot,2,Image 1,S2P,1,199,
980.221,,Spot,2,Image 1,S2P,1,200,
8436.25,,Spot,2,Image 1,S2P,1,201,
972.124,,Spot,2,Image 1,S2P,1,202,
77.715,,Spot,2,Image 1,S2P,1,203,
1664.49,,Spot,2,Image 1,S2P,1,204,
728.491,,Spot,2,Image 1,S2P,1,205,
5343.03,,Spot,2,Image 1,S2P,1,206,
275.366,,Spot,2,Image 1,S2P,1,207,
551.904,,Spot,2,Image 1,S2P,1,208,
565.862,,Spot,2,Image 1,S2P,1,209,
621.85,,Spot,2,Image 1,S2P,1,210,
3612.7,,Spot,2,Image 1,S2P,1,211,
770.13,,Spot,2,Image 1,S2P,1,212,
1711.3,,Spot,2,Image 1,S2P,1,213,
1461.54,,Spot,2,Image 1,S2P,1,214,
135.476,,Spot,2,Image 1,S2P,1,215,
5005.19,,Spot,2,Image 1,S2P,1,216,
2209.4,,Spot,2,Image 1,S2P,1,217,
395.799,,Spot,2,Image 1,S2P,1,218,
1002.09,,Spot,2,Image 1,S2P,1,219,
1120.02,,Spot,2,Image 1,S2P,1,220,
1062.71,,Spot,2,Image 1,S2P,1,221,
2155.1,,Spot,2,Image 1,S2P,1,222,
5707.67,,Spot,2,Image 1,S2P,1,223,
138.006,,Spot,2,Image 1,S2P,1,224,
2198.97,,Spot,2,Image 1,S2P,1,225,
2887.08,,Spot,2,Image 1,S2P,1,226,
160.197,,Spot,2,Image 1,S2P,1,227,
809.279,,Spot,2,Image 1,S2P,1,228,
511.063,,Spot,2,Image 1,S2P,1,229,
102.957,,Spot,2,Image 1,S2P,1,230,
6208.46,,Spot,2,Image 1,S2P,1,231,
8081.77,,Spot,2,Image 1,S2P,1,232,
2378.69,,Spot,2,Image 1,S2P,1,233,
1677.61,,Spot,2,Image 1,S2P,1,234,
830.125,,Spot,2,Image 1,S2P,1,235,
2109.06,,Spot,2,Image 1,S2P,1,236,
10511,,Spot,2,Image 1,S2P,1,237,
7.5372,,Spot,2,Image 1,S2P,1,238,
947.677,,Spot,2,Image 1,S2P,1,239,
348.917,,Spot,2,Image 1,S2P,1,240,
1212.06,,Spot,2,Image 1,S2P,1,241,
535.17,,Spot,2,Image 1,S2P,1,242,
1169.14,,Spot,2,Image 1,S2P,1,243,
2444.69,,Spot,2,Image 1,S2P,1,244,
8674.11,,Spot,2,Image 1,S2P,1,245,
847.79,,Spot,2,Image 1,S2P,1,246,
1746.31,,Spot,2,Image 1,S2P,1,247,
5234.36,,Spot,2,Image 1,S2P,1,248,
8168.11,,Spot,2,Image 1,S2P,1,249,
7540.66,,Spot,2,Image 1,S2P,1,250,
66.9971,,Spot,2,Image 1,S2P,1,251,
36.2888,,Spot,2,Image 1,S2P,1,252,
64.0929,,Spot,2,Image 1,S2P,1,253,
71.3363,,Spot,2,Image 1,S2P,1,254,
108.056,,Spot,2,Image 1,S2P,1,255,
7.73674,,Spot,2,Image 1,S2P,1,256,
302.506,,Spot,2,Image 1,S2P,1,257,
64.6538,,Spot,2,Image 1,S2P,1,258,
441.663,,Spot,2,Image 1,S2P,1,259,
398.309,,Spot,2,Image 1,S2P,1,260,
800.79,,Spot,2,Image 1,S2P,1,261,
225.105,,Spot,2,Image 1,S2P,1,262,
125.495,,Spot,2,Image 1,S2P,1,263,
982.75,,Spot,2,Image 1,S2P,1,264,
1505.58,,Spot,2,Image 1,S2P,1,265,
612.063,,Spot,2,Image 1,S2P,1,266,
2921.1,,Spot,2,Image 1,S2P,1,267,
734.833,,Spot,2,Image 1,S2P,1,268,
188.482,,Spot,2,Image 1,S2P,1,269,
302.438,,Spot,2,Image 1,S2P,1,270,
158.342,,Spot,2,Image 1,S2P,1,271,
42.5984,,Spot,2,Image 1,S2P,1,272,
99.6407,,Spot,2,Image 1,S2P,1,273,
34.2715,,Spot,2,Image 1,S2P,1,274,
183.829,,Spot,2,Image 1,S2P,1,275,
47.0042,,Spot,2,Image 1,S2P,1,276,
509.286,,Spot,2,Image 1,S2P,1,277,
821.184,,Spot,2,Image 1,S2P,1,278,
272.695,,Spot,2,Image 1,S2P,1,279,
16.5967,,Spot,2,Image 1,S2P,1,280,
624.774,,Spot,2,Image 1,S2P,1,281,
183.062,,Spot,2,Image 1,S2P,1,282,
151.088,,Spot,2,Image 1,S2P,1,283,
42.1748,,Spot,2,Image 1,S2P,1,284,
1515.03,,Spot,2,Image 1,S2P,1,285,
278.709,,Spot,2,Image 1,S2P,1,286,
68.1762,,Spot,2,Image 1,S2P,1,287,
614.088,,Spot,2,Image 1,S2P,1,288,
643.027,,Spot,2,Image 1,S2P,1,289,
93.0627,,Spot,2,Image 1,S2P,1,290,
1125.6,,Spot,2,Image 1,S2P,1,291,
1088.59,,Spot,2,Image 1,S2P,1,292,
3.26004,,Spot,2,Image 1,S2P,1,293,
591.817,,Spot,2,Image 1,S2P,1,294,
169.64,,Spot,2,Image 1,S2P,1,295,
321.331,,Spot,2,Image 1,S2P,1,296,
196.372,,Spot,2,Image 1,S2P,1,297,
1427.79,,Spot,2,Image 1,S2P,1,298,
1143.83,,Spot,2,Image 1,S2P,1,299,
196.062,,Spot,2,Image 1,S2P,1,300,
1168.96,,Spot,2,Image 1,S2P,1,301,
800.659,,Spot,2,Image 1,S2P,1,302,
2785.98,,Spot,2,Image 1,S2P,1,303,
506.353,,Spot,2,Image 1,S2P,1,304,
101.878,,Spot,2,Image 1,S2P,1,305,
1880.72,,Spot,2,Image 1,S2P,1,306,
475.64,,Spot,2,Image 1,S2P,1,307,
143.451,,Spot,2,Image 1,S2P,1,308,
638.59,,Spot,2,Image 1,S2P,1,309,
454.169,,Spot,2,Image 1,S2P,1,310,
1841.63,,Spot,2,Image 1,S2P,1,311,
814.865,,Spot,2,Image 1,S2P,1,312,
385.123,,Spot,2,Image 1,S2P,1,313,
546.911,,Spot,2,Image 1,S2P,1,314,
276.823,,Spot,2,Image 1,S2P,1,315,
596.804,,Spot,2,Image 1,S2P,1,316,
1516.58,,Spot,2,Image 1,S2P,1,317,
432.027,,Spot,2,Image 1,S2P,1,318,
171.615,,Spot,2,Image 1,S2P,1,319,
363.671,,Spot,2,Image 1,S2P,1,320,
110.94,,Spot,2,Image 1,S2P,1,321,
21.0612,,Spot,2,Image 1,S2P,1,322,
31.1329,,Spot,2,Image 1,S2P,1,323,
230.505,,Spot,2,Image 1,S2P,1,324,
368.815,,Spot,2,Image 1,S2P,1,325,
822.63,,Spot,2,Image 1,S2P,1,326,
575.982,,Spot,2,Image 1,S2P,1,327,
299.925,,Spot,2,Image 1,S2P,1,328,
93.5505,,Spot,2,Image 1,S2P,1,329,
368.504,,Spot,2,Image 1,S2P,1,330,
2155.42,,Spot,2,Image 1,S2P,1,331,
758.692,,Spot,2,Image 1,S2P,1,332,
756.64,,Spot,2,Image 1,S2P,1,333,
33.3216,,Spot,2,Image 1,S2P,1,334,
109.413,,Spot,2,Image 1,S2P,1,335,
1136.1,,Spot,2,Image 1,S2P,1,336,
244.153,,Spot,2,Image 1,S2P,1,337,
16.5979,,Spot,2,Image 1,S2P,1,338,
90.0719,,Spot,2,Image 1,S2P,1,339,
160.459,,Spot,2,Image 1,S2P,1,340,
325.245,,Spot,2,Image 1,S2P,1,341,
390.46,,Spot,2,Image 1,S2P,1,342,
556.83,,Spot,2,Image 1,S2P,1,343,
4167.97,,Spot,2,Image 1,S2P,1,344,
1554.78,,Spot,2,Image 1,S2P,1,345,
1711.27,,Spot,2,Image 1,S2P,1,346,
67.8311,,Spot,2,Image 1,S2P,1,347,
347.685,,Spot,2,Image 1,S2P,1,348,
5941.54,,Spot,2,Image 1,S2P,1,349,
458.311,,Spot,2,Image 1,S2P,1,350,
9191.22,,Spot,2,Image 1,S2P,1,351,
3933.84,,Spot,2,Image 1,S2P,1,352,
1139.2,,Spot,2,Image 1,S2P,1,353,
364.348,,Spot,2,Image 1,S2P,1,354,
68.1878,,Spot,2,Image 1,S2P,1,355,
1444.69,,Spot,2,Image 1,S2P,1,356,
3917.8,,Spot,2,Image 1,S2P,1,357,
256.659,,Spot,2,Image 1,S2P,1,358,
2126.32,,Spot,2,Image 1,S2P,1,359,
50.4911,,Spot,2,Image 1,S2P,1,360,
137.618,,Spot,2,Image 1,S2P,1,361,
747.559,,Spot,2,Image 1,S2P,1,362,
1343.13,,Spot,2,Image 1,S2P,1,363,
166.458,,Spot,2,Image 1,S2P,1,364,
1263.63,,Spot,2,Image 1,S2P,1,365,
342.008,,Spot,2,Image 1,S2P,1,366,
321.929,,Spot,2,Image 1,S2P,1,367,
8613.02,,Spot,2,Image 1,S2P,1,368,
4639.67,,Spot,2,Image 1,S2P,1,369,
3464.44,,Spot,2,Image 1,S2P,1,370,
1381.89,,Spot,2,Image 1,S2P,1,371,
10303,,Spot,2,Image 1,S2P,1,372,
112.282,,Spot,2,Image 1,S2P,1,373,
569.081,,Spot,2,Image 1,S2P,1,374,
556.059,,Spot,2,Image 1,S2P,1,375,
988.658,,Spot,2,Image 1,S2P,1,376,
1046.44,,Spot,2,Image 1,S2P,1,377,
1115.36,,Spot,2,Image 1,S2P,1,378,
232.114,,Spot,2,Image 1,S2P,1,379,
62.2418,,Spot,2,Image 1,S2P,1,380,
311.773,,Spot,2,Image 1,S2P,1,381,
608.794,,Spot,2,Image 1,S2P,1,382,
155.587,,Spot,2,Image 1,S2P,1,383,
644.956,,Spot,2,Image 1,S2P,1,384,
12936.7,,Spot,2,Image 1,S2P,1,385,
4189.92,,Spot,2,Image 1,S2P,1,386,
1199.96,,Spot,2,Image 1,S2P,1,387,
3854.75,,Spot,2,Image 1,S2P,1,388,
1645.17,,Spot,2,Image 1,S2P,1,389,
286.241,,Spot,2,Image 1,S2P,1,390,
102.895,,Spot,2,Image 1,S2P,1,391,
153.209,,Spot,2,Image 1,S2P,1,392,
4506.46,,Spot,2,Image 1,S2P,1,393,
1626.67,,Spot,2,Image 1,S2P,1,394,
12.9473,,Spot,2,Image 1,S2P,1,395,
1539.33,,Spot,2,Image 1,S2P,1,396,
3573.43,,Spot,2,Image 1,S2P,1,397,
494.981,,Spot,2,Image 1,S2P,1,398,
221.771,,Spot,2,Image 1,S2P,1,399,
508.75,,Spot,2,Image 1,S2P,1,400,
1675.27,,Spot,2,Image 1,S2P,1,401,
1732.89,,Spot,2,Image 1,S2P,1,402,
582.185,,Spot,2,Image 1,S2P,1,403,
4975.29,,Spot,2,Image 1,S2P,1,404,
6447.78,,Spot,2,Image 1,S2P,1,405,
162.766,,Spot,2,Image 1,S2P,1,406,
11401.3,,Spot,2,Image 1,S2P,1,407,
149.847,,Spot,2,Image 1,S2P,1,408,
385.242,,Spot,2,Image 1,S2P,1,409,
1711.87,,Spot,2,Image 1,S2P,1,410,
169.803,,Spot,2,Image 1,S2P,1,411,
350.65,,Spot,2,Image 1,S2P,1,412,
480.102,,Spot,2,Image 1,S2P,1,413,
2468.55,,Spot,2,Image 1,S2P,1,414,
3322.06,,Spot,2,Image 1,S2P,1,415,
6329.95,,Spot,2,Image 1,S2P,1,416,
3077.88,,Spot,2,Image 1,S2P,1,417,
155.83,,Spot,2,Image 1,S2P,1,418,
2283.57,,Spot,2,Image 1,S2P,1,419,
451.426,,Spot,2,Image 1,S2P,1,420,
679.827,,Spot,2,Image 1,S2P,1,421,
1939.5,,Spot,2,Image 1,S2P,1,422,
49.3697,,Spot,2,Image 1,S2P,1,423,
36.353,,Spot,2,Image 1,S2P,1,424,
536.604,,Spot,2,Image 1,S2P,1,425,
4108.11,,Spot,2,Image 1,S2P,1,426,
117.647,,Spot,2,Image 1,S2P,1,427,
862.184,,Spot,2,Image 1,S2P,1,428,
926.965,,Spot,2,Image 1,S2P,1,429,
838.869,,Spot,2,Image 1,S2P,1,430,
2553.45,,Spot,2,Image 1,S2P,1,431,
6913.09,,Spot,2,Image 1,S2P,1,432,
19785.5,,Spot,2,Image 1,S2P,1,433,
3841.83,,Spot,2,Image 1,S2P,1,434,
355.933,,Spot,2,Image 1,S2P,1,435,
2032.53,,Spot,2,Image 1,S2P,1,436,
970.741,,Spot,2,Image 1,S2P,1,437,
417.398,,Spot,2,Image 1,S2P,1,438,
328.153,,Spot,2,Image 1,S2P,1,439,
30.9854,,Spot,2,Image 1,S2P,1,440,
1097.69,,Spot,2,Image 1,S2P,1,441,
40.2019,,Spot,2,Image 1,S2P,1,442,
3786.94,,Spot,2,Image 1,S2P,1,443,
581.987,,Spot,2,Image 1,S2P,1,444,
3259.02,,Spot,2,Image 1,S2P,1,445,
77.3834,,Spot,2,Image 1,S2P,1,446,
222.492,,Spot,2,Image 1,S2P,1,447,
103.413,,Spot,2,Image 1,S2P,1,448,
1383.94,,Spot,2,Image 1,S2P,1,449,
125.768,,Spot,2,Image 1,S2P,1,450,
379.533,,Spot,2,Image 1,S2P,1,451,
46.3545,,Spot,2,Image 1,S2P,1,452,
4369.53,,Spot,2,Image 1,S2P,1,453,
690.466,,Spot,2,Image 1,S2P,1,454,
883.086,,Spot,2,Image 1,S2P,1,455,
759.664,,Spot,2,Image 1,S2P,1,456,
1532.76,,Spot,2,Image 1,S2P,1,457,
5254.82,,Spot,2,Image 1,S2P,1,458,
49.6239,,Spot,2,Image 1,S2P,1,459,
2207.51,,Spot,2,Image 1,S2P,1,460,
1512.85,,Spot,2,Image 1,S2P,1,461,
8797.8,,Spot,2,Image 1,S2P,1,462,
1465.49,,Spot,2,Image 1,S2P,1,463,
393.801,,Spot,2,Image 1,S2P,1,464,
130.203,,Spot,2,Image 1,S2P,1,465,
25.6613,,Spot,2,Image 1,S2P,1,466,
136.08,,Spot,2,Image 1,S2P,1,467,
580.517,,Spot,2,Image 1,S2P,1,468,
201.375,,Spot,2,Image 1,S2P,1,469,
483.97,,Spot,2,Image 1,S2P,1,470,
180.435,,Spot,2,Image 1,S2P,1,471,
51.8928,,Spot,2,Image 1,S2P,1,472,
110.674,,Spot,2,Image 1,S2P,1,473,
462.341,,Spot,2,Image 1,S2P,1,474,
8.80226,,Spot,2,Image 1,S2P,1,475,
497.205,,Spot,2,Image 1,S2P,1,476,
155.532,,Spot,2,Image 1,S2P,1,477,
1806.85,,Spot,2,Image 1,S2P,1,478,
175.436,,Spot,2,Image 1,S2P,1,479,
580.642,,Spot,2,Image 1,S2P,1,480,
1122.5,,Spot,2,Image 1,S2P,1,481,
250.395,,Spot,2,Image 1,S2P,1,482,
209.539,,Spot,2,Image 1,S2P,1,483,
1278.23,,Spot,2,Image 1,S2P,1,484,
3298.78,,Spot,2,Image 1,S2P,1,485,
8158.33,,Spot,2,Image 1,S2P,1,486,
4362.62,,Spot,2,Image 1,S2P,1,487,
2504.31,,Spot,2,Image 1,S2P,1,488,
8193.19,,Spot,2,Image 1,S2P,1,489,
1137.17,,Spot,2,Image 1,S2P,1,490,
13444.2,,Spot,2,Image 1,S2P,1,491,
1176.1,,Spot,2,Image 1,S2P,1,492,
1044.92,,Spot,2,Image 1,S2P,1,493,
592.854,,Spot,2,Image 1,S2P,1,494,
3021.05,,Spot,2,Image 1,S2P,1,495,
9435.78,,Spot,2,Image 1,S2P,1,496,
905.18,,Spot,2,Image 1,S2P,1,497,
49.1858,,Spot,2,Image 1,S2P,1,498,
4421.02,,Spot,2,Image 1,S2P,1,499,
122.395,,Spot,2,Image 1,S2P,1,500,
453.205,,Spot,2,Image 1,S2P,1,501,
2121.23,,Spot,2,Image 1,S2P,1,502,
609.783,,Spot,2,Image 1,S2P,1,503,
194.562,,Spot,2,Image 1,S2P,1,504,
328.132,,Spot,2,Image 1,S2P,1,505,
937.649,,Spot,2,Image 1,S2P,1,506,
6.47783,,Spot,2,Image 1,S2P,1,507,
5228,,Spot,2,Image 1,S2P,1,508,
6387.72,,Spot,2,Image 1,S2P,1,509,
174.647,,Spot,2,Image 1,S2P,1,510,
326.844,,Spot,2,Image 1,S2P,1,511,
2116.95,,Spot,2,Image 1,S2P,1,512,
590.214,,Spot,2,Image 1,S2P,1,513,
3761.55,,Spot,2,Image 1,S2P,1,514,
4751.4,,Spot,2,Image 1,S2P,1,515,
554.722,,Spot,2,Image 1,S2P,1,516,
3621.36,,Spot,2,Image 1,S2P,1,517,
3080.62,,Spot,2,Image 1,S2P,1,518,
290.031,,Spot,2,Image 1,S2P,1,519,
8849.74,,Spot,2,Image 1,S2P,1,520,
436.989,,Spot,2,Image 1,S2P,1,521,
4820.51,,Spot,2,Image 1,S2P,1,522,
515.396,,Spot,2,Image 1,S2P,1,523,
206.092,,Spot,2,Image 1,S2P,1,524,
343.84,,Spot,2,Image 1,S2P,1,525,
469.684,,Spot,2,Image 1,S2P,1,526,
406.277,,Spot,2,Image 1,S2P,1,527,
1577.39,,Spot,2,Image 1,S2P,1,528,
5494.76,,Spot,2,Image 1,S2P,1,529,
12850.7,,Spot,2,Image 1,S2P,1,530,
12162.1,,Spot,2,Image 1,S2P,1,531,
730.967,,Spot,2,Image 1,S2P,1,532,
1506.78,,Spot,2,Image 1,S2P,1,533,
4507.69,,Spot,2,Image 1,S2P,1,534,
290.942,,Spot,2,Image 1,S2P,1,535,
992.428,,Spot,2,Image 1,S2P,1,536,
2087.39,,Spot,2,Image 1,S2P,1,537,
2496.43,,Spot,2,Image 1,S2P,1,538,
2163.5,,Spot,2,Image 1,S2P,1,539,
1193.81,,Spot,2,Image 1,S2P,1,540,
3020.75,,Spot,2,Image 1,S2P,1,541,
6433.42,,Spot,2,Image 1,S2P,1,542,
2430.86,,Spot,2,Image 1,S2P,1,543,
3635.21,,Spot,2,Image 1,S2P,1,544,
947.923,,Spot,2,Image 1,S2P,1,545,
274.051,,Spot,2,Image 1,S2P,1,546,
175.487,,Spot,2,Image 1,S2P,1,547,
2725.14,,Spot,2,Image 1,S2P,1,548,
792.081,,Spot,2,Image 1,S2P,1,549,
907.009,,Spot,2,Image 1,S2P,1,550,
571.329,,Spot,2,Image 1,S2P,1,551,
2733.82,,Spot,2,Image 1,S2P,1,552,
1635.61,,Spot,2,Image 1,S2P,1,553,
1481.22,,Spot,2,Image 1,S2P,1,554,
1303.96,,Spot,2,Image 1,S2P,1,555,
364.364,,Spot,2,Image 1,S2P,1,556,
692.806,,Spot,2,Image 1,S2P,1,557,
510.942,,Spot,2,Image 1,S2P,1,558,
503.705,,Spot,2,Image 1,S2P,1,559,
4563.84,,Spot,2,Image 1,S2P,1,560,
1093.3,,Spot,2,Image 1,S2P,1,561,
2748.26,,Spot,2,Image 1,S2P,1,562,
1605.61,,Spot,2,Image 1,S2P,1,563,
4547.84,,Spot,2,Image 1,S2P,1,564,
7508.13,,Spot,2,Image 1,S2P,1,565,
213.848,,Spot,2,Image 1,S2P,1,566,
488.836,,Spot,2,Image 1,S2P,1,567,
2398.84,,Spot,2,Image 1,S2P,1,568,
1313.49,,Spot,2,Image 1,S2P,1,569,
3543.05,,Spot,2,Image 1,S2P,1,570,
860.979,,Spot,2,Image 1,S2P,1,571,
501.896,,Spot,2,Image 1,S2P,1,572,
713.09,,Spot,2,Image 1,S2P,1,573,
607.224,,Spot,2,Image 1,S2P,1,574,
244.037,,Spot,2,Image 1,S2P,1,575,
3389.92,,Spot,2,Image 1,S2P,1,576,
739.244,,Spot,2,Image 1,S2P,1,577,
954.852,,Spot,2,Image 1,S2P,1,578,
86.7124,,Spot,2,Image 1,S2P,1,579,
536.886,,Spot,2,Image 1,S2P,1,580,
489.679,,Spot,2,Image 1,S2P,1,581,
537.09,,Spot,2,Image 1,S2P,1,582,
408.22,,Spot,2,Image 1,S2P,1,583,
425.289,,Spot,2,Image 1,S2P,1,584,
6129.22,,Spot,2,Image 1,S2P,1,585,
512.089,,Spot,2,Image 1,S2P,1,586,
5216.12,,Spot,2,Image 1,S2P,1,587,
1245.71,,Spot,2,Image 1,S2P,1,588,
567.033,,Spot,2,Image 1,S2P,1,589,
580.751,,Spot,2,Image 1,S2P,1,590,
1577.04,,Spot,2,Image 1,S2P,1,591,
2069.72,,Spot,2,Image 1,S2P,1,592,
18492.8,,Spot,2,Image 1,S2P,1,593,
1844.86,,Spot,2,Image 1,S2P,1,594,
787.606,,Spot,2,Image 1,S2P,1,595,
3548.5,,Spot,2,Image 1,S2P,1,596,
973.789,,Spot,2,Image 1,S2P,1,597,
4799.75,,Spot,2,Image 1,S2P,1,598,
793.806,,Spot,2,Image 1,S2P,1,599,
700.807,,Spot,2,Image 1,S2P,1,600,
1430.01,,Spot,2,Image 1,S2P,1,601,
567.554,,Spot,2,Image 1,S2P,1,602,
933.585,,Spot,2,Image 1,S2P,1,603,
1097.04,,Spot,2,Image 1,S2P,1,604,
640.958,,Spot,2,Image 1,S2P,1,605,
5582.44,,Spot,2,Image 1,S2P,1,606,
1338.36,,Spot,2,Image 1,S2P,1,607,
877.481,,Spot,2,Image 1,S2P,1,608,
1628.85,,Spot,2,Image 1,S2P,1,609,
856.063,,Spot,2,Image 1,S2P,1,610,
1728.29,,Spot,2,Image 1,S2P,1,611,
1528.18,,Spot,2,Image 1,S2P,1,612,
1222.15,,Spot,2,Image 1,S2P,1,613,
362.493,,Spot,2,Image 1,S2P,1,614,
338.623,,Spot,2,Image 1,S2P,1,615,
983.563,,Spot,2,Image 1,S2P,1,616,
1560.14,,Spot,2,Image 1,S2P,1,617,
4174.95,,Spot,2,Image 1,S2P,1,618,
396.57,,Spot,2,Image 1,S2P,1,619,
3376.69,,Spot,2,Image 1,S2P,1,620,
843.754,,Spot,2,Image 1,S2P,1,621,
320.795,,Spot,2,Image 1,S2P,1,622,
220.772,,Spot,2,Image 1,S2P,1,623,
173.523,,Spot,2,Image 1,S2P,1,624,
1140.55,,Spot,2,Image 1,S2P,1,625,
519.595,,Spot,2,Image 1,S2P,1,626,
519.372,,Spot,2,Image 1,S2P,1,627,
4100.15,,Spot,2,Image 1,S2P,1,628,
75.8347,,Spot,2,Image 1,S2P,1,629,
214.971,,Spot,2,Image 1,S2P,1,630,
7593.54,,Spot,2,Image 1,S2P,1,631,
928.013,,Spot,2,Image 1,S2P,1,632,
4003.25,,Spot,2,Image 1,S2P,1,633,
1332.24,,Spot,2,Image 1,S2P,1,634,
4332.94,,Spot,2,Image 1,S2P,1,635,
538.71,,Spot,2,Image 1,S2P,1,636,
5294.59,,Spot,2,Image 1,S2P,1,637,
467.702,,Spot,2,Image 1,S2P,1,638,
2753.88,,Spot,2,Image 1,S2P,1,639,
1604.71,,Spot,2,Image 1,S2P,1,640,
2746.85,,Spot,2,Image 1,S2P,1,641,
990.722,,Spot,2,Image 1,S2P,1,642,
607.604,,Spot,2,Image 1,S2P,1,643,
1825.66,,Spot,2,Image 1,S2P,1,644,
456.847,,Spot,2,Image 1,S2P,1,645,
942.755,,Spot,2,Image 1,S2P,1,646,
1623.21,,Spot,2,Image 1,S2P,1,647,
1257.88,,Spot,2,Image 1,S2P,1,648,
72.5135,,Spot,2,Image 1,S2P,1,649,
14792,,Spot,2,Image 1,S2P,1,650,
1749.83,,Spot,2,Image 1,S2P,1,651,
524.527,,Spot,2,Image 1,S2P,1,652,
7017.54,,Spot,2,Image 1,S2P,1,653,
1663.47,,Spot,2,Image 1,S2P,1,654,
1313.51,,Spot,2,Image 1,S2P,1,655,
910.85,,Spot,2,Image 1,S2P,1,656,
2546.2,,Spot,2,Image 1,S2P,1,657,
677.74,,Spot,2,Image 1,S2P,1,658,
2909.5,,Spot,2,Image 1,S2P,1,659,
2633.56,,Spot,2,Image 1,S2P,1,660,
180.664,,Spot,2,Image 1,S2P,1,661,
418.111,,Spot,2,Image 1,S2P,1,662,
816.692,,Spot,2,Image 1,S2P,1,663,
588.855,,Spot,2,Image 1,S2P,1,664,
138.542,,Spot,2,Image 1,S2P,1,665,
1316.58,,Spot,2,Image 1,S2P,1,666,
498.776,,Spot,2,Image 1,S2P,1,667,
1217.36,,Spot,2,Image 1,S2P,1,668,
3093.78,,Spot,2,Image 1,S2P,1,669,
9274.38,,Spot,2,Image 1,S2P,1,670,
1681.03,,Spot,2,Image 1,S2P,1,671,
218.445,,Spot,2,Image 1,S2P,1,672,
793.426,,Spot,2,Image 1,S2P,1,673,
1150.92,,Spot,2,Image 1,S2P,1,674,
446.838,,Spot,2,Image 1,S2P,1,675,
1705.91,,Spot,2,Image 1,S2P,1,676,
1997.21,,Spot,2,Image 1,S2P,1,677,
1640.78,,Spot,2,Image 1,S2P,1,678,
1178.32,,Spot,2,Image 1,S2P,1,679,
2345.16,,Spot,2,Image 1,S2P,1,680,
1596.42,,Spot,2,Image 1,S2P,1,681,
1475.8,,Spot,2,Image 1,S2P,1,682,
122.893,,Spot,2,Image 1,S2P,1,683,
1118.87,,Spot,2,Image 1,S2P,1,684,
164.717,,Spot,2,Image 1,S2P,1,685,
976.675,,Spot,2,Image 1,S2P,1,686,
154.535,,Spot,2,Image 1,S2P,1,687,
321.827,,Spot,2,Image 1,S2P,1,688,
492.272,,Spot,2,Image 1,S2P,1,689,
312.798,,Spot,2,Image 1,S2P,1,690,
701.543,,Spot,2,Image 1,S2P,1,691,
535.427,,Spot,2,Image 1,S2P,1,692,
2369.92,,Spot,2,Image 1,S2P,1,693,
727.36,,Spot,2,Image 1,S2P,1,694,
393.23,,Spot,2,Image 1,S2P,1,695,
662.148,,Spot,2,Image 1,S2P,1,696,
312.089,,Spot,2,Image 1,S2P,1,697,
1593.16,,Spot,2,Image 1,S2P,1,698,
883.424,,Spot,2,Image 1,S2P,1,699,
578.91,,Spot,2,Image 1,S2P,1,700,
739.949,,Spot,2,Image 1,S2P,1,701,
465.952,,Spot,2,Image 1,S2P,1,702,
2599.95,,Spot,2,Image 1,S2P,1,703,
2393.76,,Spot,2,Image 1,S2P,1,704,
454.193,,Spot,2,Image 1,S2P,1,705,
1165.42,,Spot,2,Image 1,S2P,1,706,
3134.34,,Spot,2,Image 1,S2P,1,707,
784.524,,Spot,2,Image 1,S2P,1,708,
203.079,,Spot,2,Image 1,S2P,1,709,
1386.09,,Spot,2,Image 1,S2P,1,710,
7072.9,,Spot,2,Image 1,S2P,1,711,
1775.47,,Spot,2,Image 1,S2P,1,712,
920.113,,Spot,2,Image 1,S2P,1,713,
1062.23,,Spot,2,Image 1,S2P,1,714,
372.153,,Spot,2,Image 1,S2P,1,715,
644.186,,Spot,2,Image 1,S2P,1,716,
142.385,,Spot,2,Image 1,S2P,1,717,
66.4274,,Spot,2,Image 1,S2P,1,718,
192.294,,Spot,2,Image 1,S2P,1,719,
2000.96,,Spot,2,Image 1,S2P,1,720,
517.422,,Spot,2,Image 1,S2P,1,721,
112.562,,Spot,2,Image 1,S2P,1,722,
1098.82,,Spot,2,Image 1,S2P,1,723,
2573.28,,Spot,2,Image 1,S2P,1,724,
744.162,,Spot,2,Image 1,S2P,1,725,
579.033,,Spot,2,Image 1,S2P,1,726,
1212.93,,Spot,2,Image 1,S2P,1,727,
656.166,,Spot,2,Image 1,S2P,1,728,
730.987,,Spot,2,Image 1,S2P,1,729,
1236.31,,Spot,2,Image 1,S2P,1,730,
3521.2,,Spot,2,Image 1,S2P,1,731,
405.311,,Spot,2,Image 1,S2P,1,732,
2952.4,,Spot,2,Image 1,S2P,1,733,
3418.11,,Spot,2,Image 1,S2P,1,734,
946.101,,Spot,2,Image 1,S2P,1,735,
808.738,,Spot,2,Image 1,S2P,1,736,
673.17,,Spot,2,Image 1,S2P,1,737,
978.362,,Spot,2,Image 1,S2P,1,738,
162.934,,Spot,2,Image 1,S2P,1,739,
134.66,,Spot,2,Image 1,S2P,1,740,
959.785,,Spot,2,Image 1,S2P,1,741,
194.06,,Spot,2,Image 1,S2P,1,742,
1407.54,,Spot,2,Image 1,S2P,1,743,
2203.02,,Spot,2,Image 1,S2P,1,744,
966.984,,Spot,2,Image 1,S2P,1,745,
427.642,,Spot,2,Image 1,S2P,1,746,
2287.93,,Spot,2,Image 1,S2P,1,747,
658.317,,Spot,2,Image 1,S2P,1,748,
655.163,,Spot,2,Image 1,S2P,1,749,
1428.64,,Spot,2,Image 1,S2P,1,750,
3654.69,,Spot,2,Image 1,S2P,1,751,
1000.9,,Spot,2,Image 1,S2P,1,752,
1662.71,,Spot,2,Image 1,S2P,1,753,
676.802,,Spot,2,Image 1,S2P,1,754,
860.599,,Spot,2,Image 1,S2P,1,755,
2651.03,,Spot,2,Image 1,S2P,1,756,
2785.79,,Spot,2,Image 1,S2P,1,757,
1086.79,,Spot,2,Image 1,S2P,1,758,
4045.11,,Spot,2,Image 1,S2P,1,759,
801.842,,Spot,2,Image 1,S2P,1,760,
424.451,,Spot,2,Image 1,S2P,1,761,
11566.7,,Spot,2,Image 1,S2P,1,762,
5332.1,,Spot,2,Image 1,S2P,1,763,
1262.78,,Spot,2,Image 1,S2P,1,764,
131.16,,Spot,2,Image 1,S2P,1,765,
93.2845,,Spot,2,Image 1,S2P,1,766,
4442.52,,Spot,2,Image 1,S2P,1,767,
6260.42,,Spot,2,Image 1,S2P,1,768,
2293.14,,Spot,2,Image 1,S2P,1,769,
950.717,,Spot,2,Image 1,S2P,1,770,
227.369,,Spot,2,Image 1,S2P,1,771,
522.786,,Spot,2,Image 1,S2P,1,772,
485.767,,Spot,2,Image 1,S2P,1,773,
745.941,,Spot,2,Image 1,S2P,1,774,
2938.46,,Spot,2,Image 1,S2P,1,775,
1388.38,,Spot,2,Image 1,S2P,1,776,
367.296,,Spot,2,Image 1,S2P,1,777,
3010.2,,Spot,2,Image 1,S2P,1,778,
627.826,,Spot,2,Image 1,S2P,1,779,
1592.47,,Spot,2,Image 1,S2P,1,780,
350.942,,Spot,2,Image 1,S2P,1,781,
956.052,,Spot,2,Image 1,S2P,1,782,
1666.87,,Spot,2,Image 1,S2P,1,783,
861.795,,Spot,2,Image 1,S2P,1,784,
1949.51,,Spot,2,Image 1,S2P,1,785,
1125.76,,Spot,2,Image 1,S2P,1,786,
2103.31,,Spot,2,Image 1,S2P,1,787,
3642.19,,Spot,2,Image 1,S2P,1,788,
2732.91,,Spot,2,Image 1,S2P,1,789,
6339.03,,Spot,2,Image 1,S2P,1,790,
915.398,,Spot,2,Image 1,S2P,1,791,
1296.55,,Spot,2,Image 1,S2P,1,792,
214.077,,Spot,2,Image 1,S2P,1,793,
4157.33,,Spot,2,Image 1,S2P,1,794,
1034.22,,Spot,2,Image 1,S2P,1,795,
670.619,,Spot,2,Image 1,S2P,1,796,
5111.89,,Spot,2,Image 1,S2P,1,797,
986.705,,Spot,2,Image 1,S2P,1,798,
822.904,,Spot,2,Image 1,S2P,1,799,
603.634,,Spot,2,Image 1,S2P,1,800,
2490.1,,Spot,2,Image 1,S2P,1,801,
19389,,Spot,2,Image 1,S2P,1,802,
1402.49,,Spot,2,Image 1,S2P,1,803,
7723.83,,Spot,2,Image 1,S2P,1,804,
2695.66,,Spot,2,Image 1,S2P,1,805,
799.591,,Spot,2,Image 1,S2P,1,806,
7288.62,,Spot,2,Image 1,S2P,1,807,
595.78,,Spot,2,Image 1,S2P,1,808,
314.705,,Spot,2,Image 1,S2P,1,809,
236.836,,Spot,2,Image 1,S2P,1,810,
343.537,,Spot,2,Image 1,S2P,1,811,
2859.43,,Spot,2,Image 1,S2P,1,812,
903.742,,Spot,2,Image 1,S2P,1,813,
632.76,,Spot,2,Image 1,S2P,1,814,
2047.01,,Spot,2,Image 1,S2P,1,815,
499.44,,Spot,2,Image 1,S2P,1,816,
245.598,,Spot,2,Image 1,S2P,1,817,
10930.4,,Spot,2,Image 1,S2P,1,818,
6471.38,,Spot,2,Image 1,S2P,1,819,
1411.15,,Spot,2,Image 1,S2P,1,820,
2491.63,,Spot,2,Image 1,S2P,1,821,
245.147,,Spot,2,Image 1,S2P,1,822,
389.805,,Spot,2,Image 1,S2P,1,823,
352.845,,Spot,2,Image 1,S2P,1,824,
244.079,,Spot,2,Image 1,S2P,1,825,
557.931,,Spot,2,Image 1,S2P,1,826,
4293.57,,Spot,2,Image 1,S2P,1,827,
2137.53,,Spot,2,Image 1,S2P,1,828,
2731.74,,Spot,2,Image 1,S2P,1,829,
356.753,,Spot,2,Image 1,S2P,1,830,
427.972,,Spot,2,Image 1,S2P,1,831,
154.903,,Spot,2,Image 1,S2P,1,832,
1321.7,,Spot,2,Image 1,S2P,1,833,
2378.39,,Spot,2,Image 1,S2P,1,834,
235.135,,Spot,2,Image 1,S2P,1,835,
524.039,,Spot,2,Image 1,S2P,1,836,
3044.54,,Spot,2,Image 1,S2P,1,837,
1215.44,,Spot,2,Image 1,S2P,1,838,
1627.28,,Spot,2,Image 1,S2P,1,839,
44.791,,Spot,2,Image 1,S2P,1,840,
234.183,,Spot,2,Image 1,S2P,1,841,
860.885,,Spot,2,Image 1,S2P,1,842,
331.578,,Spot,2,Image 1,S2P,1,843,
586.786,,Spot,2,Image 1,S2P,1,844,
170.97,,Spot,2,Image 1,S2P,1,845,
2929.97,,Spot,2,Image 1,S2P,1,846,
1236.42,,Spot,2,Image 1,S2P,1,847,
561.523,,Spot,2,Image 1,S2P,1,848,
523.772,,Spot,2,Image 1,S2P,1,849,
410.211,,Spot,2,Image 1,S2P,1,850,
106.219,,Spot,2,Image 1,S2P,1,851,
3174.63,,Spot,2,Image 1,S2P,1,852,
1573.14,,Spot,2,Image 1,S2P,1,853,
147.645,,Spot,2,Image 1,S2P,1,854,
175.223,,Spot,2,Image 1,S2P,1,855,
2137.97,,Spot,2,Image 1,S2P,1,856,
493.304,,Spot,2,Image 1,S2P,1,857,
1162.26,,Spot,2,Image 1,S2P,1,858,
783.555,,Spot,2,Image 1,S2P,1,859,
3174,,Spot,2,Image 1,S2P,1,860,
2429.92,,Spot,2,Image 1,S2P,1,861,
633.448,,Spot,2,Image 1,S2P,1,862,
935.51,,Spot,2,Image 1,S2P,1,863,
4818.98,,Spot,2,Image 1,S2P,1,864,
409.72,,Spot,2,Image 1,S2P,1,865,
1174.72,,Spot,2,Image 1,S2P,1,866,
9279.72,,Spot,2,Image 1,S2P,1,867,
32.4262,,Spot,2,Image 1,S2P,1,868,
1106.07,,Spot,2,Image 1,S2P,1,869,
2802.4,,Spot,2,Image 1,S2P,1,870,
4109.22,,Spot,2,Image 1,S2P,1,871,
936.285,,Spot,2,Image 1,S2P,1,872,
2074.55,,Spot,2,Image 1,S2P,1,873,
5635.22,,Spot,2,Image 1,S2P,1,874,
481.171,,Spot,2,Image 1,S2P,1,875,
696.126,,Spot,2,Image 1,S2P,1,876,
198.54,,Spot,2,Image 1,S2P,1,877,
1826.34,,Spot,2,Image 1,S2P,1,878,
2658.67,,Spot,2,Image 1,S2P,1,879,
230.49,,Spot,2,Image 1,S2P,1,880,
1676.57,,Spot,2,Image 1,S2P,1,881,
2857.42,,Spot,2,Image 1,S2P,1,882,
805.432,,Spot,2,Image 1,S2P,1,883,
2222.89,,Spot,2,Image 1,S2P,1,884,
1110.02,,Spot,2,Image 1,S2P,1,885,
222.481,,Spot,2,Image 1,S2P,1,886,
266.384,,Spot,2,Image 1,S2P,1,887,
2153.55,,Spot,2,Image 1,S2P,1,888,
1345.79,,Spot,2,Image 1,S2P,1,889,
4364.27,,Spot,2,Image 1,S2P,1,890,
4500.16,,Spot,2,Image 1,S2P,1,891,
2008.32,,Spot,2,Image 1,S2P,1,892,
11438.4,,Spot,2,Image 1,S2P,1,893,
758.767,,Spot,2,Image 1,S2P,1,894,
2569.94,,Spot,2,Image 1,S2P,1,895,
742.05,,Spot,2,Image 1,S2P,1,896,
1274.05,,Spot,2,Image 1,S2P,1,897,
740.74,,Spot,2,Image 1,S2P,1,898,
3048.35,,Spot,2,Image 1,S2P,1,899,
632.432,,Spot,2,Image 1,S2P,1,900,
1262.75,,Spot,2,Image 1,S2P,1,901,
68.9483,,Spot,2,Image 1,S2P,1,902,
1161.26,,Spot,2,Image 1,S2P,1,903,
920.079,,Spot,2,Image 1,S2P,1,904,
366.214,,Spot,2,Image 1,S2P,1,905,
1539.72,,Spot,2,Image 1,S2P,1,906,
2790.47,,Spot,2,Image 1,S2P,1,907,
2182.56,,Spot,2,Image 1,S2P,1,908,
7189.08,,Spot,2,Image 1,S2P,1,909,
1723.07,,Spot,2,Image 1,S2P,1,910,
222.034,,Spot,2,Image 1,S2P,1,911,
3099.7,,Spot,2,Image 1,S2P,1,912,
2525.91,,Spot,2,Image 1,S2P,1,913,
1086.23,,Spot,2,Image 1,S2P,1,914,
578.163,,Spot,2,Image 1,S2P,1,915,
10212.4,,Spot,2,Image 1,S2P,1,916,
1460.58,,Spot,2,Image 1,S2P,1,917,
445.27,,Spot,2,Image 1,S2P,1,918,
406.006,,Spot,2,Image 1,S2P,1,919,
4464.69,,Spot,2,Image 1,S2P,1,920,
3150.05,,Spot,2,Image 1,S2P,1,921,
387.413,,Spot,2,Image 1,S2P,1,922,
6254.1,,Spot,2,Image 1,S2P,1,923,
521.966,,Spot,2,Image 1,S2P,1,924,
700.255,,Spot,2,Image 1,S2P,1,925,
2826.59,,Spot,2,Image 1,S2P,1,926,
482.326,,Spot,2,Image 1,S2P,1,927,
17678.1,,Spot,2,Image 1,S2P,1,928,
1348.68,,Spot,2,Image 1,S2P,1,929,
9858.25,,Spot,2,Image 1,S2P,1,930,
110.74,,Spot,2,Image 1,S2P,1,931,
656.662,,Spot,2,Image 1,S2P,1,932,
867.499,,Spot,2,Image 1,S2P,1,933,
1740.27,,Spot,2,Image 1,S2P,1,934,
689.696,,Spot,2,Image 1,S2P,1,935,
5486.47,,Spot,2,Image 1,S2P,1,936,
1240.54,,Spot,2,Image 1,S2P,1,937,
347.304,,Spot,2,Image 1,S2P,1,938,
2090.99,,Spot,2,Image 1,S2P,1,939,
2270.73,,Spot,2,Image 1,S2P,1,940,
1607.58,,Spot,2,Image 1,S2P,1,941,
5748.27,,Spot,2,Image 1,S2P,1,942,
2175.34,,Spot,2,Image 1,S2P,1,943,
237.116,,Spot,2,Image 1,S2P,1,944,
1045.76,,Spot,2,Image 1,S2P,1,945,
2676.22,,Spot,2,Image 1,S2P,1,946,
110.77,,Spot,2,Image 1,S2P,1,947,
2876.11,,Spot,2,Image 1,S2P,1,948,
5828.49,,Spot,2,Image 1,S2P,1,949,
2331.67,,Spot,2,Image 1,S2P,1,950,
2676.94,,Spot,2,Image 1,S2P,1,951,
201.495,,Spot,2,Image 1,S2P,1,952,
1906.21,,Spot,2,Image 1,S2P,1,953,
3925.01,,Spot,2,Image 1,S2P,1,954,
4213.77,,Spot,2,Image 1,S2P,1,955,
6483.76,,Spot,2,Image 1,S2P,1,956,
206.062,,Spot,2,Image 1,S2P,1,957,
4279.29,,Spot,2,Image 1,S2P,1,958,
983.325,,Spot,2,Image 1,S2P,1,959,
1267.99,,Spot,2,Image 1,S2P,1,960,
1777.14,,Spot,2,Image 1,S2P,1,961,
2491.22,,Spot,2,Image 1,S2P,1,962,
706.781,,Spot,2,Image 1,S2P,1,963,
2779.25,,Spot,2,Image 1,S2P,1,964,
3205.99,,Spot,2,Image 1,S2P,1,965,
9488.41,,Spot,2,Image 1,S2P,1,966,
2673.83,,Spot,2,Image 1,S2P,1,967,
1624.75,,Spot,2,Image 1,S2P,1,968,
3001.76,,Spot,2,Image 1,S2P,1,969,
3496.33,,Spot,2,Image 1,S2P,1,970,
30.3227,,Spot,2,Image 1,S2P,1,971,
5925.6,,Spot,2,Image 1,S2P,1,972,
36.0288,,Spot,2,Image 1,S2P,1,973,
520.598,,Spot,2,Image 1,S2P,1,974,
3100.77,,Spot,2,Image 1,S2P,1,975,
1195.88,,Spot,2,Image 1,S2P,1,976,
2163.42,,Spot,2,Image 1,S2P,1,977,
1998.14,,Spot,2,Image 1,S2P,1,978,
205.982,,Spot,2,Image 1,S2P,1,979,
521.248,,Spot,2,Image 1,S2P,1,980,
844.06,,Spot,2,Image 1,S2P,1,981,
277.529,,Spot,2,Image 1,S2P,1,982,
1072.71,,Spot,2,Image 1,S2P,1,983,
353.384,,Spot,2,Image 1,S2P,1,984,
218.144,,Spot,2,Image 1,S2P,1,985,
66.2835,,Spot,2,Image 1,S2P,1,986,
453.973,,Spot,2,Image 1,S2P,1,987,
486.001,,Spot,2,Image 1,S2P,1,988,
406.42,,Spot,2,Image 1,S2P,1,989,
1620.11,,Spot,2,Image 1,S2P,1,990,
882.647,,Spot,2,Image 1,S2P,1,991,
78.4752,,Spot,2,Image 1,S2P,1,992,
1413.34,,Spot,2,Image 1,S2P,1,993,
1709.21,,Spot,2,Image 1,S2P,1,994,
1094.64,,Spot,2,Image 1,S2P,1,995,
1012.89,,Spot,2,Image 1,S2P,1,996,
1959.67,,Spot,2,Image 1,S2P,1,997,
712.881,,Spot,2,Image 1,S2P,1,998,
333.453,,Spot,2,Image 1,S2P,1,999,
327.046,,Spot,2,Image 1,S2P,1,1000,
2628.82,,Spot,2,Image 1,S2P,1,1001,
594.864,,Spot,2,Image 1,S2P,1,1002,
665.519,,Spot,2,Image 1,S2P,1,1003,
146.798,,Spot,2,Image 1,S2P,1,1004,
118.732,,Spot,2,Image 1,S2P,1,1005,
624.85,,Spot,2,Image 1,S2P,1,1006,
1060.43,,Spot,2,Image 1,S2P,1,1007,
4085.62,,Spot,2,Image 1,S2P,1,1008,
4089.38,,Spot,2,Image 1,S2P,1,1009,
3695.13,,Spot,2,Image 1,S2P,1,1010,
5436.8,,Spot,2,Image 1,S2P,1,1011,
4635.82,,Spot,2,Image 1,S2P,1,1012,
3564.24,,Spot,2,Image 1,S2P,1,1013,
4399.75,,Spot,2,Image 1,S2P,1,1014,
3946.83,,Spot,2,Image 1,S2P,1,1015,
12896.4,,Spot,2,Image 1,S2P,1,1016,
5536.66,,Spot,2,Image 1,S2P,1,1017,
2431.1,,Spot,2,Image 1,S2P,1,1018,
3293.25,,Spot,2,Image 1,S2P,1,1019,
4998.55,,Spot,2,Image 1,S2P,1,1020,
10232.6,,Spot,2,Image 1,S2P,1,1021,
736.223,,Spot,2,Image 1,S2P,1,1022,
3135.9,,Spot,2,Image 1,S2P,1,1023,
2931.42,,Spot,2,Image 1,S2P,1,1024,
1804.84,,Spot,2,Image 1,S2P,1,1025,
352.861,,Spot,2,Image 1,S2P,1,1026,
3166.08,,Spot,2,Image 1,S2P,1,1027,
363.053,,Spot,2,Image 1,S2P,1,1028,
132.123,,Spot,2,Image 1,S2P,1,1029,
269.887,,Spot,2,Image 1,S2P,1,1030,
1105.12,,Spot,2,Image 1,S2P,1,1031,
691.182,,Spot,2,Image 1,S2P,1,1032,
357.582,,Spot,2,Image 1,S2P,1,1033,
4598.35,,Spot,2,Image 1,S2P,1,1034,
590.224,,Spot,2,Image 1,S2P,1,1035,
1062.19,,Spot,2,Image 1,S2P,1,1036,
1806.55,,Spot,2,Image 1,S2P,1,1037,
315.313,,Spot,2,Image 1,S2P,1,1038,
1246.17,,Spot,2,Image 1,S2P,1,1039,
780.058,,Spot,2,Image 1,S2P,1,1040,
1486.36,,Spot,2,Image 1,S2P,1,1041,
326.366,,Spot,2,Image 1,S2P,1,1042,
274.405,,Spot,2,Image 1,S2P,1,1043,
1515.93,,Spot,2,Image 1,S2P,1,1044,
880.448,,Spot,2,Image 1,S2P,1,1045,
246.253,,Spot,2,Image 1,S2P,1,1046,
281.389,,Spot,2,Image 1,S2P,1,1047,
199.143,,Spot,2,Image 1,S2P,1,1048,
793.768,,Spot,2,Image 1,S2P,1,1049,
932.169,,Spot,2,Image 1,S2P,1,1050,
269.039,,Spot,2,Image 1,S2P,1,1051,
1867.39,,Spot,2,Image 1,S2P,1,1052,
2049.6,,Spot,2,Image 1,S2P,1,1053,
78.3669,,Spot,2,Image 1,S2P,1,1054,
385.396,,Spot,2,Image 1,S2P,1,1055,
371.906,,Spot,2,Image 1,S2P,1,1056,
1095.02,,Spot,2,Image 1,S2P,1,1057,
135.112,,Spot,2,Image 1,S2P,1,1058,
276.981,,Spot,2,Image 1,S2P,1,1059,
762.701,,Spot,2,Image 1,S2P,1,1060,
198.206,,Spot,2,Image 1,S2P,1,1061,
324.501,,Spot,2,Image 1,S2P,1,1062,
195.757,,Spot,2,Image 1,S2P,1,1063,
474.473,,Spot,2,Image 1,S2P,1,1064,
158.804,,Spot,2,Image 1,S2P,1,1065,
1128.87,,Spot,2,Image 1,S2P,1,1066,
291.697,,Spot,2,Image 1,S2P,1,1067,
261.664,,Spot,2,Image 1,S2P,1,1068,
1617.98,,Spot,2,Image 1,S2P,1,1069,
937.659,,Spot,2,Image 1,S2P,1,1070,
1590.51,,Spot,2,Image 1,S2P,1,1071,
2590.65,,Spot,2,Image 1,S2P,1,1072,
3913.24,,Spot,2,Image 1,S2P,1,1073,
24.1025,,Spot,2,Image 1,S2P,1,1074,
209.547,,Spot,2,Image 1,S2P,1,1075,
274.506,,Spot,2,Image 1,S2P,1,1076,
256.071,,Spot,2,Image 1,S2P,1,1077,
240.743,,Spot,2,Image 1,S2P,1,1078,
1041.82,,Spot,2,Image 1,S2P,1,1079,
374.039,,Spot,2,Image 1,S2P,1,1080,
3674.67,,Spot,2,Image 1,S2P,1,1081,
280.16,,Spot,2,Image 1,S2P,1,1082,
2031.91,,Spot,2,Image 1,S2P,1,1083,
248.14,,Spot,2,Image 1,S2P,1,1084,
92.1406,,Spot,2,Image 1,S2P,1,1085,
2080.19,,Spot,2,Image 1,S2P,1,1086,
1733.31,,Spot,2,Image 1,S2P,1,1087,
482.134,,Spot,2,Image 1,S2P,1,1088,
1035.81,,Spot,2,Image 1,S2P,1,1089,
1016.52,,Spot,2,Image 1,S2P,1,1090,
1577.91,,Spot,2,Image 1,S2P,1,1091,
2703.96,,Spot,2,Image 1,S2P,1,1092,
506.474,,Spot,2,Image 1,S2P,1,1093,
1820.38,,Spot,2,Image 1,S2P,1,1094,
1320.18,,Spot,2,Image 1,S2P,1,1095,
1480.82,,Spot,2,Image 1,S2P,1,1096,
265.625,,Spot,2,Image 1,S2P,1,1097,
654.217,,Spot,2,Image 1,S2P,1,1098,
348.457,,Spot,2,Image 1,S2P,1,1099,
1575.99,,Spot,2,Image 1,S2P,1,1100,
1758.29,,Spot,2,Image 1,S2P,1,1101,
350.804,,Spot,2,Image 1,S2P,1,1102,
82.176,,Spot,2,Image 1,S2P,1,1103,
706.33,,Spot,2,Image 1,S2P,1,1104,
404.554,,Spot,2,Image 1,S2P,1,1105,
3706.56,,Spot,2,Image 1,S2P,1,1106,
411.203,,Spot,2,Image 1,S2P,1,1107,
388.031,,Spot,2,Image 1,S2P,1,1108,
133.728,,Spot,2,Image 1,S2P,1,1109,
129.109,,Spot,2,Image 1,S2P,1,1110,
829.719,,Spot,2,Image 1,S2P,1,1111,
2816.13,,Spot,2,Image 1,S2P,1,1112,
156.417,,Spot,2,Image 1,S2P,1,1113,
96.9064,,Spot,2,Image 1,S2P,1,1114,
319.513,,Spot,2,Image 1,S2P,1,1115,
215.836,,Spot,2,Image 1,S2P,1,1116,
245.872,,Spot,2,Image 1,S2P,1,1117,
732.181,,Spot,2,Image 1,S2P,1,1118,
436.267,,Spot,2,Image 1,S2P,1,1119,
4584.5,,Spot,2,Image 1,S2P,1,1120,
131.377,,Spot,2,Image 1,S2P,1,1121,
184.923,,Spot,2,Image 1,S2P,1,1122,
1292.21,,Spot,2,Image 1,S2P,1,1123,
357.667,,Spot,2,Image 1,S2P,1,1124,
267.167,,Spot,2,Image 1,S2P,1,1125,
45.3817,,Spot,2,Image 1,S2P,1,1126,
210.083,,Spot,2,Image 1,S2P,1,1127,
93.4633,,Spot,2,Image 1,S2P,1,1128,
302.613,,Spot,2,Image 1,S2P,1,1129,
334.502,,Spot,2,Image 1,S2P,1,1130,
131.9,,Spot,2,Image 1,S2P,1,1131,
346.949,,Spot,2,Image 1,S2P,1,1132,
1738.13,,Spot,2,Image 1,S2P,1,1133,
910.35,,Spot,2,Image 1,S2P,1,1134,
327.555,,Spot,2,Image 1,S2P,1,1135,
2005.27,,Spot,2,Image 1,S2P,1,1136,
350.022,,Spot,2,Image 1,S2P,1,1137,
746.552,,Spot,2,Image 1,S2P,1,1138,
556.311,,Spot,2,Image 1,S2P,1,1139,
614.534,,Spot,2,Image 1,S2P,1,1140,
5846.41,,Spot,2,Image 1,S2P,1,1141,
694.663,,Spot,2,Image 1,S2P,1,1142,
663.924,,Spot,2,Image 1,S2P,1,1143,
111.085,,Spot,2,Image 1,S2P,1,1144,
316.352,,Spot,2,Image 1,S2P,1,1145,
146.926,,Spot,2,Image 1,S2P,1,1146,
257.097,,Spot,2,Image 1,S2P,1,1147,
789.78,,Spot,2,Image 1,S2P,1,1148,
639.207,,Spot,2,Image 1,S2P,1,1149,
179.391,,Spot,2,Image 1,S2P,1,1150,
1217.13,,Spot,2,Image 1,S2P,1,1151,
1023.2,,Spot,2,Image 1,S2P,1,1152,
276.037,,Spot,2,Image 1,S2P,1,1153,
676.64,,Spot,2,Image 1,S2P,1,1154,
6867.08,,Spot,2,Image 1,S2P,1,1155,
583.743,,Spot,2,Image 1,S2P,1,1156,
16.6999,,Spot,2,Image 1,S2P,1,1157,
875.092,,Spot,2,Image 1,S2P,1,1158,
346.295,,Spot,2,Image 1,S2P,1,1159,
348.831,,Spot,2,Image 1,S2P,1,1160,
10122.7,,Spot,2,Image 1,S2P,1,1161,
2102.17,,Spot,2,Image 1,S2P,1,1162,
8368.52,,Spot,2,Image 1,S2P,1,1163,
1005.15,,Spot,2,Image 1,S2P,1,1164,
169.62,,Spot,2,Image 1,S2P,1,1165,
1281.17,,Spot,2,Image 1,S2P,1,1166,
3507.2,,Spot,2,Image 1,S2P,1,1167,
944.279,,Spot,2,Image 1,S2P,1,1168,
775.839,,Spot,2,Image 1,S2P,1,1169,
684.296,,Spot,2,Image 1,S2P,1,1170,
301.335,,Spot,2,Image 1,S2P,1,1171,
2063.26,,Spot,2,Image 1,S2P,1,1172,
297.457,,Spot,2,Image 1,S2P,1,1173,
814.34,,Spot,2,Image 1,S2P,1,1174,
1038.7,,Spot,2,Image 1,S2P,1,1175,
3426.48,,Spot,2,Image 1,S2P,1,1176,
384.623,,Spot,2,Image 1,S2P,1,1177,
399.623,,Spot,2,Image 1,S2P,1,1178,
733.264,,Spot,2,Image 1,S2P,1,1179,
485.351,,Spot,2,Image 1,S2P,1,1180,
455.226,,Spot,2,Image 1,S2P,1,1181,
751.941,,Spot,2,Image 1,S2P,1,1182,
1137.39,,Spot,2,Image 1,S2P,1,1183,
1781.88,,Spot,2,Image 1,S2P,1,1184,
1066.03,,Spot,2,Image 1,S2P,1,1185,
2412.33,,Spot,2,Image 1,S2P,1,1186,
2971.32,,Spot,2,Image 1,S2P,1,1187,
1354.49,,Spot,2,Image 1,S2P,1,1188,
23638.3,,Spot,2,Image 1,S2P,1,1189,
3553.08,,Spot,2,Image 1,S2P,1,1190,
18369.8,,Spot,2,Image 1,S2P,1,1191,
1359.3,,Spot,2,Image 1,S2P,1,1192,
6668.93,,Spot,2,Image 1,S2P,1,1193,
350.619,,Spot,2,Image 1,S2P,1,1194,
1023.81,,Spot,2,Image 1,S2P,1,1195,
1070.72,,Spot,2,Image 1,S2P,1,1196,
27926.4,,Spot,2,Image 1,S2P,1,1197,
32.0369,,Spot,2,Image 1,S2P,1,1198,
2373.58,,Spot,2,Image 1,S2P,1,1199,
354.697,,Spot,2,Image 1,S2P,1,1200,
486.477,,Spot,2,Image 1,S2P,1,1201,
1430.24,,Spot,2,Image 1,S2P,1,1202,
12079.1,,Spot,2,Image 1,S2P,1,1203,
89.9033,,Spot,2,Image 1,S2P,1,1204,
975.573,,Spot,2,Image 1,S2P,1,1205,
1936.84,,Spot,2,Image 1,S2P,1,1206,
146.823,,Spot,2,Image 1,S2P,1,1207,
3609.28,,Spot,2,Image 1,S2P,1,1208,
21.4994,,Spot,2,Image 1,S2P,1,1209,
6867.43,,Spot,2,Image 1,S2P,1,1210,
1381.65,,Spot,2,Image 1,S2P,1,1211,
1477.56,,Spot,2,Image 1,S2P,1,1212,
196.443,,Spot,2,Image 1,S2P,1,1213,
347.735,,Spot,2,Image 1,S2P,1,1214,
83.2359,,Spot,2,Image 1,S2P,1,1215,
2591.73,,Spot,2,Image 1,S2P,1,1216,
553.462,,Spot,2,Image 1,S2P,1,1217,
1029.96,,Spot,2,Image 1,S2P,1,1218,
867.871,,Spot,2,Image 1,S2P,1,1219,
5633.82,,Spot,2,Image 1,S2P,1,1220,
1693.98,,Spot,2,Image 1,S2P,1,1221,
3037.92,,Spot,2,Image 1,S2P,1,1222,
478.909,,Spot,2,Image 1,S2P,1,1223,
6844.45,,Spot,2,Image 1,S2P,1,1224,
263.985,,Spot,2,Image 1,S2P,1,1225,
376.627,,Spot,2,Image 1,S2P,1,1226,
3852.01,,Spot,2,Image 1,S2P,1,1227,
5302.27,,Spot,2,Image 1,S2P,1,1228,
18513.9,,Spot,2,Image 1,S2P,1,1229,
3418.36,,Spot,2,Image 1,S2P,1,1230,
2325.49,,Spot,2,Image 1,S2P,1,1231,
6928.32,,Spot,2,Image 1,S2P,1,1232,
3229.76,,Spot,2,Image 1,S2P,1,1233,
365.312,,Spot,2,Image 1,S2P,1,1234,
344.323,,Spot,2,Image 1,S2P,1,1235,
1009.54,,Spot,2,Image 1,S2P,1,1236,
401.891,,Spot,2,Image 1,S2P,1,1237,
1559.86,,Spot,2,Image 1,S2P,1,1238,
1910.67,,Spot,2,Image 1,S2P,1,1239,
20453.7,,Spot,2,Image 1,S2P,1,1240,
2628.95,,Spot,2,Image 1,S2P,1,1241,
13815.3,,Spot,2,Image 1,S2P,1,1242,
2500.71,,Spot,2,Image 1,S2P,1,1243,
8765.96,,Spot,2,Image 1,S2P,1,1244,
12762.2,,Spot,2,Image 1,S2P,1,1245,
2429.09,,Spot,2,Image 1,S2P,1,1246,
687.292,,Spot,2,Image 1,S2P,1,1247,
6395.3,,Spot,2,Image 1,S2P,1,1248,
2929.97,,Spot,2,Image 1,S2P,1,1249,
754.537,,Spot,2,Image 1,S2P,1,1250,
2111.67,,Spot,2,Image 1,S2P,1,1251,
38.0881,,Spot,2,Image 1,S2P,1,1252,
2484.26,,Spot,2,Image 1,S2P,1,1253,
985.304,,Spot,2,Image 1,S2P,1,1254,
627.637,,Spot,2,Image 1,S2P,1,1255,
789.364,,Spot,2,Image 1,S2P,1,1256,
10571.4,,Spot,2,Image 1,S2P,1,1257,
138.724,,Spot,2,Image 1,S2P,1,1258,
14674.3,,Spot,2,Image 1,S2P,1,1259,
158.506,,Spot,2,Image 1,S2P,1,1260,
1230.06,,Spot,2,Image 1,S2P,1,1261,
288.518,,Spot,2,Image 1,S2P,1,1262,
314.53,,Spot,2,Image 1,S2P,1,1263,
3300.37,,Spot,2,Image 1,S2P,1,1264,
206.168,,Spot,2,Image 1,S2P,1,1265,
80.7439,,Spot,2,Image 1,S2P,1,1266,
1282.53,,Spot,2,Image 1,S2P,1,1267,
347.188,,Spot,2,Image 1,S2P,1,1268,
198.309,,Spot,2,Image 1,S2P,1,1269,
2140.66,,Spot,2,Image 1,S2P,1,1270,
621.203,,Spot,2,Image 1,S2P,1,1271,
2030.99,,Spot,2,Image 1,S2P,1,1272,
3743.05,,Spot,2,Image 1,S2P,1,1273,
2057.71,,Spot,2,Image 1,S2P,1,1274,
702.268,,Spot,2,Image 1,S2P,1,1275,
700.323,,Spot,2,Image 1,S2P,1,1276,
149.239,,Spot,2,Image 1,S2P,1,1277,
2219.62,,Spot,2,Image 1,S2P,1,1278,
3025.36,,Spot,2,Image 1,S2P,1,1279,
181.832,,Spot,2,Image 1,S2P,1,1280,
617.823,,Spot,2,Image 1,S2P,1,1281,
440.716,,Spot,2,Image 1,S2P,1,1282,
426.653,,Spot,2,Image 1,S2P,1,1283,
2099.47,,Spot,2,Image 1,S2P,1,1284,
3019.15,,Spot,2,Image 1,S2P,1,1285,
136.927,,Spot,2,Image 1,S2P,1,1286,
674.396,,Spot,2,Image 1,S2P,1,1287,
181.453,,Spot,2,Image 1,S2P,1,1288,
244.761,,Spot,2,Image 1,S2P,1,1289,
928.237,,Spot,2,Image 1,S2P,1,1290,
287.535,,Spot,2,Image 1,S2P,1,1291,
1879.82,,Spot,2,Image 1,S2P,1,1292,
675.906,,Spot,2,Image 1,S2P,1,1293,
1223.75,,Spot,2,Image 1,S2P,1,1294,
1523.53,,Spot,2,Image 1,S2P,1,1295,
1309.4,,Spot,2,Image 1,S2P,1,1296,
4079.04,,Spot,2,Image 1,S2P,1,1297,
797.752,,Spot,2,Image 1,S2P,1,1298,
3347.91,,Spot,2,Image 1,S2P,1,1299,
467.418,,Spot,2,Image 1,S2P,1,1300,
2610.63,,Spot,2,Image 1,S2P,1,1301,
3018.75,,Spot,2,Image 1,S2P,1,1302,
1568.45,,Spot,2,Image 1,S2P,1,1303,
1774.09,,Spot,2,Image 1,S2P,1,1304,
2581.56,,Spot,2,Image 1,S2P,1,1305,
1590.89,,Spot,2,Image 1,S2P,1,1306,
1140.92,,Spot,2,Image 1,S2P,1,1307,
820.975,,Spot,2,Image 1,S2P,1,1308,
1327.01,,Spot,2,Image 1,S2P,1,1309,
3796.75,,Spot,2,Image 1,S2P,1,1310,
590.892,,Spot,2,Image 1,S2P,1,1311,
2080.79,,Spot,2,Image 1,S2P,1,1312,
270.455,,Spot,2,Image 1,S2P,1,1313,
4978.51,,Spot,2,Image 1,S2P,1,1314,
131.989,,Spot,2,Image 1,S2P,1,1315,
252.705,,Spot,2,Image 1,S2P,1,1316,
3244.39,,Spot,2,Image 1,S2P,1,1317,
542.835,,Spot,2,Image 1,S2P,1,1318,
1841.32,,Spot,2,Image 1,S2P,1,1319,
172.503,,Spot,2,Image 1,S2P,1,1320,
343.334,,Spot,2,Image 1,S2P,1,1321,
732.711,,Spot,2,Image 1,S2P,1,1322,
1023.58,,Spot,2,Image 1,S2P,1,1323,
2264.05,,Spot,2,Image 1,S2P,1,1324,
3763.33,,Spot,2,Image 1,S2P,1,1325,
1340.82,,Spot,2,Image 1,S2P,1,1326,
1964.33,,Spot,2,Image 1,S2P,1,1327,
2955.37,,Spot,2,Image 1,S2P,1,1328,
339.478,,Spot,2,Image 1,S2P,1,1329,
6380.33,,Spot,2,Image 1,S2P,1,1330,
702.387,,Spot,2,Image 1,S2P,1,1331,
1089.05,,Spot,2,Image 1,S2P,1,1332,
1715.75,,Spot,2,Image 1,S2P,1,1333,
235.548,,Spot,2,Image 1,S2P,1,1334,
1314.39,,Spot,2,Image 1,S2P,1,1335,
18.8953,,Spot,2,Image 1,S2P,1,1336,
540.869,,Spot,2,Image 1,S2P,1,1337,
67.4509,,Spot,2,Image 1,S2P,1,1338,
95.7491,,Spot,2,Image 1,S2P,1,1339,
573.091,,Spot,2,Image 1,S2P,1,1340,
350.95,,Spot,2,Image 1,S2P,1,1341,
5963.95,,Spot,2,Image 1,S2P,1,1342,
276.358,,Spot,2,Image 1,S2P,1,1343,
71.974,,Spot,2,Image 1,S2P,1,1344,
1157.71,,Spot,2,Image 1,S2P,1,1345,
352.016,,Spot,2,Image 1,S2P,1,1346,
337.523,,Spot,2,Image 1,S2P,1,1347,
1314.06,,Spot,2,Image 1,S2P,1,1348,
1167.23,,Spot,2,Image 1,S2P,1,1349,
609.857,,Spot,2,Image 1,S2P,1,1350,
162.172,,Spot,2,Image 1,S2P,1,1351,
459.034,,Spot,2,Image 1,S2P,1,1352,
1935.19,,Spot,2,Image 1,S2P,1,1353,
846.964,,Spot,2,Image 1,S2P,1,1354,
2562.09,,Spot,2,Image 1,S2P,1,1355,
8376.78,,Spot,2,Image 1,S2P,1,1356,
450.588,,Spot,2,Image 1,S2P,1,1357,
1391.48,,Spot,2,Image 1,S2P,1,1358,
2331.7,,Spot,2,Image 1,S2P,1,1359,
1841.9,,Spot,2,Image 1,S2P,1,1360,
1213.21,,Spot,2,Image 1,S2P,1,1361,
192.026,,Spot,2,Image 1,S2P,1,1362,
911.569,,Spot,2,Image 1,S2P,1,1363,
9953.42,,Spot,2,Image 1,S2P,1,1364,
782.858,,Spot,2,Image 1,S2P,1,1365,
2837.94,,Spot,2,Image 1,S2P,1,1366,
170.46,,Spot,2,Image 1,S2P,1,1367,
232.514,,Spot,2,Image 1,S2P,1,1368,
521.603,,Spot,2,Image 1,S2P,1,1369,
3563.14,,Spot,2,Image 1,S2P,1,1370,
592.97,,Spot,2,Image 1,S2P,1,1371,
322.161,,Spot,2,Image 1,S2P,1,1372,
231.188,,Spot,2,Image 1,S2P,1,1373,
281.573,,Spot,2,Image 1,S2P,1,1374,
7510.89,,Spot,2,Image 1,S2P,1,1375,
1793.45,,Spot,2,Image 1,S2P,1,1376,
470.547,,Spot,2,Image 1,S2P,1,1377,
526.165,,Spot,2,Image 1,S2P,1,1378,
5546.52,,Spot,2,Image 1,S2P,1,1379,
1720.66,,Spot,2,Image 1,S2P,1,1380,
5642.26,,Spot,2,Image 1,S2P,1,1381,
4770.49,,Spot,2,Image 1,S2P,1,1382,
550.933,,Spot,2,Image 1,S2P,1,1383,
749.449,,Spot,2,Image 1,S2P,1,1384,
2289.28,,Spot,2,Image 1,S2P,1,1385,
255.155,,Spot,2,Image 1,S2P,1,1386,
594.028,,Spot,2,Image 1,S2P,1,1387,
881.241,,Spot,2,Image 1,S2P,1,1388,
4744.86,,Spot,2,Image 1,S2P,1,1389,
6686.05,,Spot,2,Image 1,S2P,1,1390,
1685.93,,Spot,2,Image 1,S2P,1,1391,
326.12,,Spot,2,Image 1,S2P,1,1392,
400.016,,Spot,2,Image 1,S2P,1,1393,
77.597,,Spot,2,Image 1,S2P,1,1394,
1219.43,,Spot,2,Image 1,S2P,1,1395,
163.399,,Spot,2,Image 1,S2P,1,1396,
262.201,,Spot,2,Image 1,S2P,1,1397,
116.109,,Spot,2,Image 1,S2P,1,1398,
3943.64,,Spot,2,Image 1,S2P,1,1399,
149.574,,Spot,2,Image 1,S2P,1,1400,
947.58,,Spot,2,Image 1,S2P,1,1401,
520.021,,Spot,2,Image 1,S2P,1,1402,
738.312,,Spot,2,Image 1,S2P,1,1403,
1857.52,,Spot,2,Image 1,S2P,1,1404,
581.354,,Spot,2,Image 1,S2P,1,1405,
459.442,,Spot,2,Image 1,S2P,1,1406,
1046.23,,Spot,2,Image 1,S2P,1,1407,
1923.39,,Spot,2,Image 1,S2P,1,1408,
5130.68,,Spot,2,Image 1,S2P,1,1409,
11756.2,,Spot,2,Image 1,S2P,1,1410,
1337.18,,Spot,2,Image 1,S2P,1,1411,
7167.27,,Spot,2,Image 1,S2P,1,1412,
1455.11,,Spot,2,Image 1,S2P,1,1413,
1648.19,,Spot,2,Image 1,S2P,1,1414,
273.777,,Spot,2,Image 1,S2P,1,1415,
660.771,,Spot,2,Image 1,S2P,1,1416,
849.037,,Spot,2,Image 1,S2P,1,1417,
124.534,,Spot,2,Image 1,S2P,1,1418,
455.962,,Spot,2,Image 1,S2P,1,1419,
9466.72,,Spot,2,Image 1,S2P,1,1420,
215.412,,Spot,2,Image 1,S2P,1,1421,
74.0199,,Spot,2,Image 1,S2P,1,1422,
357.759,,Spot,2,Image 1,S2P,1,1423,
1136.02,,Spot,2,Image 1,S2P,1,1424,
5631.52,,Spot,2,Image 1,S2P,1,1425,
323.748,,Spot,2,Image 1,S2P,1,1426,
338.135,,Spot,2,Image 1,S2P,1,1427,
719.39,,Spot,2,Image 1,S2P,1,1428,
778.407,,Spot,2,Image 1,S2P,1,1429,
126.585,,Spot,2,Image 1,S2P,1,1430,
2102.61,,Spot,2,Image 1,S2P,1,1431,
1141.83,,Spot,2,Image 1,S2P,1,1432,
4581.75,,Spot,2,Image 1,S2P,1,1433,
441.434,,Spot,2,Image 1,S2P,1,1434,
2526.77,,Spot,2,Image 1,S2P,1,1435,
2055.46,,Spot,2,Image 1,S2P,1,1436,
3152.94,,Spot,2,Image 1,S2P,1,1437,
4256.92,,Spot,2,Image 1,S2P,1,1438,
1548.88,,Spot,2,Image 1,S2P,1,1439,
4141.42,,Spot,2,Image 1,S2P,1,1440,
5044.78,,Spot,2,Image 1,S2P,1,1441,
156.197,,Spot,2,Image 1,S2P,1,1442,
327.621,,Spot,2,Image 1,S2P,1,1443,
13.6691,,Spot,2,Image 1,S2P,1,1444,
418.617,,Spot,2,Image 1,S2P,1,1445,
180.56,,Spot,2,Image 1,S2P,1,1446,
752.228,,Spot,2,Image 1,S2P,1,1447,
228.454,,Spot,2,Image 1,S2P,1,1448,
2271.22,,Spot,2,Image 1,S2P,1,1449,
1167.39,,Spot,2,Image 1,S2P,1,1450,
756.57,,Spot,2,Image 1,S2P,1,1451,
356.78,,Spot,2,Image 1,S2P,1,1452,
782.608,,Spot,2,Image 1,S2P,1,1453,
766.13,,Spot,2,Image 1,S2P,1,1454,
1736.15,,Spot,2,Image 1,S2P,1,1455,
492.145,,Spot,2,Image 1,S2P,1,1456,
431.402,,Spot,2,Image 1,S2P,1,1457,
2323.82,,Spot,2,Image 1,S2P,1,1458,
1653.66,,Spot,2,Image 1,S2P,1,1459,
13074.2,,Spot,2,Image 1,S2P,1,1460,
4499.23,,Spot,2,Image 1,S2P,1,1461,
1094.45,,Spot,2,Image 1,S2P,1,1462,
443.217,,Spot,2,Image 1,S2P,1,1463,
2689.72,,Spot,2,Image 1,S2P,1,1464,
1042.45,,Spot,2,Image 1,S2P,1,1465,
2218.21,,Spot,2,Image 1,S2P,1,1466,
353.65,,Spot,2,Image 1,S2P,1,1467,
3185.14,,Spot,2,Image 1,S2P,1,1468,
1521.02,,Spot,2,Image 1,S2P,1,1469,
3077.4,,Spot,2,Image 1,S2P,1,1470,
1200.3,,Spot,2,Image 1,S2P,1,1471,
395.193,,Spot,2,Image 1,S2P,1,1472,
346.345,,Spot,2,Image 1,S2P,1,1473,
368.631,,Spot,2,Image 1,S2P,1,1474,
127.593,,Spot,2,Image 1,S2P,1,1475,
325.037,,Spot,2,Image 1,S2P,1,1476,
3051.98,,Spot,2,Image 1,S2P,1,1477,
1215.29,,Spot,2,Image 1,S2P,1,1478,
114.487,,Spot,2,Image 1,S2P,1,1479,
275.69,,Spot,2,Image 1,S2P,1,1480,
205.125,,Spot,2,Image 1,S2P,1,1481,
3072.45,,Spot,2,Image 1,S2P,1,1482,
823.547,,Spot,2,Image 1,S2P,1,1483,
2609.96,,Spot,2,Image 1,S2P,1,1484,
928.514,,Spot,2,Image 1,S2P,1,1485,
1580.06,,Spot,2,Image 1,S2P,1,1486,
1005.11,,Spot,2,Image 1,S2P,1,1487,
320.214,,Spot,2,Image 1,S2P,1,1488,
601.117,,Spot,2,Image 1,S2P,1,1489,
1888.42,,Spot,2,Image 1,S2P,1,1490,
2072.72,,Spot,2,Image 1,S2P,1,1491,
1706.82,,Spot,2,Image 1,S2P,1,1492,
1749.15,,Spot,2,Image 1,S2P,1,1493,
2441.88,,Spot,2,Image 1,S2P,1,1494,
3051.11,,Spot,2,Image 1,S2P,1,1495,
1369.26,,Spot,2,Image 1,S2P,1,1496,
3880.59,,Spot,2,Image 1,S2P,1,1497,
1262.08,,Spot,2,Image 1,S2P,1,1498,
14963.8,,Spot,2,Image 1,S2P,1,1499,
39407.7,,Spot,2,Image 1,S2P,1,1500,
1597.61,,Spot,2,Image 1,S2P,1,1501,
3464.88,,Spot,2,Image 1,S2P,1,1502,
593.275,,Spot,2,Image 1,S2P,1,1503,
868.197,,Spot,2,Image 1,S2P,1,1504,
278.032,,Spot,2,Image 1,S2P,1,1505,
693.349,,Spot,2,Image 1,S2P,1,1506,
8808.24,,Spot,2,Image 1,S2P,1,1507,
1183.06,,Spot,2,Image 1,S2P,1,1508,
3431.78,,Spot,2,Image 1,S2P,1,1509,
1770.58,,Spot,2,Image 1,S2P,1,1510,
311.866,,Spot,2,Image 1,S2P,1,1511,
1347.16,,Spot,2,Image 1,S2P,1,1512,
1921.26,,Spot,2,Image 1,S2P,1,1513,
3386.59,,Spot,2,Image 1,S2P,1,1514,
331.432,,Spot,2,Image 1,S2P,1,1515,
1699.85,,Spot,2,Image 1,S2P,1,1516,
121.253,,Spot,2,Image 1,S2P,1,1517,
543.857,,Spot,2,Image 1,S2P,1,1518,
826.313,,Spot,2,Image 1,S2P,1,1519,
3076.7,,Spot,2,Image 1,S2P,1,1520,
5815.31,,Spot,2,Image 1,S2P,1,1521,
590.827,,Spot,2,Image 1,S2P,1,1522,
5624.73,,Spot,2,Image 1,S2P,1,1523,
282.366,,Spot,2,Image 1,S2P,1,1524,
34.3911,,Spot,2,Image 1,S2P,1,1525,
458.891,,Spot,2,Image 1,S2P,1,1526,
346.299,,Spot,2,Image 1,S2P,1,1527,
1850.01,,Spot,2,Image 1,S2P,1,1528,
401.485,,Spot,2,Image 1,S2P,1,1529,
201.241,,Spot,2,Image 1,S2P,1,1530,
473.795,,Spot,2,Image 1,S2P,1,1531,
311.307,,Spot,2,Image 1,S2P,1,1532,
399.827,,Spot,2,Image 1,S2P,1,1533,
2546.16,,Spot,2,Image 1,S2P,1,1534,
2109.4,,Spot,2,Image 1,S2P,1,1535,
3715.19,,Spot,2,Image 1,S2P,1,1536,
444.45,,Spot,2,Image 1,S2P,1,1537,
1816.51,,Spot,2,Image 1,S2P,1,1538,
1469.02,,Spot,2,Image 1,S2P,1,1539,
1272.46,,Spot,2,Image 1,S2P,1,1540,
126.344,,Spot,2,Image 1,S2P,1,1541,
5738.61,,Spot,2,Image 1,S2P,1,1542,
962.721,,Spot,2,Image 1,S2P,1,1543,
1846,,Spot,2,Image 1,S2P,1,1544,
5976.76,,Spot,2,Image 1,S2P,1,1545,
1920.9,,Spot,2,Image 1,S2P,1,1546,
1302.84,,Spot,2,Image 1,S2P,1,1547,
331.688,,Spot,2,Image 1,S2P,1,1548,
2709.64,,Spot,2,Image 1,S2P,1,1549,
2330.53,,Spot,2,Image 1,S2P,1,1550,
46.9913,,Spot,2,Image 1,S2P,1,1551,
184.106,,Spot,2,Image 1,S2P,1,1552,
356.907,,Spot,2,Image 1,S2P,1,1553,
584.232,,Spot,2,Image 1,S2P,1,1554,
311.37,,Spot,2,Image 1,S2P,1,1555,
151.45,,Spot,2,Image 1,S2P,1,1556,
631.039,,Spot,2,Image 1,S2P,1,1557,
1219.51,,Spot,2,Image 1,S2P,1,1558,
1398.01,,Spot,2,Image 1,S2P,1,1559,
1098.87,,Spot,2,Image 1,S2P,1,1560,
1071.71,,Spot,2,Image 1,S2P,1,1561,
8166.58,,Spot,2,Image 1,S2P,1,1562,
1958.17,,Spot,2,Image 1,S2P,1,1563,
623.612,,Spot,2,Image 1,S2P,1,1564,
212.888,,Spot,2,Image 1,S2P,1,1565,
451.639,,Spot,2,Image 1,S2P,1,1566,
5623.42,,Spot,2,Image 1,S2P,1,1567,
7717.43,,Spot,2,Image 1,S2P,1,1568,
5967.41,,Spot,2,Image 1,S2P,1,1569,
3542.58,,Spot,2,Image 1,S2P,1,1570,
1356.82,,Spot,2,Image 1,S2P,1,1571,
278.614,,Spot,2,Image 1,S2P,1,1572,
5241.31,,Spot,2,Image 1,S2P,1,1573,
662.965,,Spot,2,Image 1,S2P,1,1574,
667.199,,Spot,2,Image 1,S2P,1,1575,
121.948,,Spot,2,Image 1,S2P,1,1576,
569.548,,Spot,2,Image 1,S2P,1,1577,
321.088,,Spot,2,Image 1,S2P,1,1578,
1097.63,,Spot,2,Image 1,S2P,1,1579,
1303.81,,Spot,2,Image 1,S2P,1,1580,
2315.65,,Spot,2,Image 1,S2P,1,1581,
890.969,,Spot,2,Image 1,S2P,1,1582,
729.125,,Spot,2,Image 1,S2P,1,1583,
403.498,,Spot,2,Image 1,S2P,1,1584,
1138.07,,Spot,2,Image 1,S2P,1,1585,
205.51,,Spot,2,Image 1,S2P,1,1586,
483.109,,Spot,2,Image 1,S2P,1,1587,
2983.68,,Spot,2,Image 1,S2P,1,1588,
3428.85,,Spot,2,Image 1,S2P,1,1589,
672.974,,Spot,2,Image 1,S2P,1,1590,
543.542,,Spot,2,Image 1,S2P,1,1591,
1222.59,,Spot,2,Image 1,S2P,1,1592,
2988.95,,Spot,2,Image 1,S2P,1,1593,
932.827,,Spot,2,Image 1,S2P,1,1594,
1333.05,,Spot,2,Image 1,S2P,1,1595,
227.896,,Spot,2,Image 1,S2P,1,1596,
104.152,,Spot,2,Image 1,S2P,1,1597,
117.978,,Spot,2,Image 1,S2P,1,1598,
978.72,,Spot,2,Image 1,S2P,1,1599,
205.655,,Spot,2,Image 1,S2P,1,1600,
957.849,,Spot,2,Image 1,S2P,1,1601,
589.627,,Spot,2,Image 1,S2P,1,1602,
1305.15,,Spot,2,Image 1,S2P,1,1603,
580.698,,Spot,2,Image 1,S2P,1,1604,
410.975,,Spot,2,Image 1,S2P,1,1605,
1068.94,,Spot,2,Image 1,S2P,1,1606,
1096.12,,Spot,2,Image 1,S2P,1,1607,
801.275,,Spot,2,Image 1,S2P,1,1608,
1318.72,,Spot,2,Image 1,S2P,1,1609,
1368.13,,Spot,2,Image 1,S2P,1,1610,
76.533,,Spot,2,Image 1,S2P,1,1611,
187.066,,Spot,2,Image 1,S2P,1,1612,
519.758,,Spot,2,Image 1,S2P,1,1613,
1717.93,,Spot,2,Image 1,S2P,1,1614,
2787.53,,Spot,2,Image 1,S2P,1,1615,
783.821,,Spot,2,Image 1,S2P,1,1616,
711.679,,Spot,2,Image 1,S2P,1,1617,
69.6926,,Spot,2,Image 1,S2P,1,1618,
966.29,,Spot,2,Image 1,S2P,1,1619,
124.714,,Spot,2,Image 1,S2P,1,1620,
529.037,,Spot,2,Image 1,S2P,1,1621,
2314.7,,Spot,2,Image 1,S2P,1,1622,
304.523,,Spot,2,Image 1,S2P,1,1623,
845.354,,Spot,2,Image 1,S2P,1,1624,
325.762,,Spot,2,Image 1,S2P,1,1625,
512.22,,Spot,2,Image 1,S2P,1,1626,
448.038,,Spot,2,Image 1,S2P,1,1627,
447.721,,Spot,2,Image 1,S2P,1,1628,
1117.47,,Spot,2,Image 1,S2P,1,1629,
1220.59,,Spot,2,Image 1,S2P,1,1630,
1381.91,,Spot,2,Image 1,S2P,1,1631,
1850.48,,Spot,2,Image 1,S2P,1,1632,
2683.79,,Spot,2,Image 1,S2P,1,1633,
896.857,,Spot,2,Image 1,S2P,1,1634,
676.542,,Spot,2,Image 1,S2P,1,1635,
1055.25,,Spot,2,Image 1,S2P,1,1636,
4017.62,,Spot,2,Image 1,S2P,1,1637,
1167.09,,Spot,2,Image 1,S2P,1,1638,
1599.14,,Spot,2,Image 1,S2P,1,1639,
525.7,,Spot,2,Image 1,S2P,1,1640,
753.1,,Spot,2,Image 1,S2P,1,1641,
1493.92,,Spot,2,Image 1,S2P,1,1642,
390.255,,Spot,2,Image 1,S2P,1,1643,
1545.68,,Spot,2,Image 1,S2P,1,1644,
3961.74,,Spot,2,Image 1,S2P,1,1645,
9695.43,,Spot,2,Image 1,S2P,1,1646,
3104.35,,Spot,2,Image 1,S2P,1,1647,
3250.01,,Spot,2,Image 1,S2P,1,1648,
1163.44,,Spot,2,Image 1,S2P,1,1649,
438.825,,Spot,2,Image 1,S2P,1,1650,
9276.49,,Spot,2,Image 1,S2P,1,1651,
5813.65,,Spot,2,Image 1,S2P,1,1652,
297.368,,Spot,2,Image 1,S2P,1,1653,
105.424,,Spot,2,Image 1,S2P,1,1654,
143.628,,Spot,2,Image 1,S2P,1,1655,
6074.87,,Spot,2,Image 1,S2P,1,1656,
359.006,,Spot,2,Image 1,S2P,1,1657,
230.142,,Spot,2,Image 1,S2P,1,1658,
1161.09,,Spot,2,Image 1,S2P,1,1659,
2510.78,,Spot,2,Image 1,S2P,1,1660,
1400.92,,Spot,2,Image 1,S2P,1,1661,
221.35,,Spot,2,Image 1,S2P,1,1662,
507.436,,Spot,2,Image 1,S2P,1,1663,
325.9,,Spot,2,Image 1,S2P,1,1664,
4328.6,,Spot,2,Image 1,S2P,1,1665,
316.705,,Spot,2,Image 1,S2P,1,1666,
2178.9,,Spot,2,Image 1,S2P,1,1667,
581.414,,Spot,2,Image 1,S2P,1,1668,
6853.08,,Spot,2,Image 1,S2P,1,1669,
194.198,,Spot,2,Image 1,S2P,1,1670,
3986.61,,Spot,2,Image 1,S2P,1,1671,
4642.32,,Spot,2,Image 1,S2P,1,1672,
739.17,,Spot,2,Image 1,S2P,1,1673,
1314.1,,Spot,2,Image 1,S2P,1,1674,
651.257,,Spot,2,Image 1,S2P,1,1675,
5342.54,,Spot,2,Image 1,S2P,1,1676,
5340.68,,Spot,2,Image 1,S2P,1,1677,
742.66,,Spot,2,Image 1,S2P,1,1678,
2704.8,,Spot,2,Image 1,S2P,1,1679,
3212.43,,Spot,2,Image 1,S2P,1,1680,
2189.61,,Spot,2,Image 1,S2P,1,1681,
462.037,,Spot,2,Image 1,S2P,1,1682,
2313.61,,Spot,2,Image 1,S2P,1,1683,
1272.05,,Spot,2,Image 1,S2P,1,1684,
2070.72,,Spot,2,Image 1,S2P,1,1685,
870.009,,Spot,2,Image 1,S2P,1,1686,
3563.87,,Spot,2,Image 1,S2P,1,1687,
386.622,,Spot,2,Image 1,S2P,1,1688,
3282.96,,Spot,2,Image 1,S2P,1,1689,
1562.29,,Spot,2,Image 1,S2P,1,1690,
1504.67,,Spot,2,Image 1,S2P,1,1691,
2411.17,,Spot,2,Image 1,S2P,1,1692,
4503.77,,Spot,2,Image 1,S2P,1,1693,
3823.58,,Spot,2,Image 1,S2P,1,1694,
48.535,,Spot,2,Image 1,S2P,1,1695,
802.667,,Spot,2,Image 1,S2P,1,1696,
385.967,,Spot,2,Image 1,S2P,1,1697,
4043.27,,Spot,2,Image 1,S2P,1,1698,
1152.18,,Spot,2,Image 1,S2P,1,1699,
7278.66,,Spot,2,Image 1,S2P,1,1700,
574.193,,Spot,2,Image 1,S2P,1,1701,
249.424,,Spot,2,Image 1,S2P,1,1702,
226.067,,Spot,2,Image 1,S2P,1,1703,
634.512,,Spot,2,Image 1,S2P,1,1704,
2492.18,,Spot,2,Image 1,S2P,1,1705,
1171.79,,Spot,2,Image 1,S2P,1,1706,
1576.32,,Spot,2,Image 1,S2P,1,1707,
2004.76,,Spot,2,Image 1,S2P,1,1708,
785.474,,Spot,2,Image 1,S2P,1,1709,
2375.68,,Spot,2,Image 1,S2P,1,1710,
2851.43,,Spot,2,Image 1,S2P,1,1711,
1500.18,,Spot,2,Image 1,S2P,1,1712,
1679.44,,Spot,2,Image 1,S2P,1,1713,
1279.36,,Spot,2,Image 1,S2P,1,1714,
1568.58,,Spot,2,Image 1,S2P,1,1715,
1545.23,,Spot,2,Image 1,S2P,1,1716,
591.303,,Spot,2,Image 1,S2P,1,1717,
724.373,,Spot,2,Image 1,S2P,1,1718,
2248.9,,Spot,2,Image 1,S2P,1,1719,
2439.22,,Spot,2,Image 1,S2P,1,1720,
561.271,,Spot,2,Image 1,S2P,1,1721,
5856.2,,Spot,2,Image 1,S2P,1,1722,
1202.79,,Spot,2,Image 1,S2P,1,1723,
222.739,,Spot,2,Image 1,S2P,1,1724,
1414.1,,Spot,2,Image 1,S2P,1,1725,
1385.02,,Spot,2,Image 1,S2P,1,1726,
2767.94,,Spot,2,Image 1,S2P,1,1727,
260.347,,Spot,2,Image 1,S2P,1,1728,
322.32,,Spot,2,Image 1,S2P,1,1729,
1180.42,,Spot,2,Image 1,S2P,1,1730,
1602.43,,Spot,2,Image 1,S2P,1,1731,
435.609,,Spot,2,Image 1,S2P,1,1732,
1465.38,,Spot,2,Image 1,S2P,1,1733,
306.857,,Spot,2,Image 1,S2P,1,1734,
1087.32,,Spot,2,Image 1,S2P,1,1735,
775.297,,Spot,2,Image 1,S2P,1,1736,
1956.72,,Spot,2,Image 1,S2P,1,1737,
580.032,,Spot,2,Image 1,S2P,1,1738,
2309.47,,Spot,2,Image 1,S2P,1,1739,
1956.5,,Spot,2,Image 1,S2P,1,1740,
623.636,,Spot,2,Image 1,S2P,1,1741,
828.946,,Spot,2,Image 1,S2P,1,1742,
1261.86,,Spot,2,Image 1,S2P,1,1743,
3416.8,,Spot,2,Image 1,S2P,1,1744,
194.457,,Spot,2,Image 1,S2P,1,1745,
7882.17,,Spot,2,Image 1,S2P,1,1746,
2542.79,,Spot,2,Image 1,S2P,1,1747,
795.145,,Spot,2,Image 1,S2P,1,1748,
651.815,,Spot,2,Image 1,S2P,1,1749,
4268.68,,Spot,2,Image 1,S2P,1,1750,
800.792,,Spot,2,Image 1,S2P,1,1751,
1844.66,,Spot,2,Image 1,S2P,1,1752,
1447.02,,Spot,2,Image 1,S2P,1,1753,
123.651,,Spot,2,Image 1,S2P,1,1754,
125.241,,Spot,2,Image 1,S2P,1,1755,
217.236,,Spot,2,Image 1,S2P,1,1756,
398.8,,Spot,2,Image 1,S2P,1,1757,
852.552,,Spot,2,Image 1,S2P,1,1758,
4649.11,,Spot,2,Image 1,S2P,1,1759,
243.203,,Spot,2,Image 1,S2P,1,1760,
1225.3,,Spot,2,Image 1,S2P,1,1761,
759.862,,Spot,2,Image 1,S2P,1,1762,
2501.76,,Spot,2,Image 1,S2P,1,1763,
1051.84,,Spot,2,Image 1,S2P,1,1764,
7220.34,,Spot,2,Image 1,S2P,1,1765,
238.788,,Spot,2,Image 1,S2P,1,1766,
2998.79,,Spot,2,Image 1,S2P,1,1767,
490.795,,Spot,2,Image 1,S2P,1,1768,
1208.97,,Spot,2,Image 1,S2P,1,1769,
1131.64,,Spot,2,Image 1,S2P,1,1770,
1389.73,,Spot,2,Image 1,S2P,1,1771,
69.0009,,Spot,2,Image 1,S2P,1,1772,
1611.23,,Spot,2,Image 1,S2P,1,1773,
263.692,,Spot,2,Image 1,S2P,1,1774,
957.424,,Spot,2,Image 1,S2P,1,1775,
425.439,,Spot,2,Image 1,S2P,1,1776,
1085.87,,Spot,2,Image 1,S2P,1,1777,
5.42097,,Spot,2,Image 1,S2P,1,1778,
662.145,,Spot,2,Image 1,S2P,1,1779,
3354.53,,Spot,2,Image 1,S2P,1,1780,
59.1306,,Spot,2,Image 1,S2P,1,1781,
620.444,,Spot,2,Image 1,S2P,1,1782,
1846.52,,Spot,2,Image 1,S2P,1,1783,
2234.6,,Spot,2,Image 1,S2P,1,1784,
1299.88,,Spot,2,Image 1,S2P,1,1785,
450.95,,Spot,2,Image 1,S2P,1,1786,
833.214,,Spot,2,Image 1,S2P,1,1787,
565.118,,Spot,2,Image 1,S2P,1,1788,
118.66,,Spot,2,Image 1,S2P,1,1789,
395.752,,Spot,2,Image 1,S2P,1,1790,
410.832,,Spot,2,Image 1,S2P,1,1791,
1004.45,,Spot,2,Image 1,S2P,1,1792,
1165.79,,Spot,2,Image 1,S2P,1,1793,
451.946,,Spot,2,Image 1,S2P,1,1794,
462.285,,Spot,2,Image 1,S2P,1,1795,
1905.04,,Spot,2,Image 1,S2P,1,1796,
6022.69,,Spot,2,Image 1,S2P,1,1797,
3247.48,,Spot,2,Image 1,S2P,1,1798,
852.226,,Spot,2,Image 1,S2P,1,1799,
977.38,,Spot,2,Image 1,S2P,1,1800,
960.394,,Spot,2,Image 1,S2P,1,1801,
940.547,,Spot,2,Image 1,S2P,1,1802,
1741.37,,Spot,2,Image 1,S2P,1,1803,
164.749,,Spot,2,Image 1,S2P,1,1804,
343.342,,Spot,2,Image 1,S2P,1,1805,
4616.84,,Spot,2,Image 1,S2P,1,1806,
403.161,,Spot,2,Image 1,S2P,1,1807,
3765.77,,Spot,2,Image 1,S2P,1,1808,
545.773,,Spot,2,Image 1,S2P,1,1809,
1065.89,,Spot,2,Image 1,S2P,1,1810,
1093.59,,Spot,2,Image 1,S2P,1,1811,
189.033,,Spot,2,Image 1,S2P,1,1812,
1447.03,,Spot,2,Image 1,S2P,1,1813,
1265.01,,Spot,2,Image 1,S2P,1,1814,
182.383,,Spot,2,Image 1,S2P,1,1815,
315.056,,Spot,2,Image 1,S2P,1,1816,
582.049,,Spot,2,Image 1,S2P,1,1817,
1880.17,,Spot,2,Image 1,S2P,1,1818,
188.498,,Spot,2,Image 1,S2P,1,1819,
2432.83,,Spot,2,Image 1,S2P,1,1820,
3078.06,,Spot,2,Image 1,S2P,1,1821,
4070.59,,Spot,2,Image 1,S2P,1,1822,
6630.16,,Spot,2,Image 1,S2P,1,1823,
986.65,,Spot,2,Image 1,S2P,1,1824,
1150.41,,Spot,2,Image 1,S2P,1,1825,
838.801,,Spot,2,Image 1,S2P,1,1826,
115.329,,Spot,2,Image 1,S2P,1,1827,
4063.9,,Spot,2,Image 1,S2P,1,1828,
769.835,,Spot,2,Image 1,S2P,1,1829,
2185.46,,Spot,2,Image 1,S2P,1,1830,
977.229,,Spot,2,Image 1,S2P,1,1831,
720.36,,Spot,2,Image 1,S2P,1,1832,
348.984,,Spot,2,Image 1,S2P,1,1833,
846.117,,Spot,2,Image 1,S2P,1,1834,
199.55,,Spot,2,Image 1,S2P,1,1835,
1789.36,,Spot,2,Image 1,S2P,1,1836,
8446.1,,Spot,2,Image 1,S2P,1,1837,
348.325,,Spot,2,Image 1,S2P,1,1838,
534.876,,Spot,2,Image 1,S2P,1,1839,
1394.54,,Spot,2,Image 1,S2P,1,1840,
364.379,,Spot,2,Image 1,S2P,1,1841,
222.252,,Spot,2,Image 1,S2P,1,1842,
1296.8,,Spot,2,Image 1,S2P,1,1843,
438.669,,Spot,2,Image 1,S2P,1,1844,
1335.13,,Spot,2,Image 1,S2P,1,1845,
2156.97,,Spot,2,Image 1,S2P,1,1846,
1403.53,,Spot,2,Image 1,S2P,1,1847,
2046.09,,Spot,2,Image 1,S2P,1,1848,
384.321,,Spot,2,Image 1,S2P,1,1849,
921.914,,Spot,2,Image 1,S2P,1,1850,
72.809,,Spot,2,Image 1,S2P,1,1851,
931.852,,Spot,2,Image 1,S2P,1,1852,
534.886,,Spot,2,Image 1,S2P,1,1853,
696.114,,Spot,2,Image 1,S2P,1,1854,
440.799,,Spot,2,Image 1,S2P,1,1855,
250.935,,Spot,2,Image 1,S2P,1,1856,
993.945,,Spot,2,Image 1,S2P,1,1857,
204.791,,Spot,2,Image 1,S2P,1,1858,
2769.02,,Spot,2,Image 1,S2P,1,1859,
1308.86,,Spot,2,Image 1,S2P,1,1860,
230.779,,Spot,2,Image 1,S2P,1,1861,
117.211,,Spot,2,Image 1,S2P,1,1862,
2470.51,,Spot,2,Image 1,S2P,1,1863,
472.297,,Spot,2,Image 1,S2P,1,1864,
948.013,,Spot,2,Image 1,S2P,1,1865,
340.565,,Spot,2,Image 1,S2P,1,1866,
356.385,,Spot,2,Image 1,S2P,1,1867,
2964.61,,Spot,2,Image 1,S2P,1,1868,
588.488,,Spot,2,Image 1,S2P,1,1869,
99.4038,,Spot,2,Image 1,S2P,1,1870,
1250.45,,Spot,2,Image 1,S2P,1,1871,
369.121,,Spot,2,Image 1,S2P,1,1872,
171.761,,Spot,2,Image 1,S2P,1,1873,
197.873,,Spot,2,Image 1,S2P,1,1874,
516.809,,Spot,2,Image 1,S2P,1,1875,
299.091,,Spot,2,Image 1,S2P,1,1876,
193.962,,Spot,2,Image 1,S2P,1,1877,
1736.96,,Spot,2,Image 1,S2P,1,1878,
312.701,,Spot,2,Image 1,S2P,1,1879,
700.72,,Spot,2,Image 1,S2P,1,1880,
313.517,,Spot,2,Image 1,S2P,1,1881,
1342.69,,Spot,2,Image 1,S2P,1,1882,
432.968,,Spot,2,Image 1,S2P,1,1883,
2071.89,,Spot,2,Image 1,S2P,1,1884,
777.435,,Spot,2,Image 1,S2P,1,1885,
227.187,,Spot,2,Image 1,S2P,1,1886,
2000.08,,Spot,2,Image 1,S2P,1,1887,
360.969,,Spot,2,Image 1,S2P,1,1888,
1281.79,,Spot,2,Image 1,S2P,1,1889,
674.855,,Spot,2,Image 1,S2P,1,1890,
789.329,,Spot,2,Image 1,S2P,1,1891,
187.398,,Spot,2,Image 1,S2P,1,1892,
1491.55,,Spot,2,Image 1,S2P,1,1893,
987.719,,Spot,2,Image 1,S2P,1,1894,
891.901,,Spot,2,Image 1,S2P,1,1895,
243.527,,Spot,2,Image 1,S2P,1,1896,
380.747,,Spot,2,Image 1,S2P,1,1897,
3239.9,,Spot,2,Image 1,S2P,1,1898,
1899.72,,Spot,2,Image 1,S2P,1,1899,
660.881,,Spot,2,Image 1,S2P,1,1900,
377.799,,Spot,2,Image 1,S2P,1,1901,
251.602,,Spot,2,Image 1,S2P,1,1902,
188.503,,Spot,2,Image 1,S2P,1,1903,
144.465,,Spot,2,Image 1,S2P,1,1904,
4174.57,,Spot,2,Image 1,S2P,1,1905,
11134.9,,Spot,2,Image 1,S2P,1,1906,
268.226,,Spot,2,Image 1,S2P,1,1907,
1422.44,,Spot,2,Image 1,S2P,1,1908,
780.382,,Spot,2,Image 1,S2P,1,1909,
1312.78,,Spot,2,Image 1,S2P,1,1910,
648.927,,Spot,2,Image 1,S2P,1,1911,
230.359,,Spot,2,Image 1,S2P,1,1912,
151.186,,Spot,2,Image 1,S2P,1,1913,
316.992,,Spot,2,Image 1,S2P,1,1914,
165.612,,Spot,2,Image 1,S2P,1,1915,
1068.34,,Spot,2,Image 1,S2P,1,1916,
152.01,,Spot,2,Image 1,S2P,1,1917,
541.174,,Spot,2,Image 1,S2P,1,1918,
2162.1,,Spot,2,Image 1,S2P,1,1919,
632.209,,Spot,2,Image 1,S2P,1,1920,
338.403,,Spot,2,Image 1,S2P,1,1921,
492.565,,Spot,2,Image 1,S2P,1,1922,
1280.8,,Spot,2,Image 1,S2P,1,1923,
263.027,,Spot,2,Image 1,S2P,1,1924,
713.473,,Spot,2,Image 1,S2P,1,1925,
692.346,,Spot,2,Image 1,S2P,1,1926,
2628.72,,Spot,2,Image 1,S2P,1,1927,
2125.17,,Spot,2,Image 1,S2P,1,1928,
137.368,,Spot,2,Image 1,S2P,1,1929,
822.623,,Spot,2,Image 1,S2P,1,1930,
2068.39,,Spot,2,Image 1,S2P,1,1931,
2390.78,,Spot,2,Image 1,S2P,1,1932,
748.3,,Spot,2,Image 1,S2P,1,1933,
1884.38,,Spot,2,Image 1,S2P,1,1934,
575.986,,Spot,2,Image 1,S2P,1,1935,
2719.81,,Spot,2,Image 1,S2P,1,1936,
1512.85,,Spot,2,Image 1,S2P,1,1937,
2114.5,,Spot,2,Image 1,S2P,1,1938,
284.004,,Spot,2,Image 1,S2P,1,1939,
384.581,,Spot,2,Image 1,S2P,1,1940,
638.007,,Spot,2,Image 1,S2P,1,1941,
1290.85,,Spot,2,Image 1,S2P,1,1942,
4410.02,,Spot,2,Image 1,S2P,1,1943,
1275.81,,Spot,2,Image 1,S2P,1,1944,
6908.35,,Spot,2,Image 1,S2P,1,1945,
1552.38,,Spot,2,Image 1,S2P,1,1946,
3868.86,,Spot,2,Image 1,S2P,1,1947,
333.182,,Spot,2,Image 1,S2P,1,1948,
1249.82,,Spot,2,Image 1,S2P,1,1949,
1618.11,,Spot,2,Image 1,S2P,1,1950,
299.231,,Spot,2,Image 1,S2P,1,1951,
324.772,,Spot,2,Image 1,S2P,1,1952,
793.655,,Spot,2,Image 1,S2P,1,1953,
1806.56,,Spot,2,Image 1,S2P,1,1954,
1723.47,,Spot,2,Image 1,S2P,1,1955,
1639.03,,Spot,2,Image 1,S2P,1,1956,
3362.32,,Spot,2,Image 1,S2P,1,1957,
673.069,,Spot,2,Image 1,S2P,1,1958,
4580.26,,Spot,2,Image 1,S2P,1,1959,
243.672,,Spot,2,Image 1,S2P,1,1960,
1293.85,,Spot,2,Image 1,S2P,1,1961,
2051.01,,Spot,2,Image 1,S2P,1,1962,
1233.05,,Spot,2,Image 1,S2P,1,1963,
5804.32,,Spot,2,Image 1,S2P,1,1964,
2384.66,,Spot,2,Image 1,S2P,1,1965,
555.066,,Spot,2,Image 1,S2P,1,1966,
274.217,,Spot,2,Image 1,S2P,1,1967,
1290.28,,Spot,2,Image 1,S2P,1,1968,
2325.61,,Spot,2,Image 1,S2P,1,1969,
598.251,,Spot,2,Image 1,S2P,1,1970,
2798.77,,Spot,2,Image 1,S2P,1,1971,
9754.17,,Spot,2,Image 1,S2P,1,1972,
459.066,,Spot,2,Image 1,S2P,1,1973,
479.607,,Spot,2,Image 1,S2P,1,1974,
2048.35,,Spot,2,Image 1,S2P,1,1975,
234.848,,Spot,2,Image 1,S2P,1,1976,
3906.15,,Spot,2,Image 1,S2P,1,1977,
1893.1,,Spot,2,Image 1,S2P,1,1978,
1184.89,,Spot,2,Image 1,S2P,1,1979,
1953.6,,Spot,2,Image 1,S2P,1,1980,
554.016,,Spot,2,Image 1,S2P,1,1981,
325.705,,Spot,2,Image 1,S2P,1,1982,
10031.3,,Spot,2,Image 1,S2P,1,1983,
1907.76,,Spot,2,Image 1,S2P,1,1984,
167.98,,Spot,2,Image 1,S2P,1,1985,
860.739,,Spot,2,Image 1,S2P,1,1986,
2701.31,,Spot,2,Image 1,S2P,1,1987,
344.786,,Spot,2,Image 1,S2P,1,1988,
720.9,,Spot,2,Image 1,S2P,1,1989,
932.311,,Spot,2,Image 1,S2P,1,1990,
3192.66,,Spot,2,Image 1,S2P,1,1991,
717.416,,Spot,2,Image 1,S2P,1,1992,
503.357,,Spot,2,Image 1,S2P,1,1993,
2481.2,,Spot,2,Image 1,S2P,1,1994,
587.089,,Spot,2,Image 1,S2P,1,1995,
338.991,,Spot,2,Image 1,S2P,1,1996,
323.516,,Spot,2,Image 1,S2P,1,1997,
676.593,,Spot,2,Image 1,S2P,1,1998,
121.999,,Spot,2,Image 1,S2P,1,1999,
44.3349,,Spot,2,Image 1,S2P,1,2000,
237.698,,Spot,2,Image 1,S2P,1,2001,
201.763,,Spot,2,Image 1,S2P,1,2002,
301.942,,Spot,2,Image 1,S2P,1,2003,
507.299,,Spot,2,Image 1,S2P,1,2004,
212.012,,Spot,2,Image 1,S2P,1,2005,
937.148,,Spot,2,Image 1,S2P,1,2006,
1351.84,,Spot,2,Image 1,S2P,1,2007,
1762.93,,Spot,2,Image 1,S2P,1,2008,
657.5,,Spot,2,Image 1,S2P,1,2009,
1065.39,,Spot,2,Image 1,S2P,1,2010,
4252.09,,Spot,2,Image 1,S2P,1,2011,
1160.6,,Spot,2,Image 1,S2P,1,2012,
2085.81,,Spot,2,Image 1,S2P,1,2013,
1205.76,,Spot,2,Image 1,S2P,1,2014,
338.529,,Spot,2,Image 1,S2P,1,2015,
8189.71,,Spot,2,Image 1,S2P,1,2016,
5312.04,,Spot,2,Image 1,S2P,1,2017,
928.359,,Spot,2,Image 1,S2P,1,2018,
762.421,,Spot,2,Image 1,S2P,1,2019,
1353.29,,Spot,2,Image 1,S2P,1,2020,
1486.81,,Spot,2,Image 1,S2P,1,2021,
283.386,,Spot,2,Image 1,S2P,1,2022,
610.909,,Spot,2,Image 1,S2P,1,2023,
423.322,,Spot,2,Image 1,S2P,1,2024,
1823.32,,Spot,2,Image 1,S2P,1,2025,
121.036,,Spot,2,Image 1,S2P,1,2026,
380.597,,Spot,2,Image 1,S2P,1,2027,
5402.09,,Spot,2,Image 1,S2P,1,2028,
877.336,,Spot,2,Image 1,S2P,1,2029,
1665.02,,Spot,2,Image 1,S2P,1,2030,
2044.07,,Spot,2,Image 1,S2P,1,2031,
428.132,,Spot,2,Image 1,S2P,1,2032,
534.504,,Spot,2,Image 1,S2P,1,2033,
3859.19,,Spot,2,Image 1,S2P,1,2034,
1290.8,,Spot,2,Image 1,S2P,1,2035,
2433.93,,Spot,2,Image 1,S2P,1,2036,
542.25,,Spot,2,Image 1,S2P,1,2037,
6006.6,,Spot,2,Image 1,S2P,1,2038,
800.778,,Spot,2,Image 1,S2P,1,2039,
1246.47,,Spot,2,Image 1,S2P,1,2040,
557.392,,Spot,2,Image 1,S2P,1,2041,
654.673,,Spot,2,Image 1,S2P,1,2042,
1286.3,,Spot,2,Image 1,S2P,1,2043,
661.24,,Spot,2,Image 1,S2P,1,2044,
898.076,,Spot,2,Image 1,S2P,1,2045,
34.3796,,Spot,2,Image 1,S2P,1,2046,
147.486,,Spot,2,Image 1,S2P,1,2047,
261.641,,Spot,2,Image 1,S2P,1,2048,
1605.25,,Spot,2,Image 1,S2P,1,2049,
487.041,,Spot,2,Image 1,S2P,1,2050,
1662.61,,Spot,2,Image 1,S2P,1,2051,
749.533,,Spot,2,Image 1,S2P,1,2052,
479.588,,Spot,2,Image 1,S2P,1,2053,
345.866,,Spot,2,Image 1,S2P,1,2054,
77.785,,Spot,2,Image 1,S2P,1,2055,
145.893,,Spot,2,Image 1,S2P,1,2056,
297.945,,Spot,2,Image 1,S2P,1,2057,
2755.16,,Spot,2,Image 1,S2P,1,2058,
374.62,,Spot,2,Image 1,S2P,1,2059,
1073.11,,Spot,2,Image 1,S2P,1,2060,
888.461,,Spot,2,Image 1,S2P,1,2061,
1349.16,,Spot,2,Image 1,S2P,1,2062,
3063.32,,Spot,2,Image 1,S2P,1,2063,
210.348,,Spot,2,Image 1,S2P,1,2064,
3820.51,,Spot,2,Image 1,S2P,1,2065,
2696.79,,Spot,2,Image 1,S2P,1,2066,
129.748,,Spot,2,Image 1,S2P,1,2067,
836.86,,Spot,2,Image 1,S2P,1,2068,
428.104,,Spot,2,Image 1,S2P,1,2069,
4543.47,,Spot,2,Image 1,S2P,1,2070,
2936.37,,Spot,2,Image 1,S2P,1,2071,
527.491,,Spot,2,Image 1,S2P,1,2072,
6361.43,,Spot,2,Image 1,S2P,1,2073,
115.92,,Spot,2,Image 1,S2P,1,2074,
1620.17,,Spot,2,Image 1,S2P,1,2075,
293.345,,Spot,2,Image 1,S2P,1,2076,
4098.42,,Spot,2,Image 1,S2P,1,2077,
2867.74,,Spot,2,Image 1,S2P,1,2078,
1372.86,,Spot,2,Image 1,S2P,1,2079,
3810.63,,Spot,2,Image 1,S2P,1,2080,
2213.87,,Spot,2,Image 1,S2P,1,2081,
3265.77,,Spot,2,Image 1,S2P,1,2082,
2505.84,,Spot,2,Image 1,S2P,1,2083,
2720.96,,Spot,2,Image 1,S2P,1,2084,
789.108,,Spot,2,Image 1,S2P,1,2085,
2663.7,,Spot,2,Image 1,S2P,1,2086,
4510.86,,Spot,2,Image 1,S2P,1,2087,
870.799,,Spot,2,Image 1,S2P,1,2088,
517.577,,Spot,2,Image 1,S2P,1,2089,
282.774,,Spot,2,Image 1,S2P,1,2090,
660.831,,Spot,2,Image 1,S2P,1,2091,
657.575,,Spot,2,Image 1,S2P,1,2092,
470.473,,Spot,2,Image 1,S2P,1,2093,
1713.82,,Spot,2,Image 1,S2P,1,2094,
364.629,,Spot,2,Image 1,S2P,1,2095,
783.911,,Spot,2,Image 1,S2P,1,2096,
9011.02,,Spot,2,Image 1,S2P,1,2097,
833.546,,Spot,2,Image 1,S2P,1,2098,
1268.68,,Spot,2,Image 1,S2P,1,2099,
267.346,,Spot,2,Image 1,S2P,1,2100,
149.404,,Spot,2,Image 1,S2P,1,2101,
1130.61,,Spot,2,Image 1,S2P,1,2102,
634.622,,Spot,2,Image 1,S2P,1,2103,
737.785,,Spot,2,Image 1,S2P,1,2104,
962.111,,Spot,2,Image 1,S2P,1,2105,
61.1521,,Spot,2,Image 1,S2P,1,2106,
4361.28,,Spot,2,Image 1,S2P,1,2107,
503.808,,Spot,2,Image 1,S2P,1,2108,
385.51,,Spot,2,Image 1,S2P,1,2109,
1150.65,,Spot,2,Image 1,S2P,1,2110,
1794.66,,Spot,2,Image 1,S2P,1,2111,
845.382,,Spot,2,Image 1,S2P,1,2112,
1453.96,,Spot,2,Image 1,S2P,1,2113,
1789.21,,Spot,2,Image 1,S2P,1,2114,
647.38,,Spot,2,Image 1,S2P,1,2115,
259.722,,Spot,2,Image 1,S2P,1,2116,
337.076,,Spot,2,Image 1,S2P,1,2117,
191.111,,Spot,2,Image 1,S2P,1,2118,
5507.19,,Spot,2,Image 1,S2P,1,2119,
1760.89,,Spot,2,Image 1,S2P,1,2120,
1921.26,,Spot,2,Image 1,S2P,1,2121,
2637.37,,Spot,2,Image 1,S2P,1,2122,
5074.93,,Spot,2,Image 1,S2P,1,2123,
3891.21,,Spot,2,Image 1,S2P,1,2124,
1696.53,,Spot,2,Image 1,S2P,1,2125,
95.6389,,Spot,2,Image 1,S2P,1,2126,
1336.55,,Spot,2,Image 1,S2P,1,2127,
1906.54,,Spot,2,Image 1,S2P,1,2128,
7338.99,,Spot,2,Image 1,S2P,1,2129,
3752.42,,Spot,2,Image 1,S2P,1,2130,
233.949,,Spot,2,Image 1,S2P,1,2131,
995.397,,Spot,2,Image 1,S2P,1,2132,
71.6201,,Spot,2,Image 1,S2P,1,2133,
2031.26,,Spot,2,Image 1,S2P,1,2134,
699.205,,Spot,2,Image 1,S2P,1,2135,
672.075,,Spot,2,Image 1,S2P,1,2136,
277.687,,Spot,2,Image 1,S2P,1,2137,
1578.42,,Spot,2,Image 1,S2P,1,2138,
2112.89,,Spot,2,Image 1,S2P,1,2139,
3001.1,,Spot,2,Image 1,S2P,1,2140,
2124.24,,Spot,2,Image 1,S2P,1,2141,
181.825,,Spot,2,Image 1,S2P,1,2142,
1374.62,,Spot,2,Image 1,S2P,1,2143,
1900.74,,Spot,2,Image 1,S2P,1,2144,
1720.86,,Spot,2,Image 1,S2P,1,2145,
3578.98,,Spot,2,Image 1,S2P,1,2146,
631.779,,Spot,2,Image 1,S2P,1,2147,
106.712,,Spot,2,Image 1,S2P,1,2148,
931.442,,Spot,2,Image 1,S2P,1,2149,
1478.4,,Spot,2,Image 1,S2P,1,2150,
443.182,,Spot,2,Image 1,S2P,1,2151,
7957.15,,Spot,2,Image 1,S2P,1,2152,
3738.06,,Spot,2,Image 1,S2P,1,2153,
2409.25,,Spot,2,Image 1,S2P,1,2154,
1902,,Spot,2,Image 1,S2P,1,2155,
879.374,,Spot,2,Image 1,S2P,1,2156,
593.89,,Spot,2,Image 1,S2P,1,2157,
1185.64,,Spot,2,Image 1,S2P,1,2158,
4175.48,,Spot,2,Image 1,S2P,1,2159,
235.071,,Spot,2,Image 1,S2P,1,2160,
1200.21,,Spot,2,Image 1,S2P,1,2161,
983.264,,Spot,2,Image 1,S2P,1,2162,
3212.38,,Spot,2,Image 1,S2P,1,2163,
1905.47,,Spot,2,Image 1,S2P,1,2164,
240.62,,Spot,2,Image 1,S2P,1,2165,
1005.12,,Spot,2,Image 1,S2P,1,2166,
1131.28,,Spot,2,Image 1,S2P,1,2167,
209.964,,Spot,2,Image 1,S2P,1,2168,
2328.51,,Spot,2,Image 1,S2P,1,2169,
805.875,,Spot,2,Image 1,S2P,1,2170,
429.872,,Spot,2,Image 1,S2P,1,2171,
683.915,,Spot,2,Image 1,S2P,1,2172,
199.868,,Spot,2,Image 1,S2P,1,2173,
3799.35,,Spot,2,Image 1,S2P,1,2174,
1338.36,,Spot,2,Image 1,S2P,1,2175,
2609.9,,Spot,2,Image 1,S2P,1,2176,
4574.5,,Spot,2,Image 1,S2P,1,2177,
495.532,,Spot,2,Image 1,S2P,1,2178,
166.647,,Spot,2,Image 1,S2P,1,2179,
842.899,,Spot,2,Image 1,S2P,1,2180,
133.867,,Spot,2,Image 1,S2P,1,2181,
21.1378,,Spot,2,Image 1,S2P,1,2182,
1591.75,,Spot,2,Image 1,S2P,1,2183,
24.317,,Spot,2,Image 1,S2P,1,2184,
202.478,,Spot,2,Image 1,S2P,1,2185,
328.307,,Spot,2,Image 1,S2P,1,2186,
956.746,,Spot,2,Image 1,S2P,1,2187,
331.28,,Spot,2,Image 1,S2P,1,2188,
118.936,,Spot,2,Image 1,S2P,1,2189,
29.0117,,Spot,2,Image 1,S2P,1,2190,
404.186,,Spot,2,Image 1,S2P,1,2191,
279.672,,Spot,2,Image 1,S2P,1,2192,
215.668,,Spot,2,Image 1,S2P,1,2193,
380.016,,Spot,2,Image 1,S2P,1,2194,
65.4265,,Spot,2,Image 1,S2P,1,2195,
181.473,,Spot,2,Image 1,S2P,1,2196,
529.403,,Spot,2,Image 1,S2P,1,2197,
