
Intensity Sum Ch=1 Img=1
 ==================== 
Intensity Sum,Unit,Category,Channel,Image,Surpass Object,Time,ID,
68.7719,,Spot,1,Image 1,S2P,1,0,
381.752,,Spot,1,Image 1,Nucleus center of mass,1,0,
3321.85,,Spot,1,Image 1,S2P,1,1,
477.359,,Spot,1,Image 1,S2P,1,2,
193.471,,Spot,1,Image 1,S2P,1,3,
612.459,,Spot,1,Image 1,S2P,1,4,
880.724,,Spot,1,Image 1,S2P,1,5,
62.714,,Spot,1,Image 1,S2P,1,6,
126.67,,Spot,1,Image 1,S2P,1,7,
805.961,,Spot,1,Image 1,S2P,1,8,
217.223,,Spot,1,Image 1,S2P,1,9,
3191.32,,Spot,1,Image 1,S2P,1,10,
4562.33,,Spot,1,Image 1,S2P,1,11,
773.73,,Spot,1,Image 1,S2P,1,12,
882.776,,Spot,1,Image 1,S2P,1,13,
292.925,,Spot,1,Image 1,S2P,1,14,
1108.72,,Spot,1,Image 1,S2P,1,15,
760.842,,Spot,1,Image 1,S2P,1,16,
1934.83,,Spot,1,Image 1,S2P,1,17,
1783.46,,Spot,1,Image 1,S2P,1,18,
3860.53,,Spot,1,Image 1,S2P,1,19,
1641.84,,Spot,1,Image 1,S2P,1,20,
2211.33,,Spot,1,Image 1,S2P,1,21,
946.271,,Spot,1,Image 1,S2P,1,22,
594.438,,Spot,1,Image 1,S2P,1,23,
1650.23,,Spot,1,Image 1,S2P,1,24,
822.341,,Spot,1,Image 1,S2P,1,25,
1867.39,,Spot,1,Image 1,S2P,1,26,
173.787,,Spot,1,Image 1,S2P,1,27,
881.938,,Spot,1,Image 1,S2P,1,28,
997.227,,Spot,1,Image 1,S2P,1,29,
1369.02,,Spot,1,Image 1,S2P,1,30,
450.405,,Spot,1,Image 1,S2P,1,31,
1383.97,,Spot,1,Image 1,S2P,1,32,
684.264,,Spot,1,Image 1,S2P,1,33,
6733.44,,Spot,1,Image 1,S2P,1,34,
9878.27,,Spot,1,Image 1,S2P,1,35,
51.6297,,Spot,1,Image 1,S2P,1,36,
823.974,,Spot,1,Image 1,S2P,1,37,
113.9,,Spot,1,Image 1,S2P,1,38,
2604.96,,Spot,1,Image 1,S2P,1,39,
1787.83,,Spot,1,Image 1,S2P,1,40,
2387.22,,Spot,1,Image 1,S2P,1,41,
1703.04,,Spot,1,Image 1,S2P,1,42,
1419.35,,Spot,1,Image 1,S2P,1,43,
4544.33,,Spot,1,Image 1,S2P,1,44,
1029.93,,Spot,1,Image 1,S2P,1,45,
3460.38,,Spot,1,Image 1,S2P,1,46,
6028.82,,Spot,1,Image 1,S2P,1,47,
4000.65,,Spot,1,Image 1,S2P,1,48,
10106.7,,Spot,1,Image 1,S2P,1,49,
1081.03,,Spot,1,Image 1,S2P,1,50,
1741.41,,Spot,1,Image 1,S2P,1,51,
1063.8,,Spot,1,Image 1,S2P,1,52,
608.586,,Spot,1,Image 1,S2P,1,53,
2005.31,,Spot,1,Image 1,S2P,1,54,
40.9211,,Spot,1,Image 1,S2P,1,55,
3420.43,,Spot,1,Image 1,S2P,1,56,
6018.68,,Spot,1,Image 1,S2P,1,57,
522.686,,Spot,1,Image 1,S2P,1,58,
630.753,,Spot,1,Image 1,S2P,1,59,
27.9108,,Spot,1,Image 1,S2P,1,60,
506.96,,Spot,1,Image 1,S2P,1,61,
2390.5,,Spot,1,Image 1,S2P,1,62,
724.471,,Spot,1,Image 1,S2P,1,63,
3040.35,,Spot,1,Image 1,S2P,1,64,
569.138,,Spot,1,Image 1,S2P,1,65,
2535.11,,Spot,1,Image 1,S2P,1,66,
3806.3,,Spot,1,Image 1,S2P,1,67,
2023.26,,Spot,1,Image 1,S2P,1,68,
992.756,,Spot,1,Image 1,S2P,1,69,
1104.05,,Spot,1,Image 1,S2P,1,70,
8.1805,,Spot,1,Image 1,S2P,1,71,
908.529,,Spot,1,Image 1,S2P,1,72,
105.004,,Spot,1,Image 1,S2P,1,73,
6544.44,,Spot,1,Image 1,S2P,1,74,
3379.9,,Spot,1,Image 1,S2P,1,75,
1325.87,,Spot,1,Image 1,S2P,1,76,
1743.91,,Spot,1,Image 1,S2P,1,77,
146.789,,Spot,1,Image 1,S2P,1,78,
13302.7,,Spot,1,Image 1,S2P,1,79,
362.486,,Spot,1,Image 1,S2P,1,80,
59.0007,,Spot,1,Image 1,S2P,1,81,
759.079,,Spot,1,Image 1,S2P,1,82,
1077.29,,Spot,1,Image 1,S2P,1,83,
2180.32,,Spot,1,Image 1,S2P,1,84,
2512.21,,Spot,1,Image 1,S2P,1,85,
2357.16,,Spot,1,Image 1,S2P,1,86,
5429.96,,Spot,1,Image 1,S2P,1,87,
958.391,,Spot,1,Image 1,S2P,1,88,
3180.82,,Spot,1,Image 1,S2P,1,89,
4458.95,,Spot,1,Image 1,S2P,1,90,
117.673,,Spot,1,Image 1,S2P,1,91,
2229.21,,Spot,1,Image 1,S2P,1,92,
1850.4,,Spot,1,Image 1,S2P,1,93,
2582.48,,Spot,1,Image 1,S2P,1,94,
753.109,,Spot,1,Image 1,S2P,1,95,
11301,,Spot,1,Image 1,S2P,1,96,
75.7401,,Spot,1,Image 1,S2P,1,97,
75.382,,Spot,1,Image 1,S2P,1,98,
116.822,,Spot,1,Image 1,S2P,1,99,
51.5357,,Spot,1,Image 1,S2P,1,100,
5459.66,,Spot,1,Image 1,S2P,1,101,
1740.76,,Spot,1,Image 1,S2P,1,102,
2928.33,,Spot,1,Image 1,S2P,1,103,
1379.04,,Spot,1,Image 1,S2P,1,104,
1234.1,,Spot,1,Image 1,S2P,1,105,
283.236,,Spot,1,Image 1,S2P,1,106,
3897.17,,Spot,1,Image 1,S2P,1,107,
4384.25,,Spot,1,Image 1,S2P,1,108,
2394.64,,Spot,1,Image 1,S2P,1,109,
2034.21,,Spot,1,Image 1,S2P,1,110,
2011.16,,Spot,1,Image 1,S2P,1,111,
9855.51,,Spot,1,Image 1,S2P,1,112,
4945.4,,Spot,1,Image 1,S2P,1,113,
3717.84,,Spot,1,Image 1,S2P,1,114,
950.118,,Spot,1,Image 1,S2P,1,115,
53.9546,,Spot,1,Image 1,S2P,1,116,
2661.23,,Spot,1,Image 1,S2P,1,117,
3191.23,,Spot,1,Image 1,S2P,1,118,
225.708,,Spot,1,Image 1,S2P,1,119,
400.871,,Spot,1,Image 1,S2P,1,120,
388.077,,Spot,1,Image 1,S2P,1,121,
5840.16,,Spot,1,Image 1,S2P,1,122,
2778.11,,Spot,1,Image 1,S2P,1,123,
474.969,,Spot,1,Image 1,S2P,1,124,
3437.17,,Spot,1,Image 1,S2P,1,125,
669.903,,Spot,1,Image 1,S2P,1,126,
4231.85,,Spot,1,Image 1,S2P,1,127,
2228.82,,Spot,1,Image 1,S2P,1,128,
7578.48,,Spot,1,Image 1,S2P,1,129,
915.312,,Spot,1,Image 1,S2P,1,130,
2741.49,,Spot,1,Image 1,S2P,1,131,
3120.88,,Spot,1,Image 1,S2P,1,132,
4430.42,,Spot,1,Image 1,S2P,1,133,
2390.38,,Spot,1,Image 1,S2P,1,134,
104.119,,Spot,1,Image 1,S2P,1,135,
185.219,,Spot,1,Image 1,S2P,1,136,
954.965,,Spot,1,Image 1,S2P,1,137,
629.984,,Spot,1,Image 1,S2P,1,138,
2737.11,,Spot,1,Image 1,S2P,1,139,
2091.7,,Spot,1,Image 1,S2P,1,140,
334.105,,Spot,1,Image 1,S2P,1,141,
266.551,,Spot,1,Image 1,S2P,1,142,
2785.07,,Spot,1,Image 1,S2P,1,143,
2862.48,,Spot,1,Image 1,S2P,1,144,
16082.1,,Spot,1,Image 1,S2P,1,145,
10326.9,,Spot,1,Image 1,S2P,1,146,
4811.92,,Spot,1,Image 1,S2P,1,147,
6772.36,,Spot,1,Image 1,S2P,1,148,
484.576,,Spot,1,Image 1,S2P,1,149,
4758.81,,Spot,1,Image 1,S2P,1,150,
193.167,,Spot,1,Image 1,S2P,1,151,
9244.48,,Spot,1,Image 1,S2P,1,152,
439.066,,Spot,1,Image 1,S2P,1,153,
609.028,,Spot,1,Image 1,S2P,1,154,
473.021,,Spot,1,Image 1,S2P,1,155,
1115.06,,Spot,1,Image 1,S2P,1,156,
4470.39,,Spot,1,Image 1,S2P,1,157,
2621.55,,Spot,1,Image 1,S2P,1,158,
2785.68,,Spot,1,Image 1,S2P,1,159,
923.927,,Spot,1,Image 1,S2P,1,160,
2651.65,,Spot,1,Image 1,S2P,1,161,
72.1522,,Spot,1,Image 1,S2P,1,162,
631.39,,Spot,1,Image 1,S2P,1,163,
1268.01,,Spot,1,Image 1,S2P,1,164,
4031.03,,Spot,1,Image 1,S2P,1,165,
7161.51,,Spot,1,Image 1,S2P,1,166,
7950.22,,Spot,1,Image 1,S2P,1,167,
13686.6,,Spot,1,Image 1,S2P,1,168,
215.168,,Spot,1,Image 1,S2P,1,169,
520.952,,Spot,1,Image 1,S2P,1,170,
8703.87,,Spot,1,Image 1,S2P,1,171,
47.8851,,Spot,1,Image 1,S2P,1,172,
346.344,,Spot,1,Image 1,S2P,1,173,
780.392,,Spot,1,Image 1,S2P,1,174,
834.67,,Spot,1,Image 1,S2P,1,175,
4867.07,,Spot,1,Image 1,S2P,1,176,
280.209,,Spot,1,Image 1,S2P,1,177,
245.698,,Spot,1,Image 1,S2P,1,178,
1807.97,,Spot,1,Image 1,S2P,1,179,
4225.34,,Spot,1,Image 1,S2P,1,180,
714.206,,Spot,1,Image 1,S2P,1,181,
371.138,,Spot,1,Image 1,S2P,1,182,
495.592,,Spot,1,Image 1,S2P,1,183,
2696.13,,Spot,1,Image 1,S2P,1,184,
701.088,,Spot,1,Image 1,S2P,1,185,
7608.76,,Spot,1,Image 1,S2P,1,186,
128.345,,Spot,1,Image 1,S2P,1,187,
1982.58,,Spot,1,Image 1,S2P,1,188,
325.606,,Spot,1,Image 1,S2P,1,189,
1078.39,,Spot,1,Image 1,S2P,1,190,
4535.3,,Spot,1,Image 1,S2P,1,191,
1209.03,,Spot,1,Image 1,S2P,1,192,
3345.03,,Spot,1,Image 1,S2P,1,193,
336.235,,Spot,1,Image 1,S2P,1,194,
96.0506,,Spot,1,Image 1,S2P,1,195,
1127.15,,Spot,1,Image 1,S2P,1,196,
2121.5,,Spot,1,Image 1,S2P,1,197,
9597.59,,Spot,1,Image 1,S2P,1,198,
205.058,,Spot,1,Image 1,S2P,1,199,
2437.84,,Spot,1,Image 1,S2P,1,200,
14044.9,,Spot,1,Image 1,S2P,1,201,
2470.67,,Spot,1,Image 1,S2P,1,202,
189.966,,Spot,1,Image 1,S2P,1,203,
3728.38,,Spot,1,Image 1,S2P,1,204,
2332.34,,Spot,1,Image 1,S2P,1,205,
9235.69,,Spot,1,Image 1,S2P,1,206,
917.272,,Spot,1,Image 1,S2P,1,207,
1405.26,,Spot,1,Image 1,S2P,1,208,
1651.37,,Spot,1,Image 1,S2P,1,209,
1689.98,,Spot,1,Image 1,S2P,1,210,
7127.04,,Spot,1,Image 1,S2P,1,211,
2010.19,,Spot,1,Image 1,S2P,1,212,
2956.42,,Spot,1,Image 1,S2P,1,213,
3769.13,,Spot,1,Image 1,S2P,1,214,
289.513,,Spot,1,Image 1,S2P,1,215,
6060.71,,Spot,1,Image 1,S2P,1,216,
5117.84,,Spot,1,Image 1,S2P,1,217,
1218.85,,Spot,1,Image 1,S2P,1,218,
2227.86,,Spot,1,Image 1,S2P,1,219,
3150.95,,Spot,1,Image 1,S2P,1,220,
2420.71,,Spot,1,Image 1,S2P,1,221,
3619.71,,Spot,1,Image 1,S2P,1,222,
7855.93,,Spot,1,Image 1,S2P,1,223,
281.672,,Spot,1,Image 1,S2P,1,224,
3207.52,,Spot,1,Image 1,S2P,1,225,
3312.73,,Spot,1,Image 1,S2P,1,226,
218.104,,Spot,1,Image 1,S2P,1,227,
875.357,,Spot,1,Image 1,S2P,1,228,
489.988,,Spot,1,Image 1,S2P,1,229,
97.1962,,Spot,1,Image 1,S2P,1,230,
7354.52,,Spot,1,Image 1,S2P,1,231,
10543.1,,Spot,1,Image 1,S2P,1,232,
3122.55,,Spot,1,Image 1,S2P,1,233,
2468.83,,Spot,1,Image 1,S2P,1,234,
780.202,,Spot,1,Image 1,S2P,1,235,
2059.78,,Spot,1,Image 1,S2P,1,236,
13910.8,,Spot,1,Image 1,S2P,1,237,
7.55415,,Spot,1,Image 1,S2P,1,238,
861.688,,Spot,1,Image 1,S2P,1,239,
368.903,,Spot,1,Image 1,S2P,1,240,
1038.77,,Spot,1,Image 1,S2P,1,241,
624.245,,Spot,1,Image 1,S2P,1,242,
1055.2,,Spot,1,Image 1,S2P,1,243,
2260.17,,Spot,1,Image 1,S2P,1,244,
9984.17,,Spot,1,Image 1,S2P,1,245,
1221.03,,Spot,1,Image 1,S2P,1,246,
1599.53,,Spot,1,Image 1,S2P,1,247,
5914.08,,Spot,1,Image 1,S2P,1,248,
7865.71,,Spot,1,Image 1,S2P,1,249,
7859.79,,Spot,1,Image 1,S2P,1,250,
489.272,,Spot,1,Image 1,S2P,1,251,
154.232,,Spot,1,Image 1,S2P,1,252,
130.99,,Spot,1,Image 1,S2P,1,253,
178.667,,Spot,1,Image 1,S2P,1,254,
601.293,,Spot,1,Image 1,S2P,1,255,
21.4596,,Spot,1,Image 1,S2P,1,256,
632.541,,Spot,1,Image 1,S2P,1,257,
280.543,,Spot,1,Image 1,S2P,1,258,
853.666,,Spot,1,Image 1,S2P,1,259,
750.204,,Spot,1,Image 1,S2P,1,260,
5509.57,,Spot,1,Image 1,S2P,1,261,
1269.97,,Spot,1,Image 1,S2P,1,262,
506.912,,Spot,1,Image 1,S2P,1,263,
2752.95,,Spot,1,Image 1,S2P,1,264,
3283.88,,Spot,1,Image 1,S2P,1,265,
1689.11,,Spot,1,Image 1,S2P,1,266,
4482.86,,Spot,1,Image 1,S2P,1,267,
1946.67,,Spot,1,Image 1,S2P,1,268,
638.918,,Spot,1,Image 1,S2P,1,269,
684.688,,Spot,1,Image 1,S2P,1,270,
309.981,,Spot,1,Image 1,S2P,1,271,
270.713,,Spot,1,Image 1,S2P,1,272,
194.451,,Spot,1,Image 1,S2P,1,273,
167.13,,Spot,1,Image 1,S2P,1,274,
529.331,,Spot,1,Image 1,S2P,1,275,
377.666,,Spot,1,Image 1,S2P,1,276,
833.607,,Spot,1,Image 1,S2P,1,277,
2255.05,,Spot,1,Image 1,S2P,1,278,
1274.6,,Spot,1,Image 1,S2P,1,279,
32.2974,,Spot,1,Image 1,S2P,1,280,
1865.7,,Spot,1,Image 1,S2P,1,281,
552.089,,Spot,1,Image 1,S2P,1,282,
894.018,,Spot,1,Image 1,S2P,1,283,
79.0009,,Spot,1,Image 1,S2P,1,284,
4658.32,,Spot,1,Image 1,S2P,1,285,
819.452,,Spot,1,Image 1,S2P,1,286,
288.18,,Spot,1,Image 1,S2P,1,287,
1649.56,,Spot,1,Image 1,S2P,1,288,
1590.13,,Spot,1,Image 1,S2P,1,289,
299.151,,Spot,1,Image 1,S2P,1,290,
4519.2,,Spot,1,Image 1,S2P,1,291,
1672.89,,Spot,1,Image 1,S2P,1,292,
13.4952,,Spot,1,Image 1,S2P,1,293,
1424.23,,Spot,1,Image 1,S2P,1,294,
732.254,,Spot,1,Image 1,S2P,1,295,
1335.75,,Spot,1,Image 1,S2P,1,296,
1168.99,,Spot,1,Image 1,S2P,1,297,
3743.51,,Spot,1,Image 1,S2P,1,298,
2583.16,,Spot,1,Image 1,S2P,1,299,
744.357,,Spot,1,Image 1,S2P,1,300,
4494.64,,Spot,1,Image 1,S2P,1,301,
3171.95,,Spot,1,Image 1,S2P,1,302,
4818.65,,Spot,1,Image 1,S2P,1,303,
1488.98,,Spot,1,Image 1,S2P,1,304,
450.198,,Spot,1,Image 1,S2P,1,305,
4589.86,,Spot,1,Image 1,S2P,1,306,
700.332,,Spot,1,Image 1,S2P,1,307,
856.477,,Spot,1,Image 1,S2P,1,308,
1833.15,,Spot,1,Image 1,S2P,1,309,
1990.57,,Spot,1,Image 1,S2P,1,310,
4518.83,,Spot,1,Image 1,S2P,1,311,
1313.24,,Spot,1,Image 1,S2P,1,312,
940.752,,Spot,1,Image 1,S2P,1,313,
1933.53,,Spot,1,Image 1,S2P,1,314,
1161.16,,Spot,1,Image 1,S2P,1,315,
1729.34,,Spot,1,Image 1,S2P,1,316,
1787.85,,Spot,1,Image 1,S2P,1,317,
2571.68,,Spot,1,Image 1,S2P,1,318,
613.222,,Spot,1,Image 1,S2P,1,319,
2583.76,,Spot,1,Image 1,S2P,1,320,
151.44,,Spot,1,Image 1,S2P,1,321,
36.5382,,Spot,1,Image 1,S2P,1,322,
97.033,,Spot,1,Image 1,S2P,1,323,
588.885,,Spot,1,Image 1,S2P,1,324,
571.492,,Spot,1,Image 1,S2P,1,325,
1527.96,,Spot,1,Image 1,S2P,1,326,
970.234,,Spot,1,Image 1,S2P,1,327,
309.71,,Spot,1,Image 1,S2P,1,328,
298.613,,Spot,1,Image 1,S2P,1,329,
677.071,,Spot,1,Image 1,S2P,1,330,
2773.07,,Spot,1,Image 1,S2P,1,331,
845.781,,Spot,1,Image 1,S2P,1,332,
1065.24,,Spot,1,Image 1,S2P,1,333,
86.5581,,Spot,1,Image 1,S2P,1,334,
215.596,,Spot,1,Image 1,S2P,1,335,
1121.58,,Spot,1,Image 1,S2P,1,336,
909.715,,Spot,1,Image 1,S2P,1,337,
56.8456,,Spot,1,Image 1,S2P,1,338,
313.759,,Spot,1,Image 1,S2P,1,339,
383.227,,Spot,1,Image 1,S2P,1,340,
1465.1,,Spot,1,Image 1,S2P,1,341,
1367.8,,Spot,1,Image 1,S2P,1,342,
1124.05,,Spot,1,Image 1,S2P,1,343,
5759.5,,Spot,1,Image 1,S2P,1,344,
2045.21,,Spot,1,Image 1,S2P,1,345,
3182.68,,Spot,1,Image 1,S2P,1,346,
261.66,,Spot,1,Image 1,S2P,1,347,
1134.82,,Spot,1,Image 1,S2P,1,348,
9183.58,,Spot,1,Image 1,S2P,1,349,
760.889,,Spot,1,Image 1,S2P,1,350,
13364.6,,Spot,1,Image 1,S2P,1,351,
4834.65,,Spot,1,Image 1,S2P,1,352,
1785.59,,Spot,1,Image 1,S2P,1,353,
1350.91,,Spot,1,Image 1,S2P,1,354,
563.111,,Spot,1,Image 1,S2P,1,355,
4510.43,,Spot,1,Image 1,S2P,1,356,
6653.85,,Spot,1,Image 1,S2P,1,357,
626.417,,Spot,1,Image 1,S2P,1,358,
5260.72,,Spot,1,Image 1,S2P,1,359,
144.873,,Spot,1,Image 1,S2P,1,360,
498.555,,Spot,1,Image 1,S2P,1,361,
858.35,,Spot,1,Image 1,S2P,1,362,
2742.48,,Spot,1,Image 1,S2P,1,363,
485.545,,Spot,1,Image 1,S2P,1,364,
1791.7,,Spot,1,Image 1,S2P,1,365,
923.56,,Spot,1,Image 1,S2P,1,366,
698.724,,Spot,1,Image 1,S2P,1,367,
13115.7,,Spot,1,Image 1,S2P,1,368,
6145.18,,Spot,1,Image 1,S2P,1,369,
3960.7,,Spot,1,Image 1,S2P,1,370,
2991.23,,Spot,1,Image 1,S2P,1,371,
12617.2,,Spot,1,Image 1,S2P,1,372,
522.649,,Spot,1,Image 1,S2P,1,373,
1110.35,,Spot,1,Image 1,S2P,1,374,
1427.71,,Spot,1,Image 1,S2P,1,375,
3344.19,,Spot,1,Image 1,S2P,1,376,
5597.77,,Spot,1,Image 1,S2P,1,377,
2199.73,,Spot,1,Image 1,S2P,1,378,
974.7,,Spot,1,Image 1,S2P,1,379,
245.787,,Spot,1,Image 1,S2P,1,380,
1246.06,,Spot,1,Image 1,S2P,1,381,
2576.27,,Spot,1,Image 1,S2P,1,382,
495.793,,Spot,1,Image 1,S2P,1,383,
3889.1,,Spot,1,Image 1,S2P,1,384,
21432.6,,Spot,1,Image 1,S2P,1,385,
8609.81,,Spot,1,Image 1,S2P,1,386,
2739.79,,Spot,1,Image 1,S2P,1,387,
3422.41,,Spot,1,Image 1,S2P,1,388,
2077.22,,Spot,1,Image 1,S2P,1,389,
1084.98,,Spot,1,Image 1,S2P,1,390,
210.018,,Spot,1,Image 1,S2P,1,391,
161.102,,Spot,1,Image 1,S2P,1,392,
5885.11,,Spot,1,Image 1,S2P,1,393,
1768.85,,Spot,1,Image 1,S2P,1,394,
28.6748,,Spot,1,Image 1,S2P,1,395,
2414.59,,Spot,1,Image 1,S2P,1,396,
5553.48,,Spot,1,Image 1,S2P,1,397,
893.333,,Spot,1,Image 1,S2P,1,398,
251.058,,Spot,1,Image 1,S2P,1,399,
751.128,,Spot,1,Image 1,S2P,1,400,
2176.16,,Spot,1,Image 1,S2P,1,401,
3091.06,,Spot,1,Image 1,S2P,1,402,
1436.95,,Spot,1,Image 1,S2P,1,403,
7379.51,,Spot,1,Image 1,S2P,1,404,
6305.96,,Spot,1,Image 1,S2P,1,405,
576.446,,Spot,1,Image 1,S2P,1,406,
18652.6,,Spot,1,Image 1,S2P,1,407,
598.456,,Spot,1,Image 1,S2P,1,408,
1044.42,,Spot,1,Image 1,S2P,1,409,
5030.33,,Spot,1,Image 1,S2P,1,410,
472.158,,Spot,1,Image 1,S2P,1,411,
676.368,,Spot,1,Image 1,S2P,1,412,
547.984,,Spot,1,Image 1,S2P,1,413,
3072.3,,Spot,1,Image 1,S2P,1,414,
4090.33,,Spot,1,Image 1,S2P,1,415,
8982.07,,Spot,1,Image 1,S2P,1,416,
3848.48,,Spot,1,Image 1,S2P,1,417,
519.561,,Spot,1,Image 1,S2P,1,418,
3557.36,,Spot,1,Image 1,S2P,1,419,
939.694,,Spot,1,Image 1,S2P,1,420,
2415.8,,Spot,1,Image 1,S2P,1,421,
2465.18,,Spot,1,Image 1,S2P,1,422,
157.104,,Spot,1,Image 1,S2P,1,423,
101.737,,Spot,1,Image 1,S2P,1,424,
614.555,,Spot,1,Image 1,S2P,1,425,
4508.86,,Spot,1,Image 1,S2P,1,426,
246.782,,Spot,1,Image 1,S2P,1,427,
1103.59,,Spot,1,Image 1,S2P,1,428,
1686.36,,Spot,1,Image 1,S2P,1,429,
1267.67,,Spot,1,Image 1,S2P,1,430,
3153.73,,Spot,1,Image 1,S2P,1,431,
10826.4,,Spot,1,Image 1,S2P,1,432,
20254.6,,Spot,1,Image 1,S2P,1,433,
4830.25,,Spot,1,Image 1,S2P,1,434,
1545.28,,Spot,1,Image 1,S2P,1,435,
2729.39,,Spot,1,Image 1,S2P,1,436,
1690.61,,Spot,1,Image 1,S2P,1,437,
2019.75,,Spot,1,Image 1,S2P,1,438,
1350.61,,Spot,1,Image 1,S2P,1,439,
123.194,,Spot,1,Image 1,S2P,1,440,
2289.58,,Spot,1,Image 1,S2P,1,441,
175.277,,Spot,1,Image 1,S2P,1,442,
6647.63,,Spot,1,Image 1,S2P,1,443,
2184.88,,Spot,1,Image 1,S2P,1,444,
8701.36,,Spot,1,Image 1,S2P,1,445,
198.081,,Spot,1,Image 1,S2P,1,446,
317.989,,Spot,1,Image 1,S2P,1,447,
60.5725,,Spot,1,Image 1,S2P,1,448,
1592.82,,Spot,1,Image 1,S2P,1,449,
386.875,,Spot,1,Image 1,S2P,1,450,
424.823,,Spot,1,Image 1,S2P,1,451,
149.789,,Spot,1,Image 1,S2P,1,452,
5226.66,,Spot,1,Image 1,S2P,1,453,
1164.05,,Spot,1,Image 1,S2P,1,454,
1482.03,,Spot,1,Image 1,S2P,1,455,
1258.8,,Spot,1,Image 1,S2P,1,456,
1666.68,,Spot,1,Image 1,S2P,1,457,
6931,,Spot,1,Image 1,S2P,1,458,
130.943,,Spot,1,Image 1,S2P,1,459,
3071.93,,Spot,1,Image 1,S2P,1,460,
1779.1,,Spot,1,Image 1,S2P,1,461,
7261.15,,Spot,1,Image 1,S2P,1,462,
1513.98,,Spot,1,Image 1,S2P,1,463,
1288.51,,Spot,1,Image 1,S2P,1,464,
629.306,,Spot,1,Image 1,S2P,1,465,
127.814,,Spot,1,Image 1,S2P,1,466,
517.378,,Spot,1,Image 1,S2P,1,467,
1763.23,,Spot,1,Image 1,S2P,1,468,
771.965,,Spot,1,Image 1,S2P,1,469,
595.865,,Spot,1,Image 1,S2P,1,470,
452.54,,Spot,1,Image 1,S2P,1,471,
154.163,,Spot,1,Image 1,S2P,1,472,
424.993,,Spot,1,Image 1,S2P,1,473,
1719.05,,Spot,1,Image 1,S2P,1,474,
24.2992,,Spot,1,Image 1,S2P,1,475,
749.916,,Spot,1,Image 1,S2P,1,476,
238.316,,Spot,1,Image 1,S2P,1,477,
3138.34,,Spot,1,Image 1,S2P,1,478,
536.096,,Spot,1,Image 1,S2P,1,479,
1606.72,,Spot,1,Image 1,S2P,1,480,
3197.17,,Spot,1,Image 1,S2P,1,481,
753.65,,Spot,1,Image 1,S2P,1,482,
427.55,,Spot,1,Image 1,S2P,1,483,
3180.61,,Spot,1,Image 1,S2P,1,484,
4054.94,,Spot,1,Image 1,S2P,1,485,
9111.57,,Spot,1,Image 1,S2P,1,486,
5601.15,,Spot,1,Image 1,S2P,1,487,
3560.42,,Spot,1,Image 1,S2P,1,488,
8503.37,,Spot,1,Image 1,S2P,1,489,
3034.46,,Spot,1,Image 1,S2P,1,490,
18203,,Spot,1,Image 1,S2P,1,491,
2934.54,,Spot,1,Image 1,S2P,1,492,
3852.28,,Spot,1,Image 1,S2P,1,493,
2182.76,,Spot,1,Image 1,S2P,1,494,
4997.99,,Spot,1,Image 1,S2P,1,495,
17500.4,,Spot,1,Image 1,S2P,1,496,
1297.5,,Spot,1,Image 1,S2P,1,497,
205.93,,Spot,1,Image 1,S2P,1,498,
8111.45,,Spot,1,Image 1,S2P,1,499,
511.556,,Spot,1,Image 1,S2P,1,500,
1724.25,,Spot,1,Image 1,S2P,1,501,
4636.28,,Spot,1,Image 1,S2P,1,502,
1963.37,,Spot,1,Image 1,S2P,1,503,
676.342,,Spot,1,Image 1,S2P,1,504,
1348.92,,Spot,1,Image 1,S2P,1,505,
1234.57,,Spot,1,Image 1,S2P,1,506,
5.27649,,Spot,1,Image 1,S2P,1,507,
9798.92,,Spot,1,Image 1,S2P,1,508,
7890.71,,Spot,1,Image 1,S2P,1,509,
188.479,,Spot,1,Image 1,S2P,1,510,
988.035,,Spot,1,Image 1,S2P,1,511,
1601.13,,Spot,1,Image 1,S2P,1,512,
1425.41,,Spot,1,Image 1,S2P,1,513,
4552.02,,Spot,1,Image 1,S2P,1,514,
6116.38,,Spot,1,Image 1,S2P,1,515,
1019.24,,Spot,1,Image 1,S2P,1,516,
5370.72,,Spot,1,Image 1,S2P,1,517,
2387.42,,Spot,1,Image 1,S2P,1,518,
411.439,,Spot,1,Image 1,S2P,1,519,
10761.1,,Spot,1,Image 1,S2P,1,520,
1359.73,,Spot,1,Image 1,S2P,1,521,
6465.39,,Spot,1,Image 1,S2P,1,522,
1887.57,,Spot,1,Image 1,S2P,1,523,
980.802,,Spot,1,Image 1,S2P,1,524,
1116.92,,Spot,1,Image 1,S2P,1,525,
755.921,,Spot,1,Image 1,S2P,1,526,
927.752,,Spot,1,Image 1,S2P,1,527,
1379.64,,Spot,1,Image 1,S2P,1,528,
7835.54,,Spot,1,Image 1,S2P,1,529,
11649.6,,Spot,1,Image 1,S2P,1,530,
10566.7,,Spot,1,Image 1,S2P,1,531,
1275.67,,Spot,1,Image 1,S2P,1,532,
2514.01,,Spot,1,Image 1,S2P,1,533,
8857.79,,Spot,1,Image 1,S2P,1,534,
509.996,,Spot,1,Image 1,S2P,1,535,
2333.28,,Spot,1,Image 1,S2P,1,536,
2439.53,,Spot,1,Image 1,S2P,1,537,
2756.32,,Spot,1,Image 1,S2P,1,538,
1907.34,,Spot,1,Image 1,S2P,1,539,
2529.99,,Spot,1,Image 1,S2P,1,540,
2475.3,,Spot,1,Image 1,S2P,1,541,
8067.97,,Spot,1,Image 1,S2P,1,542,
3450.36,,Spot,1,Image 1,S2P,1,543,
3697.11,,Spot,1,Image 1,S2P,1,544,
1460.63,,Spot,1,Image 1,S2P,1,545,
1080.14,,Spot,1,Image 1,S2P,1,546,
638.825,,Spot,1,Image 1,S2P,1,547,
5176.67,,Spot,1,Image 1,S2P,1,548,
2165.93,,Spot,1,Image 1,S2P,1,549,
2908.71,,Spot,1,Image 1,S2P,1,550,
1331.21,,Spot,1,Image 1,S2P,1,551,
6403.58,,Spot,1,Image 1,S2P,1,552,
2193.82,,Spot,1,Image 1,S2P,1,553,
2012.19,,Spot,1,Image 1,S2P,1,554,
1423.89,,Spot,1,Image 1,S2P,1,555,
1218.29,,Spot,1,Image 1,S2P,1,556,
1434.49,,Spot,1,Image 1,S2P,1,557,
1042.22,,Spot,1,Image 1,S2P,1,558,
776.21,,Spot,1,Image 1,S2P,1,559,
4579.8,,Spot,1,Image 1,S2P,1,560,
2317.23,,Spot,1,Image 1,S2P,1,561,
3046.26,,Spot,1,Image 1,S2P,1,562,
2429.1,,Spot,1,Image 1,S2P,1,563,
7642.76,,Spot,1,Image 1,S2P,1,564,
10785.8,,Spot,1,Image 1,S2P,1,565,
400.904,,Spot,1,Image 1,S2P,1,566,
1596.15,,Spot,1,Image 1,S2P,1,567,
2963.15,,Spot,1,Image 1,S2P,1,568,
2228.12,,Spot,1,Image 1,S2P,1,569,
5567.75,,Spot,1,Image 1,S2P,1,570,
2181.49,,Spot,1,Image 1,S2P,1,571,
1126.03,,Spot,1,Image 1,S2P,1,572,
2317.57,,Spot,1,Image 1,S2P,1,573,
1090.89,,Spot,1,Image 1,S2P,1,574,
364.529,,Spot,1,Image 1,S2P,1,575,
8000.84,,Spot,1,Image 1,S2P,1,576,
2570.35,,Spot,1,Image 1,S2P,1,577,
875.614,,Spot,1,Image 1,S2P,1,578,
265.649,,Spot,1,Image 1,S2P,1,579,
1714.49,,Spot,1,Image 1,S2P,1,580,
499.585,,Spot,1,Image 1,S2P,1,581,
1574.71,,Spot,1,Image 1,S2P,1,582,
1218.27,,Spot,1,Image 1,S2P,1,583,
1028.82,,Spot,1,Image 1,S2P,1,584,
5176.88,,Spot,1,Image 1,S2P,1,585,
830.308,,Spot,1,Image 1,S2P,1,586,
9786.92,,Spot,1,Image 1,S2P,1,587,
2145.48,,Spot,1,Image 1,S2P,1,588,
503.259,,Spot,1,Image 1,S2P,1,589,
1584.53,,Spot,1,Image 1,S2P,1,590,
2306.21,,Spot,1,Image 1,S2P,1,591,
2049.79,,Spot,1,Image 1,S2P,1,592,
23754.3,,Spot,1,Image 1,S2P,1,593,
1875.22,,Spot,1,Image 1,S2P,1,594,
2225.23,,Spot,1,Image 1,S2P,1,595,
4693.9,,Spot,1,Image 1,S2P,1,596,
2983.34,,Spot,1,Image 1,S2P,1,597,
6078.95,,Spot,1,Image 1,S2P,1,598,
1132.12,,Spot,1,Image 1,S2P,1,599,
1280.2,,Spot,1,Image 1,S2P,1,600,
2995.16,,Spot,1,Image 1,S2P,1,601,
1047.74,,Spot,1,Image 1,S2P,1,602,
1495.73,,Spot,1,Image 1,S2P,1,603,
2094.51,,Spot,1,Image 1,S2P,1,604,
2028.48,,Spot,1,Image 1,S2P,1,605,
13786,,Spot,1,Image 1,S2P,1,606,
4275.76,,Spot,1,Image 1,S2P,1,607,
1633.71,,Spot,1,Image 1,S2P,1,608,
4964.94,,Spot,1,Image 1,S2P,1,609,
2861.25,,Spot,1,Image 1,S2P,1,610,
1887.46,,Spot,1,Image 1,S2P,1,611,
4584.26,,Spot,1,Image 1,S2P,1,612,
2245.48,,Spot,1,Image 1,S2P,1,613,
881.256,,Spot,1,Image 1,S2P,1,614,
1175.63,,Spot,1,Image 1,S2P,1,615,
1140.46,,Spot,1,Image 1,S2P,1,616,
3621.49,,Spot,1,Image 1,S2P,1,617,
4899.17,,Spot,1,Image 1,S2P,1,618,
800.594,,Spot,1,Image 1,S2P,1,619,
5138.95,,Spot,1,Image 1,S2P,1,620,
952.007,,Spot,1,Image 1,S2P,1,621,
659.08,,Spot,1,Image 1,S2P,1,622,
617.87,,Spot,1,Image 1,S2P,1,623,
598.555,,Spot,1,Image 1,S2P,1,624,
2045.79,,Spot,1,Image 1,S2P,1,625,
864.141,,Spot,1,Image 1,S2P,1,626,
1575.95,,Spot,1,Image 1,S2P,1,627,
9179.42,,Spot,1,Image 1,S2P,1,628,
137.128,,Spot,1,Image 1,S2P,1,629,
776.879,,Spot,1,Image 1,S2P,1,630,
10287.3,,Spot,1,Image 1,S2P,1,631,
1094.49,,Spot,1,Image 1,S2P,1,632,
5153.06,,Spot,1,Image 1,S2P,1,633,
3421.48,,Spot,1,Image 1,S2P,1,634,
5305.75,,Spot,1,Image 1,S2P,1,635,
804.154,,Spot,1,Image 1,S2P,1,636,
6084.35,,Spot,1,Image 1,S2P,1,637,
1315.73,,Spot,1,Image 1,S2P,1,638,
3403.34,,Spot,1,Image 1,S2P,1,639,
2932.62,,Spot,1,Image 1,S2P,1,640,
3566.82,,Spot,1,Image 1,S2P,1,641,
1640.87,,Spot,1,Image 1,S2P,1,642,
874.084,,Spot,1,Image 1,S2P,1,643,
2501.01,,Spot,1,Image 1,S2P,1,644,
888.57,,Spot,1,Image 1,S2P,1,645,
2395.39,,Spot,1,Image 1,S2P,1,646,
3127.94,,Spot,1,Image 1,S2P,1,647,
2158.94,,Spot,1,Image 1,S2P,1,648,
316.793,,Spot,1,Image 1,S2P,1,649,
22071.8,,Spot,1,Image 1,S2P,1,650,
2502.3,,Spot,1,Image 1,S2P,1,651,
459.255,,Spot,1,Image 1,S2P,1,652,
8273.57,,Spot,1,Image 1,S2P,1,653,
4129.19,,Spot,1,Image 1,S2P,1,654,
2095.41,,Spot,1,Image 1,S2P,1,655,
1888.16,,Spot,1,Image 1,S2P,1,656,
3357.58,,Spot,1,Image 1,S2P,1,657,
1471.24,,Spot,1,Image 1,S2P,1,658,
4475.89,,Spot,1,Image 1,S2P,1,659,
4260.86,,Spot,1,Image 1,S2P,1,660,
360.144,,Spot,1,Image 1,S2P,1,661,
791.308,,Spot,1,Image 1,S2P,1,662,
2500.22,,Spot,1,Image 1,S2P,1,663,
2523.53,,Spot,1,Image 1,S2P,1,664,
394.517,,Spot,1,Image 1,S2P,1,665,
1043.07,,Spot,1,Image 1,S2P,1,666,
971.077,,Spot,1,Image 1,S2P,1,667,
3287.37,,Spot,1,Image 1,S2P,1,668,
3823.98,,Spot,1,Image 1,S2P,1,669,
11636,,Spot,1,Image 1,S2P,1,670,
2574.21,,Spot,1,Image 1,S2P,1,671,
253.699,,Spot,1,Image 1,S2P,1,672,
1850.81,,Spot,1,Image 1,S2P,1,673,
1727.58,,Spot,1,Image 1,S2P,1,674,
621.886,,Spot,1,Image 1,S2P,1,675,
3292.83,,Spot,1,Image 1,S2P,1,676,
3857.26,,Spot,1,Image 1,S2P,1,677,
3588.62,,Spot,1,Image 1,S2P,1,678,
1971.51,,Spot,1,Image 1,S2P,1,679,
5341.14,,Spot,1,Image 1,S2P,1,680,
1776.25,,Spot,1,Image 1,S2P,1,681,
2263.57,,Spot,1,Image 1,S2P,1,682,
241.571,,Spot,1,Image 1,S2P,1,683,
1600.35,,Spot,1,Image 1,S2P,1,684,
289.872,,Spot,1,Image 1,S2P,1,685,
878.965,,Spot,1,Image 1,S2P,1,686,
627.161,,Spot,1,Image 1,S2P,1,687,
613.036,,Spot,1,Image 1,S2P,1,688,
1723.37,,Spot,1,Image 1,S2P,1,689,
422.382,,Spot,1,Image 1,S2P,1,690,
2342.58,,Spot,1,Image 1,S2P,1,691,
1936.69,,Spot,1,Image 1,S2P,1,692,
1414.11,,Spot,1,Image 1,S2P,1,693,
1385.51,,Spot,1,Image 1,S2P,1,694,
1328.18,,Spot,1,Image 1,S2P,1,695,
493.404,,Spot,1,Image 1,S2P,1,696,
1055.2,,Spot,1,Image 1,S2P,1,697,
3315.52,,Spot,1,Image 1,S2P,1,698,
2697.78,,Spot,1,Image 1,S2P,1,699,
737.214,,Spot,1,Image 1,S2P,1,700,
1590.93,,Spot,1,Image 1,S2P,1,701,
793.337,,Spot,1,Image 1,S2P,1,702,
4721.17,,Spot,1,Image 1,S2P,1,703,
4689.72,,Spot,1,Image 1,S2P,1,704,
1028.35,,Spot,1,Image 1,S2P,1,705,
1954.76,,Spot,1,Image 1,S2P,1,706,
5250.32,,Spot,1,Image 1,S2P,1,707,
1259.08,,Spot,1,Image 1,S2P,1,708,
361.679,,Spot,1,Image 1,S2P,1,709,
2353.58,,Spot,1,Image 1,S2P,1,710,
10898.9,,Spot,1,Image 1,S2P,1,711,
3844.76,,Spot,1,Image 1,S2P,1,712,
2101.04,,Spot,1,Image 1,S2P,1,713,
1592.89,,Spot,1,Image 1,S2P,1,714,
273.568,,Spot,1,Image 1,S2P,1,715,
673.384,,Spot,1,Image 1,S2P,1,716,
401.141,,Spot,1,Image 1,S2P,1,717,
186.102,,Spot,1,Image 1,S2P,1,718,
359.416,,Spot,1,Image 1,S2P,1,719,
2441.76,,Spot,1,Image 1,S2P,1,720,
1012.44,,Spot,1,Image 1,S2P,1,721,
343.613,,Spot,1,Image 1,S2P,1,722,
1498.09,,Spot,1,Image 1,S2P,1,723,
3192.88,,Spot,1,Image 1,S2P,1,724,
1399.28,,Spot,1,Image 1,S2P,1,725,
847.21,,Spot,1,Image 1,S2P,1,726,
2228.39,,Spot,1,Image 1,S2P,1,727,
713.523,,Spot,1,Image 1,S2P,1,728,
954.151,,Spot,1,Image 1,S2P,1,729,
2674.16,,Spot,1,Image 1,S2P,1,730,
5554.45,,Spot,1,Image 1,S2P,1,731,
699.745,,Spot,1,Image 1,S2P,1,732,
3684.7,,Spot,1,Image 1,S2P,1,733,
4981.8,,Spot,1,Image 1,S2P,1,734,
1342.57,,Spot,1,Image 1,S2P,1,735,
1641.05,,Spot,1,Image 1,S2P,1,736,
3396.09,,Spot,1,Image 1,S2P,1,737,
2036.87,,Spot,1,Image 1,S2P,1,738,
147.34,,Spot,1,Image 1,S2P,1,739,
531.446,,Spot,1,Image 1,S2P,1,740,
2045.62,,Spot,1,Image 1,S2P,1,741,
797.836,,Spot,1,Image 1,S2P,1,742,
1679.27,,Spot,1,Image 1,S2P,1,743,
2084.45,,Spot,1,Image 1,S2P,1,744,
869.69,,Spot,1,Image 1,S2P,1,745,
1015.52,,Spot,1,Image 1,S2P,1,746,
2431.69,,Spot,1,Image 1,S2P,1,747,
1172.68,,Spot,1,Image 1,S2P,1,748,
992.465,,Spot,1,Image 1,S2P,1,749,
2397.18,,Spot,1,Image 1,S2P,1,750,
5891.84,,Spot,1,Image 1,S2P,1,751,
1344.01,,Spot,1,Image 1,S2P,1,752,
2808.47,,Spot,1,Image 1,S2P,1,753,
1205.87,,Spot,1,Image 1,S2P,1,754,
1171.35,,Spot,1,Image 1,S2P,1,755,
3255.37,,Spot,1,Image 1,S2P,1,756,
3560.43,,Spot,1,Image 1,S2P,1,757,
1960.39,,Spot,1,Image 1,S2P,1,758,
5356.6,,Spot,1,Image 1,S2P,1,759,
1532.49,,Spot,1,Image 1,S2P,1,760,
189.874,,Spot,1,Image 1,S2P,1,761,
12241.7,,Spot,1,Image 1,S2P,1,762,
5473.79,,Spot,1,Image 1,S2P,1,763,
3245.9,,Spot,1,Image 1,S2P,1,764,
205.431,,Spot,1,Image 1,S2P,1,765,
95.0275,,Spot,1,Image 1,S2P,1,766,
2627.86,,Spot,1,Image 1,S2P,1,767,
4110.83,,Spot,1,Image 1,S2P,1,768,
2879.67,,Spot,1,Image 1,S2P,1,769,
2089.64,,Spot,1,Image 1,S2P,1,770,
188.036,,Spot,1,Image 1,S2P,1,771,
262.114,,Spot,1,Image 1,S2P,1,772,
944.169,,Spot,1,Image 1,S2P,1,773,
502.444,,Spot,1,Image 1,S2P,1,774,
2802.53,,Spot,1,Image 1,S2P,1,775,
2787.41,,Spot,1,Image 1,S2P,1,776,
600.901,,Spot,1,Image 1,S2P,1,777,
1576.95,,Spot,1,Image 1,S2P,1,778,
659.925,,Spot,1,Image 1,S2P,1,779,
1132.75,,Spot,1,Image 1,S2P,1,780,
759.404,,Spot,1,Image 1,S2P,1,781,
320.015,,Spot,1,Image 1,S2P,1,782,
789.265,,Spot,1,Image 1,S2P,1,783,
1613.95,,Spot,1,Image 1,S2P,1,784,
1408.43,,Spot,1,Image 1,S2P,1,785,
799.083,,Spot,1,Image 1,S2P,1,786,
1089.43,,Spot,1,Image 1,S2P,1,787,
2931.8,,Spot,1,Image 1,S2P,1,788,
1878.43,,Spot,1,Image 1,S2P,1,789,
8215.49,,Spot,1,Image 1,S2P,1,790,
297.475,,Spot,1,Image 1,S2P,1,791,
726.691,,Spot,1,Image 1,S2P,1,792,
30.0449,,Spot,1,Image 1,S2P,1,793,
2208.89,,Spot,1,Image 1,S2P,1,794,
353.496,,Spot,1,Image 1,S2P,1,795,
1342.57,,Spot,1,Image 1,S2P,1,796,
5655.26,,Spot,1,Image 1,S2P,1,797,
812.704,,Spot,1,Image 1,S2P,1,798,
1156.79,,Spot,1,Image 1,S2P,1,799,
1723.99,,Spot,1,Image 1,S2P,1,800,
1262.11,,Spot,1,Image 1,S2P,1,801,
13837.5,,Spot,1,Image 1,S2P,1,802,
1108.36,,Spot,1,Image 1,S2P,1,803,
3795.03,,Spot,1,Image 1,S2P,1,804,
956.322,,Spot,1,Image 1,S2P,1,805,
542.75,,Spot,1,Image 1,S2P,1,806,
4238.44,,Spot,1,Image 1,S2P,1,807,
652.422,,Spot,1,Image 1,S2P,1,808,
474.458,,Spot,1,Image 1,S2P,1,809,
98.9522,,Spot,1,Image 1,S2P,1,810,
1023.75,,Spot,1,Image 1,S2P,1,811,
3270.5,,Spot,1,Image 1,S2P,1,812,
1556.47,,Spot,1,Image 1,S2P,1,813,
1095.89,,Spot,1,Image 1,S2P,1,814,
2514.54,,Spot,1,Image 1,S2P,1,815,
151.177,,Spot,1,Image 1,S2P,1,816,
680.989,,Spot,1,Image 1,S2P,1,817,
8100.96,,Spot,1,Image 1,S2P,1,818,
4882.82,,Spot,1,Image 1,S2P,1,819,
1981.39,,Spot,1,Image 1,S2P,1,820,
1921.1,,Spot,1,Image 1,S2P,1,821,
137.736,,Spot,1,Image 1,S2P,1,822,
661.324,,Spot,1,Image 1,S2P,1,823,
760.523,,Spot,1,Image 1,S2P,1,824,
613.428,,Spot,1,Image 1,S2P,1,825,
482.297,,Spot,1,Image 1,S2P,1,826,
3003.69,,Spot,1,Image 1,S2P,1,827,
3248.8,,Spot,1,Image 1,S2P,1,828,
2053.75,,Spot,1,Image 1,S2P,1,829,
587.917,,Spot,1,Image 1,S2P,1,830,
1278.71,,Spot,1,Image 1,S2P,1,831,
80.3259,,Spot,1,Image 1,S2P,1,832,
919.859,,Spot,1,Image 1,S2P,1,833,
1374.72,,Spot,1,Image 1,S2P,1,834,
494.375,,Spot,1,Image 1,S2P,1,835,
1181.52,,Spot,1,Image 1,S2P,1,836,
6057.31,,Spot,1,Image 1,S2P,1,837,
749.84,,Spot,1,Image 1,S2P,1,838,
1098.54,,Spot,1,Image 1,S2P,1,839,
112.751,,Spot,1,Image 1,S2P,1,840,
423.288,,Spot,1,Image 1,S2P,1,841,
1801.78,,Spot,1,Image 1,S2P,1,842,
694.422,,Spot,1,Image 1,S2P,1,843,
991.257,,Spot,1,Image 1,S2P,1,844,
64.1983,,Spot,1,Image 1,S2P,1,845,
4195.42,,Spot,1,Image 1,S2P,1,846,
3058.98,,Spot,1,Image 1,S2P,1,847,
736.59,,Spot,1,Image 1,S2P,1,848,
780.599,,Spot,1,Image 1,S2P,1,849,
940.632,,Spot,1,Image 1,S2P,1,850,
249.745,,Spot,1,Image 1,S2P,1,851,
5921.61,,Spot,1,Image 1,S2P,1,852,
2327.64,,Spot,1,Image 1,S2P,1,853,
707.356,,Spot,1,Image 1,S2P,1,854,
757.538,,Spot,1,Image 1,S2P,1,855,
5051.73,,Spot,1,Image 1,S2P,1,856,
1216.42,,Spot,1,Image 1,S2P,1,857,
2493.89,,Spot,1,Image 1,S2P,1,858,
1850.28,,Spot,1,Image 1,S2P,1,859,
3135.04,,Spot,1,Image 1,S2P,1,860,
1941.18,,Spot,1,Image 1,S2P,1,861,
1995.39,,Spot,1,Image 1,S2P,1,862,
2603.6,,Spot,1,Image 1,S2P,1,863,
8985.4,,Spot,1,Image 1,S2P,1,864,
1289,,Spot,1,Image 1,S2P,1,865,
2343.53,,Spot,1,Image 1,S2P,1,866,
11319.3,,Spot,1,Image 1,S2P,1,867,
76.9359,,Spot,1,Image 1,S2P,1,868,
3148.86,,Spot,1,Image 1,S2P,1,869,
6211.24,,Spot,1,Image 1,S2P,1,870,
10409.9,,Spot,1,Image 1,S2P,1,871,
4521.6,,Spot,1,Image 1,S2P,1,872,
4898.9,,Spot,1,Image 1,S2P,1,873,
5570.17,,Spot,1,Image 1,S2P,1,874,
1410.94,,Spot,1,Image 1,S2P,1,875,
2820.47,,Spot,1,Image 1,S2P,1,876,
413.93,,Spot,1,Image 1,S2P,1,877,
2857.61,,Spot,1,Image 1,S2P,1,878,
5964.25,,Spot,1,Image 1,S2P,1,879,
547.931,,Spot,1,Image 1,S2P,1,880,
4606.75,,Spot,1,Image 1,S2P,1,881,
4799.75,,Spot,1,Image 1,S2P,1,882,
1366.12,,Spot,1,Image 1,S2P,1,883,
1874,,Spot,1,Image 1,S2P,1,884,
1010.6,,Spot,1,Image 1,S2P,1,885,
847.657,,Spot,1,Image 1,S2P,1,886,
881.578,,Spot,1,Image 1,S2P,1,887,
4525.97,,Spot,1,Image 1,S2P,1,888,
2691.61,,Spot,1,Image 1,S2P,1,889,
6893.83,,Spot,1,Image 1,S2P,1,890,
7221.59,,Spot,1,Image 1,S2P,1,891,
2205.96,,Spot,1,Image 1,S2P,1,892,
12448.2,,Spot,1,Image 1,S2P,1,893,
2559.66,,Spot,1,Image 1,S2P,1,894,
4547.92,,Spot,1,Image 1,S2P,1,895,
2113.9,,Spot,1,Image 1,S2P,1,896,
3886.19,,Spot,1,Image 1,S2P,1,897,
2250.03,,Spot,1,Image 1,S2P,1,898,
6150.97,,Spot,1,Image 1,S2P,1,899,
1202.45,,Spot,1,Image 1,S2P,1,900,
3377,,Spot,1,Image 1,S2P,1,901,
214.102,,Spot,1,Image 1,S2P,1,902,
3052.41,,Spot,1,Image 1,S2P,1,903,
2194.21,,Spot,1,Image 1,S2P,1,904,
1047.43,,Spot,1,Image 1,S2P,1,905,
4167.5,,Spot,1,Image 1,S2P,1,906,
8609.62,,Spot,1,Image 1,S2P,1,907,
3484.1,,Spot,1,Image 1,S2P,1,908,
6118.5,,Spot,1,Image 1,S2P,1,909,
4126.76,,Spot,1,Image 1,S2P,1,910,
748.784,,Spot,1,Image 1,S2P,1,911,
3763.05,,Spot,1,Image 1,S2P,1,912,
4940.26,,Spot,1,Image 1,S2P,1,913,
2961.99,,Spot,1,Image 1,S2P,1,914,
1556.88,,Spot,1,Image 1,S2P,1,915,
17837.1,,Spot,1,Image 1,S2P,1,916,
3938.65,,Spot,1,Image 1,S2P,1,917,
1376.34,,Spot,1,Image 1,S2P,1,918,
932.046,,Spot,1,Image 1,S2P,1,919,
12293.2,,Spot,1,Image 1,S2P,1,920,
4557.74,,Spot,1,Image 1,S2P,1,921,
900.451,,Spot,1,Image 1,S2P,1,922,
14277,,Spot,1,Image 1,S2P,1,923,
1479.41,,Spot,1,Image 1,S2P,1,924,
1800.03,,Spot,1,Image 1,S2P,1,925,
7288.85,,Spot,1,Image 1,S2P,1,926,
1076.74,,Spot,1,Image 1,S2P,1,927,
20940.2,,Spot,1,Image 1,S2P,1,928,
3617.37,,Spot,1,Image 1,S2P,1,929,
15765.4,,Spot,1,Image 1,S2P,1,930,
233.133,,Spot,1,Image 1,S2P,1,931,
1830.38,,Spot,1,Image 1,S2P,1,932,
2659.15,,Spot,1,Image 1,S2P,1,933,
3833.06,,Spot,1,Image 1,S2P,1,934,
1402.06,,Spot,1,Image 1,S2P,1,935,
7100.97,,Spot,1,Image 1,S2P,1,936,
1880.53,,Spot,1,Image 1,S2P,1,937,
867.499,,Spot,1,Image 1,S2P,1,938,
5300.79,,Spot,1,Image 1,S2P,1,939,
2610.47,,Spot,1,Image 1,S2P,1,940,
2458.36,,Spot,1,Image 1,S2P,1,941,
14073.3,,Spot,1,Image 1,S2P,1,942,
5830.23,,Spot,1,Image 1,S2P,1,943,
1187.81,,Spot,1,Image 1,S2P,1,944,
2998.65,,Spot,1,Image 1,S2P,1,945,
4725.92,,Spot,1,Image 1,S2P,1,946,
367.59,,Spot,1,Image 1,S2P,1,947,
2555.03,,Spot,1,Image 1,S2P,1,948,
5423.32,,Spot,1,Image 1,S2P,1,949,
1405.47,,Spot,1,Image 1,S2P,1,950,
1841.75,,Spot,1,Image 1,S2P,1,951,
153.085,,Spot,1,Image 1,S2P,1,952,
1354.51,,Spot,1,Image 1,S2P,1,953,
2833.6,,Spot,1,Image 1,S2P,1,954,
3697.84,,Spot,1,Image 1,S2P,1,955,
5357.92,,Spot,1,Image 1,S2P,1,956,
36.6731,,Spot,1,Image 1,S2P,1,957,
3354.16,,Spot,1,Image 1,S2P,1,958,
407.618,,Spot,1,Image 1,S2P,1,959,
624.982,,Spot,1,Image 1,S2P,1,960,
847.408,,Spot,1,Image 1,S2P,1,961,
1510.27,,Spot,1,Image 1,S2P,1,962,
1683.08,,Spot,1,Image 1,S2P,1,963,
1812.51,,Spot,1,Image 1,S2P,1,964,
3683.93,,Spot,1,Image 1,S2P,1,965,
7977.52,,Spot,1,Image 1,S2P,1,966,
1320.06,,Spot,1,Image 1,S2P,1,967,
880.412,,Spot,1,Image 1,S2P,1,968,
995.847,,Spot,1,Image 1,S2P,1,969,
2161.39,,Spot,1,Image 1,S2P,1,970,
8.00056,,Spot,1,Image 1,S2P,1,971,
4259.25,,Spot,1,Image 1,S2P,1,972,
202.427,,Spot,1,Image 1,S2P,1,973,
1441.2,,Spot,1,Image 1,S2P,1,974,
4686.98,,Spot,1,Image 1,S2P,1,975,
440.255,,Spot,1,Image 1,S2P,1,976,
1730.68,,Spot,1,Image 1,S2P,1,977,
1768.21,,Spot,1,Image 1,S2P,1,978,
637.419,,Spot,1,Image 1,S2P,1,979,
1467.25,,Spot,1,Image 1,S2P,1,980,
368.612,,Spot,1,Image 1,S2P,1,981,
115.5,,Spot,1,Image 1,S2P,1,982,
1965.33,,Spot,1,Image 1,S2P,1,983,
299.257,,Spot,1,Image 1,S2P,1,984,
901.72,,Spot,1,Image 1,S2P,1,985,
175.148,,Spot,1,Image 1,S2P,1,986,
1118.11,,Spot,1,Image 1,S2P,1,987,
2002.07,,Spot,1,Image 1,S2P,1,988,
1246.92,,Spot,1,Image 1,S2P,1,989,
1152.2,,Spot,1,Image 1,S2P,1,990,
2049.89,,Spot,1,Image 1,S2P,1,991,
286.405,,Spot,1,Image 1,S2P,1,992,
330.179,,Spot,1,Image 1,S2P,1,993,
1498.69,,Spot,1,Image 1,S2P,1,994,
2402.72,,Spot,1,Image 1,S2P,1,995,
2646.76,,Spot,1,Image 1,S2P,1,996,
5185.14,,Spot,1,Image 1,S2P,1,997,
531.464,,Spot,1,Image 1,S2P,1,998,
924.21,,Spot,1,Image 1,S2P,1,999,
1226.75,,Spot,1,Image 1,S2P,1,1000,
3623.15,,Spot,1,Image 1,S2P,1,1001,
1224.14,,Spot,1,Image 1,S2P,1,1002,
2049.52,,Spot,1,Image 1,S2P,1,1003,
226.071,,Spot,1,Image 1,S2P,1,1004,
103.051,,Spot,1,Image 1,S2P,1,1005,
1132.73,,Spot,1,Image 1,S2P,1,1006,
5423.16,,Spot,1,Image 1,S2P,1,1007,
12115.9,,Spot,1,Image 1,S2P,1,1008,
11609,,Spot,1,Image 1,S2P,1,1009,
4618.04,,Spot,1,Image 1,S2P,1,1010,
8689.63,,Spot,1,Image 1,S2P,1,1011,
9368.85,,Spot,1,Image 1,S2P,1,1012,
4485.15,,Spot,1,Image 1,S2P,1,1013,
4833.62,,Spot,1,Image 1,S2P,1,1014,
4965.4,,Spot,1,Image 1,S2P,1,1015,
19207,,Spot,1,Image 1,S2P,1,1016,
17617.4,,Spot,1,Image 1,S2P,1,1017,
2691.48,,Spot,1,Image 1,S2P,1,1018,
5808.59,,Spot,1,Image 1,S2P,1,1019,
7547.58,,Spot,1,Image 1,S2P,1,1020,
21269.6,,Spot,1,Image 1,S2P,1,1021,
893.751,,Spot,1,Image 1,S2P,1,1022,
7069.63,,Spot,1,Image 1,S2P,1,1023,
6176.02,,Spot,1,Image 1,S2P,1,1024,
3497.33,,Spot,1,Image 1,S2P,1,1025,
1001.16,,Spot,1,Image 1,S2P,1,1026,
5146.77,,Spot,1,Image 1,S2P,1,1027,
1444.43,,Spot,1,Image 1,S2P,1,1028,
845.701,,Spot,1,Image 1,S2P,1,1029,
1067.35,,Spot,1,Image 1,S2P,1,1030,
6360.31,,Spot,1,Image 1,S2P,1,1031,
1983.78,,Spot,1,Image 1,S2P,1,1032,
1147.52,,Spot,1,Image 1,S2P,1,1033,
17725.9,,Spot,1,Image 1,S2P,1,1034,
2162.83,,Spot,1,Image 1,S2P,1,1035,
4498.57,,Spot,1,Image 1,S2P,1,1036,
7802.23,,Spot,1,Image 1,S2P,1,1037,
952.782,,Spot,1,Image 1,S2P,1,1038,
2639.92,,Spot,1,Image 1,S2P,1,1039,
2277.91,,Spot,1,Image 1,S2P,1,1040,
5170.21,,Spot,1,Image 1,S2P,1,1041,
644.761,,Spot,1,Image 1,S2P,1,1042,
908.099,,Spot,1,Image 1,S2P,1,1043,
6166.26,,Spot,1,Image 1,S2P,1,1044,
2081.66,,Spot,1,Image 1,S2P,1,1045,
1092.32,,Spot,1,Image 1,S2P,1,1046,
929.35,,Spot,1,Image 1,S2P,1,1047,
1167.24,,Spot,1,Image 1,S2P,1,1048,
1289.76,,Spot,1,Image 1,S2P,1,1049,
1959.79,,Spot,1,Image 1,S2P,1,1050,
660.271,,Spot,1,Image 1,S2P,1,1051,
5578.85,,Spot,1,Image 1,S2P,1,1052,
5967.16,,Spot,1,Image 1,S2P,1,1053,
396.094,,Spot,1,Image 1,S2P,1,1054,
1422.98,,Spot,1,Image 1,S2P,1,1055,
1066.85,,Spot,1,Image 1,S2P,1,1056,
3232.73,,Spot,1,Image 1,S2P,1,1057,
370.752,,Spot,1,Image 1,S2P,1,1058,
1402.86,,Spot,1,Image 1,S2P,1,1059,
3262.95,,Spot,1,Image 1,S2P,1,1060,
460.541,,Spot,1,Image 1,S2P,1,1061,
951.43,,Spot,1,Image 1,S2P,1,1062,
1102.07,,Spot,1,Image 1,S2P,1,1063,
2058.88,,Spot,1,Image 1,S2P,1,1064,
454.842,,Spot,1,Image 1,S2P,1,1065,
3926.12,,Spot,1,Image 1,S2P,1,1066,
1644.65,,Spot,1,Image 1,S2P,1,1067,
326.37,,Spot,1,Image 1,S2P,1,1068,
3658.18,,Spot,1,Image 1,S2P,1,1069,
3735.83,,Spot,1,Image 1,S2P,1,1070,
4110.01,,Spot,1,Image 1,S2P,1,1071,
3254.98,,Spot,1,Image 1,S2P,1,1072,
11769.5,,Spot,1,Image 1,S2P,1,1073,
36.5881,,Spot,1,Image 1,S2P,1,1074,
172.537,,Spot,1,Image 1,S2P,1,1075,
663.495,,Spot,1,Image 1,S2P,1,1076,
775.105,,Spot,1,Image 1,S2P,1,1077,
1000.41,,Spot,1,Image 1,S2P,1,1078,
5689.04,,Spot,1,Image 1,S2P,1,1079,
545.795,,Spot,1,Image 1,S2P,1,1080,
5607.62,,Spot,1,Image 1,S2P,1,1081,
1602.18,,Spot,1,Image 1,S2P,1,1082,
2321.22,,Spot,1,Image 1,S2P,1,1083,
876.24,,Spot,1,Image 1,S2P,1,1084,
553.453,,Spot,1,Image 1,S2P,1,1085,
9965.1,,Spot,1,Image 1,S2P,1,1086,
4174.86,,Spot,1,Image 1,S2P,1,1087,
606.908,,Spot,1,Image 1,S2P,1,1088,
1325.99,,Spot,1,Image 1,S2P,1,1089,
750.13,,Spot,1,Image 1,S2P,1,1090,
2058.39,,Spot,1,Image 1,S2P,1,1091,
16092.2,,Spot,1,Image 1,S2P,1,1092,
2198.52,,Spot,1,Image 1,S2P,1,1093,
6848.02,,Spot,1,Image 1,S2P,1,1094,
2611.96,,Spot,1,Image 1,S2P,1,1095,
3173.21,,Spot,1,Image 1,S2P,1,1096,
1257.11,,Spot,1,Image 1,S2P,1,1097,
425.606,,Spot,1,Image 1,S2P,1,1098,
236.639,,Spot,1,Image 1,S2P,1,1099,
2711.74,,Spot,1,Image 1,S2P,1,1100,
3307.14,,Spot,1,Image 1,S2P,1,1101,
1547.99,,Spot,1,Image 1,S2P,1,1102,
383.197,,Spot,1,Image 1,S2P,1,1103,
2564.81,,Spot,1,Image 1,S2P,1,1104,
927.182,,Spot,1,Image 1,S2P,1,1105,
10368.3,,Spot,1,Image 1,S2P,1,1106,
1849.69,,Spot,1,Image 1,S2P,1,1107,
1915.96,,Spot,1,Image 1,S2P,1,1108,
777.453,,Spot,1,Image 1,S2P,1,1109,
828.148,,Spot,1,Image 1,S2P,1,1110,
5378.41,,Spot,1,Image 1,S2P,1,1111,
6853.66,,Spot,1,Image 1,S2P,1,1112,
913.228,,Spot,1,Image 1,S2P,1,1113,
706.87,,Spot,1,Image 1,S2P,1,1114,
1924.77,,Spot,1,Image 1,S2P,1,1115,
736.815,,Spot,1,Image 1,S2P,1,1116,
1107.2,,Spot,1,Image 1,S2P,1,1117,
1710.14,,Spot,1,Image 1,S2P,1,1118,
1487.32,,Spot,1,Image 1,S2P,1,1119,
6750.35,,Spot,1,Image 1,S2P,1,1120,
832.773,,Spot,1,Image 1,S2P,1,1121,
904.812,,Spot,1,Image 1,S2P,1,1122,
3149.09,,Spot,1,Image 1,S2P,1,1123,
2126.63,,Spot,1,Image 1,S2P,1,1124,
439.151,,Spot,1,Image 1,S2P,1,1125,
138.833,,Spot,1,Image 1,S2P,1,1126,
659.356,,Spot,1,Image 1,S2P,1,1127,
392.667,,Spot,1,Image 1,S2P,1,1128,
1443.65,,Spot,1,Image 1,S2P,1,1129,
2020.65,,Spot,1,Image 1,S2P,1,1130,
741.458,,Spot,1,Image 1,S2P,1,1131,
1724.26,,Spot,1,Image 1,S2P,1,1132,
3421.96,,Spot,1,Image 1,S2P,1,1133,
2542.9,,Spot,1,Image 1,S2P,1,1134,
1735.07,,Spot,1,Image 1,S2P,1,1135,
6316.2,,Spot,1,Image 1,S2P,1,1136,
730.321,,Spot,1,Image 1,S2P,1,1137,
2349.52,,Spot,1,Image 1,S2P,1,1138,
1237.14,,Spot,1,Image 1,S2P,1,1139,
2242.94,,Spot,1,Image 1,S2P,1,1140,
9781.91,,Spot,1,Image 1,S2P,1,1141,
3128.53,,Spot,1,Image 1,S2P,1,1142,
4114.73,,Spot,1,Image 1,S2P,1,1143,
1171.36,,Spot,1,Image 1,S2P,1,1144,
2315.35,,Spot,1,Image 1,S2P,1,1145,
882.085,,Spot,1,Image 1,S2P,1,1146,
1492.68,,Spot,1,Image 1,S2P,1,1147,
4676.15,,Spot,1,Image 1,S2P,1,1148,
2599.14,,Spot,1,Image 1,S2P,1,1149,
834.101,,Spot,1,Image 1,S2P,1,1150,
2637.15,,Spot,1,Image 1,S2P,1,1151,
2702.27,,Spot,1,Image 1,S2P,1,1152,
638.485,,Spot,1,Image 1,S2P,1,1153,
1269.47,,Spot,1,Image 1,S2P,1,1154,
9921.61,,Spot,1,Image 1,S2P,1,1155,
3582.22,,Spot,1,Image 1,S2P,1,1156,
70.5419,,Spot,1,Image 1,S2P,1,1157,
2438.33,,Spot,1,Image 1,S2P,1,1158,
816.34,,Spot,1,Image 1,S2P,1,1159,
449.761,,Spot,1,Image 1,S2P,1,1160,
11165.1,,Spot,1,Image 1,S2P,1,1161,
1638.36,,Spot,1,Image 1,S2P,1,1162,
8039.41,,Spot,1,Image 1,S2P,1,1163,
2252.14,,Spot,1,Image 1,S2P,1,1164,
599.817,,Spot,1,Image 1,S2P,1,1165,
2777.75,,Spot,1,Image 1,S2P,1,1166,
7352.77,,Spot,1,Image 1,S2P,1,1167,
2879.9,,Spot,1,Image 1,S2P,1,1168,
1456.43,,Spot,1,Image 1,S2P,1,1169,
1512.23,,Spot,1,Image 1,S2P,1,1170,
821.467,,Spot,1,Image 1,S2P,1,1171,
4759.54,,Spot,1,Image 1,S2P,1,1172,
771.951,,Spot,1,Image 1,S2P,1,1173,
1661.51,,Spot,1,Image 1,S2P,1,1174,
1976.76,,Spot,1,Image 1,S2P,1,1175,
9470.94,,Spot,1,Image 1,S2P,1,1176,
917.945,,Spot,1,Image 1,S2P,1,1177,
1362.19,,Spot,1,Image 1,S2P,1,1178,
6113.98,,Spot,1,Image 1,S2P,1,1179,
1498.42,,Spot,1,Image 1,S2P,1,1180,
1240.08,,Spot,1,Image 1,S2P,1,1181,
1819.91,,Spot,1,Image 1,S2P,1,1182,
2039.71,,Spot,1,Image 1,S2P,1,1183,
2821.12,,Spot,1,Image 1,S2P,1,1184,
3203.97,,Spot,1,Image 1,S2P,1,1185,
4920.69,,Spot,1,Image 1,S2P,1,1186,
4816.94,,Spot,1,Image 1,S2P,1,1187,
1777.56,,Spot,1,Image 1,S2P,1,1188,
18318.6,,Spot,1,Image 1,S2P,1,1189,
8492.24,,Spot,1,Image 1,S2P,1,1190,
13110.9,,Spot,1,Image 1,S2P,1,1191,
2720.35,,Spot,1,Image 1,S2P,1,1192,
16081.3,,Spot,1,Image 1,S2P,1,1193,
666.452,,Spot,1,Image 1,S2P,1,1194,
1675.05,,Spot,1,Image 1,S2P,1,1195,
2439.47,,Spot,1,Image 1,S2P,1,1196,
21221.3,,Spot,1,Image 1,S2P,1,1197,
68.026,,Spot,1,Image 1,S2P,1,1198,
4330.2,,Spot,1,Image 1,S2P,1,1199,
3842.68,,Spot,1,Image 1,S2P,1,1200,
1128.44,,Spot,1,Image 1,S2P,1,1201,
1348.37,,Spot,1,Image 1,S2P,1,1202,
9152.15,,Spot,1,Image 1,S2P,1,1203,
439.812,,Spot,1,Image 1,S2P,1,1204,
3112.51,,Spot,1,Image 1,S2P,1,1205,
3535.77,,Spot,1,Image 1,S2P,1,1206,
314.799,,Spot,1,Image 1,S2P,1,1207,
4615.19,,Spot,1,Image 1,S2P,1,1208,
47.7374,,Spot,1,Image 1,S2P,1,1209,
5019.64,,Spot,1,Image 1,S2P,1,1210,
1686.36,,Spot,1,Image 1,S2P,1,1211,
3646.6,,Spot,1,Image 1,S2P,1,1212,
1208.74,,Spot,1,Image 1,S2P,1,1213,
3132.11,,Spot,1,Image 1,S2P,1,1214,
171.56,,Spot,1,Image 1,S2P,1,1215,
3278.98,,Spot,1,Image 1,S2P,1,1216,
1874.66,,Spot,1,Image 1,S2P,1,1217,
1673.88,,Spot,1,Image 1,S2P,1,1218,
1591.91,,Spot,1,Image 1,S2P,1,1219,
6900.98,,Spot,1,Image 1,S2P,1,1220,
4266.01,,Spot,1,Image 1,S2P,1,1221,
4856.99,,Spot,1,Image 1,S2P,1,1222,
1317.25,,Spot,1,Image 1,S2P,1,1223,
5262.43,,Spot,1,Image 1,S2P,1,1224,
793.627,,Spot,1,Image 1,S2P,1,1225,
1177.13,,Spot,1,Image 1,S2P,1,1226,
5128.84,,Spot,1,Image 1,S2P,1,1227,
5747.57,,Spot,1,Image 1,S2P,1,1228,
16385.5,,Spot,1,Image 1,S2P,1,1229,
6318.76,,Spot,1,Image 1,S2P,1,1230,
2888.31,,Spot,1,Image 1,S2P,1,1231,
6386.93,,Spot,1,Image 1,S2P,1,1232,
2171.62,,Spot,1,Image 1,S2P,1,1233,
1084.51,,Spot,1,Image 1,S2P,1,1234,
950.169,,Spot,1,Image 1,S2P,1,1235,
2143.49,,Spot,1,Image 1,S2P,1,1236,
697.792,,Spot,1,Image 1,S2P,1,1237,
3256.2,,Spot,1,Image 1,S2P,1,1238,
1438.64,,Spot,1,Image 1,S2P,1,1239,
20855.9,,Spot,1,Image 1,S2P,1,1240,
2002.89,,Spot,1,Image 1,S2P,1,1241,
28257.4,,Spot,1,Image 1,S2P,1,1242,
5059.93,,Spot,1,Image 1,S2P,1,1243,
12157.9,,Spot,1,Image 1,S2P,1,1244,
9554.18,,Spot,1,Image 1,S2P,1,1245,
6544.89,,Spot,1,Image 1,S2P,1,1246,
1757.33,,Spot,1,Image 1,S2P,1,1247,
8682.74,,Spot,1,Image 1,S2P,1,1248,
6716.2,,Spot,1,Image 1,S2P,1,1249,
1426.9,,Spot,1,Image 1,S2P,1,1250,
2986.35,,Spot,1,Image 1,S2P,1,1251,
125.13,,Spot,1,Image 1,S2P,1,1252,
2429.9,,Spot,1,Image 1,S2P,1,1253,
1852.53,,Spot,1,Image 1,S2P,1,1254,
1937.59,,Spot,1,Image 1,S2P,1,1255,
1404.48,,Spot,1,Image 1,S2P,1,1256,
5277.05,,Spot,1,Image 1,S2P,1,1257,
590.207,,Spot,1,Image 1,S2P,1,1258,
8289.09,,Spot,1,Image 1,S2P,1,1259,
613.218,,Spot,1,Image 1,S2P,1,1260,
1898.27,,Spot,1,Image 1,S2P,1,1261,
895.077,,Spot,1,Image 1,S2P,1,1262,
963.994,,Spot,1,Image 1,S2P,1,1263,
5802.61,,Spot,1,Image 1,S2P,1,1264,
368.288,,Spot,1,Image 1,S2P,1,1265,
184.211,,Spot,1,Image 1,S2P,1,1266,
1943.83,,Spot,1,Image 1,S2P,1,1267,
771.792,,Spot,1,Image 1,S2P,1,1268,
439.917,,Spot,1,Image 1,S2P,1,1269,
3806.35,,Spot,1,Image 1,S2P,1,1270,
1159.14,,Spot,1,Image 1,S2P,1,1271,
3134.49,,Spot,1,Image 1,S2P,1,1272,
4895.33,,Spot,1,Image 1,S2P,1,1273,
3058.51,,Spot,1,Image 1,S2P,1,1274,
1222.48,,Spot,1,Image 1,S2P,1,1275,
1305.8,,Spot,1,Image 1,S2P,1,1276,
299.275,,Spot,1,Image 1,S2P,1,1277,
4177.36,,Spot,1,Image 1,S2P,1,1278,
5450.99,,Spot,1,Image 1,S2P,1,1279,
508.915,,Spot,1,Image 1,S2P,1,1280,
1413.54,,Spot,1,Image 1,S2P,1,1281,
1336.64,,Spot,1,Image 1,S2P,1,1282,
723.589,,Spot,1,Image 1,S2P,1,1283,
1814.37,,Spot,1,Image 1,S2P,1,1284,
3684.85,,Spot,1,Image 1,S2P,1,1285,
428.796,,Spot,1,Image 1,S2P,1,1286,
1082.08,,Spot,1,Image 1,S2P,1,1287,
639.155,,Spot,1,Image 1,S2P,1,1288,
555.067,,Spot,1,Image 1,S2P,1,1289,
816.758,,Spot,1,Image 1,S2P,1,1290,
850.03,,Spot,1,Image 1,S2P,1,1291,
2407.46,,Spot,1,Image 1,S2P,1,1292,
1585.26,,Spot,1,Image 1,S2P,1,1293,
1810.56,,Spot,1,Image 1,S2P,1,1294,
2331.06,,Spot,1,Image 1,S2P,1,1295,
1939.63,,Spot,1,Image 1,S2P,1,1296,
5349.3,,Spot,1,Image 1,S2P,1,1297,
1344.67,,Spot,1,Image 1,S2P,1,1298,
3915.56,,Spot,1,Image 1,S2P,1,1299,
889.155,,Spot,1,Image 1,S2P,1,1300,
5340.47,,Spot,1,Image 1,S2P,1,1301,
4623.08,,Spot,1,Image 1,S2P,1,1302,
3207.67,,Spot,1,Image 1,S2P,1,1303,
3544.64,,Spot,1,Image 1,S2P,1,1304,
3606.72,,Spot,1,Image 1,S2P,1,1305,
2194.88,,Spot,1,Image 1,S2P,1,1306,
1543.55,,Spot,1,Image 1,S2P,1,1307,
1424.6,,Spot,1,Image 1,S2P,1,1308,
1659.41,,Spot,1,Image 1,S2P,1,1309,
5299.16,,Spot,1,Image 1,S2P,1,1310,
884.439,,Spot,1,Image 1,S2P,1,1311,
5113.38,,Spot,1,Image 1,S2P,1,1312,
771.854,,Spot,1,Image 1,S2P,1,1313,
2591.52,,Spot,1,Image 1,S2P,1,1314,
507.467,,Spot,1,Image 1,S2P,1,1315,
768.833,,Spot,1,Image 1,S2P,1,1316,
3065.06,,Spot,1,Image 1,S2P,1,1317,
2160.09,,Spot,1,Image 1,S2P,1,1318,
4496.79,,Spot,1,Image 1,S2P,1,1319,
408.691,,Spot,1,Image 1,S2P,1,1320,
558.569,,Spot,1,Image 1,S2P,1,1321,
1208.71,,Spot,1,Image 1,S2P,1,1322,
1785.62,,Spot,1,Image 1,S2P,1,1323,
3676.46,,Spot,1,Image 1,S2P,1,1324,
8730.64,,Spot,1,Image 1,S2P,1,1325,
1750.99,,Spot,1,Image 1,S2P,1,1326,
4292.79,,Spot,1,Image 1,S2P,1,1327,
3067.97,,Spot,1,Image 1,S2P,1,1328,
792.596,,Spot,1,Image 1,S2P,1,1329,
7560.88,,Spot,1,Image 1,S2P,1,1330,
1341.61,,Spot,1,Image 1,S2P,1,1331,
1902.59,,Spot,1,Image 1,S2P,1,1332,
2967.44,,Spot,1,Image 1,S2P,1,1333,
1154.63,,Spot,1,Image 1,S2P,1,1334,
3102.27,,Spot,1,Image 1,S2P,1,1335,
55.9586,,Spot,1,Image 1,S2P,1,1336,
2052.68,,Spot,1,Image 1,S2P,1,1337,
217.322,,Spot,1,Image 1,S2P,1,1338,
438.53,,Spot,1,Image 1,S2P,1,1339,
2099.59,,Spot,1,Image 1,S2P,1,1340,
959.249,,Spot,1,Image 1,S2P,1,1341,
5727.94,,Spot,1,Image 1,S2P,1,1342,
951.548,,Spot,1,Image 1,S2P,1,1343,
244.117,,Spot,1,Image 1,S2P,1,1344,
3326.59,,Spot,1,Image 1,S2P,1,1345,
1006.22,,Spot,1,Image 1,S2P,1,1346,
897.573,,Spot,1,Image 1,S2P,1,1347,
2728.11,,Spot,1,Image 1,S2P,1,1348,
2036.03,,Spot,1,Image 1,S2P,1,1349,
1219.68,,Spot,1,Image 1,S2P,1,1350,
327.495,,Spot,1,Image 1,S2P,1,1351,
588.465,,Spot,1,Image 1,S2P,1,1352,
2337.61,,Spot,1,Image 1,S2P,1,1353,
1625.64,,Spot,1,Image 1,S2P,1,1354,
2939.02,,Spot,1,Image 1,S2P,1,1355,
10909.4,,Spot,1,Image 1,S2P,1,1356,
1161.18,,Spot,1,Image 1,S2P,1,1357,
2025.43,,Spot,1,Image 1,S2P,1,1358,
2650.77,,Spot,1,Image 1,S2P,1,1359,
1889.8,,Spot,1,Image 1,S2P,1,1360,
2432.99,,Spot,1,Image 1,S2P,1,1361,
202.593,,Spot,1,Image 1,S2P,1,1362,
2717.11,,Spot,1,Image 1,S2P,1,1363,
15080.5,,Spot,1,Image 1,S2P,1,1364,
1703.55,,Spot,1,Image 1,S2P,1,1365,
1258.35,,Spot,1,Image 1,S2P,1,1366,
395.045,,Spot,1,Image 1,S2P,1,1367,
1000.55,,Spot,1,Image 1,S2P,1,1368,
824.125,,Spot,1,Image 1,S2P,1,1369,
3133.23,,Spot,1,Image 1,S2P,1,1370,
1682.92,,Spot,1,Image 1,S2P,1,1371,
957.317,,Spot,1,Image 1,S2P,1,1372,
683.859,,Spot,1,Image 1,S2P,1,1373,
757.371,,Spot,1,Image 1,S2P,1,1374,
7176.99,,Spot,1,Image 1,S2P,1,1375,
2758.35,,Spot,1,Image 1,S2P,1,1376,
513.412,,Spot,1,Image 1,S2P,1,1377,
1234.98,,Spot,1,Image 1,S2P,1,1378,
8583.23,,Spot,1,Image 1,S2P,1,1379,
3343.37,,Spot,1,Image 1,S2P,1,1380,
6121.46,,Spot,1,Image 1,S2P,1,1381,
7831.1,,Spot,1,Image 1,S2P,1,1382,
517.03,,Spot,1,Image 1,S2P,1,1383,
667.922,,Spot,1,Image 1,S2P,1,1384,
1990.64,,Spot,1,Image 1,S2P,1,1385,
377.709,,Spot,1,Image 1,S2P,1,1386,
737.923,,Spot,1,Image 1,S2P,1,1387,
1761.39,,Spot,1,Image 1,S2P,1,1388,
8388.11,,Spot,1,Image 1,S2P,1,1389,
9657.94,,Spot,1,Image 1,S2P,1,1390,
3705.23,,Spot,1,Image 1,S2P,1,1391,
898.631,,Spot,1,Image 1,S2P,1,1392,
1761.31,,Spot,1,Image 1,S2P,1,1393,
354.846,,Spot,1,Image 1,S2P,1,1394,
1190.32,,Spot,1,Image 1,S2P,1,1395,
644.534,,Spot,1,Image 1,S2P,1,1396,
865.628,,Spot,1,Image 1,S2P,1,1397,
384.944,,Spot,1,Image 1,S2P,1,1398,
2800.14,,Spot,1,Image 1,S2P,1,1399,
557.269,,Spot,1,Image 1,S2P,1,1400,
1692.38,,Spot,1,Image 1,S2P,1,1401,
1473.75,,Spot,1,Image 1,S2P,1,1402,
2206.99,,Spot,1,Image 1,S2P,1,1403,
4093.12,,Spot,1,Image 1,S2P,1,1404,
906.639,,Spot,1,Image 1,S2P,1,1405,
864.338,,Spot,1,Image 1,S2P,1,1406,
1027.04,,Spot,1,Image 1,S2P,1,1407,
2392.21,,Spot,1,Image 1,S2P,1,1408,
3251.04,,Spot,1,Image 1,S2P,1,1409,
7889.12,,Spot,1,Image 1,S2P,1,1410,
2939.52,,Spot,1,Image 1,S2P,1,1411,
7407.1,,Spot,1,Image 1,S2P,1,1412,
2717.68,,Spot,1,Image 1,S2P,1,1413,
8158.89,,Spot,1,Image 1,S2P,1,1414,
1377.84,,Spot,1,Image 1,S2P,1,1415,
2909.48,,Spot,1,Image 1,S2P,1,1416,
407.648,,Spot,1,Image 1,S2P,1,1417,
471.967,,Spot,1,Image 1,S2P,1,1418,
1834.62,,Spot,1,Image 1,S2P,1,1419,
8402.77,,Spot,1,Image 1,S2P,1,1420,
706.715,,Spot,1,Image 1,S2P,1,1421,
286.19,,Spot,1,Image 1,S2P,1,1422,
1153.4,,Spot,1,Image 1,S2P,1,1423,
669.873,,Spot,1,Image 1,S2P,1,1424,
4390.39,,Spot,1,Image 1,S2P,1,1425,
678.645,,Spot,1,Image 1,S2P,1,1426,
891.913,,Spot,1,Image 1,S2P,1,1427,
1297.85,,Spot,1,Image 1,S2P,1,1428,
1301.01,,Spot,1,Image 1,S2P,1,1429,
334.033,,Spot,1,Image 1,S2P,1,1430,
2785.67,,Spot,1,Image 1,S2P,1,1431,
2469.1,,Spot,1,Image 1,S2P,1,1432,
6626.38,,Spot,1,Image 1,S2P,1,1433,
434.984,,Spot,1,Image 1,S2P,1,1434,
4613.13,,Spot,1,Image 1,S2P,1,1435,
3131.34,,Spot,1,Image 1,S2P,1,1436,
3820.21,,Spot,1,Image 1,S2P,1,1437,
4163.26,,Spot,1,Image 1,S2P,1,1438,
3981.06,,Spot,1,Image 1,S2P,1,1439,
6483.17,,Spot,1,Image 1,S2P,1,1440,
7913.96,,Spot,1,Image 1,S2P,1,1441,
584.902,,Spot,1,Image 1,S2P,1,1442,
1426.29,,Spot,1,Image 1,S2P,1,1443,
35.8958,,Spot,1,Image 1,S2P,1,1444,
1639.27,,Spot,1,Image 1,S2P,1,1445,
598.832,,Spot,1,Image 1,S2P,1,1446,
2586.59,,Spot,1,Image 1,S2P,1,1447,
666.823,,Spot,1,Image 1,S2P,1,1448,
3941.4,,Spot,1,Image 1,S2P,1,1449,
3090.46,,Spot,1,Image 1,S2P,1,1450,
2352.93,,Spot,1,Image 1,S2P,1,1451,
852.599,,Spot,1,Image 1,S2P,1,1452,
849.394,,Spot,1,Image 1,S2P,1,1453,
1938.18,,Spot,1,Image 1,S2P,1,1454,
3018.87,,Spot,1,Image 1,S2P,1,1455,
1123.42,,Spot,1,Image 1,S2P,1,1456,
565.702,,Spot,1,Image 1,S2P,1,1457,
2942.43,,Spot,1,Image 1,S2P,1,1458,
1557.92,,Spot,1,Image 1,S2P,1,1459,
14531.6,,Spot,1,Image 1,S2P,1,1460,
3555.12,,Spot,1,Image 1,S2P,1,1461,
2158.13,,Spot,1,Image 1,S2P,1,1462,
404.21,,Spot,1,Image 1,S2P,1,1463,
4237.68,,Spot,1,Image 1,S2P,1,1464,
2541.64,,Spot,1,Image 1,S2P,1,1465,
2271.7,,Spot,1,Image 1,S2P,1,1466,
819.19,,Spot,1,Image 1,S2P,1,1467,
4051.56,,Spot,1,Image 1,S2P,1,1468,
1804.78,,Spot,1,Image 1,S2P,1,1469,
9005.75,,Spot,1,Image 1,S2P,1,1470,
1727.81,,Spot,1,Image 1,S2P,1,1471,
1767.7,,Spot,1,Image 1,S2P,1,1472,
1174.69,,Spot,1,Image 1,S2P,1,1473,
1503.65,,Spot,1,Image 1,S2P,1,1474,
508.548,,Spot,1,Image 1,S2P,1,1475,
966.689,,Spot,1,Image 1,S2P,1,1476,
4186.6,,Spot,1,Image 1,S2P,1,1477,
1727.04,,Spot,1,Image 1,S2P,1,1478,
374.287,,Spot,1,Image 1,S2P,1,1479,
836.227,,Spot,1,Image 1,S2P,1,1480,
742.67,,Spot,1,Image 1,S2P,1,1481,
2055.36,,Spot,1,Image 1,S2P,1,1482,
2442.14,,Spot,1,Image 1,S2P,1,1483,
1712.26,,Spot,1,Image 1,S2P,1,1484,
1880.67,,Spot,1,Image 1,S2P,1,1485,
2864.58,,Spot,1,Image 1,S2P,1,1486,
1775.97,,Spot,1,Image 1,S2P,1,1487,
826.323,,Spot,1,Image 1,S2P,1,1488,
1599.39,,Spot,1,Image 1,S2P,1,1489,
3926.82,,Spot,1,Image 1,S2P,1,1490,
3139.66,,Spot,1,Image 1,S2P,1,1491,
2778.32,,Spot,1,Image 1,S2P,1,1492,
2405.01,,Spot,1,Image 1,S2P,1,1493,
3088.42,,Spot,1,Image 1,S2P,1,1494,
2801.38,,Spot,1,Image 1,S2P,1,1495,
1929.46,,Spot,1,Image 1,S2P,1,1496,
8416.39,,Spot,1,Image 1,S2P,1,1497,
1480.12,,Spot,1,Image 1,S2P,1,1498,
13768.9,,Spot,1,Image 1,S2P,1,1499,
31353.2,,Spot,1,Image 1,S2P,1,1500,
5710.46,,Spot,1,Image 1,S2P,1,1501,
5123.61,,Spot,1,Image 1,S2P,1,1502,
2970.6,,Spot,1,Image 1,S2P,1,1503,
3048.83,,Spot,1,Image 1,S2P,1,1504,
1350.42,,Spot,1,Image 1,S2P,1,1505,
2002.65,,Spot,1,Image 1,S2P,1,1506,
8050.75,,Spot,1,Image 1,S2P,1,1507,
2586.38,,Spot,1,Image 1,S2P,1,1508,
5527.71,,Spot,1,Image 1,S2P,1,1509,
3364,,Spot,1,Image 1,S2P,1,1510,
671.673,,Spot,1,Image 1,S2P,1,1511,
2554.57,,Spot,1,Image 1,S2P,1,1512,
3804.26,,Spot,1,Image 1,S2P,1,1513,
6628.94,,Spot,1,Image 1,S2P,1,1514,
651.461,,Spot,1,Image 1,S2P,1,1515,
1662.3,,Spot,1,Image 1,S2P,1,1516,
57.6713,,Spot,1,Image 1,S2P,1,1517,
1378.97,,Spot,1,Image 1,S2P,1,1518,
1925.48,,Spot,1,Image 1,S2P,1,1519,
4747.94,,Spot,1,Image 1,S2P,1,1520,
3324.08,,Spot,1,Image 1,S2P,1,1521,
429.949,,Spot,1,Image 1,S2P,1,1522,
11697.9,,Spot,1,Image 1,S2P,1,1523,
1372.62,,Spot,1,Image 1,S2P,1,1524,
185.662,,Spot,1,Image 1,S2P,1,1525,
436.975,,Spot,1,Image 1,S2P,1,1526,
965.629,,Spot,1,Image 1,S2P,1,1527,
2201.86,,Spot,1,Image 1,S2P,1,1528,
1201.07,,Spot,1,Image 1,S2P,1,1529,
645.026,,Spot,1,Image 1,S2P,1,1530,
1601.62,,Spot,1,Image 1,S2P,1,1531,
928.947,,Spot,1,Image 1,S2P,1,1532,
697.552,,Spot,1,Image 1,S2P,1,1533,
6472.38,,Spot,1,Image 1,S2P,1,1534,
3386.24,,Spot,1,Image 1,S2P,1,1535,
4799.35,,Spot,1,Image 1,S2P,1,1536,
842.619,,Spot,1,Image 1,S2P,1,1537,
3242.5,,Spot,1,Image 1,S2P,1,1538,
2434.88,,Spot,1,Image 1,S2P,1,1539,
2479.7,,Spot,1,Image 1,S2P,1,1540,
236.855,,Spot,1,Image 1,S2P,1,1541,
12502.7,,Spot,1,Image 1,S2P,1,1542,
2226.53,,Spot,1,Image 1,S2P,1,1543,
2921.77,,Spot,1,Image 1,S2P,1,1544,
8047.63,,Spot,1,Image 1,S2P,1,1545,
2946.19,,Spot,1,Image 1,S2P,1,1546,
1317.5,,Spot,1,Image 1,S2P,1,1547,
571.086,,Spot,1,Image 1,S2P,1,1548,
5349.3,,Spot,1,Image 1,S2P,1,1549,
4618.02,,Spot,1,Image 1,S2P,1,1550,
240.633,,Spot,1,Image 1,S2P,1,1551,
460.449,,Spot,1,Image 1,S2P,1,1552,
1303.42,,Spot,1,Image 1,S2P,1,1553,
1592.27,,Spot,1,Image 1,S2P,1,1554,
987.183,,Spot,1,Image 1,S2P,1,1555,
408.976,,Spot,1,Image 1,S2P,1,1556,
1550.73,,Spot,1,Image 1,S2P,1,1557,
3143.11,,Spot,1,Image 1,S2P,1,1558,
2642.69,,Spot,1,Image 1,S2P,1,1559,
1599.9,,Spot,1,Image 1,S2P,1,1560,
1365.46,,Spot,1,Image 1,S2P,1,1561,
11002.2,,Spot,1,Image 1,S2P,1,1562,
3783.6,,Spot,1,Image 1,S2P,1,1563,
897.624,,Spot,1,Image 1,S2P,1,1564,
435.138,,Spot,1,Image 1,S2P,1,1565,
1184.07,,Spot,1,Image 1,S2P,1,1566,
9857.23,,Spot,1,Image 1,S2P,1,1567,
5770.11,,Spot,1,Image 1,S2P,1,1568,
6426.99,,Spot,1,Image 1,S2P,1,1569,
7332.22,,Spot,1,Image 1,S2P,1,1570,
4518.13,,Spot,1,Image 1,S2P,1,1571,
756.615,,Spot,1,Image 1,S2P,1,1572,
9652.6,,Spot,1,Image 1,S2P,1,1573,
1513.82,,Spot,1,Image 1,S2P,1,1574,
1544.29,,Spot,1,Image 1,S2P,1,1575,
320.154,,Spot,1,Image 1,S2P,1,1576,
989.63,,Spot,1,Image 1,S2P,1,1577,
523.154,,Spot,1,Image 1,S2P,1,1578,
1967.53,,Spot,1,Image 1,S2P,1,1579,
1847.55,,Spot,1,Image 1,S2P,1,1580,
3958.62,,Spot,1,Image 1,S2P,1,1581,
1284.73,,Spot,1,Image 1,S2P,1,1582,
950.613,,Spot,1,Image 1,S2P,1,1583,
955.743,,Spot,1,Image 1,S2P,1,1584,
1105.49,,Spot,1,Image 1,S2P,1,1585,
366.097,,Spot,1,Image 1,S2P,1,1586,
1304.84,,Spot,1,Image 1,S2P,1,1587,
5514.71,,Spot,1,Image 1,S2P,1,1588,
9316.9,,Spot,1,Image 1,S2P,1,1589,
869.746,,Spot,1,Image 1,S2P,1,1590,
1326.52,,Spot,1,Image 1,S2P,1,1591,
2796.53,,Spot,1,Image 1,S2P,1,1592,
1805.67,,Spot,1,Image 1,S2P,1,1593,
624.637,,Spot,1,Image 1,S2P,1,1594,
3061.21,,Spot,1,Image 1,S2P,1,1595,
808.109,,Spot,1,Image 1,S2P,1,1596,
407.9,,Spot,1,Image 1,S2P,1,1597,
332.982,,Spot,1,Image 1,S2P,1,1598,
2791.23,,Spot,1,Image 1,S2P,1,1599,
428.087,,Spot,1,Image 1,S2P,1,1600,
2105.88,,Spot,1,Image 1,S2P,1,1601,
942.512,,Spot,1,Image 1,S2P,1,1602,
2802.35,,Spot,1,Image 1,S2P,1,1603,
1160.68,,Spot,1,Image 1,S2P,1,1604,
945.63,,Spot,1,Image 1,S2P,1,1605,
1773.71,,Spot,1,Image 1,S2P,1,1606,
1895.93,,Spot,1,Image 1,S2P,1,1607,
1427.97,,Spot,1,Image 1,S2P,1,1608,
2428.92,,Spot,1,Image 1,S2P,1,1609,
1835.68,,Spot,1,Image 1,S2P,1,1610,
200.193,,Spot,1,Image 1,S2P,1,1611,
259.952,,Spot,1,Image 1,S2P,1,1612,
1294.25,,Spot,1,Image 1,S2P,1,1613,
2594.72,,Spot,1,Image 1,S2P,1,1614,
6117.74,,Spot,1,Image 1,S2P,1,1615,
1714.96,,Spot,1,Image 1,S2P,1,1616,
1960.66,,Spot,1,Image 1,S2P,1,1617,
307.097,,Spot,1,Image 1,S2P,1,1618,
4723.82,,Spot,1,Image 1,S2P,1,1619,
579.642,,Spot,1,Image 1,S2P,1,1620,
1088.6,,Spot,1,Image 1,S2P,1,1621,
4388.99,,Spot,1,Image 1,S2P,1,1622,
817.036,,Spot,1,Image 1,S2P,1,1623,
1888.7,,Spot,1,Image 1,S2P,1,1624,
636.479,,Spot,1,Image 1,S2P,1,1625,
809.692,,Spot,1,Image 1,S2P,1,1626,
735.73,,Spot,1,Image 1,S2P,1,1627,
767.901,,Spot,1,Image 1,S2P,1,1628,
1416.42,,Spot,1,Image 1,S2P,1,1629,
1727.84,,Spot,1,Image 1,S2P,1,1630,
2251.82,,Spot,1,Image 1,S2P,1,1631,
3861.57,,Spot,1,Image 1,S2P,1,1632,
5416.87,,Spot,1,Image 1,S2P,1,1633,
1218.46,,Spot,1,Image 1,S2P,1,1634,
1178.37,,Spot,1,Image 1,S2P,1,1635,
1746.14,,Spot,1,Image 1,S2P,1,1636,
7410.53,,Spot,1,Image 1,S2P,1,1637,
2593.63,,Spot,1,Image 1,S2P,1,1638,
4322.35,,Spot,1,Image 1,S2P,1,1639,
711.228,,Spot,1,Image 1,S2P,1,1640,
2301.08,,Spot,1,Image 1,S2P,1,1641,
2712.31,,Spot,1,Image 1,S2P,1,1642,
1097.55,,Spot,1,Image 1,S2P,1,1643,
2221.93,,Spot,1,Image 1,S2P,1,1644,
6349.12,,Spot,1,Image 1,S2P,1,1645,
6414.17,,Spot,1,Image 1,S2P,1,1646,
9252.93,,Spot,1,Image 1,S2P,1,1647,
3401.06,,Spot,1,Image 1,S2P,1,1648,
1263.83,,Spot,1,Image 1,S2P,1,1649,
1068.86,,Spot,1,Image 1,S2P,1,1650,
9511.54,,Spot,1,Image 1,S2P,1,1651,
24972.1,,Spot,1,Image 1,S2P,1,1652,
963.491,,Spot,1,Image 1,S2P,1,1653,
253.183,,Spot,1,Image 1,S2P,1,1654,
252.829,,Spot,1,Image 1,S2P,1,1655,
13691.7,,Spot,1,Image 1,S2P,1,1656,
917.876,,Spot,1,Image 1,S2P,1,1657,
308.472,,Spot,1,Image 1,S2P,1,1658,
1901.02,,Spot,1,Image 1,S2P,1,1659,
3346.47,,Spot,1,Image 1,S2P,1,1660,
2381.81,,Spot,1,Image 1,S2P,1,1661,
378.062,,Spot,1,Image 1,S2P,1,1662,
1071.64,,Spot,1,Image 1,S2P,1,1663,
856.523,,Spot,1,Image 1,S2P,1,1664,
11537.1,,Spot,1,Image 1,S2P,1,1665,
844.079,,Spot,1,Image 1,S2P,1,1666,
2404.3,,Spot,1,Image 1,S2P,1,1667,
739.767,,Spot,1,Image 1,S2P,1,1668,
12515.2,,Spot,1,Image 1,S2P,1,1669,
558.504,,Spot,1,Image 1,S2P,1,1670,
3276.21,,Spot,1,Image 1,S2P,1,1671,
6457.5,,Spot,1,Image 1,S2P,1,1672,
1225.82,,Spot,1,Image 1,S2P,1,1673,
2054.14,,Spot,1,Image 1,S2P,1,1674,
1305.78,,Spot,1,Image 1,S2P,1,1675,
6124.08,,Spot,1,Image 1,S2P,1,1676,
10605.5,,Spot,1,Image 1,S2P,1,1677,
1373.91,,Spot,1,Image 1,S2P,1,1678,
3955.08,,Spot,1,Image 1,S2P,1,1679,
4707.55,,Spot,1,Image 1,S2P,1,1680,
6084.57,,Spot,1,Image 1,S2P,1,1681,
1626.62,,Spot,1,Image 1,S2P,1,1682,
3582.52,,Spot,1,Image 1,S2P,1,1683,
1334.73,,Spot,1,Image 1,S2P,1,1684,
3604.77,,Spot,1,Image 1,S2P,1,1685,
945.169,,Spot,1,Image 1,S2P,1,1686,
3850.01,,Spot,1,Image 1,S2P,1,1687,
575.415,,Spot,1,Image 1,S2P,1,1688,
5690.14,,Spot,1,Image 1,S2P,1,1689,
2410.63,,Spot,1,Image 1,S2P,1,1690,
2572.13,,Spot,1,Image 1,S2P,1,1691,
6717.58,,Spot,1,Image 1,S2P,1,1692,
7641.37,,Spot,1,Image 1,S2P,1,1693,
8007.51,,Spot,1,Image 1,S2P,1,1694,
101.991,,Spot,1,Image 1,S2P,1,1695,
2114.03,,Spot,1,Image 1,S2P,1,1696,
1434.81,,Spot,1,Image 1,S2P,1,1697,
8879.97,,Spot,1,Image 1,S2P,1,1698,
4342.82,,Spot,1,Image 1,S2P,1,1699,
6443.53,,Spot,1,Image 1,S2P,1,1700,
1116.04,,Spot,1,Image 1,S2P,1,1701,
813.076,,Spot,1,Image 1,S2P,1,1702,
481.762,,Spot,1,Image 1,S2P,1,1703,
1707.88,,Spot,1,Image 1,S2P,1,1704,
7563.21,,Spot,1,Image 1,S2P,1,1705,
4682.63,,Spot,1,Image 1,S2P,1,1706,
4186.56,,Spot,1,Image 1,S2P,1,1707,
3720.55,,Spot,1,Image 1,S2P,1,1708,
1658.01,,Spot,1,Image 1,S2P,1,1709,
5695.8,,Spot,1,Image 1,S2P,1,1710,
7316.89,,Spot,1,Image 1,S2P,1,1711,
5360.48,,Spot,1,Image 1,S2P,1,1712,
2254.16,,Spot,1,Image 1,S2P,1,1713,
2779.15,,Spot,1,Image 1,S2P,1,1714,
3272.11,,Spot,1,Image 1,S2P,1,1715,
3352.19,,Spot,1,Image 1,S2P,1,1716,
1227.65,,Spot,1,Image 1,S2P,1,1717,
1597.19,,Spot,1,Image 1,S2P,1,1718,
4895.08,,Spot,1,Image 1,S2P,1,1719,
7645.41,,Spot,1,Image 1,S2P,1,1720,
1503.09,,Spot,1,Image 1,S2P,1,1721,
8037.77,,Spot,1,Image 1,S2P,1,1722,
3632.56,,Spot,1,Image 1,S2P,1,1723,
540.142,,Spot,1,Image 1,S2P,1,1724,
4335.79,,Spot,1,Image 1,S2P,1,1725,
3264.47,,Spot,1,Image 1,S2P,1,1726,
7295.11,,Spot,1,Image 1,S2P,1,1727,
2240.08,,Spot,1,Image 1,S2P,1,1728,
1927.97,,Spot,1,Image 1,S2P,1,1729,
2196.82,,Spot,1,Image 1,S2P,1,1730,
6126.89,,Spot,1,Image 1,S2P,1,1731,
1111.24,,Spot,1,Image 1,S2P,1,1732,
2936.29,,Spot,1,Image 1,S2P,1,1733,
1461.71,,Spot,1,Image 1,S2P,1,1734,
4971.67,,Spot,1,Image 1,S2P,1,1735,
1428.27,,Spot,1,Image 1,S2P,1,1736,
3429.04,,Spot,1,Image 1,S2P,1,1737,
1898.39,,Spot,1,Image 1,S2P,1,1738,
5076.31,,Spot,1,Image 1,S2P,1,1739,
4250.82,,Spot,1,Image 1,S2P,1,1740,
1016.43,,Spot,1,Image 1,S2P,1,1741,
1525.84,,Spot,1,Image 1,S2P,1,1742,
2345.18,,Spot,1,Image 1,S2P,1,1743,
6980.01,,Spot,1,Image 1,S2P,1,1744,
462.663,,Spot,1,Image 1,S2P,1,1745,
13466,,Spot,1,Image 1,S2P,1,1746,
5356.44,,Spot,1,Image 1,S2P,1,1747,
2726.12,,Spot,1,Image 1,S2P,1,1748,
2237.36,,Spot,1,Image 1,S2P,1,1749,
12468.5,,Spot,1,Image 1,S2P,1,1750,
2638.4,,Spot,1,Image 1,S2P,1,1751,
2709.43,,Spot,1,Image 1,S2P,1,1752,
7295.29,,Spot,1,Image 1,S2P,1,1753,
374.522,,Spot,1,Image 1,S2P,1,1754,
1384.28,,Spot,1,Image 1,S2P,1,1755,
2448.73,,Spot,1,Image 1,S2P,1,1756,
1366.77,,Spot,1,Image 1,S2P,1,1757,
1780.72,,Spot,1,Image 1,S2P,1,1758,
12603.8,,Spot,1,Image 1,S2P,1,1759,
488.713,,Spot,1,Image 1,S2P,1,1760,
4838.43,,Spot,1,Image 1,S2P,1,1761,
2565.67,,Spot,1,Image 1,S2P,1,1762,
5497.62,,Spot,1,Image 1,S2P,1,1763,
1811.1,,Spot,1,Image 1,S2P,1,1764,
16017.4,,Spot,1,Image 1,S2P,1,1765,
1469.29,,Spot,1,Image 1,S2P,1,1766,
10316.9,,Spot,1,Image 1,S2P,1,1767,
2250.42,,Spot,1,Image 1,S2P,1,1768,
4365.15,,Spot,1,Image 1,S2P,1,1769,
4060.83,,Spot,1,Image 1,S2P,1,1770,
3141.78,,Spot,1,Image 1,S2P,1,1771,
99.1589,,Spot,1,Image 1,S2P,1,1772,
2939.83,,Spot,1,Image 1,S2P,1,1773,
1271.61,,Spot,1,Image 1,S2P,1,1774,
1890.28,,Spot,1,Image 1,S2P,1,1775,
529.272,,Spot,1,Image 1,S2P,1,1776,
1566.51,,Spot,1,Image 1,S2P,1,1777,
39.0821,,Spot,1,Image 1,S2P,1,1778,
3406.07,,Spot,1,Image 1,S2P,1,1779,
9706.85,,Spot,1,Image 1,S2P,1,1780,
228.122,,Spot,1,Image 1,S2P,1,1781,
3373.89,,Spot,1,Image 1,S2P,1,1782,
7510.33,,Spot,1,Image 1,S2P,1,1783,
6466.19,,Spot,1,Image 1,S2P,1,1784,
4611.73,,Spot,1,Image 1,S2P,1,1785,
4529.31,,Spot,1,Image 1,S2P,1,1786,
3216.29,,Spot,1,Image 1,S2P,1,1787,
2137.99,,Spot,1,Image 1,S2P,1,1788,
548.47,,Spot,1,Image 1,S2P,1,1789,
1466.21,,Spot,1,Image 1,S2P,1,1790,
825.965,,Spot,1,Image 1,S2P,1,1791,
4386.21,,Spot,1,Image 1,S2P,1,1792,
2197.21,,Spot,1,Image 1,S2P,1,1793,
737.008,,Spot,1,Image 1,S2P,1,1794,
741.443,,Spot,1,Image 1,S2P,1,1795,
9022.11,,Spot,1,Image 1,S2P,1,1796,
22057.9,,Spot,1,Image 1,S2P,1,1797,
10298.2,,Spot,1,Image 1,S2P,1,1798,
1213.43,,Spot,1,Image 1,S2P,1,1799,
1796.73,,Spot,1,Image 1,S2P,1,1800,
2277.94,,Spot,1,Image 1,S2P,1,1801,
2213.46,,Spot,1,Image 1,S2P,1,1802,
4217.47,,Spot,1,Image 1,S2P,1,1803,
1016.31,,Spot,1,Image 1,S2P,1,1804,
1427.79,,Spot,1,Image 1,S2P,1,1805,
11506.2,,Spot,1,Image 1,S2P,1,1806,
907.981,,Spot,1,Image 1,S2P,1,1807,
8946.6,,Spot,1,Image 1,S2P,1,1808,
2385.05,,Spot,1,Image 1,S2P,1,1809,
2245.42,,Spot,1,Image 1,S2P,1,1810,
2110.52,,Spot,1,Image 1,S2P,1,1811,
659.408,,Spot,1,Image 1,S2P,1,1812,
5471.24,,Spot,1,Image 1,S2P,1,1813,
3458.3,,Spot,1,Image 1,S2P,1,1814,
592.795,,Spot,1,Image 1,S2P,1,1815,
2075.2,,Spot,1,Image 1,S2P,1,1816,
1998.26,,Spot,1,Image 1,S2P,1,1817,
3108.15,,Spot,1,Image 1,S2P,1,1818,
553.773,,Spot,1,Image 1,S2P,1,1819,
5030.96,,Spot,1,Image 1,S2P,1,1820,
7785.03,,Spot,1,Image 1,S2P,1,1821,
10860.2,,Spot,1,Image 1,S2P,1,1822,
13687.7,,Spot,1,Image 1,S2P,1,1823,
2041.52,,Spot,1,Image 1,S2P,1,1824,
4193.91,,Spot,1,Image 1,S2P,1,1825,
3016.31,,Spot,1,Image 1,S2P,1,1826,
437.88,,Spot,1,Image 1,S2P,1,1827,
9658.38,,Spot,1,Image 1,S2P,1,1828,
1562.63,,Spot,1,Image 1,S2P,1,1829,
12353.2,,Spot,1,Image 1,S2P,1,1830,
3847.72,,Spot,1,Image 1,S2P,1,1831,
1037.1,,Spot,1,Image 1,S2P,1,1832,
1990.22,,Spot,1,Image 1,S2P,1,1833,
2173.13,,Spot,1,Image 1,S2P,1,1834,
690.146,,Spot,1,Image 1,S2P,1,1835,
4506.27,,Spot,1,Image 1,S2P,1,1836,
15049.2,,Spot,1,Image 1,S2P,1,1837,
1467.68,,Spot,1,Image 1,S2P,1,1838,
1694.26,,Spot,1,Image 1,S2P,1,1839,
9287.65,,Spot,1,Image 1,S2P,1,1840,
1276.19,,Spot,1,Image 1,S2P,1,1841,
940.151,,Spot,1,Image 1,S2P,1,1842,
6644.4,,Spot,1,Image 1,S2P,1,1843,
2545.79,,Spot,1,Image 1,S2P,1,1844,
4011.82,,Spot,1,Image 1,S2P,1,1845,
4944.49,,Spot,1,Image 1,S2P,1,1846,
2174.14,,Spot,1,Image 1,S2P,1,1847,
6909.66,,Spot,1,Image 1,S2P,1,1848,
1011.36,,Spot,1,Image 1,S2P,1,1849,
2443.43,,Spot,1,Image 1,S2P,1,1850,
336.991,,Spot,1,Image 1,S2P,1,1851,
5863.61,,Spot,1,Image 1,S2P,1,1852,
2914.33,,Spot,1,Image 1,S2P,1,1853,
2859.33,,Spot,1,Image 1,S2P,1,1854,
1628.99,,Spot,1,Image 1,S2P,1,1855,
1023.33,,Spot,1,Image 1,S2P,1,1856,
4832.87,,Spot,1,Image 1,S2P,1,1857,
892.508,,Spot,1,Image 1,S2P,1,1858,
8756.26,,Spot,1,Image 1,S2P,1,1859,
2789,,Spot,1,Image 1,S2P,1,1860,
715.163,,Spot,1,Image 1,S2P,1,1861,
440.571,,Spot,1,Image 1,S2P,1,1862,
7426.41,,Spot,1,Image 1,S2P,1,1863,
1286.35,,Spot,1,Image 1,S2P,1,1864,
3571.33,,Spot,1,Image 1,S2P,1,1865,
1290.53,,Spot,1,Image 1,S2P,1,1866,
1638.89,,Spot,1,Image 1,S2P,1,1867,
18902.7,,Spot,1,Image 1,S2P,1,1868,
3950.72,,Spot,1,Image 1,S2P,1,1869,
652.534,,Spot,1,Image 1,S2P,1,1870,
4896,,Spot,1,Image 1,S2P,1,1871,
1531.5,,Spot,1,Image 1,S2P,1,1872,
1027.41,,Spot,1,Image 1,S2P,1,1873,
715.392,,Spot,1,Image 1,S2P,1,1874,
3016.24,,Spot,1,Image 1,S2P,1,1875,
515.257,,Spot,1,Image 1,S2P,1,1876,
616.499,,Spot,1,Image 1,S2P,1,1877,
4585.88,,Spot,1,Image 1,S2P,1,1878,
1440.09,,Spot,1,Image 1,S2P,1,1879,
2404.18,,Spot,1,Image 1,S2P,1,1880,
1274.97,,Spot,1,Image 1,S2P,1,1881,
5752.11,,Spot,1,Image 1,S2P,1,1882,
622.695,,Spot,1,Image 1,S2P,1,1883,
4074.49,,Spot,1,Image 1,S2P,1,1884,
2960.27,,Spot,1,Image 1,S2P,1,1885,
760.742,,Spot,1,Image 1,S2P,1,1886,
5778.33,,Spot,1,Image 1,S2P,1,1887,
1051.42,,Spot,1,Image 1,S2P,1,1888,
1414.64,,Spot,1,Image 1,S2P,1,1889,
1420.84,,Spot,1,Image 1,S2P,1,1890,
1954.4,,Spot,1,Image 1,S2P,1,1891,
759.718,,Spot,1,Image 1,S2P,1,1892,
7975.15,,Spot,1,Image 1,S2P,1,1893,
3198.57,,Spot,1,Image 1,S2P,1,1894,
3837.51,,Spot,1,Image 1,S2P,1,1895,
2139.48,,Spot,1,Image 1,S2P,1,1896,
665.161,,Spot,1,Image 1,S2P,1,1897,
3794.58,,Spot,1,Image 1,S2P,1,1898,
4034.69,,Spot,1,Image 1,S2P,1,1899,
2181.23,,Spot,1,Image 1,S2P,1,1900,
1799.85,,Spot,1,Image 1,S2P,1,1901,
1358.88,,Spot,1,Image 1,S2P,1,1902,
888.873,,Spot,1,Image 1,S2P,1,1903,
455.21,,Spot,1,Image 1,S2P,1,1904,
4671.67,,Spot,1,Image 1,S2P,1,1905,
15614.9,,Spot,1,Image 1,S2P,1,1906,
900.251,,Spot,1,Image 1,S2P,1,1907,
2230.45,,Spot,1,Image 1,S2P,1,1908,
1209.4,,Spot,1,Image 1,S2P,1,1909,
4660.35,,Spot,1,Image 1,S2P,1,1910,
5396.31,,Spot,1,Image 1,S2P,1,1911,
713.098,,Spot,1,Image 1,S2P,1,1912,
617.465,,Spot,1,Image 1,S2P,1,1913,
801.461,,Spot,1,Image 1,S2P,1,1914,
807.73,,Spot,1,Image 1,S2P,1,1915,
8034.33,,Spot,1,Image 1,S2P,1,1916,
808.117,,Spot,1,Image 1,S2P,1,1917,
2942.78,,Spot,1,Image 1,S2P,1,1918,
3081.34,,Spot,1,Image 1,S2P,1,1919,
2894.05,,Spot,1,Image 1,S2P,1,1920,
2336.31,,Spot,1,Image 1,S2P,1,1921,
603.253,,Spot,1,Image 1,S2P,1,1922,
3614.32,,Spot,1,Image 1,S2P,1,1923,
1321.06,,Spot,1,Image 1,S2P,1,1924,
3337.03,,Spot,1,Image 1,S2P,1,1925,
1630.77,,Spot,1,Image 1,S2P,1,1926,
6090.12,,Spot,1,Image 1,S2P,1,1927,
8204.87,,Spot,1,Image 1,S2P,1,1928,
1135.26,,Spot,1,Image 1,S2P,1,1929,
4272.65,,Spot,1,Image 1,S2P,1,1930,
2131.04,,Spot,1,Image 1,S2P,1,1931,
6162.89,,Spot,1,Image 1,S2P,1,1932,
2026.7,,Spot,1,Image 1,S2P,1,1933,
4865.02,,Spot,1,Image 1,S2P,1,1934,
1419.52,,Spot,1,Image 1,S2P,1,1935,
6368.16,,Spot,1,Image 1,S2P,1,1936,
6064.03,,Spot,1,Image 1,S2P,1,1937,
4765.68,,Spot,1,Image 1,S2P,1,1938,
600.984,,Spot,1,Image 1,S2P,1,1939,
345.944,,Spot,1,Image 1,S2P,1,1940,
1128.54,,Spot,1,Image 1,S2P,1,1941,
1311.1,,Spot,1,Image 1,S2P,1,1942,
6909.42,,Spot,1,Image 1,S2P,1,1943,
1938.46,,Spot,1,Image 1,S2P,1,1944,
7514.07,,Spot,1,Image 1,S2P,1,1945,
1353.79,,Spot,1,Image 1,S2P,1,1946,
9974.39,,Spot,1,Image 1,S2P,1,1947,
1134.86,,Spot,1,Image 1,S2P,1,1948,
2217.95,,Spot,1,Image 1,S2P,1,1949,
2193.27,,Spot,1,Image 1,S2P,1,1950,
647.307,,Spot,1,Image 1,S2P,1,1951,
563.255,,Spot,1,Image 1,S2P,1,1952,
729.683,,Spot,1,Image 1,S2P,1,1953,
2077.04,,Spot,1,Image 1,S2P,1,1954,
3045.95,,Spot,1,Image 1,S2P,1,1955,
3934.49,,Spot,1,Image 1,S2P,1,1956,
7321.7,,Spot,1,Image 1,S2P,1,1957,
1452.24,,Spot,1,Image 1,S2P,1,1958,
6014.3,,Spot,1,Image 1,S2P,1,1959,
323.874,,Spot,1,Image 1,S2P,1,1960,
1861.76,,Spot,1,Image 1,S2P,1,1961,
4220.18,,Spot,1,Image 1,S2P,1,1962,
2720.48,,Spot,1,Image 1,S2P,1,1963,
7918.79,,Spot,1,Image 1,S2P,1,1964,
4159.48,,Spot,1,Image 1,S2P,1,1965,
1061.55,,Spot,1,Image 1,S2P,1,1966,
797.446,,Spot,1,Image 1,S2P,1,1967,
3235.97,,Spot,1,Image 1,S2P,1,1968,
4741.92,,Spot,1,Image 1,S2P,1,1969,
1380.29,,Spot,1,Image 1,S2P,1,1970,
3103.92,,Spot,1,Image 1,S2P,1,1971,
34224.8,,Spot,1,Image 1,S2P,1,1972,
1390.84,,Spot,1,Image 1,S2P,1,1973,
1354.2,,Spot,1,Image 1,S2P,1,1974,
3348.2,,Spot,1,Image 1,S2P,1,1975,
482.725,,Spot,1,Image 1,S2P,1,1976,
8433.78,,Spot,1,Image 1,S2P,1,1977,
3557.52,,Spot,1,Image 1,S2P,1,1978,
3432.76,,Spot,1,Image 1,S2P,1,1979,
3533,,Spot,1,Image 1,S2P,1,1980,
897.053,,Spot,1,Image 1,S2P,1,1981,
1212.48,,Spot,1,Image 1,S2P,1,1982,
25633.3,,Spot,1,Image 1,S2P,1,1983,
4357.49,,Spot,1,Image 1,S2P,1,1984,
453.616,,Spot,1,Image 1,S2P,1,1985,
1683.62,,Spot,1,Image 1,S2P,1,1986,
4500.71,,Spot,1,Image 1,S2P,1,1987,
1021.58,,Spot,1,Image 1,S2P,1,1988,
1702.87,,Spot,1,Image 1,S2P,1,1989,
1744.8,,Spot,1,Image 1,S2P,1,1990,
6119.47,,Spot,1,Image 1,S2P,1,1991,
2658.05,,Spot,1,Image 1,S2P,1,1992,
1442.99,,Spot,1,Image 1,S2P,1,1993,
5530.91,,Spot,1,Image 1,S2P,1,1994,
2212.84,,Spot,1,Image 1,S2P,1,1995,
1000.07,,Spot,1,Image 1,S2P,1,1996,
1172.41,,Spot,1,Image 1,S2P,1,1997,
1597.59,,Spot,1,Image 1,S2P,1,1998,
306.277,,Spot,1,Image 1,S2P,1,1999,
102.135,,Spot,1,Image 1,S2P,1,2000,
479.048,,Spot,1,Image 1,S2P,1,2001,
494.958,,Spot,1,Image 1,S2P,1,2002,
725.204,,Spot,1,Image 1,S2P,1,2003,
1523.42,,Spot,1,Image 1,S2P,1,2004,
428.149,,Spot,1,Image 1,S2P,1,2005,
1518.33,,Spot,1,Image 1,S2P,1,2006,
2002.22,,Spot,1,Image 1,S2P,1,2007,
2916.59,,Spot,1,Image 1,S2P,1,2008,
1074.19,,Spot,1,Image 1,S2P,1,2009,
1717.67,,Spot,1,Image 1,S2P,1,2010,
9737.2,,Spot,1,Image 1,S2P,1,2011,
1945.37,,Spot,1,Image 1,S2P,1,2012,
3207.14,,Spot,1,Image 1,S2P,1,2013,
1562.55,,Spot,1,Image 1,S2P,1,2014,
604.528,,Spot,1,Image 1,S2P,1,2015,
10526.8,,Spot,1,Image 1,S2P,1,2016,
5703.7,,Spot,1,Image 1,S2P,1,2017,
1288.08,,Spot,1,Image 1,S2P,1,2018,
2380.21,,Spot,1,Image 1,S2P,1,2019,
3326.69,,Spot,1,Image 1,S2P,1,2020,
4861.7,,Spot,1,Image 1,S2P,1,2021,
807.681,,Spot,1,Image 1,S2P,1,2022,
1444.45,,Spot,1,Image 1,S2P,1,2023,
809.83,,Spot,1,Image 1,S2P,1,2024,
3449.6,,Spot,1,Image 1,S2P,1,2025,
201.294,,Spot,1,Image 1,S2P,1,2026,
725.674,,Spot,1,Image 1,S2P,1,2027,
12012.8,,Spot,1,Image 1,S2P,1,2028,
2009.86,,Spot,1,Image 1,S2P,1,2029,
3161.58,,Spot,1,Image 1,S2P,1,2030,
4799.26,,Spot,1,Image 1,S2P,1,2031,
1119.89,,Spot,1,Image 1,S2P,1,2032,
697.453,,Spot,1,Image 1,S2P,1,2033,
7127.21,,Spot,1,Image 1,S2P,1,2034,
1506.92,,Spot,1,Image 1,S2P,1,2035,
4848.22,,Spot,1,Image 1,S2P,1,2036,
2020.56,,Spot,1,Image 1,S2P,1,2037,
7702.37,,Spot,1,Image 1,S2P,1,2038,
2218.79,,Spot,1,Image 1,S2P,1,2039,
3950.49,,Spot,1,Image 1,S2P,1,2040,
3285.43,,Spot,1,Image 1,S2P,1,2041,
1566.93,,Spot,1,Image 1,S2P,1,2042,
2718.17,,Spot,1,Image 1,S2P,1,2043,
2587.73,,Spot,1,Image 1,S2P,1,2044,
2622.49,,Spot,1,Image 1,S2P,1,2045,
78.598,,Spot,1,Image 1,S2P,1,2046,
300.411,,Spot,1,Image 1,S2P,1,2047,
430.079,,Spot,1,Image 1,S2P,1,2048,
2901.35,,Spot,1,Image 1,S2P,1,2049,
547.638,,Spot,1,Image 1,S2P,1,2050,
2033.09,,Spot,1,Image 1,S2P,1,2051,
1265.93,,Spot,1,Image 1,S2P,1,2052,
1069.55,,Spot,1,Image 1,S2P,1,2053,
687.519,,Spot,1,Image 1,S2P,1,2054,
168.174,,Spot,1,Image 1,S2P,1,2055,
446.919,,Spot,1,Image 1,S2P,1,2056,
2265.8,,Spot,1,Image 1,S2P,1,2057,
3225.36,,Spot,1,Image 1,S2P,1,2058,
1131.71,,Spot,1,Image 1,S2P,1,2059,
3408.35,,Spot,1,Image 1,S2P,1,2060,
1224.59,,Spot,1,Image 1,S2P,1,2061,
3065.87,,Spot,1,Image 1,S2P,1,2062,
5022.93,,Spot,1,Image 1,S2P,1,2063,
476.078,,Spot,1,Image 1,S2P,1,2064,
6246.37,,Spot,1,Image 1,S2P,1,2065,
3676.03,,Spot,1,Image 1,S2P,1,2066,
184.015,,Spot,1,Image 1,S2P,1,2067,
4870.04,,Spot,1,Image 1,S2P,1,2068,
1496.21,,Spot,1,Image 1,S2P,1,2069,
7391.19,,Spot,1,Image 1,S2P,1,2070,
4361.15,,Spot,1,Image 1,S2P,1,2071,
2077.63,,Spot,1,Image 1,S2P,1,2072,
6704.73,,Spot,1,Image 1,S2P,1,2073,
211.652,,Spot,1,Image 1,S2P,1,2074,
3058.05,,Spot,1,Image 1,S2P,1,2075,
1075.83,,Spot,1,Image 1,S2P,1,2076,
9726.91,,Spot,1,Image 1,S2P,1,2077,
4068.18,,Spot,1,Image 1,S2P,1,2078,
5530.88,,Spot,1,Image 1,S2P,1,2079,
8007.76,,Spot,1,Image 1,S2P,1,2080,
3621.37,,Spot,1,Image 1,S2P,1,2081,
5446.61,,Spot,1,Image 1,S2P,1,2082,
3706.69,,Spot,1,Image 1,S2P,1,2083,
5096.69,,Spot,1,Image 1,S2P,1,2084,
4532.66,,Spot,1,Image 1,S2P,1,2085,
4446.64,,Spot,1,Image 1,S2P,1,2086,
7804.26,,Spot,1,Image 1,S2P,1,2087,
1448.49,,Spot,1,Image 1,S2P,1,2088,
973.131,,Spot,1,Image 1,S2P,1,2089,
720.812,,Spot,1,Image 1,S2P,1,2090,
4061.76,,Spot,1,Image 1,S2P,1,2091,
1439.17,,Spot,1,Image 1,S2P,1,2092,
739.271,,Spot,1,Image 1,S2P,1,2093,
4295.1,,Spot,1,Image 1,S2P,1,2094,
557.543,,Spot,1,Image 1,S2P,1,2095,
890.899,,Spot,1,Image 1,S2P,1,2096,
11123.7,,Spot,1,Image 1,S2P,1,2097,
1585.72,,Spot,1,Image 1,S2P,1,2098,
2281.33,,Spot,1,Image 1,S2P,1,2099,
958.576,,Spot,1,Image 1,S2P,1,2100,
295.138,,Spot,1,Image 1,S2P,1,2101,
2530.55,,Spot,1,Image 1,S2P,1,2102,
2087.88,,Spot,1,Image 1,S2P,1,2103,
1771.92,,Spot,1,Image 1,S2P,1,2104,
1631.14,,Spot,1,Image 1,S2P,1,2105,
72.7154,,Spot,1,Image 1,S2P,1,2106,
5977.21,,Spot,1,Image 1,S2P,1,2107,
2186.86,,Spot,1,Image 1,S2P,1,2108,
898.067,,Spot,1,Image 1,S2P,1,2109,
1666.01,,Spot,1,Image 1,S2P,1,2110,
2088.89,,Spot,1,Image 1,S2P,1,2111,
1902.82,,Spot,1,Image 1,S2P,1,2112,
2267.59,,Spot,1,Image 1,S2P,1,2113,
2645.12,,Spot,1,Image 1,S2P,1,2114,
926.243,,Spot,1,Image 1,S2P,1,2115,
364.422,,Spot,1,Image 1,S2P,1,2116,
497.303,,Spot,1,Image 1,S2P,1,2117,
362.147,,Spot,1,Image 1,S2P,1,2118,
9118.82,,Spot,1,Image 1,S2P,1,2119,
2695.88,,Spot,1,Image 1,S2P,1,2120,
3006.34,,Spot,1,Image 1,S2P,1,2121,
4493.68,,Spot,1,Image 1,S2P,1,2122,
7053.83,,Spot,1,Image 1,S2P,1,2123,
5470.67,,Spot,1,Image 1,S2P,1,2124,
1699.15,,Spot,1,Image 1,S2P,1,2125,
360.299,,Spot,1,Image 1,S2P,1,2126,
2600.01,,Spot,1,Image 1,S2P,1,2127,
3302.63,,Spot,1,Image 1,S2P,1,2128,
12644.3,,Spot,1,Image 1,S2P,1,2129,
5260.31,,Spot,1,Image 1,S2P,1,2130,
859.827,,Spot,1,Image 1,S2P,1,2131,
3350.97,,Spot,1,Image 1,S2P,1,2132,
335.298,,Spot,1,Image 1,S2P,1,2133,
2767.98,,Spot,1,Image 1,S2P,1,2134,
2348.21,,Spot,1,Image 1,S2P,1,2135,
2338.48,,Spot,1,Image 1,S2P,1,2136,
980.774,,Spot,1,Image 1,S2P,1,2137,
3179.2,,Spot,1,Image 1,S2P,1,2138,
2755.8,,Spot,1,Image 1,S2P,1,2139,
4741.52,,Spot,1,Image 1,S2P,1,2140,
4201.22,,Spot,1,Image 1,S2P,1,2141,
248.63,,Spot,1,Image 1,S2P,1,2142,
4316.94,,Spot,1,Image 1,S2P,1,2143,
4692.15,,Spot,1,Image 1,S2P,1,2144,
3564.14,,Spot,1,Image 1,S2P,1,2145,
5850.4,,Spot,1,Image 1,S2P,1,2146,
2102.26,,Spot,1,Image 1,S2P,1,2147,
579.799,,Spot,1,Image 1,S2P,1,2148,
2928.3,,Spot,1,Image 1,S2P,1,2149,
5088.37,,Spot,1,Image 1,S2P,1,2150,
1381.59,,Spot,1,Image 1,S2P,1,2151,
14952.1,,Spot,1,Image 1,S2P,1,2152,
8595.37,,Spot,1,Image 1,S2P,1,2153,
4187.16,,Spot,1,Image 1,S2P,1,2154,
3418.11,,Spot,1,Image 1,S2P,1,2155,
1353.05,,Spot,1,Image 1,S2P,1,2156,
919.949,,Spot,1,Image 1,S2P,1,2157,
2102.55,,Spot,1,Image 1,S2P,1,2158,
7180.04,,Spot,1,Image 1,S2P,1,2159,
358.767,,Spot,1,Image 1,S2P,1,2160,
1934.85,,Spot,1,Image 1,S2P,1,2161,
4670.94,,Spot,1,Image 1,S2P,1,2162,
4495.19,,Spot,1,Image 1,S2P,1,2163,
2468.04,,Spot,1,Image 1,S2P,1,2164,
553.859,,Spot,1,Image 1,S2P,1,2165,
2065.89,,Spot,1,Image 1,S2P,1,2166,
3951.48,,Spot,1,Image 1,S2P,1,2167,
825.937,,Spot,1,Image 1,S2P,1,2168,
4371.11,,Spot,1,Image 1,S2P,1,2169,
3102.74,,Spot,1,Image 1,S2P,1,2170,
1606.13,,Spot,1,Image 1,S2P,1,2171,
2064,,Spot,1,Image 1,S2P,1,2172,
1377.05,,Spot,1,Image 1,S2P,1,2173,
8810.45,,Spot,1,Image 1,S2P,1,2174,
3242.86,,Spot,1,Image 1,S2P,1,2175,
2777.96,,Spot,1,Image 1,S2P,1,2176,
6486.25,,Spot,1,Image 1,S2P,1,2177,
1625.18,,Spot,1,Image 1,S2P,1,2178,
494.045,,Spot,1,Image 1,S2P,1,2179,
2141,,Spot,1,Image 1,S2P,1,2180,
454.908,,Spot,1,Image 1,S2P,1,2181,
58.6118,,Spot,1,Image 1,S2P,1,2182,
5853.05,,Spot,1,Image 1,S2P,1,2183,
95.025,,Spot,1,Image 1,S2P,1,2184,
487.304,,Spot,1,Image 1,S2P,1,2185,
1127.47,,Spot,1,Image 1,S2P,1,2186,
3091.74,,Spot,1,Image 1,S2P,1,2187,
889.055,,Spot,1,Image 1,S2P,1,2188,
623.842,,Spot,1,Image 1,S2P,1,2189,
117.726,,Spot,1,Image 1,S2P,1,2190,
2368.96,,Spot,1,Image 1,S2P,1,2191,
3139.73,,Spot,1,Image 1,S2P,1,2192,
941.751,,Spot,1,Image 1,S2P,1,2193,
1267.07,,Spot,1,Image 1,S2P,1,2194,
171.979,,Spot,1,Image 1,S2P,1,2195,
181.029,,Spot,1,Image 1,S2P,1,2196,
1375.92,,Spot,1,Image 1,S2P,1,2197,
