
Shortest Distance to Surfaces Surfaces=Nucleus
 ==================== 
Shortest Distance to Surfaces,Unit,Category,Surfaces,Surpass Object,Time,ID,
0.00199783,um,Spot,Nucleus,S2P,1,0,
-0.0702898,um,Spot,Nucleus,S2P,1,1,
-0.0274777,um,Spot,Nucleus,S2P,1,2,
0.0225373,um,Spot,Nucleus,S2P,1,3,
-0.0231534,um,Spot,Nucleus,S2P,1,4,
-0.0404565,um,Spot,Nucleus,S2P,1,5,
0.0275491,um,Spot,Nucleus,S2P,1,6,
0.0188161,um,Spot,Nucleus,S2P,1,7,
-0.055123,um,Spot,Nucleus,S2P,1,8,
-0.0276939,um,Spot,Nucleus,S2P,1,9,
-0.0681514,um,Spot,Nucleus,S2P,1,10,
-0.215315,um,Spot,Nucleus,S2P,1,11,
0.00169882,um,Spot,Nucleus,S2P,1,12,
0.0139375,um,Spot,Nucleus,S2P,1,13,
0.000396616,um,Spot,Nucleus,S2P,1,14,
-0.0599078,um,Spot,Nucleus,S2P,1,15,
-0.0170004,um,Spot,Nucleus,S2P,1,16,
-0.108334,um,Spot,Nucleus,S2P,1,17,
-0.155129,um,Spot,Nucleus,S2P,1,18,
-0.0927554,um,Spot,Nucleus,S2P,1,19,
-0.256276,um,Spot,Nucleus,S2P,1,20,
-0.309279,um,Spot,Nucleus,S2P,1,21,
-0.00391597,um,Spot,Nucleus,S2P,1,22,
-0.0574596,um,Spot,Nucleus,S2P,1,23,
-0.0479509,um,Spot,Nucleus,S2P,1,24,
-0.0328164,um,Spot,Nucleus,S2P,1,25,
-0.157811,um,Spot,Nucleus,S2P,1,26,
0.0107848,um,Spot,Nucleus,S2P,1,27,
0.00141863,um,Spot,Nucleus,S2P,1,28,
-0.0937646,um,Spot,Nucleus,S2P,1,29,
0.0205397,um,Spot,Nucleus,S2P,1,30,
-0.0467651,um,Spot,Nucleus,S2P,1,31,
-0.240806,um,Spot,Nucleus,S2P,1,32,
0.0158438,um,Spot,Nucleus,S2P,1,33,
-0.259634,um,Spot,Nucleus,S2P,1,34,
-0.376582,um,Spot,Nucleus,S2P,1,35,
0.00350588,um,Spot,Nucleus,S2P,1,36,
-0.0543239,um,Spot,Nucleus,S2P,1,37,
0.0175342,um,Spot,Nucleus,S2P,1,38,
-0.204856,um,Spot,Nucleus,S2P,1,39,
-0.129275,um,Spot,Nucleus,S2P,1,40,
-0.205879,um,Spot,Nucleus,S2P,1,41,
-0.245277,um,Spot,Nucleus,S2P,1,42,
-0.0968692,um,Spot,Nucleus,S2P,1,43,
-0.271518,um,Spot,Nucleus,S2P,1,44,
-0.0253082,um,Spot,Nucleus,S2P,1,45,
-0.460004,um,Spot,Nucleus,S2P,1,46,
-0.204055,um,Spot,Nucleus,S2P,1,47,
-0.209037,um,Spot,Nucleus,S2P,1,48,
-0.305135,um,Spot,Nucleus,S2P,1,49,
-0.0698055,um,Spot,Nucleus,S2P,1,50,
-0.252413,um,Spot,Nucleus,S2P,1,51,
-0.150665,um,Spot,Nucleus,S2P,1,52,
-0.0259787,um,Spot,Nucleus,S2P,1,53,
-0.176479,um,Spot,Nucleus,S2P,1,54,
0.0445218,um,Spot,Nucleus,S2P,1,55,
-0.433429,um,Spot,Nucleus,S2P,1,56,
-0.469513,um,Spot,Nucleus,S2P,1,57,
-0.0460787,um,Spot,Nucleus,S2P,1,58,
-0.142783,um,Spot,Nucleus,S2P,1,59,
0.059358,um,Spot,Nucleus,S2P,1,60,
-0.0399197,um,Spot,Nucleus,S2P,1,61,
-0.162684,um,Spot,Nucleus,S2P,1,62,
-0.131704,um,Spot,Nucleus,S2P,1,63,
-0.436801,um,Spot,Nucleus,S2P,1,64,
-0.276369,um,Spot,Nucleus,S2P,1,65,
-0.25518,um,Spot,Nucleus,S2P,1,66,
-0.560522,um,Spot,Nucleus,S2P,1,67,
-0.0821837,um,Spot,Nucleus,S2P,1,68,
-0.0216543,um,Spot,Nucleus,S2P,1,69,
-0.0285703,um,Spot,Nucleus,S2P,1,70,
0.0480857,um,Spot,Nucleus,S2P,1,71,
-0.0800707,um,Spot,Nucleus,S2P,1,72,
-0.0113829,um,Spot,Nucleus,S2P,1,73,
-0.467532,um,Spot,Nucleus,S2P,1,74,
-0.364756,um,Spot,Nucleus,S2P,1,75,
-0.0267388,um,Spot,Nucleus,S2P,1,76,
-0.130522,um,Spot,Nucleus,S2P,1,77,
0.00379158,um,Spot,Nucleus,S2P,1,78,
-0.563118,um,Spot,Nucleus,S2P,1,79,
0.0309243,um,Spot,Nucleus,S2P,1,80,
0.0416183,um,Spot,Nucleus,S2P,1,81,
0.00311651,um,Spot,Nucleus,S2P,1,82,
-0.0491145,um,Spot,Nucleus,S2P,1,83,
-0.210573,um,Spot,Nucleus,S2P,1,84,
-0.141505,um,Spot,Nucleus,S2P,1,85,
-0.423651,um,Spot,Nucleus,S2P,1,86,
-0.372694,um,Spot,Nucleus,S2P,1,87,
-0.151992,um,Spot,Nucleus,S2P,1,88,
-0.582718,um,Spot,Nucleus,S2P,1,89,
-0.469092,um,Spot,Nucleus,S2P,1,90,
0.0315712,um,Spot,Nucleus,S2P,1,91,
-0.145381,um,Spot,Nucleus,S2P,1,92,
-0.56892,um,Spot,Nucleus,S2P,1,93,
-0.469184,um,Spot,Nucleus,S2P,1,94,
-0.0507418,um,Spot,Nucleus,S2P,1,95,
-0.287735,um,Spot,Nucleus,S2P,1,96,
0.0490153,um,Spot,Nucleus,S2P,1,97,
0.0168701,um,Spot,Nucleus,S2P,1,98,
0.00776222,um,Spot,Nucleus,S2P,1,99,
0.0311894,um,Spot,Nucleus,S2P,1,100,
-0.111545,um,Spot,Nucleus,S2P,1,101,
-0.286638,um,Spot,Nucleus,S2P,1,102,
-0.195464,um,Spot,Nucleus,S2P,1,103,
-0.349529,um,Spot,Nucleus,S2P,1,104,
-0.122151,um,Spot,Nucleus,S2P,1,105,
0.00818843,um,Spot,Nucleus,S2P,1,106,
-0.381681,um,Spot,Nucleus,S2P,1,107,
-0.44105,um,Spot,Nucleus,S2P,1,108,
-0.582704,um,Spot,Nucleus,S2P,1,109,
-0.30239,um,Spot,Nucleus,S2P,1,110,
-0.45203,um,Spot,Nucleus,S2P,1,111,
-0.662093,um,Spot,Nucleus,S2P,1,112,
-0.629766,um,Spot,Nucleus,S2P,1,113,
-0.0806645,um,Spot,Nucleus,S2P,1,114,
-0.0669708,um,Spot,Nucleus,S2P,1,115,
0.024057,um,Spot,Nucleus,S2P,1,116,
-0.189613,um,Spot,Nucleus,S2P,1,117,
-0.364364,um,Spot,Nucleus,S2P,1,118,
0.0163613,um,Spot,Nucleus,S2P,1,119,
-0.067412,um,Spot,Nucleus,S2P,1,120,
-0.459084,um,Spot,Nucleus,S2P,1,121,
-0.506343,um,Spot,Nucleus,S2P,1,122,
-0.147478,um,Spot,Nucleus,S2P,1,123,
-0.195598,um,Spot,Nucleus,S2P,1,124,
-0.446724,um,Spot,Nucleus,S2P,1,125,
-0.345496,um,Spot,Nucleus,S2P,1,126,
-0.199139,um,Spot,Nucleus,S2P,1,127,
-0.61119,um,Spot,Nucleus,S2P,1,128,
-0.566392,um,Spot,Nucleus,S2P,1,129,
-0.0326058,um,Spot,Nucleus,S2P,1,130,
-0.219147,um,Spot,Nucleus,S2P,1,131,
-0.348747,um,Spot,Nucleus,S2P,1,132,
-0.450503,um,Spot,Nucleus,S2P,1,133,
-0.568389,um,Spot,Nucleus,S2P,1,134,
0.0524889,um,Spot,Nucleus,S2P,1,135,
0.0364337,um,Spot,Nucleus,S2P,1,136,
-0.052472,um,Spot,Nucleus,S2P,1,137,
0.0474395,um,Spot,Nucleus,S2P,1,138,
-0.171831,um,Spot,Nucleus,S2P,1,139,
-0.287187,um,Spot,Nucleus,S2P,1,140,
0.0166527,um,Spot,Nucleus,S2P,1,141,
-0.04672,um,Spot,Nucleus,S2P,1,142,
-0.337084,um,Spot,Nucleus,S2P,1,143,
-0.410822,um,Spot,Nucleus,S2P,1,144,
-0.671035,um,Spot,Nucleus,S2P,1,145,
-0.803675,um,Spot,Nucleus,S2P,1,146,
-0.456457,um,Spot,Nucleus,S2P,1,147,
-0.835874,um,Spot,Nucleus,S2P,1,148,
0.0322736,um,Spot,Nucleus,S2P,1,149,
-0.125627,um,Spot,Nucleus,S2P,1,150,
-0.0119783,um,Spot,Nucleus,S2P,1,151,
-0.862234,um,Spot,Nucleus,S2P,1,152,
0.00494179,um,Spot,Nucleus,S2P,1,153,
-0.056906,um,Spot,Nucleus,S2P,1,154,
-0.0195753,um,Spot,Nucleus,S2P,1,155,
-0.0140991,um,Spot,Nucleus,S2P,1,156,
-0.195371,um,Spot,Nucleus,S2P,1,157,
-0.153978,um,Spot,Nucleus,S2P,1,158,
-0.152912,um,Spot,Nucleus,S2P,1,159,
0.0219064,um,Spot,Nucleus,S2P,1,160,
-0.0362301,um,Spot,Nucleus,S2P,1,161,
0.0473598,um,Spot,Nucleus,S2P,1,162,
-0.0182911,um,Spot,Nucleus,S2P,1,163,
-0.170042,um,Spot,Nucleus,S2P,1,164,
-0.241545,um,Spot,Nucleus,S2P,1,165,
-0.420756,um,Spot,Nucleus,S2P,1,166,
-0.412051,um,Spot,Nucleus,S2P,1,167,
-0.327438,um,Spot,Nucleus,S2P,1,168,
-0.0788895,um,Spot,Nucleus,S2P,1,169,
0.00455788,um,Spot,Nucleus,S2P,1,170,
-0.208503,um,Spot,Nucleus,S2P,1,171,
-0.010271,um,Spot,Nucleus,S2P,1,172,
-0.0761516,um,Spot,Nucleus,S2P,1,173,
-0.156946,um,Spot,Nucleus,S2P,1,174,
-0.529051,um,Spot,Nucleus,S2P,1,175,
-0.520042,um,Spot,Nucleus,S2P,1,176,
-0.204552,um,Spot,Nucleus,S2P,1,177,
-0.0756197,um,Spot,Nucleus,S2P,1,178,
-0.234356,um,Spot,Nucleus,S2P,1,179,
-0.539977,um,Spot,Nucleus,S2P,1,180,
-0.0590519,um,Spot,Nucleus,S2P,1,181,
-0.614475,um,Spot,Nucleus,S2P,1,182,
-0.0335758,um,Spot,Nucleus,S2P,1,183,
-0.227654,um,Spot,Nucleus,S2P,1,184,
-0.418395,um,Spot,Nucleus,S2P,1,185,
-0.746868,um,Spot,Nucleus,S2P,1,186,
0.0267603,um,Spot,Nucleus,S2P,1,187,
-0.364262,um,Spot,Nucleus,S2P,1,188,
-0.0418252,um,Spot,Nucleus,S2P,1,189,
-0.445127,um,Spot,Nucleus,S2P,1,190,
-0.544517,um,Spot,Nucleus,S2P,1,191,
-0.433278,um,Spot,Nucleus,S2P,1,192,
-0.667142,um,Spot,Nucleus,S2P,1,193,
-0.0359411,um,Spot,Nucleus,S2P,1,194,
-0.0333571,um,Spot,Nucleus,S2P,1,195,
-0.810952,um,Spot,Nucleus,S2P,1,196,
-0.165846,um,Spot,Nucleus,S2P,1,197,
-0.535178,um,Spot,Nucleus,S2P,1,198,
-0.0235091,um,Spot,Nucleus,S2P,1,199,
-0.213962,um,Spot,Nucleus,S2P,1,200,
-0.250123,um,Spot,Nucleus,S2P,1,201,
-0.0396183,um,Spot,Nucleus,S2P,1,202,
-0.00565233,um,Spot,Nucleus,S2P,1,203,
-0.269275,um,Spot,Nucleus,S2P,1,204,
-0.177347,um,Spot,Nucleus,S2P,1,205,
-0.452415,um,Spot,Nucleus,S2P,1,206,
0.0195856,um,Spot,Nucleus,S2P,1,207,
-0.180514,um,Spot,Nucleus,S2P,1,208,
-0.0441255,um,Spot,Nucleus,S2P,1,209,
-0.177266,um,Spot,Nucleus,S2P,1,210,
-0.291361,um,Spot,Nucleus,S2P,1,211,
-0.0867972,um,Spot,Nucleus,S2P,1,212,
-0.26914,um,Spot,Nucleus,S2P,1,213,
-0.368977,um,Spot,Nucleus,S2P,1,214,
0.000575571,um,Spot,Nucleus,S2P,1,215,
-0.252691,um,Spot,Nucleus,S2P,1,216,
-0.52314,um,Spot,Nucleus,S2P,1,217,
-0.0203675,um,Spot,Nucleus,S2P,1,218,
-0.439245,um,Spot,Nucleus,S2P,1,219,
-0.219363,um,Spot,Nucleus,S2P,1,220,
-0.192585,um,Spot,Nucleus,S2P,1,221,
-0.307625,um,Spot,Nucleus,S2P,1,222,
-0.288136,um,Spot,Nucleus,S2P,1,223,
-0.0468265,um,Spot,Nucleus,S2P,1,224,
-0.369736,um,Spot,Nucleus,S2P,1,225,
-0.207224,um,Spot,Nucleus,S2P,1,226,
-0.0536569,um,Spot,Nucleus,S2P,1,227,
-0.248208,um,Spot,Nucleus,S2P,1,228,
-0.392845,um,Spot,Nucleus,S2P,1,229,
-0.0301039,um,Spot,Nucleus,S2P,1,230,
-0.286203,um,Spot,Nucleus,S2P,1,231,
-0.56466,um,Spot,Nucleus,S2P,1,232,
-0.507226,um,Spot,Nucleus,S2P,1,233,
-0.509787,um,Spot,Nucleus,S2P,1,234,
-0.374767,um,Spot,Nucleus,S2P,1,235,
-0.223685,um,Spot,Nucleus,S2P,1,236,
-0.292814,um,Spot,Nucleus,S2P,1,237,
-0.00749209,um,Spot,Nucleus,S2P,1,238,
-0.417927,um,Spot,Nucleus,S2P,1,239,
-0.0908513,um,Spot,Nucleus,S2P,1,240,
-0.242999,um,Spot,Nucleus,S2P,1,241,
-0.146588,um,Spot,Nucleus,S2P,1,242,
-0.236313,um,Spot,Nucleus,S2P,1,243,
-0.287701,um,Spot,Nucleus,S2P,1,244,
-0.410577,um,Spot,Nucleus,S2P,1,245,
-0.525838,um,Spot,Nucleus,S2P,1,246,
-0.329291,um,Spot,Nucleus,S2P,1,247,
-0.438968,um,Spot,Nucleus,S2P,1,248,
-0.291196,um,Spot,Nucleus,S2P,1,249,
-0.278802,um,Spot,Nucleus,S2P,1,250,
-0.024021,um,Spot,Nucleus,S2P,1,251,
-0.239776,um,Spot,Nucleus,S2P,1,252,
-0.0741172,um,Spot,Nucleus,S2P,1,253,
-0.0361877,um,Spot,Nucleus,S2P,1,254,
-0.00207198,um,Spot,Nucleus,S2P,1,255,
-0.0377928,um,Spot,Nucleus,S2P,1,256,
-0.0876854,um,Spot,Nucleus,S2P,1,257,
-0.0235905,um,Spot,Nucleus,S2P,1,258,
-0.10256,um,Spot,Nucleus,S2P,1,259,
-0.120925,um,Spot,Nucleus,S2P,1,260,
-0.0329491,um,Spot,Nucleus,S2P,1,261,
-0.0509333,um,Spot,Nucleus,S2P,1,262,
-0.488988,um,Spot,Nucleus,S2P,1,263,
-0.267063,um,Spot,Nucleus,S2P,1,264,
-0.349512,um,Spot,Nucleus,S2P,1,265,
-0.323901,um,Spot,Nucleus,S2P,1,266,
-0.535231,um,Spot,Nucleus,S2P,1,267,
-0.415975,um,Spot,Nucleus,S2P,1,268,
0.00457928,um,Spot,Nucleus,S2P,1,269,
0.00163267,um,Spot,Nucleus,S2P,1,270,
-0.00764528,um,Spot,Nucleus,S2P,1,271,
0.00140266,um,Spot,Nucleus,S2P,1,272,
0.00855382,um,Spot,Nucleus,S2P,1,273,
-0.0067661,um,Spot,Nucleus,S2P,1,274,
-0.0311165,um,Spot,Nucleus,S2P,1,275,
-0.0389266,um,Spot,Nucleus,S2P,1,276,
-0.0469679,um,Spot,Nucleus,S2P,1,277,
-0.102055,um,Spot,Nucleus,S2P,1,278,
-0.105971,um,Spot,Nucleus,S2P,1,279,
-0.0402652,um,Spot,Nucleus,S2P,1,280,
-0.0860297,um,Spot,Nucleus,S2P,1,281,
-0.0787471,um,Spot,Nucleus,S2P,1,282,
-0.191506,um,Spot,Nucleus,S2P,1,283,
-0.0206886,um,Spot,Nucleus,S2P,1,284,
-0.222007,um,Spot,Nucleus,S2P,1,285,
-0.157257,um,Spot,Nucleus,S2P,1,286,
-0.076517,um,Spot,Nucleus,S2P,1,287,
-0.170903,um,Spot,Nucleus,S2P,1,288,
-0.198825,um,Spot,Nucleus,S2P,1,289,
-0.164668,um,Spot,Nucleus,S2P,1,290,
-0.256621,um,Spot,Nucleus,S2P,1,291,
-0.159107,um,Spot,Nucleus,S2P,1,292,
0.0207245,um,Spot,Nucleus,S2P,1,293,
-0.0877998,um,Spot,Nucleus,S2P,1,294,
-0.204738,um,Spot,Nucleus,S2P,1,295,
-0.250898,um,Spot,Nucleus,S2P,1,296,
-0.339118,um,Spot,Nucleus,S2P,1,297,
-0.264389,um,Spot,Nucleus,S2P,1,298,
-0.316505,um,Spot,Nucleus,S2P,1,299,
-0.227223,um,Spot,Nucleus,S2P,1,300,
-0.243726,um,Spot,Nucleus,S2P,1,301,
-0.37579,um,Spot,Nucleus,S2P,1,302,
-0.124967,um,Spot,Nucleus,S2P,1,303,
-0.284662,um,Spot,Nucleus,S2P,1,304,
-0.641853,um,Spot,Nucleus,S2P,1,305,
-0.319204,um,Spot,Nucleus,S2P,1,306,
-0.0823182,um,Spot,Nucleus,S2P,1,307,
-0.50588,um,Spot,Nucleus,S2P,1,308,
-0.204074,um,Spot,Nucleus,S2P,1,309,
-0.596585,um,Spot,Nucleus,S2P,1,310,
-0.197344,um,Spot,Nucleus,S2P,1,311,
-0.146263,um,Spot,Nucleus,S2P,1,312,
-0.42269,um,Spot,Nucleus,S2P,1,313,
-0.42903,um,Spot,Nucleus,S2P,1,314,
-0.288742,um,Spot,Nucleus,S2P,1,315,
-0.53005,um,Spot,Nucleus,S2P,1,316,
-0.0952824,um,Spot,Nucleus,S2P,1,317,
-0.654293,um,Spot,Nucleus,S2P,1,318,
-0.686723,um,Spot,Nucleus,S2P,1,319,
-0.754467,um,Spot,Nucleus,S2P,1,320,
-0.0642768,um,Spot,Nucleus,S2P,1,321,
-0.114078,um,Spot,Nucleus,S2P,1,322,
-0.0489104,um,Spot,Nucleus,S2P,1,323,
-0.0353114,um,Spot,Nucleus,S2P,1,324,
-0.0630495,um,Spot,Nucleus,S2P,1,325,
-0.0403513,um,Spot,Nucleus,S2P,1,326,
-0.178808,um,Spot,Nucleus,S2P,1,327,
-0.172521,um,Spot,Nucleus,S2P,1,328,
-0.030945,um,Spot,Nucleus,S2P,1,329,
-0.118828,um,Spot,Nucleus,S2P,1,330,
-0.151229,um,Spot,Nucleus,S2P,1,331,
-0.144989,um,Spot,Nucleus,S2P,1,332,
-0.198128,um,Spot,Nucleus,S2P,1,333,
-0.0210105,um,Spot,Nucleus,S2P,1,334,
-0.04752,um,Spot,Nucleus,S2P,1,335,
-0.272496,um,Spot,Nucleus,S2P,1,336,
-0.0823876,um,Spot,Nucleus,S2P,1,337,
0.00978693,um,Spot,Nucleus,S2P,1,338,
-0.0453755,um,Spot,Nucleus,S2P,1,339,
-0.0448012,um,Spot,Nucleus,S2P,1,340,
-0.177442,um,Spot,Nucleus,S2P,1,341,
-0.0957562,um,Spot,Nucleus,S2P,1,342,
-0.0911874,um,Spot,Nucleus,S2P,1,343,
-0.325038,um,Spot,Nucleus,S2P,1,344,
-0.377133,um,Spot,Nucleus,S2P,1,345,
-0.21946,um,Spot,Nucleus,S2P,1,346,
-0.0226145,um,Spot,Nucleus,S2P,1,347,
-0.0786444,um,Spot,Nucleus,S2P,1,348,
-0.340494,um,Spot,Nucleus,S2P,1,349,
-0.44755,um,Spot,Nucleus,S2P,1,350,
-0.528201,um,Spot,Nucleus,S2P,1,351,
-0.415656,um,Spot,Nucleus,S2P,1,352,
-0.215481,um,Spot,Nucleus,S2P,1,353,
-0.232164,um,Spot,Nucleus,S2P,1,354,
-0.0784149,um,Spot,Nucleus,S2P,1,355,
-0.138753,um,Spot,Nucleus,S2P,1,356,
-0.388943,um,Spot,Nucleus,S2P,1,357,
-0.285815,um,Spot,Nucleus,S2P,1,358,
-0.241428,um,Spot,Nucleus,S2P,1,359,
-0.142205,um,Spot,Nucleus,S2P,1,360,
-0.247337,um,Spot,Nucleus,S2P,1,361,
-0.48656,um,Spot,Nucleus,S2P,1,362,
-0.379619,um,Spot,Nucleus,S2P,1,363,
-0.51074,um,Spot,Nucleus,S2P,1,364,
-0.645885,um,Spot,Nucleus,S2P,1,365,
-0.388532,um,Spot,Nucleus,S2P,1,366,
-0.404845,um,Spot,Nucleus,S2P,1,367,
-0.65895,um,Spot,Nucleus,S2P,1,368,
-0.619672,um,Spot,Nucleus,S2P,1,369,
-0.456475,um,Spot,Nucleus,S2P,1,370,
-0.303274,um,Spot,Nucleus,S2P,1,371,
-0.628247,um,Spot,Nucleus,S2P,1,372,
-0.145816,um,Spot,Nucleus,S2P,1,373,
-0.508931,um,Spot,Nucleus,S2P,1,374,
-0.435347,um,Spot,Nucleus,S2P,1,375,
-0.274896,um,Spot,Nucleus,S2P,1,376,
-0.233669,um,Spot,Nucleus,S2P,1,377,
-0.515251,um,Spot,Nucleus,S2P,1,378,
-0.273107,um,Spot,Nucleus,S2P,1,379,
-0.138356,um,Spot,Nucleus,S2P,1,380,
-0.152652,um,Spot,Nucleus,S2P,1,381,
-0.301994,um,Spot,Nucleus,S2P,1,382,
-0.797856,um,Spot,Nucleus,S2P,1,383,
-0.304106,um,Spot,Nucleus,S2P,1,384,
-0.78553,um,Spot,Nucleus,S2P,1,385,
-0.920593,um,Spot,Nucleus,S2P,1,386,
-0.591649,um,Spot,Nucleus,S2P,1,387,
-0.690282,um,Spot,Nucleus,S2P,1,388,
-0.779244,um,Spot,Nucleus,S2P,1,389,
-0.192155,um,Spot,Nucleus,S2P,1,390,
-0.0285288,um,Spot,Nucleus,S2P,1,391,
-0.0397453,um,Spot,Nucleus,S2P,1,392,
-0.32509,um,Spot,Nucleus,S2P,1,393,
-0.343961,um,Spot,Nucleus,S2P,1,394,
-0.0376694,um,Spot,Nucleus,S2P,1,395,
-0.463986,um,Spot,Nucleus,S2P,1,396,
-0.386372,um,Spot,Nucleus,S2P,1,397,
-0.107565,um,Spot,Nucleus,S2P,1,398,
-0.539573,um,Spot,Nucleus,S2P,1,399,
-0.621244,um,Spot,Nucleus,S2P,1,400,
-0.416609,um,Spot,Nucleus,S2P,1,401,
-0.200622,um,Spot,Nucleus,S2P,1,402,
-0.0457773,um,Spot,Nucleus,S2P,1,403,
-0.51033,um,Spot,Nucleus,S2P,1,404,
-0.766709,um,Spot,Nucleus,S2P,1,405,
-0.0621907,um,Spot,Nucleus,S2P,1,406,
-0.859118,um,Spot,Nucleus,S2P,1,407,
-0.0295491,um,Spot,Nucleus,S2P,1,408,
-0.734712,um,Spot,Nucleus,S2P,1,409,
-0.194922,um,Spot,Nucleus,S2P,1,410,
-0.0114642,um,Spot,Nucleus,S2P,1,411,
-0.0881737,um,Spot,Nucleus,S2P,1,412,
-0.351509,um,Spot,Nucleus,S2P,1,413,
-0.577802,um,Spot,Nucleus,S2P,1,414,
-0.431884,um,Spot,Nucleus,S2P,1,415,
-0.685058,um,Spot,Nucleus,S2P,1,416,
-0.769719,um,Spot,Nucleus,S2P,1,417,
-0.0521243,um,Spot,Nucleus,S2P,1,418,
-0.893602,um,Spot,Nucleus,S2P,1,419,
-0.956881,um,Spot,Nucleus,S2P,1,420,
-0.137887,um,Spot,Nucleus,S2P,1,421,
-0.118067,um,Spot,Nucleus,S2P,1,422,
-0.0279767,um,Spot,Nucleus,S2P,1,423,
-0.0480629,um,Spot,Nucleus,S2P,1,424,
-0.0922916,um,Spot,Nucleus,S2P,1,425,
-0.639297,um,Spot,Nucleus,S2P,1,426,
-0.0119154,um,Spot,Nucleus,S2P,1,427,
-0.121228,um,Spot,Nucleus,S2P,1,428,
-0.227878,um,Spot,Nucleus,S2P,1,429,
-0.37652,um,Spot,Nucleus,S2P,1,430,
-0.934472,um,Spot,Nucleus,S2P,1,431,
-0.384122,um,Spot,Nucleus,S2P,1,432,
-0.772116,um,Spot,Nucleus,S2P,1,433,
-0.738589,um,Spot,Nucleus,S2P,1,434,
-0.116518,um,Spot,Nucleus,S2P,1,435,
-0.614404,um,Spot,Nucleus,S2P,1,436,
-0.511604,um,Spot,Nucleus,S2P,1,437,
-0.0871144,um,Spot,Nucleus,S2P,1,438,
-0.14833,um,Spot,Nucleus,S2P,1,439,
0.00159011,um,Spot,Nucleus,S2P,1,440,
-0.843988,um,Spot,Nucleus,S2P,1,441,
-0.0881513,um,Spot,Nucleus,S2P,1,442,
-0.568498,um,Spot,Nucleus,S2P,1,443,
-0.170746,um,Spot,Nucleus,S2P,1,444,
-0.715766,um,Spot,Nucleus,S2P,1,445,
-0.0296631,um,Spot,Nucleus,S2P,1,446,
-0.00665065,um,Spot,Nucleus,S2P,1,447,
-0.0442396,um,Spot,Nucleus,S2P,1,448,
-0.206063,um,Spot,Nucleus,S2P,1,449,
-0.0401915,um,Spot,Nucleus,S2P,1,450,
-0.231641,um,Spot,Nucleus,S2P,1,451,
-0.0186845,um,Spot,Nucleus,S2P,1,452,
-0.52242,um,Spot,Nucleus,S2P,1,453,
-0.530027,um,Spot,Nucleus,S2P,1,454,
-0.0505087,um,Spot,Nucleus,S2P,1,455,
-0.109061,um,Spot,Nucleus,S2P,1,456,
-0.624843,um,Spot,Nucleus,S2P,1,457,
-0.7159,um,Spot,Nucleus,S2P,1,458,
-0.0594085,um,Spot,Nucleus,S2P,1,459,
-0.201575,um,Spot,Nucleus,S2P,1,460,
-0.844597,um,Spot,Nucleus,S2P,1,461,
-0.441494,um,Spot,Nucleus,S2P,1,462,
-0.723052,um,Spot,Nucleus,S2P,1,463,
-0.134403,um,Spot,Nucleus,S2P,1,464,
-0.0955243,um,Spot,Nucleus,S2P,1,465,
-0.0699812,um,Spot,Nucleus,S2P,1,466,
-0.053423,um,Spot,Nucleus,S2P,1,467,
-0.386779,um,Spot,Nucleus,S2P,1,468,
-0.000728335,um,Spot,Nucleus,S2P,1,469,
-0.7314,um,Spot,Nucleus,S2P,1,470,
0.00346114,um,Spot,Nucleus,S2P,1,471,
-0.042893,um,Spot,Nucleus,S2P,1,472,
-0.0273639,um,Spot,Nucleus,S2P,1,473,
-0.123981,um,Spot,Nucleus,S2P,1,474,
0.0137451,um,Spot,Nucleus,S2P,1,475,
-0.0064291,um,Spot,Nucleus,S2P,1,476,
-0.106316,um,Spot,Nucleus,S2P,1,477,
-0.189196,um,Spot,Nucleus,S2P,1,478,
-0.158692,um,Spot,Nucleus,S2P,1,479,
-0.121861,um,Spot,Nucleus,S2P,1,480,
-0.215479,um,Spot,Nucleus,S2P,1,481,
-0.17486,um,Spot,Nucleus,S2P,1,482,
-0.0667065,um,Spot,Nucleus,S2P,1,483,
-0.291919,um,Spot,Nucleus,S2P,1,484,
-0.776839,um,Spot,Nucleus,S2P,1,485,
-0.702199,um,Spot,Nucleus,S2P,1,486,
-0.808457,um,Spot,Nucleus,S2P,1,487,
-1.00618,um,Spot,Nucleus,S2P,1,488,
-0.737344,um,Spot,Nucleus,S2P,1,489,
-0.369312,um,Spot,Nucleus,S2P,1,490,
-0.749392,um,Spot,Nucleus,S2P,1,491,
-0.378824,um,Spot,Nucleus,S2P,1,492,
-0.197745,um,Spot,Nucleus,S2P,1,493,
-0.276288,um,Spot,Nucleus,S2P,1,494,
-0.80208,um,Spot,Nucleus,S2P,1,495,
-0.638745,um,Spot,Nucleus,S2P,1,496,
-0.786075,um,Spot,Nucleus,S2P,1,497,
-0.00641144,um,Spot,Nucleus,S2P,1,498,
-0.81941,um,Spot,Nucleus,S2P,1,499,
-0.381123,um,Spot,Nucleus,S2P,1,500,
-0.243696,um,Spot,Nucleus,S2P,1,501,
-0.560054,um,Spot,Nucleus,S2P,1,502,
-0.659611,um,Spot,Nucleus,S2P,1,503,
-0.0302723,um,Spot,Nucleus,S2P,1,504,
-0.0924359,um,Spot,Nucleus,S2P,1,505,
-0.0287726,um,Spot,Nucleus,S2P,1,506,
0.0439352,um,Spot,Nucleus,S2P,1,507,
-0.297462,um,Spot,Nucleus,S2P,1,508,
-0.321176,um,Spot,Nucleus,S2P,1,509,
-0.2818,um,Spot,Nucleus,S2P,1,510,
-0.215362,um,Spot,Nucleus,S2P,1,511,
-0.506026,um,Spot,Nucleus,S2P,1,512,
-0.508043,um,Spot,Nucleus,S2P,1,513,
-0.797606,um,Spot,Nucleus,S2P,1,514,
-1.01153,um,Spot,Nucleus,S2P,1,515,
-0.867949,um,Spot,Nucleus,S2P,1,516,
-1.04803,um,Spot,Nucleus,S2P,1,517,
-0.703093,um,Spot,Nucleus,S2P,1,518,
-0.913361,um,Spot,Nucleus,S2P,1,519,
-0.605517,um,Spot,Nucleus,S2P,1,520,
-0.231586,um,Spot,Nucleus,S2P,1,521,
-1.06265,um,Spot,Nucleus,S2P,1,522,
-0.0395898,um,Spot,Nucleus,S2P,1,523,
-0.409884,um,Spot,Nucleus,S2P,1,524,
-0.202673,um,Spot,Nucleus,S2P,1,525,
-0.142612,um,Spot,Nucleus,S2P,1,526,
-0.150948,um,Spot,Nucleus,S2P,1,527,
-0.136801,um,Spot,Nucleus,S2P,1,528,
-0.447283,um,Spot,Nucleus,S2P,1,529,
-0.377415,um,Spot,Nucleus,S2P,1,530,
-0.444951,um,Spot,Nucleus,S2P,1,531,
-0.322113,um,Spot,Nucleus,S2P,1,532,
-0.302108,um,Spot,Nucleus,S2P,1,533,
-0.499796,um,Spot,Nucleus,S2P,1,534,
-0.355587,um,Spot,Nucleus,S2P,1,535,
-0.683528,um,Spot,Nucleus,S2P,1,536,
-0.637759,um,Spot,Nucleus,S2P,1,537,
-0.586187,um,Spot,Nucleus,S2P,1,538,
-0.444004,um,Spot,Nucleus,S2P,1,539,
-0.523504,um,Spot,Nucleus,S2P,1,540,
-0.702463,um,Spot,Nucleus,S2P,1,541,
-1.08909,um,Spot,Nucleus,S2P,1,542,
-1.00867,um,Spot,Nucleus,S2P,1,543,
-0.995324,um,Spot,Nucleus,S2P,1,544,
-1.14815,um,Spot,Nucleus,S2P,1,545,
-0.240315,um,Spot,Nucleus,S2P,1,546,
-0.213246,um,Spot,Nucleus,S2P,1,547,
-1.05373,um,Spot,Nucleus,S2P,1,548,
-1.15283,um,Spot,Nucleus,S2P,1,549,
-0.352802,um,Spot,Nucleus,S2P,1,550,
-0.178902,um,Spot,Nucleus,S2P,1,551,
-0.585044,um,Spot,Nucleus,S2P,1,552,
-0.125241,um,Spot,Nucleus,S2P,1,553,
-0.153034,um,Spot,Nucleus,S2P,1,554,
-0.175918,um,Spot,Nucleus,S2P,1,555,
-0.510506,um,Spot,Nucleus,S2P,1,556,
-0.292234,um,Spot,Nucleus,S2P,1,557,
-0.337253,um,Spot,Nucleus,S2P,1,558,
-0.772179,um,Spot,Nucleus,S2P,1,559,
-0.480425,um,Spot,Nucleus,S2P,1,560,
-0.32936,um,Spot,Nucleus,S2P,1,561,
-0.796258,um,Spot,Nucleus,S2P,1,562,
-0.93145,um,Spot,Nucleus,S2P,1,563,
-0.4291,um,Spot,Nucleus,S2P,1,564,
-0.515723,um,Spot,Nucleus,S2P,1,565,
-0.530385,um,Spot,Nucleus,S2P,1,566,
-0.34207,um,Spot,Nucleus,S2P,1,567,
-1.03267,um,Spot,Nucleus,S2P,1,568,
-0.637653,um,Spot,Nucleus,S2P,1,569,
-1.063,um,Spot,Nucleus,S2P,1,570,
-0.684223,um,Spot,Nucleus,S2P,1,571,
-0.255882,um,Spot,Nucleus,S2P,1,572,
-0.486692,um,Spot,Nucleus,S2P,1,573,
-0.233663,um,Spot,Nucleus,S2P,1,574,
-0.0392901,um,Spot,Nucleus,S2P,1,575,
-0.313102,um,Spot,Nucleus,S2P,1,576,
-0.402879,um,Spot,Nucleus,S2P,1,577,
-0.146185,um,Spot,Nucleus,S2P,1,578,
-0.43121,um,Spot,Nucleus,S2P,1,579,
-0.51328,um,Spot,Nucleus,S2P,1,580,
-0.185789,um,Spot,Nucleus,S2P,1,581,
-0.482178,um,Spot,Nucleus,S2P,1,582,
-0.642226,um,Spot,Nucleus,S2P,1,583,
-0.783374,um,Spot,Nucleus,S2P,1,584,
-0.296396,um,Spot,Nucleus,S2P,1,585,
-0.588993,um,Spot,Nucleus,S2P,1,586,
-0.458729,um,Spot,Nucleus,S2P,1,587,
-0.508721,um,Spot,Nucleus,S2P,1,588,
-0.617213,um,Spot,Nucleus,S2P,1,589,
-0.45563,um,Spot,Nucleus,S2P,1,590,
-1.08352,um,Spot,Nucleus,S2P,1,591,
-0.973906,um,Spot,Nucleus,S2P,1,592,
-0.898773,um,Spot,Nucleus,S2P,1,593,
-0.993377,um,Spot,Nucleus,S2P,1,594,
-0.473054,um,Spot,Nucleus,S2P,1,595,
-0.767174,um,Spot,Nucleus,S2P,1,596,
-0.369548,um,Spot,Nucleus,S2P,1,597,
-0.914302,um,Spot,Nucleus,S2P,1,598,
-1.21386,um,Spot,Nucleus,S2P,1,599,
-0.840187,um,Spot,Nucleus,S2P,1,600,
-0.621373,um,Spot,Nucleus,S2P,1,601,
-0.342247,um,Spot,Nucleus,S2P,1,602,
-0.270793,um,Spot,Nucleus,S2P,1,603,
-0.363191,um,Spot,Nucleus,S2P,1,604,
-0.343198,um,Spot,Nucleus,S2P,1,605,
-0.387311,um,Spot,Nucleus,S2P,1,606,
-0.384613,um,Spot,Nucleus,S2P,1,607,
-0.44072,um,Spot,Nucleus,S2P,1,608,
-0.50566,um,Spot,Nucleus,S2P,1,609,
-0.571288,um,Spot,Nucleus,S2P,1,610,
-0.312796,um,Spot,Nucleus,S2P,1,611,
-0.757404,um,Spot,Nucleus,S2P,1,612,
-0.863397,um,Spot,Nucleus,S2P,1,613,
-0.876151,um,Spot,Nucleus,S2P,1,614,
-0.768861,um,Spot,Nucleus,S2P,1,615,
-0.633084,um,Spot,Nucleus,S2P,1,616,
-0.620888,um,Spot,Nucleus,S2P,1,617,
-1.04588,um,Spot,Nucleus,S2P,1,618,
-0.859572,um,Spot,Nucleus,S2P,1,619,
-0.842636,um,Spot,Nucleus,S2P,1,620,
-1.04232,um,Spot,Nucleus,S2P,1,621,
-0.861283,um,Spot,Nucleus,S2P,1,622,
-1.08511,um,Spot,Nucleus,S2P,1,623,
-0.758688,um,Spot,Nucleus,S2P,1,624,
-0.431593,um,Spot,Nucleus,S2P,1,625,
-0.23473,um,Spot,Nucleus,S2P,1,626,
-0.68054,um,Spot,Nucleus,S2P,1,627,
-0.622882,um,Spot,Nucleus,S2P,1,628,
-0.814211,um,Spot,Nucleus,S2P,1,629,
-0.789759,um,Spot,Nucleus,S2P,1,630,
-0.971002,um,Spot,Nucleus,S2P,1,631,
-0.953694,um,Spot,Nucleus,S2P,1,632,
-0.813874,um,Spot,Nucleus,S2P,1,633,
-0.625117,um,Spot,Nucleus,S2P,1,634,
-0.759231,um,Spot,Nucleus,S2P,1,635,
-1.0287,um,Spot,Nucleus,S2P,1,636,
-1.0114,um,Spot,Nucleus,S2P,1,637,
-0.611955,um,Spot,Nucleus,S2P,1,638,
-0.892352,um,Spot,Nucleus,S2P,1,639,
-0.759265,um,Spot,Nucleus,S2P,1,640,
-1.18233,um,Spot,Nucleus,S2P,1,641,
-0.871217,um,Spot,Nucleus,S2P,1,642,
-1.10937,um,Spot,Nucleus,S2P,1,643,
-1.0584,um,Spot,Nucleus,S2P,1,644,
-1.2108,um,Spot,Nucleus,S2P,1,645,
-0.597887,um,Spot,Nucleus,S2P,1,646,
-0.68375,um,Spot,Nucleus,S2P,1,647,
-0.424458,um,Spot,Nucleus,S2P,1,648,
-0.652693,um,Spot,Nucleus,S2P,1,649,
-0.607126,um,Spot,Nucleus,S2P,1,650,
-0.711526,um,Spot,Nucleus,S2P,1,651,
-0.347889,um,Spot,Nucleus,S2P,1,652,
-0.823617,um,Spot,Nucleus,S2P,1,653,
-0.678476,um,Spot,Nucleus,S2P,1,654,
-1.12538,um,Spot,Nucleus,S2P,1,655,
-0.708101,um,Spot,Nucleus,S2P,1,656,
-1.23372,um,Spot,Nucleus,S2P,1,657,
-0.82589,um,Spot,Nucleus,S2P,1,658,
-0.898849,um,Spot,Nucleus,S2P,1,659,
-1.31239,um,Spot,Nucleus,S2P,1,660,
-1.04937,um,Spot,Nucleus,S2P,1,661,
-0.586033,um,Spot,Nucleus,S2P,1,662,
-0.899375,um,Spot,Nucleus,S2P,1,663,
-0.710864,um,Spot,Nucleus,S2P,1,664,
-0.80003,um,Spot,Nucleus,S2P,1,665,
-0.332083,um,Spot,Nucleus,S2P,1,666,
-0.80215,um,Spot,Nucleus,S2P,1,667,
-1.19,um,Spot,Nucleus,S2P,1,668,
-0.898917,um,Spot,Nucleus,S2P,1,669,
-1.18957,um,Spot,Nucleus,S2P,1,670,
-0.884192,um,Spot,Nucleus,S2P,1,671,
-0.714962,um,Spot,Nucleus,S2P,1,672,
-0.791912,um,Spot,Nucleus,S2P,1,673,
-1.02135,um,Spot,Nucleus,S2P,1,674,
-1.08207,um,Spot,Nucleus,S2P,1,675,
-1.13586,um,Spot,Nucleus,S2P,1,676,
-0.859767,um,Spot,Nucleus,S2P,1,677,
-0.745254,um,Spot,Nucleus,S2P,1,678,
-1.11488,um,Spot,Nucleus,S2P,1,679,
-0.804908,um,Spot,Nucleus,S2P,1,680,
-1.0584,um,Spot,Nucleus,S2P,1,681,
-1.22706,um,Spot,Nucleus,S2P,1,682,
-1.17528,um,Spot,Nucleus,S2P,1,683,
-0.960754,um,Spot,Nucleus,S2P,1,684,
-1.35705,um,Spot,Nucleus,S2P,1,685,
-0.268391,um,Spot,Nucleus,S2P,1,686,
-0.794763,um,Spot,Nucleus,S2P,1,687,
-0.573682,um,Spot,Nucleus,S2P,1,688,
-0.833768,um,Spot,Nucleus,S2P,1,689,
-0.485035,um,Spot,Nucleus,S2P,1,690,
-0.914648,um,Spot,Nucleus,S2P,1,691,
-0.864696,um,Spot,Nucleus,S2P,1,692,
-0.294941,um,Spot,Nucleus,S2P,1,693,
-0.923931,um,Spot,Nucleus,S2P,1,694,
-1.11873,um,Spot,Nucleus,S2P,1,695,
-0.420997,um,Spot,Nucleus,S2P,1,696,
-1.04433,um,Spot,Nucleus,S2P,1,697,
-0.960592,um,Spot,Nucleus,S2P,1,698,
-1.08886,um,Spot,Nucleus,S2P,1,699,
-0.45967,um,Spot,Nucleus,S2P,1,700,
-1.20202,um,Spot,Nucleus,S2P,1,701,
-1.02553,um,Spot,Nucleus,S2P,1,702,
-0.956549,um,Spot,Nucleus,S2P,1,703,
-0.901412,um,Spot,Nucleus,S2P,1,704,
-1.15635,um,Spot,Nucleus,S2P,1,705,
-1.18644,um,Spot,Nucleus,S2P,1,706,
-0.695231,um,Spot,Nucleus,S2P,1,707,
-0.827933,um,Spot,Nucleus,S2P,1,708,
-0.996253,um,Spot,Nucleus,S2P,1,709,
-1.33682,um,Spot,Nucleus,S2P,1,710,
-1.04167,um,Spot,Nucleus,S2P,1,711,
-1.07754,um,Spot,Nucleus,S2P,1,712,
-1.19641,um,Spot,Nucleus,S2P,1,713,
-0.892712,um,Spot,Nucleus,S2P,1,714,
-0.113584,um,Spot,Nucleus,S2P,1,715,
-0.411254,um,Spot,Nucleus,S2P,1,716,
-0.823841,um,Spot,Nucleus,S2P,1,717,
-0.864806,um,Spot,Nucleus,S2P,1,718,
-0.873541,um,Spot,Nucleus,S2P,1,719,
-0.702514,um,Spot,Nucleus,S2P,1,720,
-0.891529,um,Spot,Nucleus,S2P,1,721,
-1.05867,um,Spot,Nucleus,S2P,1,722,
-0.9699,um,Spot,Nucleus,S2P,1,723,
-0.831501,um,Spot,Nucleus,S2P,1,724,
-1.38202,um,Spot,Nucleus,S2P,1,725,
-0.976898,um,Spot,Nucleus,S2P,1,726,
-1.0096,um,Spot,Nucleus,S2P,1,727,
-0.758897,um,Spot,Nucleus,S2P,1,728,
-0.669153,um,Spot,Nucleus,S2P,1,729,
-0.972712,um,Spot,Nucleus,S2P,1,730,
-1.13316,um,Spot,Nucleus,S2P,1,731,
-1.27212,um,Spot,Nucleus,S2P,1,732,
-1.09074,um,Spot,Nucleus,S2P,1,733,
-1.0044,um,Spot,Nucleus,S2P,1,734,
-0.851526,um,Spot,Nucleus,S2P,1,735,
-1.0404,um,Spot,Nucleus,S2P,1,736,
-0.84385,um,Spot,Nucleus,S2P,1,737,
-0.419406,um,Spot,Nucleus,S2P,1,738,
-0.31027,um,Spot,Nucleus,S2P,1,739,
-0.84782,um,Spot,Nucleus,S2P,1,740,
-0.620434,um,Spot,Nucleus,S2P,1,741,
-1.1342,um,Spot,Nucleus,S2P,1,742,
-0.545982,um,Spot,Nucleus,S2P,1,743,
-0.510962,um,Spot,Nucleus,S2P,1,744,
-0.648814,um,Spot,Nucleus,S2P,1,745,
-1.19863,um,Spot,Nucleus,S2P,1,746,
-0.745526,um,Spot,Nucleus,S2P,1,747,
-1.19356,um,Spot,Nucleus,S2P,1,748,
-1.22768,um,Spot,Nucleus,S2P,1,749,
-0.953535,um,Spot,Nucleus,S2P,1,750,
-1.52549,um,Spot,Nucleus,S2P,1,751,
-0.646095,um,Spot,Nucleus,S2P,1,752,
-1.28143,um,Spot,Nucleus,S2P,1,753,
-0.970675,um,Spot,Nucleus,S2P,1,754,
-1.22636,um,Spot,Nucleus,S2P,1,755,
-1.23498,um,Spot,Nucleus,S2P,1,756,
-1.02441,um,Spot,Nucleus,S2P,1,757,
-1.21939,um,Spot,Nucleus,S2P,1,758,
-0.357361,um,Spot,Nucleus,S2P,1,759,
-0.769802,um,Spot,Nucleus,S2P,1,760,
-0.0699643,um,Spot,Nucleus,S2P,1,761,
-0.511397,um,Spot,Nucleus,S2P,1,762,
-0.500301,um,Spot,Nucleus,S2P,1,763,
-0.731284,um,Spot,Nucleus,S2P,1,764,
-0.167576,um,Spot,Nucleus,S2P,1,765,
0.0245289,um,Spot,Nucleus,S2P,1,766,
-0.271778,um,Spot,Nucleus,S2P,1,767,
-0.268722,um,Spot,Nucleus,S2P,1,768,
-0.663186,um,Spot,Nucleus,S2P,1,769,
-0.933909,um,Spot,Nucleus,S2P,1,770,
-0.112284,um,Spot,Nucleus,S2P,1,771,
-0.0862229,um,Spot,Nucleus,S2P,1,772,
-0.755722,um,Spot,Nucleus,S2P,1,773,
-0.101853,um,Spot,Nucleus,S2P,1,774,
-0.258922,um,Spot,Nucleus,S2P,1,775,
-0.680588,um,Spot,Nucleus,S2P,1,776,
-0.342019,um,Spot,Nucleus,S2P,1,777,
-0.253234,um,Spot,Nucleus,S2P,1,778,
-0.477269,um,Spot,Nucleus,S2P,1,779,
-0.311178,um,Spot,Nucleus,S2P,1,780,
-0.884993,um,Spot,Nucleus,S2P,1,781,
-0.015388,um,Spot,Nucleus,S2P,1,782,
-0.0666758,um,Spot,Nucleus,S2P,1,783,
-0.666125,um,Spot,Nucleus,S2P,1,784,
-0.543861,um,Spot,Nucleus,S2P,1,785,
-0.436104,um,Spot,Nucleus,S2P,1,786,
-0.301263,um,Spot,Nucleus,S2P,1,787,
-0.451781,um,Spot,Nucleus,S2P,1,788,
-0.326867,um,Spot,Nucleus,S2P,1,789,
-0.603017,um,Spot,Nucleus,S2P,1,790,
-0.0479127,um,Spot,Nucleus,S2P,1,791,
-0.169222,um,Spot,Nucleus,S2P,1,792,
-0.0424703,um,Spot,Nucleus,S2P,1,793,
-0.190148,um,Spot,Nucleus,S2P,1,794,
-0.0524964,um,Spot,Nucleus,S2P,1,795,
-0.878406,um,Spot,Nucleus,S2P,1,796,
-0.412152,um,Spot,Nucleus,S2P,1,797,
-0.242979,um,Spot,Nucleus,S2P,1,798,
-0.526317,um,Spot,Nucleus,S2P,1,799,
-1.02455,um,Spot,Nucleus,S2P,1,800,
-0.155877,um,Spot,Nucleus,S2P,1,801,
-0.337949,um,Spot,Nucleus,S2P,1,802,
-0.607568,um,Spot,Nucleus,S2P,1,803,
-0.245928,um,Spot,Nucleus,S2P,1,804,
-0.135817,um,Spot,Nucleus,S2P,1,805,
-0.297175,um,Spot,Nucleus,S2P,1,806,
-0.348389,um,Spot,Nucleus,S2P,1,807,
-0.435197,um,Spot,Nucleus,S2P,1,808,
-0.60803,um,Spot,Nucleus,S2P,1,809,
-0.159244,um,Spot,Nucleus,S2P,1,810,
-1.20704,um,Spot,Nucleus,S2P,1,811,
-0.544212,um,Spot,Nucleus,S2P,1,812,
-0.820245,um,Spot,Nucleus,S2P,1,813,
-0.601877,um,Spot,Nucleus,S2P,1,814,
-0.384703,um,Spot,Nucleus,S2P,1,815,
-0.0315689,um,Spot,Nucleus,S2P,1,816,
-0.749893,um,Spot,Nucleus,S2P,1,817,
-0.4007,um,Spot,Nucleus,S2P,1,818,
-0.391256,um,Spot,Nucleus,S2P,1,819,
-0.412284,um,Spot,Nucleus,S2P,1,820,
-0.22871,um,Spot,Nucleus,S2P,1,821,
-0.284786,um,Spot,Nucleus,S2P,1,822,
-0.685497,um,Spot,Nucleus,S2P,1,823,
-0.614383,um,Spot,Nucleus,S2P,1,824,
-0.768442,um,Spot,Nucleus,S2P,1,825,
-0.271293,um,Spot,Nucleus,S2P,1,826,
-0.257761,um,Spot,Nucleus,S2P,1,827,
-0.727975,um,Spot,Nucleus,S2P,1,828,
-0.169951,um,Spot,Nucleus,S2P,1,829,
-0.953691,um,Spot,Nucleus,S2P,1,830,
-0.632759,um,Spot,Nucleus,S2P,1,831,
-0.0105821,um,Spot,Nucleus,S2P,1,832,
-0.253856,um,Spot,Nucleus,S2P,1,833,
-0.115278,um,Spot,Nucleus,S2P,1,834,
-0.685723,um,Spot,Nucleus,S2P,1,835,
-0.83215,um,Spot,Nucleus,S2P,1,836,
-0.457898,um,Spot,Nucleus,S2P,1,837,
-0.138078,um,Spot,Nucleus,S2P,1,838,
-0.11675,um,Spot,Nucleus,S2P,1,839,
-0.573737,um,Spot,Nucleus,S2P,1,840,
-0.491929,um,Spot,Nucleus,S2P,1,841,
-0.220119,um,Spot,Nucleus,S2P,1,842,
-0.752144,um,Spot,Nucleus,S2P,1,843,
-0.402357,um,Spot,Nucleus,S2P,1,844,
-0.0395181,um,Spot,Nucleus,S2P,1,845,
-0.585646,um,Spot,Nucleus,S2P,1,846,
-0.545937,um,Spot,Nucleus,S2P,1,847,
-1.00968,um,Spot,Nucleus,S2P,1,848,
-0.329097,um,Spot,Nucleus,S2P,1,849,
-0.609319,um,Spot,Nucleus,S2P,1,850,
-0.0293057,um,Spot,Nucleus,S2P,1,851,
-0.179694,um,Spot,Nucleus,S2P,1,852,
-0.197609,um,Spot,Nucleus,S2P,1,853,
-0.00436388,um,Spot,Nucleus,S2P,1,854,
-0.0450277,um,Spot,Nucleus,S2P,1,855,
-0.407965,um,Spot,Nucleus,S2P,1,856,
-0.0417266,um,Spot,Nucleus,S2P,1,857,
-0.387234,um,Spot,Nucleus,S2P,1,858,
-0.550169,um,Spot,Nucleus,S2P,1,859,
-0.367131,um,Spot,Nucleus,S2P,1,860,
-0.227119,um,Spot,Nucleus,S2P,1,861,
-0.245742,um,Spot,Nucleus,S2P,1,862,
-0.358066,um,Spot,Nucleus,S2P,1,863,
-0.570043,um,Spot,Nucleus,S2P,1,864,
-0.0363623,um,Spot,Nucleus,S2P,1,865,
-0.0668991,um,Spot,Nucleus,S2P,1,866,
-0.276988,um,Spot,Nucleus,S2P,1,867,
-0.0200652,um,Spot,Nucleus,S2P,1,868,
-0.398255,um,Spot,Nucleus,S2P,1,869,
-0.512549,um,Spot,Nucleus,S2P,1,870,
-0.372208,um,Spot,Nucleus,S2P,1,871,
-0.00268615,um,Spot,Nucleus,S2P,1,872,
-0.0655748,um,Spot,Nucleus,S2P,1,873,
-0.389978,um,Spot,Nucleus,S2P,1,874,
-0.741098,um,Spot,Nucleus,S2P,1,875,
-0.316327,um,Spot,Nucleus,S2P,1,876,
-0.0940166,um,Spot,Nucleus,S2P,1,877,
-0.154817,um,Spot,Nucleus,S2P,1,878,
-0.532408,um,Spot,Nucleus,S2P,1,879,
-0.0385346,um,Spot,Nucleus,S2P,1,880,
-0.325356,um,Spot,Nucleus,S2P,1,881,
-0.44686,um,Spot,Nucleus,S2P,1,882,
-0.208099,um,Spot,Nucleus,S2P,1,883,
-0.310437,um,Spot,Nucleus,S2P,1,884,
-0.222087,um,Spot,Nucleus,S2P,1,885,
-0.467783,um,Spot,Nucleus,S2P,1,886,
-0.190097,um,Spot,Nucleus,S2P,1,887,
-0.733845,um,Spot,Nucleus,S2P,1,888,
-0.291775,um,Spot,Nucleus,S2P,1,889,
-0.18458,um,Spot,Nucleus,S2P,1,890,
-0.23026,um,Spot,Nucleus,S2P,1,891,
-0.188915,um,Spot,Nucleus,S2P,1,892,
-0.433035,um,Spot,Nucleus,S2P,1,893,
-0.174702,um,Spot,Nucleus,S2P,1,894,
-0.49872,um,Spot,Nucleus,S2P,1,895,
-1.06028,um,Spot,Nucleus,S2P,1,896,
-0.524559,um,Spot,Nucleus,S2P,1,897,
-0.937421,um,Spot,Nucleus,S2P,1,898,
-0.461474,um,Spot,Nucleus,S2P,1,899,
-0.638707,um,Spot,Nucleus,S2P,1,900,
-1.24461,um,Spot,Nucleus,S2P,1,901,
-0.98331,um,Spot,Nucleus,S2P,1,902,
-0.860022,um,Spot,Nucleus,S2P,1,903,
-0.239178,um,Spot,Nucleus,S2P,1,904,
-0.940884,um,Spot,Nucleus,S2P,1,905,
-0.537053,um,Spot,Nucleus,S2P,1,906,
-0.38818,um,Spot,Nucleus,S2P,1,907,
-0.488953,um,Spot,Nucleus,S2P,1,908,
-0.223293,um,Spot,Nucleus,S2P,1,909,
-0.900656,um,Spot,Nucleus,S2P,1,910,
-1.02411,um,Spot,Nucleus,S2P,1,911,
-0.491724,um,Spot,Nucleus,S2P,1,912,
-0.376799,um,Spot,Nucleus,S2P,1,913,
-0.673537,um,Spot,Nucleus,S2P,1,914,
-1.01917,um,Spot,Nucleus,S2P,1,915,
-0.508066,um,Spot,Nucleus,S2P,1,916,
-0.769544,um,Spot,Nucleus,S2P,1,917,
-0.627649,um,Spot,Nucleus,S2P,1,918,
-0.705177,um,Spot,Nucleus,S2P,1,919,
-0.213968,um,Spot,Nucleus,S2P,1,920,
-0.694814,um,Spot,Nucleus,S2P,1,921,
-1.21629,um,Spot,Nucleus,S2P,1,922,
-0.380934,um,Spot,Nucleus,S2P,1,923,
-0.810813,um,Spot,Nucleus,S2P,1,924,
-0.997714,um,Spot,Nucleus,S2P,1,925,
-0.376994,um,Spot,Nucleus,S2P,1,926,
-0.662299,um,Spot,Nucleus,S2P,1,927,
-0.443677,um,Spot,Nucleus,S2P,1,928,
-1.03105,um,Spot,Nucleus,S2P,1,929,
-0.523377,um,Spot,Nucleus,S2P,1,930,
-1.2408,um,Spot,Nucleus,S2P,1,931,
-1.13107,um,Spot,Nucleus,S2P,1,932,
-0.922329,um,Spot,Nucleus,S2P,1,933,
-0.716357,um,Spot,Nucleus,S2P,1,934,
-0.844174,um,Spot,Nucleus,S2P,1,935,
-0.197691,um,Spot,Nucleus,S2P,1,936,
-0.646262,um,Spot,Nucleus,S2P,1,937,
-0.25481,um,Spot,Nucleus,S2P,1,938,
-0.427437,um,Spot,Nucleus,S2P,1,939,
-0.51881,um,Spot,Nucleus,S2P,1,940,
-0.660663,um,Spot,Nucleus,S2P,1,941,
-0.627744,um,Spot,Nucleus,S2P,1,942,
-0.216662,um,Spot,Nucleus,S2P,1,943,
-0.318573,um,Spot,Nucleus,S2P,1,944,
-0.778848,um,Spot,Nucleus,S2P,1,945,
-0.62911,um,Spot,Nucleus,S2P,1,946,
-0.448038,um,Spot,Nucleus,S2P,1,947,
-0.282313,um,Spot,Nucleus,S2P,1,948,
-0.29583,um,Spot,Nucleus,S2P,1,949,
-0.144642,um,Spot,Nucleus,S2P,1,950,
-0.196525,um,Spot,Nucleus,S2P,1,951,
-0.0677986,um,Spot,Nucleus,S2P,1,952,
-0.195875,um,Spot,Nucleus,S2P,1,953,
-0.137587,um,Spot,Nucleus,S2P,1,954,
-0.319366,um,Spot,Nucleus,S2P,1,955,
-0.202949,um,Spot,Nucleus,S2P,1,956,
-0.0225939,um,Spot,Nucleus,S2P,1,957,
-0.260589,um,Spot,Nucleus,S2P,1,958,
-0.0956981,um,Spot,Nucleus,S2P,1,959,
-0.147591,um,Spot,Nucleus,S2P,1,960,
-0.16126,um,Spot,Nucleus,S2P,1,961,
-0.132851,um,Spot,Nucleus,S2P,1,962,
-0.626251,um,Spot,Nucleus,S2P,1,963,
-0.20797,um,Spot,Nucleus,S2P,1,964,
-0.342109,um,Spot,Nucleus,S2P,1,965,
-0.272875,um,Spot,Nucleus,S2P,1,966,
-0.0881432,um,Spot,Nucleus,S2P,1,967,
-0.221216,um,Spot,Nucleus,S2P,1,968,
-0.078113,um,Spot,Nucleus,S2P,1,969,
-0.123428,um,Spot,Nucleus,S2P,1,970,
-0.0443619,um,Spot,Nucleus,S2P,1,971,
-0.22815,um,Spot,Nucleus,S2P,1,972,
-0.766004,um,Spot,Nucleus,S2P,1,973,
-1.0905,um,Spot,Nucleus,S2P,1,974,
-0.51829,um,Spot,Nucleus,S2P,1,975,
-0.154406,um,Spot,Nucleus,S2P,1,976,
-0.184033,um,Spot,Nucleus,S2P,1,977,
-0.0675901,um,Spot,Nucleus,S2P,1,978,
-0.834417,um,Spot,Nucleus,S2P,1,979,
-0.885095,um,Spot,Nucleus,S2P,1,980,
-0.13147,um,Spot,Nucleus,S2P,1,981,
-0.0203961,um,Spot,Nucleus,S2P,1,982,
-0.501338,um,Spot,Nucleus,S2P,1,983,
-0.14048,um,Spot,Nucleus,S2P,1,984,
-0.695952,um,Spot,Nucleus,S2P,1,985,
-0.615362,um,Spot,Nucleus,S2P,1,986,
-0.521024,um,Spot,Nucleus,S2P,1,987,
-0.94133,um,Spot,Nucleus,S2P,1,988,
-0.72634,um,Spot,Nucleus,S2P,1,989,
-0.097219,um,Spot,Nucleus,S2P,1,990,
-1.0372,um,Spot,Nucleus,S2P,1,991,
-0.724869,um,Spot,Nucleus,S2P,1,992,
-0.1008,um,Spot,Nucleus,S2P,1,993,
-0.151826,um,Spot,Nucleus,S2P,1,994,
-0.518989,um,Spot,Nucleus,S2P,1,995,
-0.780128,um,Spot,Nucleus,S2P,1,996,
-0.918464,um,Spot,Nucleus,S2P,1,997,
-0.215719,um,Spot,Nucleus,S2P,1,998,
-0.771254,um,Spot,Nucleus,S2P,1,999,
-0.409374,um,Spot,Nucleus,S2P,1,1000,
-0.367294,um,Spot,Nucleus,S2P,1,1001,
-0.197093,um,Spot,Nucleus,S2P,1,1002,
-0.669163,um,Spot,Nucleus,S2P,1,1003,
-0.0771068,um,Spot,Nucleus,S2P,1,1004,
-0.0500738,um,Spot,Nucleus,S2P,1,1005,
-0.58526,um,Spot,Nucleus,S2P,1,1006,
-0.268331,um,Spot,Nucleus,S2P,1,1007,
-0.45776,um,Spot,Nucleus,S2P,1,1008,
-0.433201,um,Spot,Nucleus,S2P,1,1009,
-0.661435,um,Spot,Nucleus,S2P,1,1010,
-0.596788,um,Spot,Nucleus,S2P,1,1011,
-0.77785,um,Spot,Nucleus,S2P,1,1012,
-0.757526,um,Spot,Nucleus,S2P,1,1013,
-0.798422,um,Spot,Nucleus,S2P,1,1014,
-1.02179,um,Spot,Nucleus,S2P,1,1015,
-0.873588,um,Spot,Nucleus,S2P,1,1016,
-0.59272,um,Spot,Nucleus,S2P,1,1017,
-0.973462,um,Spot,Nucleus,S2P,1,1018,
-0.766508,um,Spot,Nucleus,S2P,1,1019,
-1.1293,um,Spot,Nucleus,S2P,1,1020,
-0.711587,um,Spot,Nucleus,S2P,1,1021,
-0.744387,um,Spot,Nucleus,S2P,1,1022,
-0.715219,um,Spot,Nucleus,S2P,1,1023,
-0.895597,um,Spot,Nucleus,S2P,1,1024,
-1.11976,um,Spot,Nucleus,S2P,1,1025,
-1.001,um,Spot,Nucleus,S2P,1,1026,
-1.07866,um,Spot,Nucleus,S2P,1,1027,
-0.0572766,um,Spot,Nucleus,S2P,1,1028,
-0.309867,um,Spot,Nucleus,S2P,1,1029,
-0.580585,um,Spot,Nucleus,S2P,1,1030,
-0.177548,um,Spot,Nucleus,S2P,1,1031,
-0.763943,um,Spot,Nucleus,S2P,1,1032,
-0.869044,um,Spot,Nucleus,S2P,1,1033,
-0.501714,um,Spot,Nucleus,S2P,1,1034,
-0.652615,um,Spot,Nucleus,S2P,1,1035,
-0.562384,um,Spot,Nucleus,S2P,1,1036,
-0.507473,um,Spot,Nucleus,S2P,1,1037,
-0.55145,um,Spot,Nucleus,S2P,1,1038,
-0.444904,um,Spot,Nucleus,S2P,1,1039,
-0.532414,um,Spot,Nucleus,S2P,1,1040,
-0.57464,um,Spot,Nucleus,S2P,1,1041,
-0.191408,um,Spot,Nucleus,S2P,1,1042,
-0.738645,um,Spot,Nucleus,S2P,1,1043,
-0.283768,um,Spot,Nucleus,S2P,1,1044,
-0.433672,um,Spot,Nucleus,S2P,1,1045,
-0.385733,um,Spot,Nucleus,S2P,1,1046,
-0.337943,um,Spot,Nucleus,S2P,1,1047,
-0.687763,um,Spot,Nucleus,S2P,1,1048,
-0.163736,um,Spot,Nucleus,S2P,1,1049,
-0.265876,um,Spot,Nucleus,S2P,1,1050,
-0.508632,um,Spot,Nucleus,S2P,1,1051,
-0.459995,um,Spot,Nucleus,S2P,1,1052,
-0.679548,um,Spot,Nucleus,S2P,1,1053,
-0.907581,um,Spot,Nucleus,S2P,1,1054,
-1.00143,um,Spot,Nucleus,S2P,1,1055,
-0.330399,um,Spot,Nucleus,S2P,1,1056,
-0.426253,um,Spot,Nucleus,S2P,1,1057,
-0.847286,um,Spot,Nucleus,S2P,1,1058,
-0.627412,um,Spot,Nucleus,S2P,1,1059,
-0.282847,um,Spot,Nucleus,S2P,1,1060,
-0.221138,um,Spot,Nucleus,S2P,1,1061,
-0.4266,um,Spot,Nucleus,S2P,1,1062,
-0.758341,um,Spot,Nucleus,S2P,1,1063,
-0.918286,um,Spot,Nucleus,S2P,1,1064,
-0.931906,um,Spot,Nucleus,S2P,1,1065,
-0.999398,um,Spot,Nucleus,S2P,1,1066,
-0.669213,um,Spot,Nucleus,S2P,1,1067,
-0.116706,um,Spot,Nucleus,S2P,1,1068,
-0.272952,um,Spot,Nucleus,S2P,1,1069,
-0.415677,um,Spot,Nucleus,S2P,1,1070,
-0.432363,um,Spot,Nucleus,S2P,1,1071,
-0.184678,um,Spot,Nucleus,S2P,1,1072,
-0.690317,um,Spot,Nucleus,S2P,1,1073,
0.0139429,um,Spot,Nucleus,S2P,1,1074,
-0.0963553,um,Spot,Nucleus,S2P,1,1075,
-0.263686,um,Spot,Nucleus,S2P,1,1076,
-0.287954,um,Spot,Nucleus,S2P,1,1077,
-1.24191,um,Spot,Nucleus,S2P,1,1078,
-0.284306,um,Spot,Nucleus,S2P,1,1079,
-0.128382,um,Spot,Nucleus,S2P,1,1080,
-0.18579,um,Spot,Nucleus,S2P,1,1081,
-0.787933,um,Spot,Nucleus,S2P,1,1082,
-0.185827,um,Spot,Nucleus,S2P,1,1083,
-0.999478,um,Spot,Nucleus,S2P,1,1084,
-0.760665,um,Spot,Nucleus,S2P,1,1085,
-0.529991,um,Spot,Nucleus,S2P,1,1086,
-0.192989,um,Spot,Nucleus,S2P,1,1087,
-0.0480662,um,Spot,Nucleus,S2P,1,1088,
-0.167166,um,Spot,Nucleus,S2P,1,1089,
-0.0623038,um,Spot,Nucleus,S2P,1,1090,
-0.227197,um,Spot,Nucleus,S2P,1,1091,
-0.881401,um,Spot,Nucleus,S2P,1,1092,
-0.468428,um,Spot,Nucleus,S2P,1,1093,
-0.4247,um,Spot,Nucleus,S2P,1,1094,
-0.35304,um,Spot,Nucleus,S2P,1,1095,
-0.355199,um,Spot,Nucleus,S2P,1,1096,
-0.57354,um,Spot,Nucleus,S2P,1,1097,
-0.120917,um,Spot,Nucleus,S2P,1,1098,
-0.181699,um,Spot,Nucleus,S2P,1,1099,
-0.168418,um,Spot,Nucleus,S2P,1,1100,
-0.272205,um,Spot,Nucleus,S2P,1,1101,
-0.623999,um,Spot,Nucleus,S2P,1,1102,
-0.46018,um,Spot,Nucleus,S2P,1,1103,
-0.333469,um,Spot,Nucleus,S2P,1,1104,
-0.213004,um,Spot,Nucleus,S2P,1,1105,
-0.383124,um,Spot,Nucleus,S2P,1,1106,
-0.456368,um,Spot,Nucleus,S2P,1,1107,
-0.692516,um,Spot,Nucleus,S2P,1,1108,
-0.809339,um,Spot,Nucleus,S2P,1,1109,
-0.944183,um,Spot,Nucleus,S2P,1,1110,
-1.15531,um,Spot,Nucleus,S2P,1,1111,
-0.142163,um,Spot,Nucleus,S2P,1,1112,
-1.38597,um,Spot,Nucleus,S2P,1,1113,
-0.75298,um,Spot,Nucleus,S2P,1,1114,
-1.22925,um,Spot,Nucleus,S2P,1,1115,
-0.498815,um,Spot,Nucleus,S2P,1,1116,
-0.621454,um,Spot,Nucleus,S2P,1,1117,
-0.301392,um,Spot,Nucleus,S2P,1,1118,
-0.263974,um,Spot,Nucleus,S2P,1,1119,
-0.231081,um,Spot,Nucleus,S2P,1,1120,
-0.988967,um,Spot,Nucleus,S2P,1,1121,
-1.14901,um,Spot,Nucleus,S2P,1,1122,
-1.21158,um,Spot,Nucleus,S2P,1,1123,
-0.732161,um,Spot,Nucleus,S2P,1,1124,
-0.330721,um,Spot,Nucleus,S2P,1,1125,
-0.554273,um,Spot,Nucleus,S2P,1,1126,
-0.389449,um,Spot,Nucleus,S2P,1,1127,
-0.65703,um,Spot,Nucleus,S2P,1,1128,
-0.531459,um,Spot,Nucleus,S2P,1,1129,
-1.07487,um,Spot,Nucleus,S2P,1,1130,
-0.952059,um,Spot,Nucleus,S2P,1,1131,
-1.31935,um,Spot,Nucleus,S2P,1,1132,
-0.220232,um,Spot,Nucleus,S2P,1,1133,
-0.441613,um,Spot,Nucleus,S2P,1,1134,
-0.610825,um,Spot,Nucleus,S2P,1,1135,
-0.311226,um,Spot,Nucleus,S2P,1,1136,
0.0178901,um,Spot,Nucleus,S2P,1,1137,
-0.247661,um,Spot,Nucleus,S2P,1,1138,
-0.153759,um,Spot,Nucleus,S2P,1,1139,
-0.358468,um,Spot,Nucleus,S2P,1,1140,
-0.181203,um,Spot,Nucleus,S2P,1,1141,
-0.540823,um,Spot,Nucleus,S2P,1,1142,
-0.748407,um,Spot,Nucleus,S2P,1,1143,
-0.866926,um,Spot,Nucleus,S2P,1,1144,
-0.940213,um,Spot,Nucleus,S2P,1,1145,
-0.868942,um,Spot,Nucleus,S2P,1,1146,
-0.984744,um,Spot,Nucleus,S2P,1,1147,
-1.09648,um,Spot,Nucleus,S2P,1,1148,
-1.42545,um,Spot,Nucleus,S2P,1,1149,
-1.4381,um,Spot,Nucleus,S2P,1,1150,
-0.744152,um,Spot,Nucleus,S2P,1,1151,
-0.484162,um,Spot,Nucleus,S2P,1,1152,
-0.514203,um,Spot,Nucleus,S2P,1,1153,
-0.84892,um,Spot,Nucleus,S2P,1,1154,
-0.946554,um,Spot,Nucleus,S2P,1,1155,
-0.474531,um,Spot,Nucleus,S2P,1,1156,
-0.848507,um,Spot,Nucleus,S2P,1,1157,
-0.852785,um,Spot,Nucleus,S2P,1,1158,
-0.803926,um,Spot,Nucleus,S2P,1,1159,
-0.806568,um,Spot,Nucleus,S2P,1,1160,
-0.852892,um,Spot,Nucleus,S2P,1,1161,
-0.589113,um,Spot,Nucleus,S2P,1,1162,
-0.442853,um,Spot,Nucleus,S2P,1,1163,
-0.727023,um,Spot,Nucleus,S2P,1,1164,
-0.43597,um,Spot,Nucleus,S2P,1,1165,
-0.785593,um,Spot,Nucleus,S2P,1,1166,
-0.903499,um,Spot,Nucleus,S2P,1,1167,
-0.450497,um,Spot,Nucleus,S2P,1,1168,
-0.891186,um,Spot,Nucleus,S2P,1,1169,
-0.677548,um,Spot,Nucleus,S2P,1,1170,
-0.179541,um,Spot,Nucleus,S2P,1,1171,
-0.770898,um,Spot,Nucleus,S2P,1,1172,
-1.05504,um,Spot,Nucleus,S2P,1,1173,
-0.785618,um,Spot,Nucleus,S2P,1,1174,
-0.619492,um,Spot,Nucleus,S2P,1,1175,
-0.351015,um,Spot,Nucleus,S2P,1,1176,
-0.156681,um,Spot,Nucleus,S2P,1,1177,
-1.14072,um,Spot,Nucleus,S2P,1,1178,
-0.474704,um,Spot,Nucleus,S2P,1,1179,
-1.21706,um,Spot,Nucleus,S2P,1,1180,
-0.5816,um,Spot,Nucleus,S2P,1,1181,
-1.08165,um,Spot,Nucleus,S2P,1,1182,
-0.531656,um,Spot,Nucleus,S2P,1,1183,
-0.492947,um,Spot,Nucleus,S2P,1,1184,
-0.232737,um,Spot,Nucleus,S2P,1,1185,
-0.794632,um,Spot,Nucleus,S2P,1,1186,
-0.610113,um,Spot,Nucleus,S2P,1,1187,
-0.47883,um,Spot,Nucleus,S2P,1,1188,
-0.530555,um,Spot,Nucleus,S2P,1,1189,
-0.909295,um,Spot,Nucleus,S2P,1,1190,
-0.624874,um,Spot,Nucleus,S2P,1,1191,
-0.965754,um,Spot,Nucleus,S2P,1,1192,
-0.888128,um,Spot,Nucleus,S2P,1,1193,
-1.05081,um,Spot,Nucleus,S2P,1,1194,
-0.387051,um,Spot,Nucleus,S2P,1,1195,
-1.05042,um,Spot,Nucleus,S2P,1,1196,
-0.514064,um,Spot,Nucleus,S2P,1,1197,
-0.0103412,um,Spot,Nucleus,S2P,1,1198,
-1.00287,um,Spot,Nucleus,S2P,1,1199,
-0.26975,um,Spot,Nucleus,S2P,1,1200,
-0.744681,um,Spot,Nucleus,S2P,1,1201,
-0.336543,um,Spot,Nucleus,S2P,1,1202,
-0.374476,um,Spot,Nucleus,S2P,1,1203,
-0.4735,um,Spot,Nucleus,S2P,1,1204,
-0.422304,um,Spot,Nucleus,S2P,1,1205,
-0.736775,um,Spot,Nucleus,S2P,1,1206,
-0.787359,um,Spot,Nucleus,S2P,1,1207,
-0.267251,um,Spot,Nucleus,S2P,1,1208,
-0.00773304,um,Spot,Nucleus,S2P,1,1209,
-0.647039,um,Spot,Nucleus,S2P,1,1210,
-0.174616,um,Spot,Nucleus,S2P,1,1211,
-1.13066,um,Spot,Nucleus,S2P,1,1212,
-0.400227,um,Spot,Nucleus,S2P,1,1213,
-0.2406,um,Spot,Nucleus,S2P,1,1214,
-0.912504,um,Spot,Nucleus,S2P,1,1215,
-0.460154,um,Spot,Nucleus,S2P,1,1216,
-1.04955,um,Spot,Nucleus,S2P,1,1217,
-0.380229,um,Spot,Nucleus,S2P,1,1218,
-0.902458,um,Spot,Nucleus,S2P,1,1219,
-0.195067,um,Spot,Nucleus,S2P,1,1220,
-1.1229,um,Spot,Nucleus,S2P,1,1221,
-0.551893,um,Spot,Nucleus,S2P,1,1222,
-0.897445,um,Spot,Nucleus,S2P,1,1223,
-0.315159,um,Spot,Nucleus,S2P,1,1224,
-1.31448,um,Spot,Nucleus,S2P,1,1225,
-1.30086,um,Spot,Nucleus,S2P,1,1226,
-0.310687,um,Spot,Nucleus,S2P,1,1227,
-0.365857,um,Spot,Nucleus,S2P,1,1228,
-0.270323,um,Spot,Nucleus,S2P,1,1229,
-0.532308,um,Spot,Nucleus,S2P,1,1230,
-0.48464,um,Spot,Nucleus,S2P,1,1231,
-0.221993,um,Spot,Nucleus,S2P,1,1232,
-0.360604,um,Spot,Nucleus,S2P,1,1233,
-1.3689,um,Spot,Nucleus,S2P,1,1234,
-1.29007,um,Spot,Nucleus,S2P,1,1235,
-1.02464,um,Spot,Nucleus,S2P,1,1236,
-0.771639,um,Spot,Nucleus,S2P,1,1237,
-0.859425,um,Spot,Nucleus,S2P,1,1238,
-0.545454,um,Spot,Nucleus,S2P,1,1239,
-0.331716,um,Spot,Nucleus,S2P,1,1240,
-0.280229,um,Spot,Nucleus,S2P,1,1241,
-0.459676,um,Spot,Nucleus,S2P,1,1242,
-0.906776,um,Spot,Nucleus,S2P,1,1243,
-0.430216,um,Spot,Nucleus,S2P,1,1244,
-0.415689,um,Spot,Nucleus,S2P,1,1245,
-0.544941,um,Spot,Nucleus,S2P,1,1246,
-1.37063,um,Spot,Nucleus,S2P,1,1247,
-0.624095,um,Spot,Nucleus,S2P,1,1248,
-1.04485,um,Spot,Nucleus,S2P,1,1249,
-0.881178,um,Spot,Nucleus,S2P,1,1250,
-0.122306,um,Spot,Nucleus,S2P,1,1251,
-0.974981,um,Spot,Nucleus,S2P,1,1252,
-0.270088,um,Spot,Nucleus,S2P,1,1253,
-0.884134,um,Spot,Nucleus,S2P,1,1254,
-0.925186,um,Spot,Nucleus,S2P,1,1255,
-0.801112,um,Spot,Nucleus,S2P,1,1256,
-0.234727,um,Spot,Nucleus,S2P,1,1257,
-1.1295,um,Spot,Nucleus,S2P,1,1258,
-0.168742,um,Spot,Nucleus,S2P,1,1259,
-1.27165,um,Spot,Nucleus,S2P,1,1260,
-1.0793,um,Spot,Nucleus,S2P,1,1261,
-1.3514,um,Spot,Nucleus,S2P,1,1262,
-1.40473,um,Spot,Nucleus,S2P,1,1263,
-1.53991,um,Spot,Nucleus,S2P,1,1264,
-1.20759,um,Spot,Nucleus,S2P,1,1265,
-0.824631,um,Spot,Nucleus,S2P,1,1266,
-1.33872,um,Spot,Nucleus,S2P,1,1267,
-1.11754,um,Spot,Nucleus,S2P,1,1268,
-1.47261,um,Spot,Nucleus,S2P,1,1269,
-1.19911,um,Spot,Nucleus,S2P,1,1270,
-1.53643,um,Spot,Nucleus,S2P,1,1271,
-1.08271,um,Spot,Nucleus,S2P,1,1272,
-1.35231,um,Spot,Nucleus,S2P,1,1273,
-1.47723,um,Spot,Nucleus,S2P,1,1274,
-1.45858,um,Spot,Nucleus,S2P,1,1275,
-1.09864,um,Spot,Nucleus,S2P,1,1276,
-1.48859,um,Spot,Nucleus,S2P,1,1277,
-1.44356,um,Spot,Nucleus,S2P,1,1278,
-1.06,um,Spot,Nucleus,S2P,1,1279,
-1.3301,um,Spot,Nucleus,S2P,1,1280,
-1.38418,um,Spot,Nucleus,S2P,1,1281,
-0.462844,um,Spot,Nucleus,S2P,1,1282,
-0.448288,um,Spot,Nucleus,S2P,1,1283,
-0.329719,um,Spot,Nucleus,S2P,1,1284,
-0.733612,um,Spot,Nucleus,S2P,1,1285,
-1.167,um,Spot,Nucleus,S2P,1,1286,
-0.933955,um,Spot,Nucleus,S2P,1,1287,
-1.33016,um,Spot,Nucleus,S2P,1,1288,
-1.35909,um,Spot,Nucleus,S2P,1,1289,
-0.647731,um,Spot,Nucleus,S2P,1,1290,
-1.44572,um,Spot,Nucleus,S2P,1,1291,
-0.653162,um,Spot,Nucleus,S2P,1,1292,
-1.49769,um,Spot,Nucleus,S2P,1,1293,
-1.33955,um,Spot,Nucleus,S2P,1,1294,
-1.26031,um,Spot,Nucleus,S2P,1,1295,
-1.15584,um,Spot,Nucleus,S2P,1,1296,
-1.52235,um,Spot,Nucleus,S2P,1,1297,
-0.978359,um,Spot,Nucleus,S2P,1,1298,
-0.774996,um,Spot,Nucleus,S2P,1,1299,
-1.26317,um,Spot,Nucleus,S2P,1,1300,
-0.944746,um,Spot,Nucleus,S2P,1,1301,
-1.27305,um,Spot,Nucleus,S2P,1,1302,
-1.1212,um,Spot,Nucleus,S2P,1,1303,
-1.3399,um,Spot,Nucleus,S2P,1,1304,
-1.23186,um,Spot,Nucleus,S2P,1,1305,
-0.360059,um,Spot,Nucleus,S2P,1,1306,
-0.454271,um,Spot,Nucleus,S2P,1,1307,
-1.33863,um,Spot,Nucleus,S2P,1,1308,
-0.658408,um,Spot,Nucleus,S2P,1,1309,
-0.957373,um,Spot,Nucleus,S2P,1,1310,
-0.724419,um,Spot,Nucleus,S2P,1,1311,
-1.02825,um,Spot,Nucleus,S2P,1,1312,
-0.805319,um,Spot,Nucleus,S2P,1,1313,
-0.299036,um,Spot,Nucleus,S2P,1,1314,
-1.14286,um,Spot,Nucleus,S2P,1,1315,
-1.23414,um,Spot,Nucleus,S2P,1,1316,
-0.617404,um,Spot,Nucleus,S2P,1,1317,
-1.44296,um,Spot,Nucleus,S2P,1,1318,
-1.33887,um,Spot,Nucleus,S2P,1,1319,
-1.46365,um,Spot,Nucleus,S2P,1,1320,
-0.858024,um,Spot,Nucleus,S2P,1,1321,
-1.2306,um,Spot,Nucleus,S2P,1,1322,
-1.13111,um,Spot,Nucleus,S2P,1,1323,
-1.56381,um,Spot,Nucleus,S2P,1,1324,
-0.955754,um,Spot,Nucleus,S2P,1,1325,
-1.56161,um,Spot,Nucleus,S2P,1,1326,
-1.05837,um,Spot,Nucleus,S2P,1,1327,
-1.02495,um,Spot,Nucleus,S2P,1,1328,
-1.54113,um,Spot,Nucleus,S2P,1,1329,
-0.896359,um,Spot,Nucleus,S2P,1,1330,
-1.45018,um,Spot,Nucleus,S2P,1,1331,
-1.31518,um,Spot,Nucleus,S2P,1,1332,
-1.06423,um,Spot,Nucleus,S2P,1,1333,
-0.739562,um,Spot,Nucleus,S2P,1,1334,
-1.07422,um,Spot,Nucleus,S2P,1,1335,
-1.00497,um,Spot,Nucleus,S2P,1,1336,
-1.19571,um,Spot,Nucleus,S2P,1,1337,
-1.2585,um,Spot,Nucleus,S2P,1,1338,
-1.40506,um,Spot,Nucleus,S2P,1,1339,
-1.34024,um,Spot,Nucleus,S2P,1,1340,
-1.10724,um,Spot,Nucleus,S2P,1,1341,
-0.627953,um,Spot,Nucleus,S2P,1,1342,
-1.4438,um,Spot,Nucleus,S2P,1,1343,
-1.40201,um,Spot,Nucleus,S2P,1,1344,
-1.34065,um,Spot,Nucleus,S2P,1,1345,
-1.60512,um,Spot,Nucleus,S2P,1,1346,
-1.52805,um,Spot,Nucleus,S2P,1,1347,
-1.67629,um,Spot,Nucleus,S2P,1,1348,
-1.1612,um,Spot,Nucleus,S2P,1,1349,
-1.28631,um,Spot,Nucleus,S2P,1,1350,
-1.15906,um,Spot,Nucleus,S2P,1,1351,
-1.36751,um,Spot,Nucleus,S2P,1,1352,
-1.45682,um,Spot,Nucleus,S2P,1,1353,
-1.12371,um,Spot,Nucleus,S2P,1,1354,
-0.928618,um,Spot,Nucleus,S2P,1,1355,
-1.02617,um,Spot,Nucleus,S2P,1,1356,
-1.37358,um,Spot,Nucleus,S2P,1,1357,
-1.31359,um,Spot,Nucleus,S2P,1,1358,
-0.592254,um,Spot,Nucleus,S2P,1,1359,
-0.441865,um,Spot,Nucleus,S2P,1,1360,
-1.1188,um,Spot,Nucleus,S2P,1,1361,
-0.201738,um,Spot,Nucleus,S2P,1,1362,
-0.800764,um,Spot,Nucleus,S2P,1,1363,
-0.495458,um,Spot,Nucleus,S2P,1,1364,
-0.679446,um,Spot,Nucleus,S2P,1,1365,
-0.158228,um,Spot,Nucleus,S2P,1,1366,
-1.37065,um,Spot,Nucleus,S2P,1,1367,
-1.39302,um,Spot,Nucleus,S2P,1,1368,
-0.700892,um,Spot,Nucleus,S2P,1,1369,
-0.553091,um,Spot,Nucleus,S2P,1,1370,
-1.32339,um,Spot,Nucleus,S2P,1,1371,
-1.63471,um,Spot,Nucleus,S2P,1,1372,
-1.46049,um,Spot,Nucleus,S2P,1,1373,
-1.58895,um,Spot,Nucleus,S2P,1,1374,
-0.533613,um,Spot,Nucleus,S2P,1,1375,
-1.23603,um,Spot,Nucleus,S2P,1,1376,
-0.696295,um,Spot,Nucleus,S2P,1,1377,
-1.12581,um,Spot,Nucleus,S2P,1,1378,
-1.38955,um,Spot,Nucleus,S2P,1,1379,
-0.802252,um,Spot,Nucleus,S2P,1,1380,
-0.85822,um,Spot,Nucleus,S2P,1,1381,
-1.20382,um,Spot,Nucleus,S2P,1,1382,
-1.58336,um,Spot,Nucleus,S2P,1,1383,
-0.828807,um,Spot,Nucleus,S2P,1,1384,
-1.07357,um,Spot,Nucleus,S2P,1,1385,
-1.02381,um,Spot,Nucleus,S2P,1,1386,
-1.13379,um,Spot,Nucleus,S2P,1,1387,
-1.22778,um,Spot,Nucleus,S2P,1,1388,
-1.17919,um,Spot,Nucleus,S2P,1,1389,
-0.81433,um,Spot,Nucleus,S2P,1,1390,
-1.02009,um,Spot,Nucleus,S2P,1,1391,
-1.29598,um,Spot,Nucleus,S2P,1,1392,
-1.39722,um,Spot,Nucleus,S2P,1,1393,
-1.11657,um,Spot,Nucleus,S2P,1,1394,
-0.422228,um,Spot,Nucleus,S2P,1,1395,
-1.32383,um,Spot,Nucleus,S2P,1,1396,
-1.38517,um,Spot,Nucleus,S2P,1,1397,
-1.06497,um,Spot,Nucleus,S2P,1,1398,
-0.490181,um,Spot,Nucleus,S2P,1,1399,
-1.5184,um,Spot,Nucleus,S2P,1,1400,
-1.15579,um,Spot,Nucleus,S2P,1,1401,
-1.73876,um,Spot,Nucleus,S2P,1,1402,
-1.79585,um,Spot,Nucleus,S2P,1,1403,
-1.33118,um,Spot,Nucleus,S2P,1,1404,
-1.24675,um,Spot,Nucleus,S2P,1,1405,
-0.868008,um,Spot,Nucleus,S2P,1,1406,
-0.861969,um,Spot,Nucleus,S2P,1,1407,
-1.40288,um,Spot,Nucleus,S2P,1,1408,
-0.589669,um,Spot,Nucleus,S2P,1,1409,
-0.476933,um,Spot,Nucleus,S2P,1,1410,
-0.907061,um,Spot,Nucleus,S2P,1,1411,
-0.349897,um,Spot,Nucleus,S2P,1,1412,
-1.14784,um,Spot,Nucleus,S2P,1,1413,
-1.03026,um,Spot,Nucleus,S2P,1,1414,
-1.35029,um,Spot,Nucleus,S2P,1,1415,
-1.44652,um,Spot,Nucleus,S2P,1,1416,
-0.161612,um,Spot,Nucleus,S2P,1,1417,
-1.27206,um,Spot,Nucleus,S2P,1,1418,
-1.47325,um,Spot,Nucleus,S2P,1,1419,
-0.295666,um,Spot,Nucleus,S2P,1,1420,
-1.54981,um,Spot,Nucleus,S2P,1,1421,
-1.09489,um,Spot,Nucleus,S2P,1,1422,
-1.65094,um,Spot,Nucleus,S2P,1,1423,
-0.384215,um,Spot,Nucleus,S2P,1,1424,
-0.521239,um,Spot,Nucleus,S2P,1,1425,
-1.6981,um,Spot,Nucleus,S2P,1,1426,
-1.74696,um,Spot,Nucleus,S2P,1,1427,
-1.02214,um,Spot,Nucleus,S2P,1,1428,
-1.34682,um,Spot,Nucleus,S2P,1,1429,
-1.51464,um,Spot,Nucleus,S2P,1,1430,
-0.798123,um,Spot,Nucleus,S2P,1,1431,
-1.02251,um,Spot,Nucleus,S2P,1,1432,
-1.49695,um,Spot,Nucleus,S2P,1,1433,
-1.55941,um,Spot,Nucleus,S2P,1,1434,
-1.54216,um,Spot,Nucleus,S2P,1,1435,
-1.36429,um,Spot,Nucleus,S2P,1,1436,
-1.46457,um,Spot,Nucleus,S2P,1,1437,
-0.726078,um,Spot,Nucleus,S2P,1,1438,
-1.04257,um,Spot,Nucleus,S2P,1,1439,
-0.52666,um,Spot,Nucleus,S2P,1,1440,
-0.850453,um,Spot,Nucleus,S2P,1,1441,
-1.04988,um,Spot,Nucleus,S2P,1,1442,
-1.37762,um,Spot,Nucleus,S2P,1,1443,
-1.25659,um,Spot,Nucleus,S2P,1,1444,
-1.45724,um,Spot,Nucleus,S2P,1,1445,
-1.67743,um,Spot,Nucleus,S2P,1,1446,
-1.69825,um,Spot,Nucleus,S2P,1,1447,
-1.61091,um,Spot,Nucleus,S2P,1,1448,
-0.978364,um,Spot,Nucleus,S2P,1,1449,
-1.81766,um,Spot,Nucleus,S2P,1,1450,
-1.59527,um,Spot,Nucleus,S2P,1,1451,
-1.42846,um,Spot,Nucleus,S2P,1,1452,
-0.815166,um,Spot,Nucleus,S2P,1,1453,
-1.17526,um,Spot,Nucleus,S2P,1,1454,
-1.281,um,Spot,Nucleus,S2P,1,1455,
-0.881797,um,Spot,Nucleus,S2P,1,1456,
-1.48958,um,Spot,Nucleus,S2P,1,1457,
-1.03122,um,Spot,Nucleus,S2P,1,1458,
-0.846725,um,Spot,Nucleus,S2P,1,1459,
-1.04811,um,Spot,Nucleus,S2P,1,1460,
-0.540381,um,Spot,Nucleus,S2P,1,1461,
-1.17501,um,Spot,Nucleus,S2P,1,1462,
-0.789043,um,Spot,Nucleus,S2P,1,1463,
-1.14864,um,Spot,Nucleus,S2P,1,1464,
-1.08128,um,Spot,Nucleus,S2P,1,1465,
-0.563164,um,Spot,Nucleus,S2P,1,1466,
-1.09587,um,Spot,Nucleus,S2P,1,1467,
-0.672444,um,Spot,Nucleus,S2P,1,1468,
-0.76113,um,Spot,Nucleus,S2P,1,1469,
-0.841289,um,Spot,Nucleus,S2P,1,1470,
-0.437733,um,Spot,Nucleus,S2P,1,1471,
-1.41024,um,Spot,Nucleus,S2P,1,1472,
-1.4465,um,Spot,Nucleus,S2P,1,1473,
-1.61881,um,Spot,Nucleus,S2P,1,1474,
-1.51086,um,Spot,Nucleus,S2P,1,1475,
-0.92043,um,Spot,Nucleus,S2P,1,1476,
-0.698332,um,Spot,Nucleus,S2P,1,1477,
-0.762998,um,Spot,Nucleus,S2P,1,1478,
-1.7064,um,Spot,Nucleus,S2P,1,1479,
-1.56788,um,Spot,Nucleus,S2P,1,1480,
-1.26631,um,Spot,Nucleus,S2P,1,1481,
-0.47888,um,Spot,Nucleus,S2P,1,1482,
-1.59445,um,Spot,Nucleus,S2P,1,1483,
-0.352088,um,Spot,Nucleus,S2P,1,1484,
-1.80603,um,Spot,Nucleus,S2P,1,1485,
-1.39126,um,Spot,Nucleus,S2P,1,1486,
-1.45766,um,Spot,Nucleus,S2P,1,1487,
-1.76968,um,Spot,Nucleus,S2P,1,1488,
-1.56313,um,Spot,Nucleus,S2P,1,1489,
-1.63604,um,Spot,Nucleus,S2P,1,1490,
-0.884728,um,Spot,Nucleus,S2P,1,1491,
-1.39935,um,Spot,Nucleus,S2P,1,1492,
-0.984348,um,Spot,Nucleus,S2P,1,1493,
-1.46314,um,Spot,Nucleus,S2P,1,1494,
-0.718876,um,Spot,Nucleus,S2P,1,1495,
-1.52081,um,Spot,Nucleus,S2P,1,1496,
-1.11441,um,Spot,Nucleus,S2P,1,1497,
-1.36997,um,Spot,Nucleus,S2P,1,1498,
-0.747065,um,Spot,Nucleus,S2P,1,1499,
-0.356754,um,Spot,Nucleus,S2P,1,1500,
-0.806708,um,Spot,Nucleus,S2P,1,1501,
-0.915833,um,Spot,Nucleus,S2P,1,1502,
-0.78532,um,Spot,Nucleus,S2P,1,1503,
-1.21509,um,Spot,Nucleus,S2P,1,1504,
-1.69362,um,Spot,Nucleus,S2P,1,1505,
-1.30706,um,Spot,Nucleus,S2P,1,1506,
-0.653309,um,Spot,Nucleus,S2P,1,1507,
-1.54533,um,Spot,Nucleus,S2P,1,1508,
-1.27301,um,Spot,Nucleus,S2P,1,1509,
-1.59144,um,Spot,Nucleus,S2P,1,1510,
-1.59321,um,Spot,Nucleus,S2P,1,1511,
-1.46763,um,Spot,Nucleus,S2P,1,1512,
-1.40804,um,Spot,Nucleus,S2P,1,1513,
-1.55206,um,Spot,Nucleus,S2P,1,1514,
-1.71818,um,Spot,Nucleus,S2P,1,1515,
-0.83319,um,Spot,Nucleus,S2P,1,1516,
-0.658734,um,Spot,Nucleus,S2P,1,1517,
-1.33387,um,Spot,Nucleus,S2P,1,1518,
-1.31919,um,Spot,Nucleus,S2P,1,1519,
-1.23873,um,Spot,Nucleus,S2P,1,1520,
-0.393158,um,Spot,Nucleus,S2P,1,1521,
-0.599013,um,Spot,Nucleus,S2P,1,1522,
-0.79139,um,Spot,Nucleus,S2P,1,1523,
-1.22055,um,Spot,Nucleus,S2P,1,1524,
-1.6304,um,Spot,Nucleus,S2P,1,1525,
-0.132589,um,Spot,Nucleus,S2P,1,1526,
-0.889166,um,Spot,Nucleus,S2P,1,1527,
-0.306535,um,Spot,Nucleus,S2P,1,1528,
-1.40323,um,Spot,Nucleus,S2P,1,1529,
-1.18126,um,Spot,Nucleus,S2P,1,1530,
-1.68274,um,Spot,Nucleus,S2P,1,1531,
-1.7828,um,Spot,Nucleus,S2P,1,1532,
-1.00154,um,Spot,Nucleus,S2P,1,1533,
-1.21796,um,Spot,Nucleus,S2P,1,1534,
-1.1976,um,Spot,Nucleus,S2P,1,1535,
-0.811342,um,Spot,Nucleus,S2P,1,1536,
-1.74553,um,Spot,Nucleus,S2P,1,1537,
-1.02348,um,Spot,Nucleus,S2P,1,1538,
-0.856136,um,Spot,Nucleus,S2P,1,1539,
-1.15134,um,Spot,Nucleus,S2P,1,1540,
-0.999962,um,Spot,Nucleus,S2P,1,1541,
-0.770415,um,Spot,Nucleus,S2P,1,1542,
-0.991922,um,Spot,Nucleus,S2P,1,1543,
-1.4139,um,Spot,Nucleus,S2P,1,1544,
-0.995911,um,Spot,Nucleus,S2P,1,1545,
-1.20095,um,Spot,Nucleus,S2P,1,1546,
-0.85566,um,Spot,Nucleus,S2P,1,1547,
-0.941723,um,Spot,Nucleus,S2P,1,1548,
-0.590915,um,Spot,Nucleus,S2P,1,1549,
-0.23622,um,Spot,Nucleus,S2P,1,1550,
-1.5271,um,Spot,Nucleus,S2P,1,1551,
-1.34423,um,Spot,Nucleus,S2P,1,1552,
-1.48972,um,Spot,Nucleus,S2P,1,1553,
-1.23321,um,Spot,Nucleus,S2P,1,1554,
-1.51378,um,Spot,Nucleus,S2P,1,1555,
-1.43926,um,Spot,Nucleus,S2P,1,1556,
-1.66712,um,Spot,Nucleus,S2P,1,1557,
-1.35934,um,Spot,Nucleus,S2P,1,1558,
-1.48356,um,Spot,Nucleus,S2P,1,1559,
-1.05112,um,Spot,Nucleus,S2P,1,1560,
-0.916956,um,Spot,Nucleus,S2P,1,1561,
-0.65154,um,Spot,Nucleus,S2P,1,1562,
-1.40232,um,Spot,Nucleus,S2P,1,1563,
-1.21153,um,Spot,Nucleus,S2P,1,1564,
-1.4537,um,Spot,Nucleus,S2P,1,1565,
-1.177,um,Spot,Nucleus,S2P,1,1566,
-1.0804,um,Spot,Nucleus,S2P,1,1567,
-0.26238,um,Spot,Nucleus,S2P,1,1568,
-0.228126,um,Spot,Nucleus,S2P,1,1569,
-0.700673,um,Spot,Nucleus,S2P,1,1570,
-1.03045,um,Spot,Nucleus,S2P,1,1571,
-1.08591,um,Spot,Nucleus,S2P,1,1572,
-0.467522,um,Spot,Nucleus,S2P,1,1573,
-1.53397,um,Spot,Nucleus,S2P,1,1574,
-1.49319,um,Spot,Nucleus,S2P,1,1575,
-1.62659,um,Spot,Nucleus,S2P,1,1576,
-1.78438,um,Spot,Nucleus,S2P,1,1577,
-1.77591,um,Spot,Nucleus,S2P,1,1578,
-1.63207,um,Spot,Nucleus,S2P,1,1579,
-1.15348,um,Spot,Nucleus,S2P,1,1580,
-1.16842,um,Spot,Nucleus,S2P,1,1581,
-1.04406,um,Spot,Nucleus,S2P,1,1582,
-0.797731,um,Spot,Nucleus,S2P,1,1583,
-1.34293,um,Spot,Nucleus,S2P,1,1584,
-0.891865,um,Spot,Nucleus,S2P,1,1585,
-1.24371,um,Spot,Nucleus,S2P,1,1586,
-1.29666,um,Spot,Nucleus,S2P,1,1587,
-0.953935,um,Spot,Nucleus,S2P,1,1588,
-0.849711,um,Spot,Nucleus,S2P,1,1589,
-0.898297,um,Spot,Nucleus,S2P,1,1590,
-0.752283,um,Spot,Nucleus,S2P,1,1591,
-0.845533,um,Spot,Nucleus,S2P,1,1592,
-0.417932,um,Spot,Nucleus,S2P,1,1593,
-0.392796,um,Spot,Nucleus,S2P,1,1594,
-0.681161,um,Spot,Nucleus,S2P,1,1595,
-1.63421,um,Spot,Nucleus,S2P,1,1596,
-1.74628,um,Spot,Nucleus,S2P,1,1597,
-1.6609,um,Spot,Nucleus,S2P,1,1598,
-1.05676,um,Spot,Nucleus,S2P,1,1599,
-1.11434,um,Spot,Nucleus,S2P,1,1600,
-0.854806,um,Spot,Nucleus,S2P,1,1601,
-0.356308,um,Spot,Nucleus,S2P,1,1602,
-1.62126,um,Spot,Nucleus,S2P,1,1603,
-1.68955,um,Spot,Nucleus,S2P,1,1604,
-1.5423,um,Spot,Nucleus,S2P,1,1605,
-0.780021,um,Spot,Nucleus,S2P,1,1606,
-1.22919,um,Spot,Nucleus,S2P,1,1607,
-1.32745,um,Spot,Nucleus,S2P,1,1608,
-1.24874,um,Spot,Nucleus,S2P,1,1609,
-0.840695,um,Spot,Nucleus,S2P,1,1610,
-1.40789,um,Spot,Nucleus,S2P,1,1611,
-1.04251,um,Spot,Nucleus,S2P,1,1612,
-1.30143,um,Spot,Nucleus,S2P,1,1613,
-1.00631,um,Spot,Nucleus,S2P,1,1614,
-0.865555,um,Spot,Nucleus,S2P,1,1615,
-0.76904,um,Spot,Nucleus,S2P,1,1616,
-0.765583,um,Spot,Nucleus,S2P,1,1617,
-1.63357,um,Spot,Nucleus,S2P,1,1618,
-1.42178,um,Spot,Nucleus,S2P,1,1619,
-0.844138,um,Spot,Nucleus,S2P,1,1620,
-1.43891,um,Spot,Nucleus,S2P,1,1621,
-0.876924,um,Spot,Nucleus,S2P,1,1622,
-1.1934,um,Spot,Nucleus,S2P,1,1623,
-1.32328,um,Spot,Nucleus,S2P,1,1624,
-1.03724,um,Spot,Nucleus,S2P,1,1625,
-1.51522,um,Spot,Nucleus,S2P,1,1626,
-1.14355,um,Spot,Nucleus,S2P,1,1627,
-1.48284,um,Spot,Nucleus,S2P,1,1628,
-1.50595,um,Spot,Nucleus,S2P,1,1629,
-1.5129,um,Spot,Nucleus,S2P,1,1630,
-1.13562,um,Spot,Nucleus,S2P,1,1631,
-1.36108,um,Spot,Nucleus,S2P,1,1632,
-0.372476,um,Spot,Nucleus,S2P,1,1633,
-1.00291,um,Spot,Nucleus,S2P,1,1634,
-0.947219,um,Spot,Nucleus,S2P,1,1635,
-1.30768,um,Spot,Nucleus,S2P,1,1636,
-0.909817,um,Spot,Nucleus,S2P,1,1637,
-1.25305,um,Spot,Nucleus,S2P,1,1638,
-0.75089,um,Spot,Nucleus,S2P,1,1639,
-0.95511,um,Spot,Nucleus,S2P,1,1640,
-0.873765,um,Spot,Nucleus,S2P,1,1641,
-1.11328,um,Spot,Nucleus,S2P,1,1642,
-0.803551,um,Spot,Nucleus,S2P,1,1643,
-0.916503,um,Spot,Nucleus,S2P,1,1644,
-0.996319,um,Spot,Nucleus,S2P,1,1645,
-0.457496,um,Spot,Nucleus,S2P,1,1646,
-0.691897,um,Spot,Nucleus,S2P,1,1647,
-0.647048,um,Spot,Nucleus,S2P,1,1648,
-0.716698,um,Spot,Nucleus,S2P,1,1649,
-0.59469,um,Spot,Nucleus,S2P,1,1650,
-0.4454,um,Spot,Nucleus,S2P,1,1651,
-0.568743,um,Spot,Nucleus,S2P,1,1652,
-1.7302,um,Spot,Nucleus,S2P,1,1653,
-1.62257,um,Spot,Nucleus,S2P,1,1654,
-1.13145,um,Spot,Nucleus,S2P,1,1655,
-0.737318,um,Spot,Nucleus,S2P,1,1656,
-1.37319,um,Spot,Nucleus,S2P,1,1657,
-1.46523,um,Spot,Nucleus,S2P,1,1658,
-1.07549,um,Spot,Nucleus,S2P,1,1659,
-1.25922,um,Spot,Nucleus,S2P,1,1660,
-1.14078,um,Spot,Nucleus,S2P,1,1661,
-0.952855,um,Spot,Nucleus,S2P,1,1662,
-1.23174,um,Spot,Nucleus,S2P,1,1663,
-1.15579,um,Spot,Nucleus,S2P,1,1664,
-1.0741,um,Spot,Nucleus,S2P,1,1665,
-0.851612,um,Spot,Nucleus,S2P,1,1666,
-0.75431,um,Spot,Nucleus,S2P,1,1667,
-0.807669,um,Spot,Nucleus,S2P,1,1668,
-0.788502,um,Spot,Nucleus,S2P,1,1669,
-0.49023,um,Spot,Nucleus,S2P,1,1670,
-0.101142,um,Spot,Nucleus,S2P,1,1671,
-0.585053,um,Spot,Nucleus,S2P,1,1672,
-0.900697,um,Spot,Nucleus,S2P,1,1673,
-0.892283,um,Spot,Nucleus,S2P,1,1674,
-0.673382,um,Spot,Nucleus,S2P,1,1675,
-0.20435,um,Spot,Nucleus,S2P,1,1676,
-0.650329,um,Spot,Nucleus,S2P,1,1677,
-0.443418,um,Spot,Nucleus,S2P,1,1678,
-0.765502,um,Spot,Nucleus,S2P,1,1679,
-0.815953,um,Spot,Nucleus,S2P,1,1680,
-0.543356,um,Spot,Nucleus,S2P,1,1681,
-0.216798,um,Spot,Nucleus,S2P,1,1682,
-0.632207,um,Spot,Nucleus,S2P,1,1683,
-0.735654,um,Spot,Nucleus,S2P,1,1684,
-0.641018,um,Spot,Nucleus,S2P,1,1685,
-0.111622,um,Spot,Nucleus,S2P,1,1686,
-0.338952,um,Spot,Nucleus,S2P,1,1687,
-0.554603,um,Spot,Nucleus,S2P,1,1688,
-0.407197,um,Spot,Nucleus,S2P,1,1689,
-0.515642,um,Spot,Nucleus,S2P,1,1690,
-0.532612,um,Spot,Nucleus,S2P,1,1691,
-0.274732,um,Spot,Nucleus,S2P,1,1692,
-0.519385,um,Spot,Nucleus,S2P,1,1693,
-0.398928,um,Spot,Nucleus,S2P,1,1694,
-0.767165,um,Spot,Nucleus,S2P,1,1695,
-0.501761,um,Spot,Nucleus,S2P,1,1696,
-0.328561,um,Spot,Nucleus,S2P,1,1697,
-0.477144,um,Spot,Nucleus,S2P,1,1698,
-0.716524,um,Spot,Nucleus,S2P,1,1699,
-0.325071,um,Spot,Nucleus,S2P,1,1700,
-0.168396,um,Spot,Nucleus,S2P,1,1701,
-0.303915,um,Spot,Nucleus,S2P,1,1702,
-1.08799,um,Spot,Nucleus,S2P,1,1703,
-1.19737,um,Spot,Nucleus,S2P,1,1704,
-1.01128,um,Spot,Nucleus,S2P,1,1705,
-0.280096,um,Spot,Nucleus,S2P,1,1706,
-1.22907,um,Spot,Nucleus,S2P,1,1707,
-0.334017,um,Spot,Nucleus,S2P,1,1708,
-1.0576,um,Spot,Nucleus,S2P,1,1709,
-0.762118,um,Spot,Nucleus,S2P,1,1710,
-0.820901,um,Spot,Nucleus,S2P,1,1711,
-0.421029,um,Spot,Nucleus,S2P,1,1712,
-0.421981,um,Spot,Nucleus,S2P,1,1713,
-1.08475,um,Spot,Nucleus,S2P,1,1714,
-0.993143,um,Spot,Nucleus,S2P,1,1715,
-0.803409,um,Spot,Nucleus,S2P,1,1716,
-0.592042,um,Spot,Nucleus,S2P,1,1717,
-0.926772,um,Spot,Nucleus,S2P,1,1718,
-0.153988,um,Spot,Nucleus,S2P,1,1719,
-0.38449,um,Spot,Nucleus,S2P,1,1720,
-0.928504,um,Spot,Nucleus,S2P,1,1721,
-0.377561,um,Spot,Nucleus,S2P,1,1722,
-0.270897,um,Spot,Nucleus,S2P,1,1723,
-1.10004,um,Spot,Nucleus,S2P,1,1724,
-1.01572,um,Spot,Nucleus,S2P,1,1725,
-0.766858,um,Spot,Nucleus,S2P,1,1726,
-0.623093,um,Spot,Nucleus,S2P,1,1727,
-0.187493,um,Spot,Nucleus,S2P,1,1728,
-0.166923,um,Spot,Nucleus,S2P,1,1729,
-0.976374,um,Spot,Nucleus,S2P,1,1730,
-0.888366,um,Spot,Nucleus,S2P,1,1731,
-0.650309,um,Spot,Nucleus,S2P,1,1732,
-0.344945,um,Spot,Nucleus,S2P,1,1733,
-0.39814,um,Spot,Nucleus,S2P,1,1734,
-0.50973,um,Spot,Nucleus,S2P,1,1735,
-0.895377,um,Spot,Nucleus,S2P,1,1736,
-0.863075,um,Spot,Nucleus,S2P,1,1737,
-0.903576,um,Spot,Nucleus,S2P,1,1738,
-0.760026,um,Spot,Nucleus,S2P,1,1739,
-0.838642,um,Spot,Nucleus,S2P,1,1740,
-0.867576,um,Spot,Nucleus,S2P,1,1741,
-0.329986,um,Spot,Nucleus,S2P,1,1742,
-0.747675,um,Spot,Nucleus,S2P,1,1743,
-0.211737,um,Spot,Nucleus,S2P,1,1744,
-0.0474581,um,Spot,Nucleus,S2P,1,1745,
-0.621032,um,Spot,Nucleus,S2P,1,1746,
-0.794166,um,Spot,Nucleus,S2P,1,1747,
-0.544197,um,Spot,Nucleus,S2P,1,1748,
-0.314645,um,Spot,Nucleus,S2P,1,1749,
-0.620195,um,Spot,Nucleus,S2P,1,1750,
-0.855015,um,Spot,Nucleus,S2P,1,1751,
-0.358961,um,Spot,Nucleus,S2P,1,1752,
-0.662804,um,Spot,Nucleus,S2P,1,1753,
-0.480916,um,Spot,Nucleus,S2P,1,1754,
-0.0831147,um,Spot,Nucleus,S2P,1,1755,
-0.245988,um,Spot,Nucleus,S2P,1,1756,
-0.397477,um,Spot,Nucleus,S2P,1,1757,
-0.393746,um,Spot,Nucleus,S2P,1,1758,
-0.494338,um,Spot,Nucleus,S2P,1,1759,
-0.820861,um,Spot,Nucleus,S2P,1,1760,
-0.46985,um,Spot,Nucleus,S2P,1,1761,
-0.809395,um,Spot,Nucleus,S2P,1,1762,
-0.497029,um,Spot,Nucleus,S2P,1,1763,
-0.444509,um,Spot,Nucleus,S2P,1,1764,
-0.953319,um,Spot,Nucleus,S2P,1,1765,
-0.284635,um,Spot,Nucleus,S2P,1,1766,
-0.756397,um,Spot,Nucleus,S2P,1,1767,
-0.423702,um,Spot,Nucleus,S2P,1,1768,
-0.564335,um,Spot,Nucleus,S2P,1,1769,
-0.544675,um,Spot,Nucleus,S2P,1,1770,
-0.695068,um,Spot,Nucleus,S2P,1,1771,
-0.0779593,um,Spot,Nucleus,S2P,1,1772,
-0.558957,um,Spot,Nucleus,S2P,1,1773,
-0.712884,um,Spot,Nucleus,S2P,1,1774,
-0.253673,um,Spot,Nucleus,S2P,1,1775,
-0.555428,um,Spot,Nucleus,S2P,1,1776,
-0.104851,um,Spot,Nucleus,S2P,1,1777,
0.0284201,um,Spot,Nucleus,S2P,1,1778,
-0.271033,um,Spot,Nucleus,S2P,1,1779,
-0.890318,um,Spot,Nucleus,S2P,1,1780,
-0.167094,um,Spot,Nucleus,S2P,1,1781,
-0.279246,um,Spot,Nucleus,S2P,1,1782,
-0.561496,um,Spot,Nucleus,S2P,1,1783,
-0.644914,um,Spot,Nucleus,S2P,1,1784,
-0.617437,um,Spot,Nucleus,S2P,1,1785,
-0.342572,um,Spot,Nucleus,S2P,1,1786,
-0.599199,um,Spot,Nucleus,S2P,1,1787,
-1.09258,um,Spot,Nucleus,S2P,1,1788,
-0.143034,um,Spot,Nucleus,S2P,1,1789,
-1.28987,um,Spot,Nucleus,S2P,1,1790,
-0.988556,um,Spot,Nucleus,S2P,1,1791,
-0.165008,um,Spot,Nucleus,S2P,1,1792,
-0.802889,um,Spot,Nucleus,S2P,1,1793,
-0.657757,um,Spot,Nucleus,S2P,1,1794,
-0.683018,um,Spot,Nucleus,S2P,1,1795,
-0.442699,um,Spot,Nucleus,S2P,1,1796,
-0.348917,um,Spot,Nucleus,S2P,1,1797,
-0.29944,um,Spot,Nucleus,S2P,1,1798,
-0.732598,um,Spot,Nucleus,S2P,1,1799,
-0.622972,um,Spot,Nucleus,S2P,1,1800,
-0.559512,um,Spot,Nucleus,S2P,1,1801,
-0.731179,um,Spot,Nucleus,S2P,1,1802,
-0.235724,um,Spot,Nucleus,S2P,1,1803,
-0.191235,um,Spot,Nucleus,S2P,1,1804,
-0.0434445,um,Spot,Nucleus,S2P,1,1805,
-0.762322,um,Spot,Nucleus,S2P,1,1806,
-0.600194,um,Spot,Nucleus,S2P,1,1807,
-0.83626,um,Spot,Nucleus,S2P,1,1808,
-0.29274,um,Spot,Nucleus,S2P,1,1809,
-0.752697,um,Spot,Nucleus,S2P,1,1810,
-0.550436,um,Spot,Nucleus,S2P,1,1811,
-1.13134,um,Spot,Nucleus,S2P,1,1812,
-0.50069,um,Spot,Nucleus,S2P,1,1813,
-0.496005,um,Spot,Nucleus,S2P,1,1814,
-0.257214,um,Spot,Nucleus,S2P,1,1815,
-0.0844666,um,Spot,Nucleus,S2P,1,1816,
-0.681509,um,Spot,Nucleus,S2P,1,1817,
-0.239798,um,Spot,Nucleus,S2P,1,1818,
-0.822553,um,Spot,Nucleus,S2P,1,1819,
-0.573411,um,Spot,Nucleus,S2P,1,1820,
-0.222366,um,Spot,Nucleus,S2P,1,1821,
-0.413757,um,Spot,Nucleus,S2P,1,1822,
-0.193884,um,Spot,Nucleus,S2P,1,1823,
-0.670411,um,Spot,Nucleus,S2P,1,1824,
-0.273957,um,Spot,Nucleus,S2P,1,1825,
-0.88487,um,Spot,Nucleus,S2P,1,1826,
-0.895123,um,Spot,Nucleus,S2P,1,1827,
-0.849036,um,Spot,Nucleus,S2P,1,1828,
-0.735436,um,Spot,Nucleus,S2P,1,1829,
-0.155268,um,Spot,Nucleus,S2P,1,1830,
-0.337034,um,Spot,Nucleus,S2P,1,1831,
-0.303608,um,Spot,Nucleus,S2P,1,1832,
-0.838602,um,Spot,Nucleus,S2P,1,1833,
-0.591568,um,Spot,Nucleus,S2P,1,1834,
-0.741663,um,Spot,Nucleus,S2P,1,1835,
-0.65411,um,Spot,Nucleus,S2P,1,1836,
-0.293828,um,Spot,Nucleus,S2P,1,1837,
-0.533008,um,Spot,Nucleus,S2P,1,1838,
-0.569056,um,Spot,Nucleus,S2P,1,1839,
-0.368607,um,Spot,Nucleus,S2P,1,1840,
-0.276,um,Spot,Nucleus,S2P,1,1841,
-0.280985,um,Spot,Nucleus,S2P,1,1842,
-0.44995,um,Spot,Nucleus,S2P,1,1843,
-0.358851,um,Spot,Nucleus,S2P,1,1844,
-0.360469,um,Spot,Nucleus,S2P,1,1845,
-0.200813,um,Spot,Nucleus,S2P,1,1846,
-0.174002,um,Spot,Nucleus,S2P,1,1847,
-0.233049,um,Spot,Nucleus,S2P,1,1848,
-0.326333,um,Spot,Nucleus,S2P,1,1849,
-0.374891,um,Spot,Nucleus,S2P,1,1850,
-0.705475,um,Spot,Nucleus,S2P,1,1851,
-0.741828,um,Spot,Nucleus,S2P,1,1852,
-1.1389,um,Spot,Nucleus,S2P,1,1853,
-0.106405,um,Spot,Nucleus,S2P,1,1854,
-1.57731,um,Spot,Nucleus,S2P,1,1855,
-0.50873,um,Spot,Nucleus,S2P,1,1856,
-0.690977,um,Spot,Nucleus,S2P,1,1857,
-0.723394,um,Spot,Nucleus,S2P,1,1858,
-0.340863,um,Spot,Nucleus,S2P,1,1859,
-0.239279,um,Spot,Nucleus,S2P,1,1860,
-1.42223,um,Spot,Nucleus,S2P,1,1861,
-0.434692,um,Spot,Nucleus,S2P,1,1862,
-0.421457,um,Spot,Nucleus,S2P,1,1863,
-0.282283,um,Spot,Nucleus,S2P,1,1864,
-0.605549,um,Spot,Nucleus,S2P,1,1865,
-0.79574,um,Spot,Nucleus,S2P,1,1866,
-0.878088,um,Spot,Nucleus,S2P,1,1867,
-0.903368,um,Spot,Nucleus,S2P,1,1868,
-1.08636,um,Spot,Nucleus,S2P,1,1869,
-1.37488,um,Spot,Nucleus,S2P,1,1870,
-0.576037,um,Spot,Nucleus,S2P,1,1871,
-0.681473,um,Spot,Nucleus,S2P,1,1872,
-0.848929,um,Spot,Nucleus,S2P,1,1873,
-0.74011,um,Spot,Nucleus,S2P,1,1874,
-1.32762,um,Spot,Nucleus,S2P,1,1875,
-0.247666,um,Spot,Nucleus,S2P,1,1876,
-0.443908,um,Spot,Nucleus,S2P,1,1877,
-0.296572,um,Spot,Nucleus,S2P,1,1878,
-0.481014,um,Spot,Nucleus,S2P,1,1879,
-0.71107,um,Spot,Nucleus,S2P,1,1880,
-0.700012,um,Spot,Nucleus,S2P,1,1881,
-0.334213,um,Spot,Nucleus,S2P,1,1882,
-0.192822,um,Spot,Nucleus,S2P,1,1883,
-0.250141,um,Spot,Nucleus,S2P,1,1884,
-0.156928,um,Spot,Nucleus,S2P,1,1885,
-0.567613,um,Spot,Nucleus,S2P,1,1886,
-0.334132,um,Spot,Nucleus,S2P,1,1887,
-1.19743,um,Spot,Nucleus,S2P,1,1888,
-0.133201,um,Spot,Nucleus,S2P,1,1889,
-0.346382,um,Spot,Nucleus,S2P,1,1890,
-0.277804,um,Spot,Nucleus,S2P,1,1891,
-0.55983,um,Spot,Nucleus,S2P,1,1892,
-0.228012,um,Spot,Nucleus,S2P,1,1893,
-0.651672,um,Spot,Nucleus,S2P,1,1894,
-0.524388,um,Spot,Nucleus,S2P,1,1895,
-1.09389,um,Spot,Nucleus,S2P,1,1896,
-0.00512817,um,Spot,Nucleus,S2P,1,1897,
-0.149078,um,Spot,Nucleus,S2P,1,1898,
-0.318232,um,Spot,Nucleus,S2P,1,1899,
-0.574351,um,Spot,Nucleus,S2P,1,1900,
-0.80444,um,Spot,Nucleus,S2P,1,1901,
-0.965035,um,Spot,Nucleus,S2P,1,1902,
-1.02138,um,Spot,Nucleus,S2P,1,1903,
-0.948265,um,Spot,Nucleus,S2P,1,1904,
-0.219603,um,Spot,Nucleus,S2P,1,1905,
-0.238875,um,Spot,Nucleus,S2P,1,1906,
-0.182609,um,Spot,Nucleus,S2P,1,1907,
-0.442002,um,Spot,Nucleus,S2P,1,1908,
-0.487434,um,Spot,Nucleus,S2P,1,1909,
-0.653847,um,Spot,Nucleus,S2P,1,1910,
-0.878848,um,Spot,Nucleus,S2P,1,1911,
-0.628843,um,Spot,Nucleus,S2P,1,1912,
-0.575102,um,Spot,Nucleus,S2P,1,1913,
-0.624325,um,Spot,Nucleus,S2P,1,1914,
-0.798348,um,Spot,Nucleus,S2P,1,1915,
-0.782053,um,Spot,Nucleus,S2P,1,1916,
-0.809877,um,Spot,Nucleus,S2P,1,1917,
-0.505162,um,Spot,Nucleus,S2P,1,1918,
-0.154338,um,Spot,Nucleus,S2P,1,1919,
-0.67431,um,Spot,Nucleus,S2P,1,1920,
-0.714634,um,Spot,Nucleus,S2P,1,1921,
-0.0887672,um,Spot,Nucleus,S2P,1,1922,
-0.303706,um,Spot,Nucleus,S2P,1,1923,
-0.637766,um,Spot,Nucleus,S2P,1,1924,
-0.618718,um,Spot,Nucleus,S2P,1,1925,
-0.277988,um,Spot,Nucleus,S2P,1,1926,
-0.523932,um,Spot,Nucleus,S2P,1,1927,
-0.5277,um,Spot,Nucleus,S2P,1,1928,
-0.514668,um,Spot,Nucleus,S2P,1,1929,
-0.24123,um,Spot,Nucleus,S2P,1,1930,
-0.0733539,um,Spot,Nucleus,S2P,1,1931,
-0.439279,um,Spot,Nucleus,S2P,1,1932,
-0.269672,um,Spot,Nucleus,S2P,1,1933,
-0.950631,um,Spot,Nucleus,S2P,1,1934,
-1.13614,um,Spot,Nucleus,S2P,1,1935,
-0.688235,um,Spot,Nucleus,S2P,1,1936,
-0.424843,um,Spot,Nucleus,S2P,1,1937,
-0.915235,um,Spot,Nucleus,S2P,1,1938,
-1.21999,um,Spot,Nucleus,S2P,1,1939,
-0.579854,um,Spot,Nucleus,S2P,1,1940,
-1.00659,um,Spot,Nucleus,S2P,1,1941,
-0.642299,um,Spot,Nucleus,S2P,1,1942,
-0.332479,um,Spot,Nucleus,S2P,1,1943,
-0.379894,um,Spot,Nucleus,S2P,1,1944,
-0.635527,um,Spot,Nucleus,S2P,1,1945,
-0.346972,um,Spot,Nucleus,S2P,1,1946,
-0.479911,um,Spot,Nucleus,S2P,1,1947,
-0.93606,um,Spot,Nucleus,S2P,1,1948,
-0.632944,um,Spot,Nucleus,S2P,1,1949,
-0.668293,um,Spot,Nucleus,S2P,1,1950,
-0.84835,um,Spot,Nucleus,S2P,1,1951,
-0.559362,um,Spot,Nucleus,S2P,1,1952,
-0.698278,um,Spot,Nucleus,S2P,1,1953,
-0.316387,um,Spot,Nucleus,S2P,1,1954,
-0.621368,um,Spot,Nucleus,S2P,1,1955,
-1.04635,um,Spot,Nucleus,S2P,1,1956,
-0.550948,um,Spot,Nucleus,S2P,1,1957,
-0.388488,um,Spot,Nucleus,S2P,1,1958,
-0.626445,um,Spot,Nucleus,S2P,1,1959,
-0.674251,um,Spot,Nucleus,S2P,1,1960,
-0.635473,um,Spot,Nucleus,S2P,1,1961,
-0.731017,um,Spot,Nucleus,S2P,1,1962,
-0.758291,um,Spot,Nucleus,S2P,1,1963,
-0.416844,um,Spot,Nucleus,S2P,1,1964,
-0.48345,um,Spot,Nucleus,S2P,1,1965,
-0.42719,um,Spot,Nucleus,S2P,1,1966,
-1.24966,um,Spot,Nucleus,S2P,1,1967,
-0.987195,um,Spot,Nucleus,S2P,1,1968,
-0.955355,um,Spot,Nucleus,S2P,1,1969,
-0.774627,um,Spot,Nucleus,S2P,1,1970,
-0.360099,um,Spot,Nucleus,S2P,1,1971,
-0.455612,um,Spot,Nucleus,S2P,1,1972,
-1.14597,um,Spot,Nucleus,S2P,1,1973,
-1.06998,um,Spot,Nucleus,S2P,1,1974,
-0.479317,um,Spot,Nucleus,S2P,1,1975,
-0.878923,um,Spot,Nucleus,S2P,1,1976,
-0.518472,um,Spot,Nucleus,S2P,1,1977,
-0.508765,um,Spot,Nucleus,S2P,1,1978,
-0.649248,um,Spot,Nucleus,S2P,1,1979,
-0.420135,um,Spot,Nucleus,S2P,1,1980,
-0.373623,um,Spot,Nucleus,S2P,1,1981,
-0.639258,um,Spot,Nucleus,S2P,1,1982,
-0.579015,um,Spot,Nucleus,S2P,1,1983,
-0.897872,um,Spot,Nucleus,S2P,1,1984,
-0.690094,um,Spot,Nucleus,S2P,1,1985,
-0.407137,um,Spot,Nucleus,S2P,1,1986,
-0.55509,um,Spot,Nucleus,S2P,1,1987,
-0.471203,um,Spot,Nucleus,S2P,1,1988,
-0.312179,um,Spot,Nucleus,S2P,1,1989,
-0.223295,um,Spot,Nucleus,S2P,1,1990,
-0.344198,um,Spot,Nucleus,S2P,1,1991,
-0.522319,um,Spot,Nucleus,S2P,1,1992,
-0.788299,um,Spot,Nucleus,S2P,1,1993,
-0.605893,um,Spot,Nucleus,S2P,1,1994,
-0.557126,um,Spot,Nucleus,S2P,1,1995,
-0.558934,um,Spot,Nucleus,S2P,1,1996,
-0.554908,um,Spot,Nucleus,S2P,1,1997,
-0.419054,um,Spot,Nucleus,S2P,1,1998,
-0.328082,um,Spot,Nucleus,S2P,1,1999,
-1.53804,um,Spot,Nucleus,S2P,1,2000,
-1.53029,um,Spot,Nucleus,S2P,1,2001,
-1.52563,um,Spot,Nucleus,S2P,1,2002,
-1.39408,um,Spot,Nucleus,S2P,1,2003,
-1.25611,um,Spot,Nucleus,S2P,1,2004,
-1.35412,um,Spot,Nucleus,S2P,1,2005,
-1.25131,um,Spot,Nucleus,S2P,1,2006,
-1.33393,um,Spot,Nucleus,S2P,1,2007,
-1.22448,um,Spot,Nucleus,S2P,1,2008,
-1.15017,um,Spot,Nucleus,S2P,1,2009,
-1.24341,um,Spot,Nucleus,S2P,1,2010,
-0.586881,um,Spot,Nucleus,S2P,1,2011,
-1.15524,um,Spot,Nucleus,S2P,1,2012,
-1.11388,um,Spot,Nucleus,S2P,1,2013,
-0.814982,um,Spot,Nucleus,S2P,1,2014,
-0.996378,um,Spot,Nucleus,S2P,1,2015,
-0.715133,um,Spot,Nucleus,S2P,1,2016,
-0.683437,um,Spot,Nucleus,S2P,1,2017,
-0.881348,um,Spot,Nucleus,S2P,1,2018,
-0.461372,um,Spot,Nucleus,S2P,1,2019,
-0.612377,um,Spot,Nucleus,S2P,1,2020,
-0.533933,um,Spot,Nucleus,S2P,1,2021,
-1.45039,um,Spot,Nucleus,S2P,1,2022,
-1.62767,um,Spot,Nucleus,S2P,1,2023,
-1.45504,um,Spot,Nucleus,S2P,1,2024,
-1.28596,um,Spot,Nucleus,S2P,1,2025,
-1.57883,um,Spot,Nucleus,S2P,1,2026,
-1.46557,um,Spot,Nucleus,S2P,1,2027,
-0.927401,um,Spot,Nucleus,S2P,1,2028,
-0.272723,um,Spot,Nucleus,S2P,1,2029,
-0.865941,um,Spot,Nucleus,S2P,1,2030,
-0.738341,um,Spot,Nucleus,S2P,1,2031,
-1.16467,um,Spot,Nucleus,S2P,1,2032,
-1.33132,um,Spot,Nucleus,S2P,1,2033,
-1.12385,um,Spot,Nucleus,S2P,1,2034,
-1.23215,um,Spot,Nucleus,S2P,1,2035,
-0.989206,um,Spot,Nucleus,S2P,1,2036,
-0.859659,um,Spot,Nucleus,S2P,1,2037,
-0.845528,um,Spot,Nucleus,S2P,1,2038,
-0.920468,um,Spot,Nucleus,S2P,1,2039,
-0.690196,um,Spot,Nucleus,S2P,1,2040,
-0.367362,um,Spot,Nucleus,S2P,1,2041,
-0.596851,um,Spot,Nucleus,S2P,1,2042,
-0.563264,um,Spot,Nucleus,S2P,1,2043,
-1.50675,um,Spot,Nucleus,S2P,1,2044,
-1.46069,um,Spot,Nucleus,S2P,1,2045,
-1.43749,um,Spot,Nucleus,S2P,1,2046,
-1.0871,um,Spot,Nucleus,S2P,1,2047,
-1.27853,um,Spot,Nucleus,S2P,1,2048,
-1.24322,um,Spot,Nucleus,S2P,1,2049,
-1.18154,um,Spot,Nucleus,S2P,1,2050,
-1.17895,um,Spot,Nucleus,S2P,1,2051,
-1.12434,um,Spot,Nucleus,S2P,1,2052,
-0.976705,um,Spot,Nucleus,S2P,1,2053,
-0.856848,um,Spot,Nucleus,S2P,1,2054,
-0.920036,um,Spot,Nucleus,S2P,1,2055,
-0.826432,um,Spot,Nucleus,S2P,1,2056,
-0.476303,um,Spot,Nucleus,S2P,1,2057,
-0.418212,um,Spot,Nucleus,S2P,1,2058,
-1.45128,um,Spot,Nucleus,S2P,1,2059,
-1.39835,um,Spot,Nucleus,S2P,1,2060,
-1.30445,um,Spot,Nucleus,S2P,1,2061,
-0.990434,um,Spot,Nucleus,S2P,1,2062,
-1.23931,um,Spot,Nucleus,S2P,1,2063,
-0.795471,um,Spot,Nucleus,S2P,1,2064,
-0.971756,um,Spot,Nucleus,S2P,1,2065,
-1.03139,um,Spot,Nucleus,S2P,1,2066,
-0.792285,um,Spot,Nucleus,S2P,1,2067,
-0.446269,um,Spot,Nucleus,S2P,1,2068,
-0.77172,um,Spot,Nucleus,S2P,1,2069,
-0.58738,um,Spot,Nucleus,S2P,1,2070,
-0.510648,um,Spot,Nucleus,S2P,1,2071,
-0.3403,um,Spot,Nucleus,S2P,1,2072,
-0.270983,um,Spot,Nucleus,S2P,1,2073,
-1.39363,um,Spot,Nucleus,S2P,1,2074,
-1.08529,um,Spot,Nucleus,S2P,1,2075,
-0.640074,um,Spot,Nucleus,S2P,1,2076,
-0.744039,um,Spot,Nucleus,S2P,1,2077,
-0.924754,um,Spot,Nucleus,S2P,1,2078,
-0.687814,um,Spot,Nucleus,S2P,1,2079,
-0.72673,um,Spot,Nucleus,S2P,1,2080,
-0.745828,um,Spot,Nucleus,S2P,1,2081,
-0.644966,um,Spot,Nucleus,S2P,1,2082,
-0.550954,um,Spot,Nucleus,S2P,1,2083,
-0.570215,um,Spot,Nucleus,S2P,1,2084,
-0.371852,um,Spot,Nucleus,S2P,1,2085,
-0.469165,um,Spot,Nucleus,S2P,1,2086,
-0.478736,um,Spot,Nucleus,S2P,1,2087,
-0.357988,um,Spot,Nucleus,S2P,1,2088,
-0.331703,um,Spot,Nucleus,S2P,1,2089,
-1.27549,um,Spot,Nucleus,S2P,1,2090,
-0.445346,um,Spot,Nucleus,S2P,1,2091,
-0.942074,um,Spot,Nucleus,S2P,1,2092,
-0.97251,um,Spot,Nucleus,S2P,1,2093,
-0.744065,um,Spot,Nucleus,S2P,1,2094,
-0.946804,um,Spot,Nucleus,S2P,1,2095,
-0.888167,um,Spot,Nucleus,S2P,1,2096,
-0.8053,um,Spot,Nucleus,S2P,1,2097,
-0.639431,um,Spot,Nucleus,S2P,1,2098,
-0.588508,um,Spot,Nucleus,S2P,1,2099,
-1.17237,um,Spot,Nucleus,S2P,1,2100,
-1.18316,um,Spot,Nucleus,S2P,1,2101,
-1.16794,um,Spot,Nucleus,S2P,1,2102,
-0.943255,um,Spot,Nucleus,S2P,1,2103,
-0.759458,um,Spot,Nucleus,S2P,1,2104,
-0.993739,um,Spot,Nucleus,S2P,1,2105,
-1.12097,um,Spot,Nucleus,S2P,1,2106,
-0.972025,um,Spot,Nucleus,S2P,1,2107,
-0.539545,um,Spot,Nucleus,S2P,1,2108,
-0.827009,um,Spot,Nucleus,S2P,1,2109,
-0.699242,um,Spot,Nucleus,S2P,1,2110,
-0.684441,um,Spot,Nucleus,S2P,1,2111,
-0.571476,um,Spot,Nucleus,S2P,1,2112,
-0.645384,um,Spot,Nucleus,S2P,1,2113,
-1.09859,um,Spot,Nucleus,S2P,1,2114,
-1.03437,um,Spot,Nucleus,S2P,1,2115,
-0.893389,um,Spot,Nucleus,S2P,1,2116,
-0.924421,um,Spot,Nucleus,S2P,1,2117,
-0.794856,um,Spot,Nucleus,S2P,1,2118,
-0.848949,um,Spot,Nucleus,S2P,1,2119,
-0.666098,um,Spot,Nucleus,S2P,1,2120,
-0.611927,um,Spot,Nucleus,S2P,1,2121,
-0.623228,um,Spot,Nucleus,S2P,1,2122,
-0.584293,um,Spot,Nucleus,S2P,1,2123,
-0.58983,um,Spot,Nucleus,S2P,1,2124,
-0.165031,um,Spot,Nucleus,S2P,1,2125,
-1.00403,um,Spot,Nucleus,S2P,1,2126,
-0.997993,um,Spot,Nucleus,S2P,1,2127,
-0.889363,um,Spot,Nucleus,S2P,1,2128,
-0.763704,um,Spot,Nucleus,S2P,1,2129,
-0.900203,um,Spot,Nucleus,S2P,1,2130,
-0.678106,um,Spot,Nucleus,S2P,1,2131,
-0.48574,um,Spot,Nucleus,S2P,1,2132,
-0.473886,um,Spot,Nucleus,S2P,1,2133,
-0.51154,um,Spot,Nucleus,S2P,1,2134,
-0.883585,um,Spot,Nucleus,S2P,1,2135,
-0.895983,um,Spot,Nucleus,S2P,1,2136,
-0.947577,um,Spot,Nucleus,S2P,1,2137,
-0.893105,um,Spot,Nucleus,S2P,1,2138,
-0.830808,um,Spot,Nucleus,S2P,1,2139,
-0.844521,um,Spot,Nucleus,S2P,1,2140,
-0.710385,um,Spot,Nucleus,S2P,1,2141,
-0.772689,um,Spot,Nucleus,S2P,1,2142,
-0.429167,um,Spot,Nucleus,S2P,1,2143,
-0.438718,um,Spot,Nucleus,S2P,1,2144,
-0.828802,um,Spot,Nucleus,S2P,1,2145,
-0.858343,um,Spot,Nucleus,S2P,1,2146,
-0.470679,um,Spot,Nucleus,S2P,1,2147,
-0.378889,um,Spot,Nucleus,S2P,1,2148,
-0.465607,um,Spot,Nucleus,S2P,1,2149,
-0.472583,um,Spot,Nucleus,S2P,1,2150,
-0.531506,um,Spot,Nucleus,S2P,1,2151,
-0.465306,um,Spot,Nucleus,S2P,1,2152,
-0.327598,um,Spot,Nucleus,S2P,1,2153,
-0.734197,um,Spot,Nucleus,S2P,1,2154,
-0.714545,um,Spot,Nucleus,S2P,1,2155,
-0.566632,um,Spot,Nucleus,S2P,1,2156,
-0.50969,um,Spot,Nucleus,S2P,1,2157,
-0.233442,um,Spot,Nucleus,S2P,1,2158,
-0.628372,um,Spot,Nucleus,S2P,1,2159,
-0.608617,um,Spot,Nucleus,S2P,1,2160,
-0.553012,um,Spot,Nucleus,S2P,1,2161,
-0.510909,um,Spot,Nucleus,S2P,1,2162,
-0.450538,um,Spot,Nucleus,S2P,1,2163,
-0.474668,um,Spot,Nucleus,S2P,1,2164,
-0.501483,um,Spot,Nucleus,S2P,1,2165,
-0.434844,um,Spot,Nucleus,S2P,1,2166,
-0.369908,um,Spot,Nucleus,S2P,1,2167,
-0.499465,um,Spot,Nucleus,S2P,1,2168,
-0.404523,um,Spot,Nucleus,S2P,1,2169,
-0.331494,um,Spot,Nucleus,S2P,1,2170,
-0.358705,um,Spot,Nucleus,S2P,1,2171,
-0.424849,um,Spot,Nucleus,S2P,1,2172,
-0.146836,um,Spot,Nucleus,S2P,1,2173,
-0.390345,um,Spot,Nucleus,S2P,1,2174,
-0.207288,um,Spot,Nucleus,S2P,1,2175,
-0.24447,um,Spot,Nucleus,S2P,1,2176,
-0.292464,um,Spot,Nucleus,S2P,1,2177,
-0.123164,um,Spot,Nucleus,S2P,1,2178,
-0.0573184,um,Spot,Nucleus,S2P,1,2179,
-0.321615,um,Spot,Nucleus,S2P,1,2180,
-0.0246345,um,Spot,Nucleus,S2P,1,2181,
-0.0403915,um,Spot,Nucleus,S2P,1,2182,
0.00331491,um,Spot,Nucleus,S2P,1,2183,
0.015283,um,Spot,Nucleus,S2P,1,2184,
-0.285042,um,Spot,Nucleus,S2P,1,2185,
-0.241542,um,Spot,Nucleus,S2P,1,2186,
-0.266462,um,Spot,Nucleus,S2P,1,2187,
-0.0871773,um,Spot,Nucleus,S2P,1,2188,
-0.144937,um,Spot,Nucleus,S2P,1,2189,
-0.0648852,um,Spot,Nucleus,S2P,1,2190,
-0.266673,um,Spot,Nucleus,S2P,1,2191,
-0.0559884,um,Spot,Nucleus,S2P,1,2192,
-0.212429,um,Spot,Nucleus,S2P,1,2193,
-0.153733,um,Spot,Nucleus,S2P,1,2194,
-0.104976,um,Spot,Nucleus,S2P,1,2195,
-0.0211486,um,Spot,Nucleus,S2P,1,2196,
-0.0929256,um,Spot,Nucleus,S2P,1,2197,
