
Intensity Sum Ch=2 Img=1
 ==================== 
Intensity Sum,Unit,Category,Channel,Image,Surpass Object,Time,ID,
2.26749e+07,,Surface,2,Image 1,Nucleus,1,0,
405.858,,Spot,2,Image 1,Nucleus center of mass,1,0,
1880.38,,Spot,2,Image 1,S2P,1,1,
6869.95,,Spot,2,Image 1,S2P,1,2,
2136.64,,Spot,2,Image 1,S2P,1,3,
6434.8,,Spot,2,Image 1,S2P,1,4,
1078.04,,Spot,2,Image 1,S2P,1,5,
1324.38,,Spot,2,Image 1,S2P,1,6,
1160.16,,Spot,2,Image 1,S2P,1,7,
945.105,,Spot,2,Image 1,S2P,1,8,
601.365,,Spot,2,Image 1,S2P,1,9,
2319.39,,Spot,2,Image 1,S2P,1,10,
1067.68,,Spot,2,Image 1,S2P,1,11,
300.881,,Spot,2,Image 1,S2P,1,12,
2624.96,,Spot,2,Image 1,S2P,1,13,
7.8907,,Spot,2,Image 1,S2P,1,14,
2825.53,,Spot,2,Image 1,S2P,1,15,
309.41,,Spot,2,Image 1,S2P,1,16,
3509.64,,Spot,2,Image 1,S2P,1,17,
81.4032,,Spot,2,Image 1,S2P,1,18,
899.703,,Spot,2,Image 1,S2P,1,19,
3055.04,,Spot,2,Image 1,S2P,1,20,
598.305,,Spot,2,Image 1,S2P,1,21,
11778.2,,Spot,2,Image 1,S2P,1,22,
6043.88,,Spot,2,Image 1,S2P,1,23,
6.32715,,Spot,2,Image 1,S2P,1,24,
1655.78,,Spot,2,Image 1,S2P,1,25,
1209.28,,Spot,2,Image 1,S2P,1,26,
763.32,,Spot,2,Image 1,S2P,1,27,
1690.14,,Spot,2,Image 1,S2P,1,28,
285.452,,Spot,2,Image 1,S2P,1,29,
4.14208,,Spot,2,Image 1,S2P,1,30,
136.886,,Spot,2,Image 1,S2P,1,31,
4152.31,,Spot,2,Image 1,S2P,1,32,
1601.33,,Spot,2,Image 1,S2P,1,33,
503.096,,Spot,2,Image 1,S2P,1,35,
72284.5,,Spot,2,Image 1,S2P,1,36,
1745.06,,Spot,2,Image 1,S2P,1,38,
844.778,,Spot,2,Image 1,S2P,1,39,
14029.6,,Spot,2,Image 1,S2P,1,40,
3561.33,,Spot,2,Image 1,S2P,1,41,
4463.77,,Spot,2,Image 1,S2P,1,42,
2620.94,,Spot,2,Image 1,S2P,1,43,
2669.55,,Spot,2,Image 1,S2P,1,44,
6614.56,,Spot,2,Image 1,S2P,1,45,
18.2774,,Spot,2,Image 1,S2P,1,46,
7044.9,,Spot,2,Image 1,S2P,1,47,
8.67058,,Spot,2,Image 1,S2P,1,48,
3221.97,,Spot,2,Image 1,S2P,1,49,
20548.9,,Spot,2,Image 1,S2P,1,50,
5998.7,,Spot,2,Image 1,S2P,1,51,
4441.78,,Spot,2,Image 1,S2P,1,53,
2220.59,,Spot,2,Image 1,S2P,1,54,
1918.33,,Spot,2,Image 1,S2P,1,55,
4068.37,,Spot,2,Image 1,S2P,1,56,
4841.1,,Spot,2,Image 1,S2P,1,57,
2019.59,,Spot,2,Image 1,S2P,1,58,
5686.67,,Spot,2,Image 1,S2P,1,59,
8027.43,,Spot,2,Image 1,S2P,1,60,
2598.87,,Spot,2,Image 1,S2P,1,61,
8216.75,,Spot,2,Image 1,S2P,1,62,
434.337,,Spot,2,Image 1,S2P,1,63,
4195.24,,Spot,2,Image 1,S2P,1,64,
2986.83,,Spot,2,Image 1,S2P,1,65,
2853.37,,Spot,2,Image 1,S2P,1,66,
2280.13,,Spot,2,Image 1,S2P,1,67,
4254.3,,Spot,2,Image 1,S2P,1,68,
3678.95,,Spot,2,Image 1,S2P,1,69,
10763.2,,Spot,2,Image 1,S2P,1,70,
3282.52,,Spot,2,Image 1,S2P,1,71,
1332.92,,Spot,2,Image 1,S2P,1,72,
7.38004,,Spot,2,Image 1,S2P,1,73,
4576.48,,Spot,2,Image 1,S2P,1,74,
5707.58,,Spot,2,Image 1,S2P,1,75,
10860.7,,Spot,2,Image 1,S2P,1,76,
6086.98,,Spot,2,Image 1,S2P,1,77,
14.3207,,Spot,2,Image 1,S2P,1,78,
5425.7,,Spot,2,Image 1,S2P,1,79,
5920.37,,Spot,2,Image 1,S2P,1,80,
1271.47,,Spot,2,Image 1,S2P,1,81,
803.448,,Spot,2,Image 1,S2P,1,83,
3605.44,,Spot,2,Image 1,S2P,1,84,
885.663,,Spot,2,Image 1,S2P,1,85,
709.934,,Spot,2,Image 1,S2P,1,86,
14453.6,,Spot,2,Image 1,S2P,1,87,
7221.74,,Spot,2,Image 1,S2P,1,88,
20153.2,,Spot,2,Image 1,S2P,1,89,
10782.7,,Spot,2,Image 1,S2P,1,90,
38062.5,,Spot,2,Image 1,S2P,1,91,
12324.2,,Spot,2,Image 1,S2P,1,92,
3082.95,,Spot,2,Image 1,S2P,1,93,
1319.88,,Spot,2,Image 1,S2P,1,94,
16066.4,,Spot,2,Image 1,S2P,1,95,
21377.5,,Spot,2,Image 1,S2P,1,96,
1179.61,,Spot,2,Image 1,S2P,1,97,
2809.67,,Spot,2,Image 1,S2P,1,98,
2573.61,,Spot,2,Image 1,S2P,1,99,
3317.55,,Spot,2,Image 1,S2P,1,100,
3647.39,,Spot,2,Image 1,S2P,1,101,
3227.82,,Spot,2,Image 1,S2P,1,102,
726.008,,Spot,2,Image 1,S2P,1,103,
287.18,,Spot,2,Image 1,S2P,1,104,
3967.73,,Spot,2,Image 1,S2P,1,105,
2808.31,,Spot,2,Image 1,S2P,1,106,
595.929,,Spot,2,Image 1,S2P,1,107,
5777.96,,Spot,2,Image 1,S2P,1,108,
1651.03,,Spot,2,Image 1,S2P,1,109,
1653.32,,Spot,2,Image 1,S2P,1,110,
1719.85,,Spot,2,Image 1,S2P,1,111,
2690.58,,Spot,2,Image 1,S2P,1,112,
1123.59,,Spot,2,Image 1,S2P,1,113,
3931.96,,Spot,2,Image 1,S2P,1,114,
136.711,,Spot,2,Image 1,S2P,1,115,
3256.99,,Spot,2,Image 1,S2P,1,116,
4.28198,,Spot,2,Image 1,S2P,1,117,
2334.87,,Spot,2,Image 1,S2P,1,118,
487.793,,Spot,2,Image 1,S2P,1,119,
1201.77,,Spot,2,Image 1,S2P,1,120,
3457.25,,Spot,2,Image 1,S2P,1,121,
2099.46,,Spot,2,Image 1,S2P,1,122,
720.733,,Spot,2,Image 1,S2P,1,123,
1350.39,,Spot,2,Image 1,S2P,1,124,
1357.01,,Spot,2,Image 1,S2P,1,125,
9067.89,,Spot,2,Image 1,S2P,1,126,
1248.42,,Spot,2,Image 1,S2P,1,127,
20632.9,,Spot,2,Image 1,S2P,1,128,
1055.71,,Spot,2,Image 1,S2P,1,129,
3029.13,,Spot,2,Image 1,S2P,1,130,
5400.94,,Spot,2,Image 1,S2P,1,131,
8948.06,,Spot,2,Image 1,S2P,1,132,
10228.8,,Spot,2,Image 1,S2P,1,133,
1798.26,,Spot,2,Image 1,S2P,1,134,
697.531,,Spot,2,Image 1,S2P,1,135,
10213.7,,Spot,2,Image 1,S2P,1,136,
19698.4,,Spot,2,Image 1,S2P,1,137,
2780.25,,Spot,2,Image 1,S2P,1,138,
13392.4,,Spot,2,Image 1,S2P,1,139,
7625.98,,Spot,2,Image 1,S2P,1,140,
750.775,,Spot,2,Image 1,S2P,1,141,
4293.93,,Spot,2,Image 1,S2P,1,142,
235.633,,Spot,2,Image 1,S2P,1,143,
26103.1,,Spot,2,Image 1,S2P,1,144,
769.966,,Spot,2,Image 1,S2P,1,145,
434.528,,Spot,2,Image 1,S2P,1,146,
324.566,,Spot,2,Image 1,S2P,1,147,
572.561,,Spot,2,Image 1,S2P,1,148,
1388.32,,Spot,2,Image 1,S2P,1,149,
1155.6,,Spot,2,Image 1,S2P,1,150,
776.113,,Spot,2,Image 1,S2P,1,151,
1958.84,,Spot,2,Image 1,S2P,1,152,
767.808,,Spot,2,Image 1,S2P,1,154,
2592.9,,Spot,2,Image 1,S2P,1,155,
1004.16,,Spot,2,Image 1,S2P,1,157,
2774.9,,Spot,2,Image 1,S2P,1,158,
863.273,,Spot,2,Image 1,S2P,1,159,
4730.37,,Spot,2,Image 1,S2P,1,160,
941.601,,Spot,2,Image 1,S2P,1,161,
3800.42,,Spot,2,Image 1,S2P,1,162,
790.941,,Spot,2,Image 1,S2P,1,163,
404.153,,Spot,2,Image 1,S2P,1,164,
33.4376,,Spot,2,Image 1,S2P,1,165,
30911.3,,Spot,2,Image 1,S2P,1,166,
320.913,,Spot,2,Image 1,S2P,1,167,
1766.14,,Spot,2,Image 1,S2P,1,168,
11200.2,,Spot,2,Image 1,S2P,1,169,
6878.54,,Spot,2,Image 1,S2P,1,170,
1147.86,,Spot,2,Image 1,S2P,1,171,
789.145,,Spot,2,Image 1,S2P,1,172,
17407.3,,Spot,2,Image 1,S2P,1,173,
15564.4,,Spot,2,Image 1,S2P,1,174,
6087.16,,Spot,2,Image 1,S2P,1,175,
1552.57,,Spot,2,Image 1,S2P,1,176,
1441.58,,Spot,2,Image 1,S2P,1,177,
720.73,,Spot,2,Image 1,S2P,1,178,
537.324,,Spot,2,Image 1,S2P,1,179,
3504.06,,Spot,2,Image 1,S2P,1,180,
40965.6,,Spot,2,Image 1,S2P,1,181,
1246.97,,Spot,2,Image 1,S2P,1,182,
8401.46,,Spot,2,Image 1,S2P,1,183,
896.1,,Spot,2,Image 1,S2P,1,185,
1554.29,,Spot,2,Image 1,S2P,1,186,
6454.41,,Spot,2,Image 1,S2P,1,187,
38761,,Spot,2,Image 1,S2P,1,188,
601.588,,Spot,2,Image 1,S2P,1,189,
2529.33,,Spot,2,Image 1,S2P,1,190,
259.318,,Spot,2,Image 1,S2P,1,191,
314.102,,Spot,2,Image 1,S2P,1,192,
546.35,,Spot,2,Image 1,S2P,1,193,
5130.46,,Spot,2,Image 1,S2P,1,194,
760.647,,Spot,2,Image 1,S2P,1,195,
3.7588,,Spot,2,Image 1,S2P,1,196,
248.964,,Spot,2,Image 1,S2P,1,197,
962.94,,Spot,2,Image 1,S2P,1,198,
350.308,,Spot,2,Image 1,S2P,1,199,
510.116,,Spot,2,Image 1,S2P,1,200,
4859.54,,Spot,2,Image 1,S2P,1,201,
942.432,,Spot,2,Image 1,S2P,1,202,
345.853,,Spot,2,Image 1,S2P,1,203,
548.238,,Spot,2,Image 1,S2P,1,204,
710.832,,Spot,2,Image 1,S2P,1,206,
1013.68,,Spot,2,Image 1,S2P,1,207,
464.895,,Spot,2,Image 1,S2P,1,208,
3693.06,,Spot,2,Image 1,S2P,1,209,
946.35,,Spot,2,Image 1,S2P,1,210,
5824.6,,Spot,2,Image 1,S2P,1,211,
319.431,,Spot,2,Image 1,S2P,1,212,
2807.64,,Spot,2,Image 1,S2P,1,213,
2980.04,,Spot,2,Image 1,S2P,1,214,
279.902,,Spot,2,Image 1,S2P,1,215,
2672.32,,Spot,2,Image 1,S2P,1,216,
9080.04,,Spot,2,Image 1,S2P,1,217,
10104.8,,Spot,2,Image 1,S2P,1,218,
3455.09,,Spot,2,Image 1,S2P,1,219,
1320.77,,Spot,2,Image 1,S2P,1,220,
807.884,,Spot,2,Image 1,S2P,1,221,
4087.6,,Spot,2,Image 1,S2P,1,222,
355.214,,Spot,2,Image 1,S2P,1,223,
937.886,,Spot,2,Image 1,S2P,1,224,
406.253,,Spot,2,Image 1,S2P,1,225,
1099.14,,Spot,2,Image 1,S2P,1,226,
799.646,,Spot,2,Image 1,S2P,1,227,
626.159,,Spot,2,Image 1,S2P,1,228,
2086.86,,Spot,2,Image 1,S2P,1,229,
429.07,,Spot,2,Image 1,S2P,1,230,
915.155,,Spot,2,Image 1,S2P,1,231,
1813.41,,Spot,2,Image 1,S2P,1,232,
1331.1,,Spot,2,Image 1,S2P,1,233,
1536.66,,Spot,2,Image 1,S2P,1,234,
1303.14,,Spot,2,Image 1,S2P,1,235,
3047.46,,Spot,2,Image 1,S2P,1,236,
1681.15,,Spot,2,Image 1,S2P,1,237,
931.405,,Spot,2,Image 1,S2P,1,238,
403.115,,Spot,2,Image 1,S2P,1,239,
926.13,,Spot,2,Image 1,S2P,1,240,
782.434,,Spot,2,Image 1,S2P,1,241,
1372.17,,Spot,2,Image 1,S2P,1,242,
9658.08,,Spot,2,Image 1,S2P,1,243,
26134.2,,Spot,2,Image 1,S2P,1,244,
1854.52,,Spot,2,Image 1,S2P,1,245,
492.124,,Spot,2,Image 1,S2P,1,246,
6473.53,,Spot,2,Image 1,S2P,1,247,
2263.99,,Spot,2,Image 1,S2P,1,248,
11859.3,,Spot,2,Image 1,S2P,1,249,
2751.08,,Spot,2,Image 1,S2P,1,250,
4503.38,,Spot,2,Image 1,S2P,1,251,
764.362,,Spot,2,Image 1,S2P,1,252,
9310.95,,Spot,2,Image 1,S2P,1,253,
1299.43,,Spot,2,Image 1,S2P,1,254,
483.577,,Spot,2,Image 1,S2P,1,255,
2121.59,,Spot,2,Image 1,S2P,1,256,
797.409,,Spot,2,Image 1,S2P,1,257,
732.306,,Spot,2,Image 1,S2P,1,258,
1767.8,,Spot,2,Image 1,S2P,1,259,
1962.24,,Spot,2,Image 1,S2P,1,260,
1848.55,,Spot,2,Image 1,S2P,1,261,
12450.7,,Spot,2,Image 1,S2P,1,262,
4227.66,,Spot,2,Image 1,S2P,1,263,
2043.28,,Spot,2,Image 1,S2P,1,264,
913.076,,Spot,2,Image 1,S2P,1,265,
2339.42,,Spot,2,Image 1,S2P,1,266,
543.133,,Spot,2,Image 1,S2P,1,267,
1125.57,,Spot,2,Image 1,S2P,1,268,
3.02287,,Spot,2,Image 1,S2P,1,269,
3.28173,,Spot,2,Image 1,S2P,1,270,
506.534,,Spot,2,Image 1,S2P,1,271,
175.665,,Spot,2,Image 1,S2P,1,272,
1746.62,,Spot,2,Image 1,S2P,1,273,
2180.76,,Spot,2,Image 1,S2P,1,274,
3402.76,,Spot,2,Image 1,S2P,1,275,
5049.42,,Spot,2,Image 1,S2P,1,276,
1720.13,,Spot,2,Image 1,S2P,1,277,
8722.25,,Spot,2,Image 1,S2P,1,278,
802.756,,Spot,2,Image 1,S2P,1,279,
377.396,,Spot,2,Image 1,S2P,1,280,
2548.24,,Spot,2,Image 1,S2P,1,281,
7685.75,,Spot,2,Image 1,S2P,1,282,
907.677,,Spot,2,Image 1,S2P,1,283,
7.52767,,Spot,2,Image 1,S2P,1,284,
14426.9,,Spot,2,Image 1,S2P,1,285,
3.37303,,Spot,2,Image 1,S2P,1,286,
1529.96,,Spot,2,Image 1,S2P,1,287,
17214.1,,Spot,2,Image 1,S2P,1,288,
5905.68,,Spot,2,Image 1,S2P,1,289,
9374.64,,Spot,2,Image 1,S2P,1,290,
1476.91,,Spot,2,Image 1,S2P,1,291,
1460.7,,Spot,2,Image 1,S2P,1,292,
6696.8,,Spot,2,Image 1,S2P,1,293,
3573.69,,Spot,2,Image 1,S2P,1,294,
3278.45,,Spot,2,Image 1,S2P,1,295,
1951.83,,Spot,2,Image 1,S2P,1,296,
3.94227,,Spot,2,Image 1,S2P,1,297,
508.234,,Spot,2,Image 1,S2P,1,298,
1768.03,,Spot,2,Image 1,S2P,1,299,
2176.31,,Spot,2,Image 1,S2P,1,300,
692.325,,Spot,2,Image 1,S2P,1,301,
17464.5,,Spot,2,Image 1,S2P,1,302,
10565.3,,Spot,2,Image 1,S2P,1,303,
2844.26,,Spot,2,Image 1,S2P,1,304,
722.672,,Spot,2,Image 1,S2P,1,305,
1427.96,,Spot,2,Image 1,S2P,1,306,
1307.12,,Spot,2,Image 1,S2P,1,307,
1040.75,,Spot,2,Image 1,S2P,1,308,
1918.83,,Spot,2,Image 1,S2P,1,309,
4683.71,,Spot,2,Image 1,S2P,1,310,
874.105,,Spot,2,Image 1,S2P,1,311,
3449.29,,Spot,2,Image 1,S2P,1,312,
674.092,,Spot,2,Image 1,S2P,1,313,
3838.23,,Spot,2,Image 1,S2P,1,314,
1069.45,,Spot,2,Image 1,S2P,1,315,
273.949,,Spot,2,Image 1,S2P,1,316,
3940.95,,Spot,2,Image 1,S2P,1,317,
2254.64,,Spot,2,Image 1,S2P,1,318,
2172.29,,Spot,2,Image 1,S2P,1,319,
2879.69,,Spot,2,Image 1,S2P,1,320,
2672.58,,Spot,2,Image 1,S2P,1,321,
1798.81,,Spot,2,Image 1,S2P,1,322,
1313.39,,Spot,2,Image 1,S2P,1,323,
1506.6,,Spot,2,Image 1,S2P,1,324,
11718.5,,Spot,2,Image 1,S2P,1,325,
904.381,,Spot,2,Image 1,S2P,1,326,
3201.19,,Spot,2,Image 1,S2P,1,327,
4275.67,,Spot,2,Image 1,S2P,1,328,
1329.37,,Spot,2,Image 1,S2P,1,329,
1159.85,,Spot,2,Image 1,S2P,1,330,
509.04,,Spot,2,Image 1,S2P,1,331,
1255.67,,Spot,2,Image 1,S2P,1,332,
1365.67,,Spot,2,Image 1,S2P,1,333,
5.55706,,Spot,2,Image 1,S2P,1,334,
409.175,,Spot,2,Image 1,S2P,1,335,
1364.4,,Spot,2,Image 1,S2P,1,336,
924.737,,Spot,2,Image 1,S2P,1,337,
633.784,,Spot,2,Image 1,S2P,1,338,
1624.64,,Spot,2,Image 1,S2P,1,339,
3844.61,,Spot,2,Image 1,S2P,1,340,
4576.79,,Spot,2,Image 1,S2P,1,341,
6577.16,,Spot,2,Image 1,S2P,1,342,
6993.68,,Spot,2,Image 1,S2P,1,343,
19653.4,,Spot,2,Image 1,S2P,1,344,
4424.34,,Spot,2,Image 1,S2P,1,345,
979.265,,Spot,2,Image 1,S2P,1,346,
289.914,,Spot,2,Image 1,S2P,1,347,
1059.32,,Spot,2,Image 1,S2P,1,348,
1488.4,,Spot,2,Image 1,S2P,1,349,
1786.22,,Spot,2,Image 1,S2P,1,350,
1448.1,,Spot,2,Image 1,S2P,1,351,
1245.9,,Spot,2,Image 1,S2P,1,352,
2012.34,,Spot,2,Image 1,S2P,1,353,
949.366,,Spot,2,Image 1,S2P,1,354,
270.66,,Spot,2,Image 1,S2P,1,355,
599.311,,Spot,2,Image 1,S2P,1,356,
3.74283,,Spot,2,Image 1,S2P,1,357,
8.59102,,Spot,2,Image 1,S2P,1,358,
1304.45,,Spot,2,Image 1,S2P,1,359,
1300.69,,Spot,2,Image 1,S2P,1,360,
993.355,,Spot,2,Image 1,S2P,1,361,
3.90927,,Spot,2,Image 1,S2P,1,362,
621.888,,Spot,2,Image 1,S2P,1,363,
343.327,,Spot,2,Image 1,S2P,1,364,
5483.93,,Spot,2,Image 1,S2P,1,365,
186.019,,Spot,2,Image 1,S2P,1,366,
1174.45,,Spot,2,Image 1,S2P,1,367,
2208.72,,Spot,2,Image 1,S2P,1,368,
1486.83,,Spot,2,Image 1,S2P,1,369,
22061.6,,Spot,2,Image 1,S2P,1,370,
1471.93,,Spot,2,Image 1,S2P,1,371,
320.284,,Spot,2,Image 1,S2P,1,372,
13422.5,,Spot,2,Image 1,S2P,1,373,
904.163,,Spot,2,Image 1,S2P,1,374,
238.055,,Spot,2,Image 1,S2P,1,375,
2569.91,,Spot,2,Image 1,S2P,1,376,
3637.29,,Spot,2,Image 1,S2P,1,377,
929.24,,Spot,2,Image 1,S2P,1,378,
908.22,,Spot,2,Image 1,S2P,1,379,
6151.39,,Spot,2,Image 1,S2P,1,380,
242.451,,Spot,2,Image 1,S2P,1,381,
1159.93,,Spot,2,Image 1,S2P,1,382,
558.049,,Spot,2,Image 1,S2P,1,383,
273.467,,Spot,2,Image 1,S2P,1,384,
8.68698,,Spot,2,Image 1,S2P,1,385,
1532.92,,Spot,2,Image 1,S2P,1,386,
366.71,,Spot,2,Image 1,S2P,1,387,
660.639,,Spot,2,Image 1,S2P,1,388,
2141.49,,Spot,2,Image 1,S2P,1,389,
874.598,,Spot,2,Image 1,S2P,1,390,
1900.88,,Spot,2,Image 1,S2P,1,391,
532.45,,Spot,2,Image 1,S2P,1,392,
372.96,,Spot,2,Image 1,S2P,1,393,
11822.7,,Spot,2,Image 1,S2P,1,394,
799.098,,Spot,2,Image 1,S2P,1,395,
4757.21,,Spot,2,Image 1,S2P,1,396,
9206.25,,Spot,2,Image 1,S2P,1,397,
1442.82,,Spot,2,Image 1,S2P,1,398,
2203.4,,Spot,2,Image 1,S2P,1,399,
21875.7,,Spot,2,Image 1,S2P,1,400,
6.5698,,Spot,2,Image 1,S2P,1,401,
568.019,,Spot,2,Image 1,S2P,1,402,
249.27,,Spot,2,Image 1,S2P,1,403,
448.196,,Spot,2,Image 1,S2P,1,404,
1648.88,,Spot,2,Image 1,S2P,1,405,
246.624,,Spot,2,Image 1,S2P,1,406,
249.198,,Spot,2,Image 1,S2P,1,407,
714.117,,Spot,2,Image 1,S2P,1,408,
1078.23,,Spot,2,Image 1,S2P,1,409,
5285.63,,Spot,2,Image 1,S2P,1,410,
5.91254,,Spot,2,Image 1,S2P,1,411,
1394.33,,Spot,2,Image 1,S2P,1,412,
5.86489,,Spot,2,Image 1,S2P,1,413,
579.479,,Spot,2,Image 1,S2P,1,414,
1273.12,,Spot,2,Image 1,S2P,1,415,
226.861,,Spot,2,Image 1,S2P,1,416,
2204.05,,Spot,2,Image 1,S2P,1,417,
3.60165,,Spot,2,Image 1,S2P,1,418,
2932.41,,Spot,2,Image 1,S2P,1,419,
3263.64,,Spot,2,Image 1,S2P,1,420,
2515.73,,Spot,2,Image 1,S2P,1,421,
1267.39,,Spot,2,Image 1,S2P,1,422,
3526.31,,Spot,2,Image 1,S2P,1,423,
14844.5,,Spot,2,Image 1,S2P,1,424,
12708.7,,Spot,2,Image 1,S2P,1,425,
17452.6,,Spot,2,Image 1,S2P,1,426,
20890.6,,Spot,2,Image 1,S2P,1,427,
38896.8,,Spot,2,Image 1,S2P,1,428,
14.0599,,Spot,2,Image 1,S2P,1,429,
2548.82,,Spot,2,Image 1,S2P,1,430,
22207.9,,Spot,2,Image 1,S2P,1,431,
238.628,,Spot,2,Image 1,S2P,1,432,
7514.29,,Spot,2,Image 1,S2P,1,433,
4336.09,,Spot,2,Image 1,S2P,1,434,
76483.7,,Spot,2,Image 1,S2P,1,435,
3479.54,,Spot,2,Image 1,S2P,1,436,
24742,,Spot,2,Image 1,S2P,1,437,
5666.87,,Spot,2,Image 1,S2P,1,438,
40106.8,,Spot,2,Image 1,S2P,1,439,
5019.11,,Spot,2,Image 1,S2P,1,440,
10600.2,,Spot,2,Image 1,S2P,1,441,
4334.48,,Spot,2,Image 1,S2P,1,442,
15860.1,,Spot,2,Image 1,S2P,1,443,
5028.81,,Spot,2,Image 1,S2P,1,444,
13175.7,,Spot,2,Image 1,S2P,1,445,
2039.48,,Spot,2,Image 1,S2P,1,446,
22762,,Spot,2,Image 1,S2P,1,447,
67307.1,,Spot,2,Image 1,S2P,1,448,
27562,,Spot,2,Image 1,S2P,1,449,
8261.33,,Spot,2,Image 1,S2P,1,450,
8239.75,,Spot,2,Image 1,S2P,1,451,
14794,,Spot,2,Image 1,S2P,1,452,
11925.5,,Spot,2,Image 1,S2P,1,453,
13980.7,,Spot,2,Image 1,S2P,1,454,
12659.4,,Spot,2,Image 1,S2P,1,455,
10503.9,,Spot,2,Image 1,S2P,1,456,
23358.5,,Spot,2,Image 1,S2P,1,457,
10201.8,,Spot,2,Image 1,S2P,1,458,
1272.28,,Spot,2,Image 1,S2P,1,459,
13.6653,,Spot,2,Image 1,S2P,1,460,
3454.94,,Spot,2,Image 1,S2P,1,461,
18152.2,,Spot,2,Image 1,S2P,1,462,
31996.3,,Spot,2,Image 1,S2P,1,463,
65082.2,,Spot,2,Image 1,S2P,1,464,
12142.7,,Spot,2,Image 1,S2P,1,465,
8395.88,,Spot,2,Image 1,S2P,1,466,
27318.9,,Spot,2,Image 1,S2P,1,467,
11048.6,,Spot,2,Image 1,S2P,1,468,
526.701,,Spot,2,Image 1,S2P,1,469,
12688.8,,Spot,2,Image 1,S2P,1,470,
23750.8,,Spot,2,Image 1,S2P,1,471,
1077.38,,Spot,2,Image 1,S2P,1,472,
9266.04,,Spot,2,Image 1,S2P,1,473,
12633.2,,Spot,2,Image 1,S2P,1,474,
12114.6,,Spot,2,Image 1,S2P,1,475,
2951.93,,Spot,2,Image 1,S2P,1,476,
5296.71,,Spot,2,Image 1,S2P,1,477,
5661.37,,Spot,2,Image 1,S2P,1,478,
8065.98,,Spot,2,Image 1,S2P,1,479,
8841.94,,Spot,2,Image 1,S2P,1,480,
10560.7,,Spot,2,Image 1,S2P,1,481,
16715,,Spot,2,Image 1,S2P,1,482,
4113.9,,Spot,2,Image 1,S2P,1,483,
31621.2,,Spot,2,Image 1,S2P,1,484,
18918.9,,Spot,2,Image 1,S2P,1,485,
6078.44,,Spot,2,Image 1,S2P,1,486,
5387.47,,Spot,2,Image 1,S2P,1,487,
3432.5,,Spot,2,Image 1,S2P,1,488,
21474.4,,Spot,2,Image 1,S2P,1,489,
8741.56,,Spot,2,Image 1,S2P,1,490,
7521.03,,Spot,2,Image 1,S2P,1,491,
21041.5,,Spot,2,Image 1,S2P,1,492,
15310.8,,Spot,2,Image 1,S2P,1,493,
3767.66,,Spot,2,Image 1,S2P,1,494,
2031.58,,Spot,2,Image 1,S2P,1,495,
6484.64,,Spot,2,Image 1,S2P,1,496,
2239.09,,Spot,2,Image 1,S2P,1,497,
9476.33,,Spot,2,Image 1,S2P,1,498,
2784.07,,Spot,2,Image 1,S2P,1,499,
1740.77,,Spot,2,Image 1,S2P,1,500,
2708.55,,Spot,2,Image 1,S2P,1,501,
6299.48,,Spot,2,Image 1,S2P,1,502,
20638.2,,Spot,2,Image 1,S2P,1,503,
23693.6,,Spot,2,Image 1,S2P,1,504,
5780.52,,Spot,2,Image 1,S2P,1,505,
13.439,,Spot,2,Image 1,S2P,1,506,
15384.6,,Spot,2,Image 1,S2P,1,507,
31006.1,,Spot,2,Image 1,S2P,1,508,
13197.2,,Spot,2,Image 1,S2P,1,509,
12.8735,,Spot,2,Image 1,S2P,1,510,
12747,,Spot,2,Image 1,S2P,1,511,
3510.41,,Spot,2,Image 1,S2P,1,512,
1223.04,,Spot,2,Image 1,S2P,1,513,
370.862,,Spot,2,Image 1,S2P,1,514,
2469.22,,Spot,2,Image 1,S2P,1,515,
578.312,,Spot,2,Image 1,S2P,1,516,
580.01,,Spot,2,Image 1,S2P,1,517,
3364.67,,Spot,2,Image 1,S2P,1,518,
2483,,Spot,2,Image 1,S2P,1,520,
1525.06,,Spot,2,Image 1,S2P,1,521,
31200.7,,Spot,2,Image 1,S2P,1,522,
22084.9,,Spot,2,Image 1,S2P,1,523,
2115.91,,Spot,2,Image 1,S2P,1,524,
738.366,,Spot,2,Image 1,S2P,1,525,
7365.65,,Spot,2,Image 1,S2P,1,526,
753.996,,Spot,2,Image 1,S2P,1,527,
816.81,,Spot,2,Image 1,S2P,1,528,
3436.22,,Spot,2,Image 1,S2P,1,529,
12697.7,,Spot,2,Image 1,S2P,1,530,
519.999,,Spot,2,Image 1,S2P,1,531,
160.375,,Spot,2,Image 1,S2P,1,532,
2050.82,,Spot,2,Image 1,S2P,1,533,
1449.97,,Spot,2,Image 1,S2P,1,534,
14720.9,,Spot,2,Image 1,S2P,1,535,
1489,,Spot,2,Image 1,S2P,1,536,
1330.28,,Spot,2,Image 1,S2P,1,537,
3156.42,,Spot,2,Image 1,S2P,1,538,
743.073,,Spot,2,Image 1,S2P,1,539,
577.852,,Spot,2,Image 1,S2P,1,540,
2148.67,,Spot,2,Image 1,S2P,1,541,
3312.49,,Spot,2,Image 1,S2P,1,542,
2510.58,,Spot,2,Image 1,S2P,1,543,
9604.51,,Spot,2,Image 1,S2P,1,544,
9458.61,,Spot,2,Image 1,S2P,1,545,
4981.58,,Spot,2,Image 1,S2P,1,546,
25874.4,,Spot,2,Image 1,S2P,1,547,
4058.02,,Spot,2,Image 1,S2P,1,548,
5203.2,,Spot,2,Image 1,S2P,1,549,
2075.98,,Spot,2,Image 1,S2P,1,550,
385.429,,Spot,2,Image 1,S2P,1,551,
1364.24,,Spot,2,Image 1,S2P,1,552,
2229.71,,Spot,2,Image 1,S2P,1,553,
897.056,,Spot,2,Image 1,S2P,1,554,
874.462,,Spot,2,Image 1,S2P,1,555,
682.86,,Spot,2,Image 1,S2P,1,556,
2707.39,,Spot,2,Image 1,S2P,1,557,
17191.9,,Spot,2,Image 1,S2P,1,558,
19.97,,Spot,2,Image 1,S2P,1,559,
983.921,,Spot,2,Image 1,S2P,1,560,
2040.84,,Spot,2,Image 1,S2P,1,561,
6944.41,,Spot,2,Image 1,S2P,1,562,
3282.23,,Spot,2,Image 1,S2P,1,563,
11673.4,,Spot,2,Image 1,S2P,1,564,
1548.67,,Spot,2,Image 1,S2P,1,565,
11060.3,,Spot,2,Image 1,S2P,1,566,
1004.82,,Spot,2,Image 1,S2P,1,567,
14887.6,,Spot,2,Image 1,S2P,1,568,
27520.8,,Spot,2,Image 1,S2P,1,569,
641.547,,Spot,2,Image 1,S2P,1,570,
2970.49,,Spot,2,Image 1,S2P,1,571,
5.30895,,Spot,2,Image 1,S2P,1,572,
14315.7,,Spot,2,Image 1,S2P,1,573,
2477.57,,Spot,2,Image 1,S2P,1,574,
12832.3,,Spot,2,Image 1,S2P,1,575,
22027.3,,Spot,2,Image 1,S2P,1,576,
683.348,,Spot,2,Image 1,S2P,1,577,
1104.85,,Spot,2,Image 1,S2P,1,578,
1260.89,,Spot,2,Image 1,S2P,1,579,
112.625,,Spot,2,Image 1,S2P,1,580,
1159.11,,Spot,2,Image 1,S2P,1,581,
2607.36,,Spot,2,Image 1,S2P,1,582,
7137.22,,Spot,2,Image 1,S2P,1,583,
16063,,Spot,2,Image 1,S2P,1,584,
15952.2,,Spot,2,Image 1,S2P,1,585,
12458.2,,Spot,2,Image 1,S2P,1,586,
16657.3,,Spot,2,Image 1,S2P,1,587,
16011.2,,Spot,2,Image 1,S2P,1,588,
12828,,Spot,2,Image 1,S2P,1,589,
5186.55,,Spot,2,Image 1,S2P,1,590,
10.2132,,Spot,2,Image 1,S2P,1,591,
11711.2,,Spot,2,Image 1,S2P,1,592,
24468.8,,Spot,2,Image 1,S2P,1,593,
18.6114,,Spot,2,Image 1,S2P,1,594,
14308.8,,Spot,2,Image 1,S2P,1,595,
15839.3,,Spot,2,Image 1,S2P,1,596,
5728.48,,Spot,2,Image 1,S2P,1,597,
8852.79,,Spot,2,Image 1,S2P,1,598,
46521.3,,Spot,2,Image 1,S2P,1,599,
11110.5,,Spot,2,Image 1,S2P,1,600,
14480.9,,Spot,2,Image 1,S2P,1,601,
93.6352,,Spot,2,Image 1,S2P,1,602,
428.473,,Spot,2,Image 1,S2P,1,603,
14061.8,,Spot,2,Image 1,S2P,1,604,
9590.41,,Spot,2,Image 1,S2P,1,605,
940.388,,Spot,2,Image 1,S2P,1,606,
9924.82,,Spot,2,Image 1,S2P,1,607,
1863,,Spot,2,Image 1,S2P,1,608,
36019.9,,Spot,2,Image 1,S2P,1,609,
17038.2,,Spot,2,Image 1,S2P,1,610,
8843.24,,Spot,2,Image 1,S2P,1,611,
5527.91,,Spot,2,Image 1,S2P,1,612,
5755.79,,Spot,2,Image 1,S2P,1,613,
7152.29,,Spot,2,Image 1,S2P,1,614,
89456.2,,Spot,2,Image 1,S2P,1,615,
885.602,,Spot,2,Image 1,S2P,1,616,
24298.3,,Spot,2,Image 1,S2P,1,617,
12743.9,,Spot,2,Image 1,S2P,1,618,
3818.67,,Spot,2,Image 1,S2P,1,619,
5570.29,,Spot,2,Image 1,S2P,1,620,
2857.97,,Spot,2,Image 1,S2P,1,621,
2137.53,,Spot,2,Image 1,S2P,1,622,
14641,,Spot,2,Image 1,S2P,1,623,
8092.46,,Spot,2,Image 1,S2P,1,624,
170.072,,Spot,2,Image 1,S2P,1,625,
5593.61,,Spot,2,Image 1,S2P,1,626,
4898.39,,Spot,2,Image 1,S2P,1,627,
7839.47,,Spot,2,Image 1,S2P,1,628,
704.043,,Spot,2,Image 1,S2P,1,629,
21447.8,,Spot,2,Image 1,S2P,1,630,
1074.39,,Spot,2,Image 1,S2P,1,631,
3099.74,,Spot,2,Image 1,S2P,1,632,
1015.13,,Spot,2,Image 1,S2P,1,633,
21276.9,,Spot,2,Image 1,S2P,1,634,
2121.46,,Spot,2,Image 1,S2P,1,635,
5183.64,,Spot,2,Image 1,S2P,1,636,
1161.19,,Spot,2,Image 1,S2P,1,637,
14121.3,,Spot,2,Image 1,S2P,1,638,
13770.8,,Spot,2,Image 1,S2P,1,639,
3093.63,,Spot,2,Image 1,S2P,1,640,
1900.72,,Spot,2,Image 1,S2P,1,641,
5461.39,,Spot,2,Image 1,S2P,1,642,
1979.86,,Spot,2,Image 1,S2P,1,643,
3184.06,,Spot,2,Image 1,S2P,1,644,
26021.3,,Spot,2,Image 1,S2P,1,645,
1708.44,,Spot,2,Image 1,S2P,1,646,
9701.62,,Spot,2,Image 1,S2P,1,647,
14270.9,,Spot,2,Image 1,S2P,1,648,
1446.39,,Spot,2,Image 1,S2P,1,649,
13776.3,,Spot,2,Image 1,S2P,1,650,
3966.39,,Spot,2,Image 1,S2P,1,651,
7583.56,,Spot,2,Image 1,S2P,1,652,
2387.4,,Spot,2,Image 1,S2P,1,653,
3128.89,,Spot,2,Image 1,S2P,1,654,
9139.54,,Spot,2,Image 1,S2P,1,655,
42946.5,,Spot,2,Image 1,S2P,1,656,
4759.27,,Spot,2,Image 1,S2P,1,657,
16.9511,,Spot,2,Image 1,S2P,1,658,
12151.5,,Spot,2,Image 1,S2P,1,659,
16.6673,,Spot,2,Image 1,S2P,1,660,
17589,,Spot,2,Image 1,S2P,1,661,
10675.6,,Spot,2,Image 1,S2P,1,662,
5493.98,,Spot,2,Image 1,S2P,1,663,
2711.72,,Spot,2,Image 1,S2P,1,664,
5748.89,,Spot,2,Image 1,S2P,1,665,
10818.4,,Spot,2,Image 1,S2P,1,666,
9127.1,,Spot,2,Image 1,S2P,1,667,
1034.76,,Spot,2,Image 1,S2P,1,668,
4192.91,,Spot,2,Image 1,S2P,1,669,
13025.2,,Spot,2,Image 1,S2P,1,670,
25722.6,,Spot,2,Image 1,S2P,1,671,
22138.4,,Spot,2,Image 1,S2P,1,672,
24617.9,,Spot,2,Image 1,S2P,1,673,
6251.06,,Spot,2,Image 1,S2P,1,674,
20602.3,,Spot,2,Image 1,S2P,1,675,
5434.21,,Spot,2,Image 1,S2P,1,676,
21861.5,,Spot,2,Image 1,S2P,1,677,
5433.96,,Spot,2,Image 1,S2P,1,678,
13493.6,,Spot,2,Image 1,S2P,1,679,
2227.32,,Spot,2,Image 1,S2P,1,680,
4378.5,,Spot,2,Image 1,S2P,1,681,
28609.1,,Spot,2,Image 1,S2P,1,682,
2595.18,,Spot,2,Image 1,S2P,1,683,
41398.3,,Spot,2,Image 1,S2P,1,684,
12323.6,,Spot,2,Image 1,S2P,1,685,
18750.3,,Spot,2,Image 1,S2P,1,686,
1901.44,,Spot,2,Image 1,S2P,1,687,
6955.5,,Spot,2,Image 1,S2P,1,688,
2874.19,,Spot,2,Image 1,S2P,1,689,
41702.1,,Spot,2,Image 1,S2P,1,690,
4430.72,,Spot,2,Image 1,S2P,1,691,
1299.47,,Spot,2,Image 1,S2P,1,692,
4578.08,,Spot,2,Image 1,S2P,1,693,
1058.53,,Spot,2,Image 1,S2P,1,694,
734.071,,Spot,2,Image 1,S2P,1,695,
2761.16,,Spot,2,Image 1,S2P,1,696,
4.69063,,Spot,2,Image 1,S2P,1,697,
942.864,,Spot,2,Image 1,S2P,1,698,
3516,,Spot,2,Image 1,S2P,1,699,
2575.36,,Spot,2,Image 1,S2P,1,700,
327.646,,Spot,2,Image 1,S2P,1,701,
580.65,,Spot,2,Image 1,S2P,1,702,
395.416,,Spot,2,Image 1,S2P,1,703,
1145.51,,Spot,2,Image 1,S2P,1,704,
1540.59,,Spot,2,Image 1,S2P,1,705,
3221.15,,Spot,2,Image 1,S2P,1,706,
4144.48,,Spot,2,Image 1,S2P,1,707,
1983.52,,Spot,2,Image 1,S2P,1,708,
460.253,,Spot,2,Image 1,S2P,1,709,
1808.38,,Spot,2,Image 1,S2P,1,710,
557.833,,Spot,2,Image 1,S2P,1,711,
1133.35,,Spot,2,Image 1,S2P,1,712,
3.00523,,Spot,2,Image 1,S2P,1,714,
5998.14,,Spot,2,Image 1,S2P,1,715,
4693.76,,Spot,2,Image 1,S2P,1,716,
3.49261,,Spot,2,Image 1,S2P,1,717,
11553,,Spot,2,Image 1,S2P,1,718,
1318.76,,Spot,2,Image 1,S2P,1,719,
620.55,,Spot,2,Image 1,S2P,1,720,
5524.41,,Spot,2,Image 1,S2P,1,721,
21473.4,,Spot,2,Image 1,S2P,1,722,
590.666,,Spot,2,Image 1,S2P,1,723,
688.875,,Spot,2,Image 1,S2P,1,724,
10903.9,,Spot,2,Image 1,S2P,1,725,
32109.4,,Spot,2,Image 1,S2P,1,726,
1455.46,,Spot,2,Image 1,S2P,1,727,
4896.74,,Spot,2,Image 1,S2P,1,728,
1865.9,,Spot,2,Image 1,S2P,1,729,
1458.6,,Spot,2,Image 1,S2P,1,730,
1469.43,,Spot,2,Image 1,S2P,1,731,
6462.1,,Spot,2,Image 1,S2P,1,732,
836.425,,Spot,2,Image 1,S2P,1,733,
3.89877,,Spot,2,Image 1,S2P,1,734,
3170.71,,Spot,2,Image 1,S2P,1,735,
10411.9,,Spot,2,Image 1,S2P,1,736,
3796.47,,Spot,2,Image 1,S2P,1,737,
15415.6,,Spot,2,Image 1,S2P,1,738,
1095.21,,Spot,2,Image 1,S2P,1,739,
1713.85,,Spot,2,Image 1,S2P,1,740,
12382.4,,Spot,2,Image 1,S2P,1,741,
3492.38,,Spot,2,Image 1,S2P,1,742,
1119.5,,Spot,2,Image 1,S2P,1,743,
1958.67,,Spot,2,Image 1,S2P,1,744,
445.998,,Spot,2,Image 1,S2P,1,745,
2346.46,,Spot,2,Image 1,S2P,1,746,
221.225,,Spot,2,Image 1,S2P,1,747,
1730.92,,Spot,2,Image 1,S2P,1,748,
756.882,,Spot,2,Image 1,S2P,1,749,
1040.26,,Spot,2,Image 1,S2P,1,750,
1053.41,,Spot,2,Image 1,S2P,1,751,
853.596,,Spot,2,Image 1,S2P,1,752,
697.484,,Spot,2,Image 1,S2P,1,753,
1379.65,,Spot,2,Image 1,S2P,1,754,
1947.26,,Spot,2,Image 1,S2P,1,755,
627.236,,Spot,2,Image 1,S2P,1,756,
867.788,,Spot,2,Image 1,S2P,1,757,
2529.85,,Spot,2,Image 1,S2P,1,758,
7712.75,,Spot,2,Image 1,S2P,1,759,
1655.52,,Spot,2,Image 1,S2P,1,760,
1185.57,,Spot,2,Image 1,S2P,1,761,
1309.71,,Spot,2,Image 1,S2P,1,762,
1544.2,,Spot,2,Image 1,S2P,1,763,
41374.6,,Spot,2,Image 1,S2P,1,764,
656.833,,Spot,2,Image 1,S2P,1,765,
21134.2,,Spot,2,Image 1,S2P,1,766,
3.67523,,Spot,2,Image 1,S2P,1,767,
1135.92,,Spot,2,Image 1,S2P,1,768,
1280.35,,Spot,2,Image 1,S2P,1,769,
561.417,,Spot,2,Image 1,S2P,1,770,
121.335,,Spot,2,Image 1,S2P,1,771,
7.81997,,Spot,2,Image 1,S2P,1,772,
1591.97,,Spot,2,Image 1,S2P,1,773,
491.788,,Spot,2,Image 1,S2P,1,774,
1684.6,,Spot,2,Image 1,S2P,1,775,
361.286,,Spot,2,Image 1,S2P,1,776,
4918.34,,Spot,2,Image 1,S2P,1,777,
3.49622,,Spot,2,Image 1,S2P,1,778,
129.812,,Spot,2,Image 1,S2P,1,779,
1319.5,,Spot,2,Image 1,S2P,1,780,
2709.95,,Spot,2,Image 1,S2P,1,781,
1493.19,,Spot,2,Image 1,S2P,1,782,
506.769,,Spot,2,Image 1,S2P,1,783,
2759.9,,Spot,2,Image 1,S2P,1,784,
5.76168,,Spot,2,Image 1,S2P,1,785,
14375,,Spot,2,Image 1,S2P,1,786,
23895.8,,Spot,2,Image 1,S2P,1,787,
3986.33,,Spot,2,Image 1,S2P,1,788,
3145.17,,Spot,2,Image 1,S2P,1,789,
11086.7,,Spot,2,Image 1,S2P,1,790,
1112.06,,Spot,2,Image 1,S2P,1,791,
953.742,,Spot,2,Image 1,S2P,1,792,
777.887,,Spot,2,Image 1,S2P,1,793,
3223.17,,Spot,2,Image 1,S2P,1,794,
729.104,,Spot,2,Image 1,S2P,1,795,
1076.31,,Spot,2,Image 1,S2P,1,796,
1030.23,,Spot,2,Image 1,S2P,1,797,
269.474,,Spot,2,Image 1,S2P,1,798,
830.688,,Spot,2,Image 1,S2P,1,799,
4.03432,,Spot,2,Image 1,S2P,1,800,
637.468,,Spot,2,Image 1,S2P,1,801,
1108.06,,Spot,2,Image 1,S2P,1,802,
493.049,,Spot,2,Image 1,S2P,1,803,
2652.85,,Spot,2,Image 1,S2P,1,804,
2110.92,,Spot,2,Image 1,S2P,1,805,
460.265,,Spot,2,Image 1,S2P,1,806,
1619.26,,Spot,2,Image 1,S2P,1,807,
1326.98,,Spot,2,Image 1,S2P,1,808,
1939.05,,Spot,2,Image 1,S2P,1,809,
718.274,,Spot,2,Image 1,S2P,1,810,
675.395,,Spot,2,Image 1,S2P,1,811,
2297.15,,Spot,2,Image 1,S2P,1,812,
1266.13,,Spot,2,Image 1,S2P,1,813,
874.044,,Spot,2,Image 1,S2P,1,814,
1907.06,,Spot,2,Image 1,S2P,1,815,
3690.33,,Spot,2,Image 1,S2P,1,816,
9711.43,,Spot,2,Image 1,S2P,1,817,
6183.53,,Spot,2,Image 1,S2P,1,818,
6869.3,,Spot,2,Image 1,S2P,1,819,
2694.58,,Spot,2,Image 1,S2P,1,820,
1641.79,,Spot,2,Image 1,S2P,1,821,
1115.65,,Spot,2,Image 1,S2P,1,822,
16093.6,,Spot,2,Image 1,S2P,1,823,
6958.57,,Spot,2,Image 1,S2P,1,824,
1581.41,,Spot,2,Image 1,S2P,1,825,
548.041,,Spot,2,Image 1,S2P,1,826,
561.448,,Spot,2,Image 1,S2P,1,827,
2106.31,,Spot,2,Image 1,S2P,1,828,
17841.2,,Spot,2,Image 1,S2P,1,829,
867.217,,Spot,2,Image 1,S2P,1,830,
4.19791,,Spot,2,Image 1,S2P,1,831,
4.55398,,Spot,2,Image 1,S2P,1,832,
4380.93,,Spot,2,Image 1,S2P,1,833,
1698.6,,Spot,2,Image 1,S2P,1,834,
17440.2,,Spot,2,Image 1,S2P,1,835,
1487.55,,Spot,2,Image 1,S2P,1,836,
9753.49,,Spot,2,Image 1,S2P,1,837,
3893.91,,Spot,2,Image 1,S2P,1,838,
6946.93,,Spot,2,Image 1,S2P,1,839,
1097.96,,Spot,2,Image 1,S2P,1,840,
4.69616,,Spot,2,Image 1,S2P,1,841,
1360.19,,Spot,2,Image 1,S2P,1,842,
474.234,,Spot,2,Image 1,S2P,1,843,
834.936,,Spot,2,Image 1,S2P,1,844,
313.316,,Spot,2,Image 1,S2P,1,845,
1110.74,,Spot,2,Image 1,S2P,1,846,
1273.53,,Spot,2,Image 1,S2P,1,847,
14883.8,,Spot,2,Image 1,S2P,1,848,
6729.72,,Spot,2,Image 1,S2P,1,849,
779.492,,Spot,2,Image 1,S2P,1,850,
658.475,,Spot,2,Image 1,S2P,1,851,
633.737,,Spot,2,Image 1,S2P,1,852,
2089.81,,Spot,2,Image 1,S2P,1,853,
25938.3,,Spot,2,Image 1,S2P,1,854,
16126.9,,Spot,2,Image 1,S2P,1,855,
4661.67,,Spot,2,Image 1,S2P,1,856,
1423.08,,Spot,2,Image 1,S2P,1,857,
22014.6,,Spot,2,Image 1,S2P,1,858,
13.1538,,Spot,2,Image 1,S2P,1,859,
15090.9,,Spot,2,Image 1,S2P,1,860,
869.029,,Spot,2,Image 1,S2P,1,861,
615.976,,Spot,2,Image 1,S2P,1,862,
1345.09,,Spot,2,Image 1,S2P,1,863,
1490.16,,Spot,2,Image 1,S2P,1,864,
7.32904,,Spot,2,Image 1,S2P,1,865,
1583.98,,Spot,2,Image 1,S2P,1,866,
886.238,,Spot,2,Image 1,S2P,1,867,
2519.78,,Spot,2,Image 1,S2P,1,868,
1852.06,,Spot,2,Image 1,S2P,1,869,
549.198,,Spot,2,Image 1,S2P,1,870,
1125.49,,Spot,2,Image 1,S2P,1,871,
4147.36,,Spot,2,Image 1,S2P,1,872,
30206.8,,Spot,2,Image 1,S2P,1,873,
10135.7,,Spot,2,Image 1,S2P,1,874,
1098.25,,Spot,2,Image 1,S2P,1,875,
23087,,Spot,2,Image 1,S2P,1,876,
2833.12,,Spot,2,Image 1,S2P,1,877,
1810.42,,Spot,2,Image 1,S2P,1,878,
402.782,,Spot,2,Image 1,S2P,1,879,
1120.44,,Spot,2,Image 1,S2P,1,880,
739.882,,Spot,2,Image 1,S2P,1,881,
4.20018,,Spot,2,Image 1,S2P,1,882,
2158.61,,Spot,2,Image 1,S2P,1,883,
3526.59,,Spot,2,Image 1,S2P,1,884,
5.61571,,Spot,2,Image 1,S2P,1,885,
1375.87,,Spot,2,Image 1,S2P,1,886,
1955.31,,Spot,2,Image 1,S2P,1,887,
1733.73,,Spot,2,Image 1,S2P,1,888,
1270.79,,Spot,2,Image 1,S2P,1,889,
5195.68,,Spot,2,Image 1,S2P,1,890,
513.4,,Spot,2,Image 1,S2P,1,891,
585.852,,Spot,2,Image 1,S2P,1,892,
24689.5,,Spot,2,Image 1,S2P,1,893,
1018.38,,Spot,2,Image 1,S2P,1,894,
642.241,,Spot,2,Image 1,S2P,1,895,
16223,,Spot,2,Image 1,S2P,1,896,
1358.87,,Spot,2,Image 1,S2P,1,897,
1860.9,,Spot,2,Image 1,S2P,1,898,
1582.71,,Spot,2,Image 1,S2P,1,899,
1103.33,,Spot,2,Image 1,S2P,1,900,
1210.32,,Spot,2,Image 1,S2P,1,901,
298.794,,Spot,2,Image 1,S2P,1,902,
10006.2,,Spot,2,Image 1,S2P,1,903,
448.134,,Spot,2,Image 1,S2P,1,904,
849.537,,Spot,2,Image 1,S2P,1,905,
2882.57,,Spot,2,Image 1,S2P,1,906,
1487.53,,Spot,2,Image 1,S2P,1,907,
314.019,,Spot,2,Image 1,S2P,1,908,
16.2768,,Spot,2,Image 1,S2P,1,909,
3043.44,,Spot,2,Image 1,S2P,1,910,
45865.4,,Spot,2,Image 1,S2P,1,911,
5127.84,,Spot,2,Image 1,S2P,1,912,
10587.9,,Spot,2,Image 1,S2P,1,913,
5.07918,,Spot,2,Image 1,S2P,1,914,
721.725,,Spot,2,Image 1,S2P,1,915,
1261.59,,Spot,2,Image 1,S2P,1,916,
837.751,,Spot,2,Image 1,S2P,1,917,
6093.98,,Spot,2,Image 1,S2P,1,918,
2936.79,,Spot,2,Image 1,S2P,1,919,
1929.46,,Spot,2,Image 1,S2P,1,920,
1984.27,,Spot,2,Image 1,S2P,1,921,
2939.8,,Spot,2,Image 1,S2P,1,922,
3230.45,,Spot,2,Image 1,S2P,1,923,
235.188,,Spot,2,Image 1,S2P,1,924,
2218.89,,Spot,2,Image 1,S2P,1,925,
925.725,,Spot,2,Image 1,S2P,1,926,
2300.92,,Spot,2,Image 1,S2P,1,927,
1299.27,,Spot,2,Image 1,S2P,1,928,
2210.48,,Spot,2,Image 1,S2P,1,929,
29510.4,,Spot,2,Image 1,S2P,1,930,
410.572,,Spot,2,Image 1,S2P,1,931,
1832.39,,Spot,2,Image 1,S2P,1,932,
21410.7,,Spot,2,Image 1,S2P,1,933,
4032.54,,Spot,2,Image 1,S2P,1,934,
2657.23,,Spot,2,Image 1,S2P,1,935,
487.418,,Spot,2,Image 1,S2P,1,936,
4010.97,,Spot,2,Image 1,S2P,1,937,
342.862,,Spot,2,Image 1,S2P,1,938,
16737.7,,Spot,2,Image 1,S2P,1,939,
6.28083,,Spot,2,Image 1,S2P,1,940,
1319.97,,Spot,2,Image 1,S2P,1,941,
23494.7,,Spot,2,Image 1,S2P,1,942,
2879.56,,Spot,2,Image 1,S2P,1,943,
1299.71,,Spot,2,Image 1,S2P,1,944,
1275.49,,Spot,2,Image 1,S2P,1,945,
4.83082,,Spot,2,Image 1,S2P,1,946,
2369.52,,Spot,2,Image 1,S2P,1,947,
10.4793,,Spot,2,Image 1,S2P,1,948,
18.6158,,Spot,2,Image 1,S2P,1,949,
783.918,,Spot,2,Image 1,S2P,1,950,
12468.5,,Spot,2,Image 1,S2P,1,951,
1361.14,,Spot,2,Image 1,S2P,1,952,
12350.4,,Spot,2,Image 1,S2P,1,953,
8326.44,,Spot,2,Image 1,S2P,1,954,
5382.9,,Spot,2,Image 1,S2P,1,955,
4742.98,,Spot,2,Image 1,S2P,1,956,
1295.43,,Spot,2,Image 1,S2P,1,957,
982.512,,Spot,2,Image 1,S2P,1,958,
800.012,,Spot,2,Image 1,S2P,1,959,
21912.8,,Spot,2,Image 1,S2P,1,960,
1560.54,,Spot,2,Image 1,S2P,1,961,
1307.3,,Spot,2,Image 1,S2P,1,962,
1433.88,,Spot,2,Image 1,S2P,1,963,
1171.15,,Spot,2,Image 1,S2P,1,964,
2346.94,,Spot,2,Image 1,S2P,1,965,
632.792,,Spot,2,Image 1,S2P,1,966,
3180.92,,Spot,2,Image 1,S2P,1,967,
1380.06,,Spot,2,Image 1,S2P,1,968,
1111.81,,Spot,2,Image 1,S2P,1,969,
4.95463,,Spot,2,Image 1,S2P,1,970,
3767.54,,Spot,2,Image 1,S2P,1,971,
11.9718,,Spot,2,Image 1,S2P,1,972,
38981.9,,Spot,2,Image 1,S2P,1,973,
2930.55,,Spot,2,Image 1,S2P,1,974,
2803.33,,Spot,2,Image 1,S2P,1,975,
6564.92,,Spot,2,Image 1,S2P,1,976,
3073.23,,Spot,2,Image 1,S2P,1,977,
1575.84,,Spot,2,Image 1,S2P,1,978,
4399.65,,Spot,2,Image 1,S2P,1,979,
1329.2,,Spot,2,Image 1,S2P,1,980,
18693.4,,Spot,2,Image 1,S2P,1,981,
929.305,,Spot,2,Image 1,S2P,1,982,
16088.2,,Spot,2,Image 1,S2P,1,983,
20697.2,,Spot,2,Image 1,S2P,1,984,
1337.27,,Spot,2,Image 1,S2P,1,985,
1130.2,,Spot,2,Image 1,S2P,1,986,
4162.68,,Spot,2,Image 1,S2P,1,987,
5597.13,,Spot,2,Image 1,S2P,1,988,
1143.1,,Spot,2,Image 1,S2P,1,989,
3518.19,,Spot,2,Image 1,S2P,1,990,
2962.52,,Spot,2,Image 1,S2P,1,991,
4613.39,,Spot,2,Image 1,S2P,1,992,
4388.79,,Spot,2,Image 1,S2P,1,993,
6402.11,,Spot,2,Image 1,S2P,1,994,
9626.56,,Spot,2,Image 1,S2P,1,995,
1682.4,,Spot,2,Image 1,S2P,1,996,
9747.07,,Spot,2,Image 1,S2P,1,997,
6097.72,,Spot,2,Image 1,S2P,1,998,
7607.16,,Spot,2,Image 1,S2P,1,999,
29842.8,,Spot,2,Image 1,S2P,1,1000,
4737.95,,Spot,2,Image 1,S2P,1,1001,
11.8605,,Spot,2,Image 1,S2P,1,1002,
11.9195,,Spot,2,Image 1,S2P,1,1003,
38358.5,,Spot,2,Image 1,S2P,1,1004,
11337.9,,Spot,2,Image 1,S2P,1,1005,
976.097,,Spot,2,Image 1,S2P,1,1006,
6612.84,,Spot,2,Image 1,S2P,1,1007,
2629.74,,Spot,2,Image 1,S2P,1,1008,
6334.75,,Spot,2,Image 1,S2P,1,1009,
6318.9,,Spot,2,Image 1,S2P,1,1010,
3514.71,,Spot,2,Image 1,S2P,1,1011,
5.33836,,Spot,2,Image 1,S2P,1,1012,
1600.67,,Spot,2,Image 1,S2P,1,1013,
1199.53,,Spot,2,Image 1,S2P,1,1014,
2713.49,,Spot,2,Image 1,S2P,1,1015,
1584.52,,Spot,2,Image 1,S2P,1,1016,
10370.2,,Spot,2,Image 1,S2P,1,1017,
5696.14,,Spot,2,Image 1,S2P,1,1018,
2388.78,,Spot,2,Image 1,S2P,1,1019,
3126.77,,Spot,2,Image 1,S2P,1,1020,
5188.17,,Spot,2,Image 1,S2P,1,1021,
13731.4,,Spot,2,Image 1,S2P,1,1022,
12193.4,,Spot,2,Image 1,S2P,1,1023,
9239.37,,Spot,2,Image 1,S2P,1,1024,
2927.79,,Spot,2,Image 1,S2P,1,1025,
3921.3,,Spot,2,Image 1,S2P,1,1026,
2632.1,,Spot,2,Image 1,S2P,1,1027,
358.416,,Spot,2,Image 1,S2P,1,1028,
3161.71,,Spot,2,Image 1,S2P,1,1029,
2700.03,,Spot,2,Image 1,S2P,1,1030,
3091.02,,Spot,2,Image 1,S2P,1,1031,
7834.17,,Spot,2,Image 1,S2P,1,1032,
1450.99,,Spot,2,Image 1,S2P,1,1033,
16025.2,,Spot,2,Image 1,S2P,1,1034,
29028.6,,Spot,2,Image 1,S2P,1,1035,
28589,,Spot,2,Image 1,S2P,1,1036,
15098.4,,Spot,2,Image 1,S2P,1,1037,
12304.3,,Spot,2,Image 1,S2P,1,1038,
4752.69,,Spot,2,Image 1,S2P,1,1039,
5486.71,,Spot,2,Image 1,S2P,1,1040,
17593.5,,Spot,2,Image 1,S2P,1,1041,
3209.78,,Spot,2,Image 1,S2P,1,1042,
3494.57,,Spot,2,Image 1,S2P,1,1043,
9539.82,,Spot,2,Image 1,S2P,1,1044,
3550.32,,Spot,2,Image 1,S2P,1,1045,
506.506,,Spot,2,Image 1,S2P,1,1046,
6.38474,,Spot,2,Image 1,S2P,1,1047,
6941.72,,Spot,2,Image 1,S2P,1,1048,
36340.6,,Spot,2,Image 1,S2P,1,1049,
2433.57,,Spot,2,Image 1,S2P,1,1050,
1796.27,,Spot,2,Image 1,S2P,1,1051,
28656.4,,Spot,2,Image 1,S2P,1,1052,
5102.13,,Spot,2,Image 1,S2P,1,1053,
2267.8,,Spot,2,Image 1,S2P,1,1054,
11285.1,,Spot,2,Image 1,S2P,1,1055,
4937.76,,Spot,2,Image 1,S2P,1,1056,
14309.5,,Spot,2,Image 1,S2P,1,1057,
10355.1,,Spot,2,Image 1,S2P,1,1058,
8392.92,,Spot,2,Image 1,S2P,1,1059,
7649.46,,Spot,2,Image 1,S2P,1,1060,
2694.94,,Spot,2,Image 1,S2P,1,1061,
14807.4,,Spot,2,Image 1,S2P,1,1062,
14347.7,,Spot,2,Image 1,S2P,1,1063,
2224.69,,Spot,2,Image 1,S2P,1,1064,
4225.43,,Spot,2,Image 1,S2P,1,1065,
12289.1,,Spot,2,Image 1,S2P,1,1066,
1655.23,,Spot,2,Image 1,S2P,1,1067,
4786.51,,Spot,2,Image 1,S2P,1,1068,
21471.4,,Spot,2,Image 1,S2P,1,1069,
15979.3,,Spot,2,Image 1,S2P,1,1070,
1181.02,,Spot,2,Image 1,S2P,1,1071,
15111.9,,Spot,2,Image 1,S2P,1,1072,
2326.64,,Spot,2,Image 1,S2P,1,1073,
2850.7,,Spot,2,Image 1,S2P,1,1074,
3938.15,,Spot,2,Image 1,S2P,1,1075,
9569.01,,Spot,2,Image 1,S2P,1,1076,
6052.4,,Spot,2,Image 1,S2P,1,1077,
5668.75,,Spot,2,Image 1,S2P,1,1078,
26996.9,,Spot,2,Image 1,S2P,1,1079,
3951.9,,Spot,2,Image 1,S2P,1,1080,
3547.13,,Spot,2,Image 1,S2P,1,1081,
38766.1,,Spot,2,Image 1,S2P,1,1082,
7359.51,,Spot,2,Image 1,S2P,1,1083,
23171.2,,Spot,2,Image 1,S2P,1,1084,
1623.99,,Spot,2,Image 1,S2P,1,1085,
15040.2,,Spot,2,Image 1,S2P,1,1086,
3620.51,,Spot,2,Image 1,S2P,1,1087,
5948.08,,Spot,2,Image 1,S2P,1,1088,
5932.38,,Spot,2,Image 1,S2P,1,1089,
7674.19,,Spot,2,Image 1,S2P,1,1090,
15.0863,,Spot,2,Image 1,S2P,1,1091,
13.5274,,Spot,2,Image 1,S2P,1,1093,
21355.7,,Spot,2,Image 1,S2P,1,1094,
23486.5,,Spot,2,Image 1,S2P,1,1095,
8906.22,,Spot,2,Image 1,S2P,1,1096,
10600.1,,Spot,2,Image 1,S2P,1,1097,
14791.5,,Spot,2,Image 1,S2P,1,1098,
10453.1,,Spot,2,Image 1,S2P,1,1099,
10093.7,,Spot,2,Image 1,S2P,1,1100,
11374.9,,Spot,2,Image 1,S2P,1,1101,
46604.2,,Spot,2,Image 1,S2P,1,1102,
3069.35,,Spot,2,Image 1,S2P,1,1103,
5294.41,,Spot,2,Image 1,S2P,1,1104,
3751.36,,Spot,2,Image 1,S2P,1,1105,
2047.88,,Spot,2,Image 1,S2P,1,1106,
6668.91,,Spot,2,Image 1,S2P,1,1107,
3904.07,,Spot,2,Image 1,S2P,1,1108,
6699.51,,Spot,2,Image 1,S2P,1,1109,
1591.33,,Spot,2,Image 1,S2P,1,1110,
10686.4,,Spot,2,Image 1,S2P,1,1111,
17677,,Spot,2,Image 1,S2P,1,1112,
20182.9,,Spot,2,Image 1,S2P,1,1113,
4323.25,,Spot,2,Image 1,S2P,1,1114,
135.565,,Spot,2,Image 1,S2P,1,1115,
2492.27,,Spot,2,Image 1,S2P,1,1116,
8918.45,,Spot,2,Image 1,S2P,1,1117,
1233.84,,Spot,2,Image 1,S2P,1,1118,
8543.3,,Spot,2,Image 1,S2P,1,1120,
11015.5,,Spot,2,Image 1,S2P,1,1121,
15971.1,,Spot,2,Image 1,S2P,1,1122,
5453.8,,Spot,2,Image 1,S2P,1,1123,
13.5753,,Spot,2,Image 1,S2P,1,1124,
900.505,,Spot,2,Image 1,S2P,1,1125,
3770.67,,Spot,2,Image 1,S2P,1,1126,
8442.79,,Spot,2,Image 1,S2P,1,1127,
9645.29,,Spot,2,Image 1,S2P,1,1128,
3077.5,,Spot,2,Image 1,S2P,1,1129,
11332.4,,Spot,2,Image 1,S2P,1,1130,
9278.78,,Spot,2,Image 1,S2P,1,1131,
13.1606,,Spot,2,Image 1,S2P,1,1132,
3444.19,,Spot,2,Image 1,S2P,1,1133,
1055.21,,Spot,2,Image 1,S2P,1,1134,
8059.06,,Spot,2,Image 1,S2P,1,1135,
2925.89,,Spot,2,Image 1,S2P,1,1136,
4929.68,,Spot,2,Image 1,S2P,1,1137,
5830.65,,Spot,2,Image 1,S2P,1,1138,
8747.21,,Spot,2,Image 1,S2P,1,1139,
4074.41,,Spot,2,Image 1,S2P,1,1140,
8016.9,,Spot,2,Image 1,S2P,1,1141,
8452.31,,Spot,2,Image 1,S2P,1,1142,
6924.67,,Spot,2,Image 1,S2P,1,1143,
2410.91,,Spot,2,Image 1,S2P,1,1144,
6586.76,,Spot,2,Image 1,S2P,1,1145,
10134.7,,Spot,2,Image 1,S2P,1,1146,
8741.01,,Spot,2,Image 1,S2P,1,1147,
13383.9,,Spot,2,Image 1,S2P,1,1148,
24469.6,,Spot,2,Image 1,S2P,1,1149,
16970.7,,Spot,2,Image 1,S2P,1,1150,
21906.4,,Spot,2,Image 1,S2P,1,1151,
18203.5,,Spot,2,Image 1,S2P,1,1152,
3407.25,,Spot,2,Image 1,S2P,1,1153,
1423.88,,Spot,2,Image 1,S2P,1,1154,
1099.78,,Spot,2,Image 1,S2P,1,1155,
1935.94,,Spot,2,Image 1,S2P,1,1156,
17552.7,,Spot,2,Image 1,S2P,1,1157,
6515.76,,Spot,2,Image 1,S2P,1,1158,
8.84966,,Spot,2,Image 1,S2P,1,1159,
13296.9,,Spot,2,Image 1,S2P,1,1160,
3181.87,,Spot,2,Image 1,S2P,1,1161,
2868.72,,Spot,2,Image 1,S2P,1,1162,
7448.38,,Spot,2,Image 1,S2P,1,1163,
7572.75,,Spot,2,Image 1,S2P,1,1164,
4615.52,,Spot,2,Image 1,S2P,1,1165,
6203.42,,Spot,2,Image 1,S2P,1,1166,
9750.66,,Spot,2,Image 1,S2P,1,1167,
4508.8,,Spot,2,Image 1,S2P,1,1168,
13.1317,,Spot,2,Image 1,S2P,1,1169,
12057.7,,Spot,2,Image 1,S2P,1,1170,
2217.4,,Spot,2,Image 1,S2P,1,1171,
11.474,,Spot,2,Image 1,S2P,1,1172,
794.615,,Spot,2,Image 1,S2P,1,1173,
1633.21,,Spot,2,Image 1,S2P,1,1174,
1085.34,,Spot,2,Image 1,S2P,1,1175,
1583.68,,Spot,2,Image 1,S2P,1,1176,
11675.3,,Spot,2,Image 1,S2P,1,1177,
8764.36,,Spot,2,Image 1,S2P,1,1178,
6987.74,,Spot,2,Image 1,S2P,1,1179,
5552.77,,Spot,2,Image 1,S2P,1,1180,
5982.62,,Spot,2,Image 1,S2P,1,1181,
3041.86,,Spot,2,Image 1,S2P,1,1182,
2942.84,,Spot,2,Image 1,S2P,1,1183,
3.20142,,Spot,2,Image 1,S2P,1,1184,
1653.77,,Spot,2,Image 1,S2P,1,1185,
13892.9,,Spot,2,Image 1,S2P,1,1187,
1137.89,,Spot,2,Image 1,S2P,1,1188,
355.905,,Spot,2,Image 1,S2P,1,1191,
100.118,,Spot,2,Image 1,S2P,1,1192,
28999.4,,Spot,2,Image 1,S2P,1,1193,
6987.57,,Spot,2,Image 1,S2P,1,1194,
10363.2,,Spot,2,Image 1,S2P,1,1195,
5561.81,,Spot,2,Image 1,S2P,1,1196,
4253.95,,Spot,2,Image 1,S2P,1,1197,
8803.18,,Spot,2,Image 1,S2P,1,1198,
63040.6,,Spot,2,Image 1,S2P,1,1199,
840.869,,Spot,2,Image 1,S2P,1,1200,
7688.59,,Spot,2,Image 1,S2P,1,1201,
26706.7,,Spot,2,Image 1,S2P,1,1202,
33719.7,,Spot,2,Image 1,S2P,1,1203,
2066.21,,Spot,2,Image 1,S2P,1,1204,
6679.32,,Spot,2,Image 1,S2P,1,1205,
15.4966,,Spot,2,Image 1,S2P,1,1206,
2026.07,,Spot,2,Image 1,S2P,1,1207,
3678.35,,Spot,2,Image 1,S2P,1,1208,
12173,,Spot,2,Image 1,S2P,1,1209,
19090.7,,Spot,2,Image 1,S2P,1,1210,
2901.08,,Spot,2,Image 1,S2P,1,1211,
82.0879,,Spot,2,Image 1,S2P,1,1212,
887.025,,Spot,2,Image 1,S2P,1,1213,
74906.6,,Spot,2,Image 1,S2P,1,1214,
1910.21,,Spot,2,Image 1,S2P,1,1215,
1343.27,,Spot,2,Image 1,S2P,1,1216,
5133.61,,Spot,2,Image 1,S2P,1,1217,
12502.9,,Spot,2,Image 1,S2P,1,1218,
27210.1,,Spot,2,Image 1,S2P,1,1219,
209.816,,Spot,2,Image 1,S2P,1,1220,
384.287,,Spot,2,Image 1,S2P,1,1221,
2153.66,,Spot,2,Image 1,S2P,1,1222,
8320.17,,Spot,2,Image 1,S2P,1,1223,
19076.2,,Spot,2,Image 1,S2P,1,1224,
25525,,Spot,2,Image 1,S2P,1,1225,
3900.39,,Spot,2,Image 1,S2P,1,1226,
21821.7,,Spot,2,Image 1,S2P,1,1227,
10872.4,,Spot,2,Image 1,S2P,1,1228,
156.256,,Spot,2,Image 1,S2P,1,1229,
7535.48,,Spot,2,Image 1,S2P,1,1230,
1037.79,,Spot,2,Image 1,S2P,1,1231,
5624.06,,Spot,2,Image 1,S2P,1,1232,
16788.9,,Spot,2,Image 1,S2P,1,1233,
10967.3,,Spot,2,Image 1,S2P,1,1234,
14090.2,,Spot,2,Image 1,S2P,1,1235,
261.143,,Spot,2,Image 1,S2P,1,1236,
5801.72,,Spot,2,Image 1,S2P,1,1237,
3565.17,,Spot,2,Image 1,S2P,1,1238,
7881.82,,Spot,2,Image 1,S2P,1,1239,
8697.91,,Spot,2,Image 1,S2P,1,1240,
17674.8,,Spot,2,Image 1,S2P,1,1241,
723.133,,Spot,2,Image 1,S2P,1,1242,
1674.69,,Spot,2,Image 1,S2P,1,1243,
14122,,Spot,2,Image 1,S2P,1,1244,
17149.7,,Spot,2,Image 1,S2P,1,1245,
4317.14,,Spot,2,Image 1,S2P,1,1246,
19744.4,,Spot,2,Image 1,S2P,1,1247,
8813.07,,Spot,2,Image 1,S2P,1,1248,
3237.75,,Spot,2,Image 1,S2P,1,1249,
5820.84,,Spot,2,Image 1,S2P,1,1250,
46275.2,,Spot,2,Image 1,S2P,1,1251,
6911.14,,Spot,2,Image 1,S2P,1,1252,
1586.64,,Spot,2,Image 1,S2P,1,1253,
10921.9,,Spot,2,Image 1,S2P,1,1254,
9264.58,,Spot,2,Image 1,S2P,1,1255,
1929.72,,Spot,2,Image 1,S2P,1,1256,
1150.44,,Spot,2,Image 1,S2P,1,1257,
17905.8,,Spot,2,Image 1,S2P,1,1258,
3176.89,,Spot,2,Image 1,S2P,1,1259,
8501.91,,Spot,2,Image 1,S2P,1,1260,
1207.96,,Spot,2,Image 1,S2P,1,1261,
14796.2,,Spot,2,Image 1,S2P,1,1262,
1315.11,,Spot,2,Image 1,S2P,1,1263,
2597.31,,Spot,2,Image 1,S2P,1,1264,
22.293,,Spot,2,Image 1,S2P,1,1265,
2291.88,,Spot,2,Image 1,S2P,1,1266,
44162.3,,Spot,2,Image 1,S2P,1,1267,
24481.1,,Spot,2,Image 1,S2P,1,1268,
10912.7,,Spot,2,Image 1,S2P,1,1269,
26157.6,,Spot,2,Image 1,S2P,1,1270,
5653.56,,Spot,2,Image 1,S2P,1,1271,
1391.57,,Spot,2,Image 1,S2P,1,1272,
7728.38,,Spot,2,Image 1,S2P,1,1273,
2751.92,,Spot,2,Image 1,S2P,1,1274,
9515.25,,Spot,2,Image 1,S2P,1,1275,
6919.76,,Spot,2,Image 1,S2P,1,1276,
14157.7,,Spot,2,Image 1,S2P,1,1277,
10640,,Spot,2,Image 1,S2P,1,1278,
7731.44,,Spot,2,Image 1,S2P,1,1279,
18529.3,,Spot,2,Image 1,S2P,1,1280,
16.2383,,Spot,2,Image 1,S2P,1,1281,
1700.78,,Spot,2,Image 1,S2P,1,1282,
7882.06,,Spot,2,Image 1,S2P,1,1283,
6054.08,,Spot,2,Image 1,S2P,1,1284,
6119.47,,Spot,2,Image 1,S2P,1,1285,
18.0941,,Spot,2,Image 1,S2P,1,1286,
9262.88,,Spot,2,Image 1,S2P,1,1287,
17567.4,,Spot,2,Image 1,S2P,1,1288,
1870.04,,Spot,2,Image 1,S2P,1,1289,
14851.4,,Spot,2,Image 1,S2P,1,1290,
6036.03,,Spot,2,Image 1,S2P,1,1291,
23806.4,,Spot,2,Image 1,S2P,1,1292,
18712,,Spot,2,Image 1,S2P,1,1293,
13168.1,,Spot,2,Image 1,S2P,1,1294,
20.6435,,Spot,2,Image 1,S2P,1,1295,
7879.13,,Spot,2,Image 1,S2P,1,1296,
2137.37,,Spot,2,Image 1,S2P,1,1297,
4044.99,,Spot,2,Image 1,S2P,1,1298,
20790.1,,Spot,2,Image 1,S2P,1,1299,
5086.62,,Spot,2,Image 1,S2P,1,1300,
36852.5,,Spot,2,Image 1,S2P,1,1301,
13163.4,,Spot,2,Image 1,S2P,1,1302,
13350.2,,Spot,2,Image 1,S2P,1,1303,
226.904,,Spot,2,Image 1,S2P,1,1304,
1847.45,,Spot,2,Image 1,S2P,1,1305,
3405.85,,Spot,2,Image 1,S2P,1,1306,
1954.62,,Spot,2,Image 1,S2P,1,1307,
16.7561,,Spot,2,Image 1,S2P,1,1308,
9946.61,,Spot,2,Image 1,S2P,1,1309,
29.4509,,Spot,2,Image 1,S2P,1,1310,
2101.19,,Spot,2,Image 1,S2P,1,1311,
14333.2,,Spot,2,Image 1,S2P,1,1312,
4861.84,,Spot,2,Image 1,S2P,1,1313,
8613.87,,Spot,2,Image 1,S2P,1,1314,
18098.4,,Spot,2,Image 1,S2P,1,1315,
4968.06,,Spot,2,Image 1,S2P,1,1316,
3584.96,,Spot,2,Image 1,S2P,1,1317,
8607.37,,Spot,2,Image 1,S2P,1,1318,
3888.45,,Spot,2,Image 1,S2P,1,1319,
4395.44,,Spot,2,Image 1,S2P,1,1320,
4301.79,,Spot,2,Image 1,S2P,1,1321,
13.2438,,Spot,2,Image 1,S2P,1,1322,
3304.87,,Spot,2,Image 1,S2P,1,1323,
20142.3,,Spot,2,Image 1,S2P,1,1324,
24483.7,,Spot,2,Image 1,S2P,1,1325,
19602.6,,Spot,2,Image 1,S2P,1,1326,
9036.69,,Spot,2,Image 1,S2P,1,1327,
970.378,,Spot,2,Image 1,S2P,1,1328,
6374.96,,Spot,2,Image 1,S2P,1,1329,
6176.2,,Spot,2,Image 1,S2P,1,1330,
2209.85,,Spot,2,Image 1,S2P,1,1331,
26505.2,,Spot,2,Image 1,S2P,1,1332,
1604.98,,Spot,2,Image 1,S2P,1,1333,
14219.5,,Spot,2,Image 1,S2P,1,1334,
14681.4,,Spot,2,Image 1,S2P,1,1335,
12569.4,,Spot,2,Image 1,S2P,1,1336,
1918.5,,Spot,2,Image 1,S2P,1,1337,
10100.2,,Spot,2,Image 1,S2P,1,1338,
1559.68,,Spot,2,Image 1,S2P,1,1339,
13906.6,,Spot,2,Image 1,S2P,1,1340,
16357.6,,Spot,2,Image 1,S2P,1,1341,
3828.23,,Spot,2,Image 1,S2P,1,1342,
4515.28,,Spot,2,Image 1,S2P,1,1343,
2528.96,,Spot,2,Image 1,S2P,1,1344,
11516.4,,Spot,2,Image 1,S2P,1,1345,
8368.4,,Spot,2,Image 1,S2P,1,1346,
11.5311,,Spot,2,Image 1,S2P,1,1347,
3317.27,,Spot,2,Image 1,S2P,1,1348,
1806.3,,Spot,2,Image 1,S2P,1,1349,
1287.89,,Spot,2,Image 1,S2P,1,1350,
8838.56,,Spot,2,Image 1,S2P,1,1351,
7413.83,,Spot,2,Image 1,S2P,1,1352,
17897,,Spot,2,Image 1,S2P,1,1353,
7071.82,,Spot,2,Image 1,S2P,1,1354,
12076.8,,Spot,2,Image 1,S2P,1,1355,
9902.06,,Spot,2,Image 1,S2P,1,1356,
3218.13,,Spot,2,Image 1,S2P,1,1357,
6870.66,,Spot,2,Image 1,S2P,1,1358,
5703.19,,Spot,2,Image 1,S2P,1,1359,
9697.96,,Spot,2,Image 1,S2P,1,1360,
17041.7,,Spot,2,Image 1,S2P,1,1361,
10272,,Spot,2,Image 1,S2P,1,1362,
6392.74,,Spot,2,Image 1,S2P,1,1363,
2016.41,,Spot,2,Image 1,S2P,1,1364,
2937.73,,Spot,2,Image 1,S2P,1,1365,
7125.95,,Spot,2,Image 1,S2P,1,1366,
5196.29,,Spot,2,Image 1,S2P,1,1367,
3572.07,,Spot,2,Image 1,S2P,1,1368,
4252.2,,Spot,2,Image 1,S2P,1,1369,
2964.73,,Spot,2,Image 1,S2P,1,1370,
2230.07,,Spot,2,Image 1,S2P,1,1371,
10497.8,,Spot,2,Image 1,S2P,1,1372,
10627.7,,Spot,2,Image 1,S2P,1,1373,
6459.66,,Spot,2,Image 1,S2P,1,1374,
5980.61,,Spot,2,Image 1,S2P,1,1375,
858.307,,Spot,2,Image 1,S2P,1,1376,
5289.49,,Spot,2,Image 1,S2P,1,1377,
9513.01,,Spot,2,Image 1,S2P,1,1378,
13909,,Spot,2,Image 1,S2P,1,1379,
6295,,Spot,2,Image 1,S2P,1,1380,
674.873,,Spot,2,Image 1,S2P,1,1381,
15440,,Spot,2,Image 1,S2P,1,1382,
3759.13,,Spot,2,Image 1,S2P,1,1383,
9406.05,,Spot,2,Image 1,S2P,1,1384,
5247.72,,Spot,2,Image 1,S2P,1,1385,
20318.7,,Spot,2,Image 1,S2P,1,1386,
13.3932,,Spot,2,Image 1,S2P,1,1387,
4732.46,,Spot,2,Image 1,S2P,1,1388,
8127.68,,Spot,2,Image 1,S2P,1,1389,
1584.89,,Spot,2,Image 1,S2P,1,1390,
13528.6,,Spot,2,Image 1,S2P,1,1391,
10426.6,,Spot,2,Image 1,S2P,1,1392,
8582.64,,Spot,2,Image 1,S2P,1,1393,
759.946,,Spot,2,Image 1,S2P,1,1394,
5713.78,,Spot,2,Image 1,S2P,1,1395,
10556.6,,Spot,2,Image 1,S2P,1,1396,
3262.05,,Spot,2,Image 1,S2P,1,1397,
9976.02,,Spot,2,Image 1,S2P,1,1398,
8850.51,,Spot,2,Image 1,S2P,1,1399,
5935.36,,Spot,2,Image 1,S2P,1,1400,
5723.16,,Spot,2,Image 1,S2P,1,1401,
4742.69,,Spot,2,Image 1,S2P,1,1402,
7815.51,,Spot,2,Image 1,S2P,1,1403,
4452.32,,Spot,2,Image 1,S2P,1,1404,
610.888,,Spot,2,Image 1,S2P,1,1405,
6005.86,,Spot,2,Image 1,S2P,1,1407,
7338.28,,Spot,2,Image 1,S2P,1,1408,
5267.05,,Spot,2,Image 1,S2P,1,1409,
5240.71,,Spot,2,Image 1,S2P,1,1410,
11712.7,,Spot,2,Image 1,S2P,1,1411,
9771.66,,Spot,2,Image 1,S2P,1,1412,
15317.5,,Spot,2,Image 1,S2P,1,1413,
5683.87,,Spot,2,Image 1,S2P,1,1414,
12617.6,,Spot,2,Image 1,S2P,1,1415,
4040.89,,Spot,2,Image 1,S2P,1,1416,
3665.05,,Spot,2,Image 1,S2P,1,1417,
3805.14,,Spot,2,Image 1,S2P,1,1418,
5026.46,,Spot,2,Image 1,S2P,1,1419,
3705.24,,Spot,2,Image 1,S2P,1,1420,
5331.09,,Spot,2,Image 1,S2P,1,1421,
20227.4,,Spot,2,Image 1,S2P,1,1422,
14533,,Spot,2,Image 1,S2P,1,1423,
7521.63,,Spot,2,Image 1,S2P,1,1424,
7139.98,,Spot,2,Image 1,S2P,1,1425,
5608.59,,Spot,2,Image 1,S2P,1,1426,
714.737,,Spot,2,Image 1,S2P,1,1427,
3428.66,,Spot,2,Image 1,S2P,1,1428,
16604.7,,Spot,2,Image 1,S2P,1,1429,
4426.93,,Spot,2,Image 1,S2P,1,1430,
4022.42,,Spot,2,Image 1,S2P,1,1431,
1940.6,,Spot,2,Image 1,S2P,1,1432,
5060.9,,Spot,2,Image 1,S2P,1,1433,
3686.31,,Spot,2,Image 1,S2P,1,1434,
6326.94,,Spot,2,Image 1,S2P,1,1435,
1360.36,,Spot,2,Image 1,S2P,1,1436,
3777.31,,Spot,2,Image 1,S2P,1,1437,
506.67,,Spot,2,Image 1,S2P,1,1438,
6007.6,,Spot,2,Image 1,S2P,1,1439,
26964.2,,Spot,2,Image 1,S2P,1,1440,
7724.94,,Spot,2,Image 1,S2P,1,1442,
18990.8,,Spot,2,Image 1,S2P,1,1443,
4258.36,,Spot,2,Image 1,S2P,1,1444,
4306.31,,Spot,2,Image 1,S2P,1,1445,
8512.47,,Spot,2,Image 1,S2P,1,1446,
1904.07,,Spot,2,Image 1,S2P,1,1447,
4308.41,,Spot,2,Image 1,S2P,1,1448,
10974.7,,Spot,2,Image 1,S2P,1,1449,
4073.03,,Spot,2,Image 1,S2P,1,1450,
1689.99,,Spot,2,Image 1,S2P,1,1451,
3036.83,,Spot,2,Image 1,S2P,1,1452,
625.526,,Spot,2,Image 1,S2P,1,1453,
11986.6,,Spot,2,Image 1,S2P,1,1454,
1239.83,,Spot,2,Image 1,S2P,1,1455,
2815.68,,Spot,2,Image 1,S2P,1,1456,
9574.79,,Spot,2,Image 1,S2P,1,1457,
1199.06,,Spot,2,Image 1,S2P,1,1458,
20995.2,,Spot,2,Image 1,S2P,1,1459,
2237.36,,Spot,2,Image 1,S2P,1,1460,
2404.1,,Spot,2,Image 1,S2P,1,1461,
9302.44,,Spot,2,Image 1,S2P,1,1462,
9989.93,,Spot,2,Image 1,S2P,1,1463,
2293.61,,Spot,2,Image 1,S2P,1,1464,
11.2098,,Spot,2,Image 1,S2P,1,1465,
587.737,,Spot,2,Image 1,S2P,1,1466,
18513.6,,Spot,2,Image 1,S2P,1,1467,
1260.96,,Spot,2,Image 1,S2P,1,1468,
10259.5,,Spot,2,Image 1,S2P,1,1470,
4684.21,,Spot,2,Image 1,S2P,1,1471,
20011.5,,Spot,2,Image 1,S2P,1,1472,
4873.03,,Spot,2,Image 1,S2P,1,1473,
1530.01,,Spot,2,Image 1,S2P,1,1474,
10169.4,,Spot,2,Image 1,S2P,1,1475,
28.1849,,Spot,2,Image 1,S2P,1,1476,
10677.8,,Spot,2,Image 1,S2P,1,1477,
5466.4,,Spot,2,Image 1,S2P,1,1478,
3790.24,,Spot,2,Image 1,S2P,1,1479,
12965.7,,Spot,2,Image 1,S2P,1,1480,
20002.5,,Spot,2,Image 1,S2P,1,1481,
5518.73,,Spot,2,Image 1,S2P,1,1482,
23976.2,,Spot,2,Image 1,S2P,1,1483,
887.873,,Spot,2,Image 1,S2P,1,1484,
4734.38,,Spot,2,Image 1,S2P,1,1485,
2447.91,,Spot,2,Image 1,S2P,1,1486,
51119.9,,Spot,2,Image 1,S2P,1,1487,
6496.95,,Spot,2,Image 1,S2P,1,1488,
611.228,,Spot,2,Image 1,S2P,1,1489,
30731.4,,Spot,2,Image 1,S2P,1,1490,
3112.29,,Spot,2,Image 1,S2P,1,1491,
4380.67,,Spot,2,Image 1,S2P,1,1492,
11208.6,,Spot,2,Image 1,S2P,1,1493,
12942.9,,Spot,2,Image 1,S2P,1,1494,
9286.33,,Spot,2,Image 1,S2P,1,1495,
2447.31,,Spot,2,Image 1,S2P,1,1496,
6997.56,,Spot,2,Image 1,S2P,1,1497,
12077.4,,Spot,2,Image 1,S2P,1,1498,
3906.87,,Spot,2,Image 1,S2P,1,1499,
5718.41,,Spot,2,Image 1,S2P,1,1500,
815.577,,Spot,2,Image 1,S2P,1,1501,
380.24,,Spot,2,Image 1,S2P,1,1502,
7002.85,,Spot,2,Image 1,S2P,1,1503,
1683.84,,Spot,2,Image 1,S2P,1,1504,
30833.8,,Spot,2,Image 1,S2P,1,1505,
3641.2,,Spot,2,Image 1,S2P,1,1506,
18701.1,,Spot,2,Image 1,S2P,1,1507,
5016.23,,Spot,2,Image 1,S2P,1,1508,
14235.2,,Spot,2,Image 1,S2P,1,1509,
3362.64,,Spot,2,Image 1,S2P,1,1510,
2399.04,,Spot,2,Image 1,S2P,1,1511,
15.8957,,Spot,2,Image 1,S2P,1,1512,
15655.5,,Spot,2,Image 1,S2P,1,1513,
5840.99,,Spot,2,Image 1,S2P,1,1514,
911.172,,Spot,2,Image 1,S2P,1,1515,
6205.48,,Spot,2,Image 1,S2P,1,1516,
461.123,,Spot,2,Image 1,S2P,1,1517,
1490.37,,Spot,2,Image 1,S2P,1,1518,
8676.02,,Spot,2,Image 1,S2P,1,1519,
20029.1,,Spot,2,Image 1,S2P,1,1520,
11.1629,,Spot,2,Image 1,S2P,1,1521,
4391.72,,Spot,2,Image 1,S2P,1,1522,
3751.55,,Spot,2,Image 1,S2P,1,1523,
31002.1,,Spot,2,Image 1,S2P,1,1525,
2254.76,,Spot,2,Image 1,S2P,1,1526,
6780.33,,Spot,2,Image 1,S2P,1,1527,
5596.57,,Spot,2,Image 1,S2P,1,1528,
8585.83,,Spot,2,Image 1,S2P,1,1529,
2302.42,,Spot,2,Image 1,S2P,1,1530,
5801.13,,Spot,2,Image 1,S2P,1,1531,
2734.18,,Spot,2,Image 1,S2P,1,1532,
24545.6,,Spot,2,Image 1,S2P,1,1533,
4891.58,,Spot,2,Image 1,S2P,1,1535,
5148.71,,Spot,2,Image 1,S2P,1,1536,
7.0535,,Spot,2,Image 1,S2P,1,1537,
53064.7,,Spot,2,Image 1,S2P,1,1538,
3132.03,,Spot,2,Image 1,S2P,1,1539,
4804.24,,Spot,2,Image 1,S2P,1,1540,
3813.34,,Spot,2,Image 1,S2P,1,1541,
1734.44,,Spot,2,Image 1,S2P,1,1542,
4953.29,,Spot,2,Image 1,S2P,1,1543,
15329,,Spot,2,Image 1,S2P,1,1544,
13526.4,,Spot,2,Image 1,S2P,1,1545,
994.952,,Spot,2,Image 1,S2P,1,1546,
1384.33,,Spot,2,Image 1,S2P,1,1547,
4602.91,,Spot,2,Image 1,S2P,1,1548,
7839.6,,Spot,2,Image 1,S2P,1,1549,
1957.87,,Spot,2,Image 1,S2P,1,1550,
460.855,,Spot,2,Image 1,S2P,1,1551,
1421.94,,Spot,2,Image 1,S2P,1,1552,
2099.15,,Spot,2,Image 1,S2P,1,1553,
2740.38,,Spot,2,Image 1,S2P,1,1554,
3194.88,,Spot,2,Image 1,S2P,1,1555,
7565.69,,Spot,2,Image 1,S2P,1,1556,
4271.67,,Spot,2,Image 1,S2P,1,1557,
1761.46,,Spot,2,Image 1,S2P,1,1558,
2972.58,,Spot,2,Image 1,S2P,1,1559,
3324.62,,Spot,2,Image 1,S2P,1,1560,
6.30502,,Spot,2,Image 1,S2P,1,1561,
1917.64,,Spot,2,Image 1,S2P,1,1562,
14580.2,,Spot,2,Image 1,S2P,1,1563,
7867.65,,Spot,2,Image 1,S2P,1,1564,
3875.92,,Spot,2,Image 1,S2P,1,1565,
16126.7,,Spot,2,Image 1,S2P,1,1566,
5.05071,,Spot,2,Image 1,S2P,1,1567,
10754.2,,Spot,2,Image 1,S2P,1,1568,
8301.37,,Spot,2,Image 1,S2P,1,1569,
9254.38,,Spot,2,Image 1,S2P,1,1570,
6108.75,,Spot,2,Image 1,S2P,1,1571,
4114.65,,Spot,2,Image 1,S2P,1,1572,
6070.08,,Spot,2,Image 1,S2P,1,1573,
17960.1,,Spot,2,Image 1,S2P,1,1574,
4194.24,,Spot,2,Image 1,S2P,1,1575,
13390.1,,Spot,2,Image 1,S2P,1,1576,
3975.47,,Spot,2,Image 1,S2P,1,1577,
2052.54,,Spot,2,Image 1,S2P,1,1578,
17112.1,,Spot,2,Image 1,S2P,1,1579,
1093.95,,Spot,2,Image 1,S2P,1,1580,
1234.68,,Spot,2,Image 1,S2P,1,1581,
2608.17,,Spot,2,Image 1,S2P,1,1582,
1416.04,,Spot,2,Image 1,S2P,1,1583,
11325.6,,Spot,2,Image 1,S2P,1,1584,
3768.88,,Spot,2,Image 1,S2P,1,1585,
4477.21,,Spot,2,Image 1,S2P,1,1587,
3250.56,,Spot,2,Image 1,S2P,1,1588,
11780,,Spot,2,Image 1,S2P,1,1589,
17302.2,,Spot,2,Image 1,S2P,1,1590,
13.9679,,Spot,2,Image 1,S2P,1,1591,
11348.9,,Spot,2,Image 1,S2P,1,1592,
3898.86,,Spot,2,Image 1,S2P,1,1593,
4487.9,,Spot,2,Image 1,S2P,1,1594,
15539.6,,Spot,2,Image 1,S2P,1,1595,
1181.64,,Spot,2,Image 1,S2P,1,1596,
2286.97,,Spot,2,Image 1,S2P,1,1597,
20636,,Spot,2,Image 1,S2P,1,1598,
18722,,Spot,2,Image 1,S2P,1,1599,
11.8392,,Spot,2,Image 1,S2P,1,1600,
17.1767,,Spot,2,Image 1,S2P,1,1601,
8720.69,,Spot,2,Image 1,S2P,1,1602,
12307.6,,Spot,2,Image 1,S2P,1,1603,
12281.5,,Spot,2,Image 1,S2P,1,1604,
230.984,,Spot,2,Image 1,S2P,1,1605,
23289.9,,Spot,2,Image 1,S2P,1,1606,
12803.1,,Spot,2,Image 1,S2P,1,1607,
2020.74,,Spot,2,Image 1,S2P,1,1608,
14717.8,,Spot,2,Image 1,S2P,1,1609,
13947.4,,Spot,2,Image 1,S2P,1,1610,
9667.99,,Spot,2,Image 1,S2P,1,1611,
4117.52,,Spot,2,Image 1,S2P,1,1612,
1913.4,,Spot,2,Image 1,S2P,1,1613,
23663,,Spot,2,Image 1,S2P,1,1614,
2761.24,,Spot,2,Image 1,S2P,1,1615,
4168.83,,Spot,2,Image 1,S2P,1,1616,
3594.04,,Spot,2,Image 1,S2P,1,1617,
5258.9,,Spot,2,Image 1,S2P,1,1618,
681.217,,Spot,2,Image 1,S2P,1,1619,
5971.63,,Spot,2,Image 1,S2P,1,1620,
1941.62,,Spot,2,Image 1,S2P,1,1621,
7376.97,,Spot,2,Image 1,S2P,1,1622,
12158.5,,Spot,2,Image 1,S2P,1,1623,
5287.07,,Spot,2,Image 1,S2P,1,1624,
3486.09,,Spot,2,Image 1,S2P,1,1625,
5412.77,,Spot,2,Image 1,S2P,1,1626,
9.67719,,Spot,2,Image 1,S2P,1,1627,
7156.8,,Spot,2,Image 1,S2P,1,1628,
2743.15,,Spot,2,Image 1,S2P,1,1629,
3328.76,,Spot,2,Image 1,S2P,1,1630,
2186.61,,Spot,2,Image 1,S2P,1,1631,
3327.14,,Spot,2,Image 1,S2P,1,1632,
19.5885,,Spot,2,Image 1,S2P,1,1633,
5156.68,,Spot,2,Image 1,S2P,1,1634,
7955.21,,Spot,2,Image 1,S2P,1,1635,
4407.22,,Spot,2,Image 1,S2P,1,1636,
10797.7,,Spot,2,Image 1,S2P,1,1637,
5980.8,,Spot,2,Image 1,S2P,1,1638,
7568.1,,Spot,2,Image 1,S2P,1,1639,
7141.26,,Spot,2,Image 1,S2P,1,1640,
2468.38,,Spot,2,Image 1,S2P,1,1641,
5198.08,,Spot,2,Image 1,S2P,1,1642,
1266.96,,Spot,2,Image 1,S2P,1,1643,
17906,,Spot,2,Image 1,S2P,1,1644,
3360.65,,Spot,2,Image 1,S2P,1,1645,
7971.29,,Spot,2,Image 1,S2P,1,1646,
4451.24,,Spot,2,Image 1,S2P,1,1647,
24816,,Spot,2,Image 1,S2P,1,1648,
893.964,,Spot,2,Image 1,S2P,1,1649,
2749.45,,Spot,2,Image 1,S2P,1,1650,
14699,,Spot,2,Image 1,S2P,1,1651,
1501.14,,Spot,2,Image 1,S2P,1,1652,
1722.21,,Spot,2,Image 1,S2P,1,1653,
4175.53,,Spot,2,Image 1,S2P,1,1654,
9800.27,,Spot,2,Image 1,S2P,1,1655,
33.6901,,Spot,2,Image 1,S2P,1,1656,
33.4647,,Spot,2,Image 1,S2P,1,1657,
23411.6,,Spot,2,Image 1,S2P,1,1658,
5471.65,,Spot,2,Image 1,S2P,1,1659,
26398.9,,Spot,2,Image 1,S2P,1,1660,
1741.78,,Spot,2,Image 1,S2P,1,1661,
2778.81,,Spot,2,Image 1,S2P,1,1662,
9602.98,,Spot,2,Image 1,S2P,1,1663,
3143.68,,Spot,2,Image 1,S2P,1,1664,
9759.78,,Spot,2,Image 1,S2P,1,1665,
10812.8,,Spot,2,Image 1,S2P,1,1666,
1895.99,,Spot,2,Image 1,S2P,1,1667,
12943.8,,Spot,2,Image 1,S2P,1,1668,
23003.6,,Spot,2,Image 1,S2P,1,1669,
7451.34,,Spot,2,Image 1,S2P,1,1670,
1864.66,,Spot,2,Image 1,S2P,1,1671,
1106.6,,Spot,2,Image 1,S2P,1,1672,
2951.17,,Spot,2,Image 1,S2P,1,1673,
3054.76,,Spot,2,Image 1,S2P,1,1674,
30229.3,,Spot,2,Image 1,S2P,1,1675,
2582.49,,Spot,2,Image 1,S2P,1,1676,
14469.2,,Spot,2,Image 1,S2P,1,1677,
268.556,,Spot,2,Image 1,S2P,1,1678,
3996.82,,Spot,2,Image 1,S2P,1,1679,
4153.94,,Spot,2,Image 1,S2P,1,1680,
4306.32,,Spot,2,Image 1,S2P,1,1681,
2109.81,,Spot,2,Image 1,S2P,1,1682,
1548.52,,Spot,2,Image 1,S2P,1,1683,
4375.52,,Spot,2,Image 1,S2P,1,1684,
6851.51,,Spot,2,Image 1,S2P,1,1685,
9298.74,,Spot,2,Image 1,S2P,1,1686,
10029.2,,Spot,2,Image 1,S2P,1,1687,
2800.75,,Spot,2,Image 1,S2P,1,1688,
4719.78,,Spot,2,Image 1,S2P,1,1689,
2674.97,,Spot,2,Image 1,S2P,1,1690,
3298.65,,Spot,2,Image 1,S2P,1,1691,
2484.08,,Spot,2,Image 1,S2P,1,1692,
1519.92,,Spot,2,Image 1,S2P,1,1693,
3488.02,,Spot,2,Image 1,S2P,1,1694,
39247.4,,Spot,2,Image 1,S2P,1,1695,
5933.81,,Spot,2,Image 1,S2P,1,1696,
3643.07,,Spot,2,Image 1,S2P,1,1697,
10976.4,,Spot,2,Image 1,S2P,1,1698,
1526.12,,Spot,2,Image 1,S2P,1,1699,
5433.21,,Spot,2,Image 1,S2P,1,1700,
5239.67,,Spot,2,Image 1,S2P,1,1701,
10088.7,,Spot,2,Image 1,S2P,1,1702,
1777.8,,Spot,2,Image 1,S2P,1,1703,
4560.96,,Spot,2,Image 1,S2P,1,1704,
14878.7,,Spot,2,Image 1,S2P,1,1705,
8284.25,,Spot,2,Image 1,S2P,1,1706,
10195.5,,Spot,2,Image 1,S2P,1,1707,
8256.91,,Spot,2,Image 1,S2P,1,1708,
15166.9,,Spot,2,Image 1,S2P,1,1709,
3412.88,,Spot,2,Image 1,S2P,1,1710,
18138,,Spot,2,Image 1,S2P,1,1711,
1497.6,,Spot,2,Image 1,S2P,1,1712,
3960.98,,Spot,2,Image 1,S2P,1,1713,
8142.52,,Spot,2,Image 1,S2P,1,1714,
9355.52,,Spot,2,Image 1,S2P,1,1715,
3942.95,,Spot,2,Image 1,S2P,1,1716,
13379.1,,Spot,2,Image 1,S2P,1,1717,
784.894,,Spot,2,Image 1,S2P,1,1718,
8934.22,,Spot,2,Image 1,S2P,1,1719,
1129.6,,Spot,2,Image 1,S2P,1,1720,
5064.41,,Spot,2,Image 1,S2P,1,1721,
3555.43,,Spot,2,Image 1,S2P,1,1722,
19961.2,,Spot,2,Image 1,S2P,1,1723,
588.921,,Spot,2,Image 1,S2P,1,1724,
6291.72,,Spot,2,Image 1,S2P,1,1725,
10816.8,,Spot,2,Image 1,S2P,1,1726,
2674.99,,Spot,2,Image 1,S2P,1,1727,
6778.89,,Spot,2,Image 1,S2P,1,1728,
7750.79,,Spot,2,Image 1,S2P,1,1729,
17013.8,,Spot,2,Image 1,S2P,1,1730,
7420.25,,Spot,2,Image 1,S2P,1,1731,
3166.01,,Spot,2,Image 1,S2P,1,1732,
10.0168,,Spot,2,Image 1,S2P,1,1733,
6517.5,,Spot,2,Image 1,S2P,1,1734,
5495.77,,Spot,2,Image 1,S2P,1,1735,
31926.6,,Spot,2,Image 1,S2P,1,1736,
18417.9,,Spot,2,Image 1,S2P,1,1737,
9478.03,,Spot,2,Image 1,S2P,1,1738,
7.64432,,Spot,2,Image 1,S2P,1,1739,
487.268,,Spot,2,Image 1,S2P,1,1740,
7172.81,,Spot,2,Image 1,S2P,1,1741,
8846.82,,Spot,2,Image 1,S2P,1,1742,
1655.19,,Spot,2,Image 1,S2P,1,1743,
6608.81,,Spot,2,Image 1,S2P,1,1744,
22552.9,,Spot,2,Image 1,S2P,1,1745,
5322.32,,Spot,2,Image 1,S2P,1,1746,
3756.14,,Spot,2,Image 1,S2P,1,1747,
3274.07,,Spot,2,Image 1,S2P,1,1748,
5447.59,,Spot,2,Image 1,S2P,1,1749,
11035.4,,Spot,2,Image 1,S2P,1,1750,
5879.79,,Spot,2,Image 1,S2P,1,1751,
6573.17,,Spot,2,Image 1,S2P,1,1752,
11000.9,,Spot,2,Image 1,S2P,1,1753,
3033.88,,Spot,2,Image 1,S2P,1,1754,
2318.75,,Spot,2,Image 1,S2P,1,1755,
14457.7,,Spot,2,Image 1,S2P,1,1756,
11461.8,,Spot,2,Image 1,S2P,1,1757,
12822.7,,Spot,2,Image 1,S2P,1,1758,
3430.33,,Spot,2,Image 1,S2P,1,1759,
3417.11,,Spot,2,Image 1,S2P,1,1760,
5658.1,,Spot,2,Image 1,S2P,1,1761,
6304.56,,Spot,2,Image 1,S2P,1,1762,
1401.13,,Spot,2,Image 1,S2P,1,1763,
5902.57,,Spot,2,Image 1,S2P,1,1764,
3991.41,,Spot,2,Image 1,S2P,1,1765,
3426.36,,Spot,2,Image 1,S2P,1,1766,
18773.7,,Spot,2,Image 1,S2P,1,1767,
5817.3,,Spot,2,Image 1,S2P,1,1768,
9155.5,,Spot,2,Image 1,S2P,1,1769,
2659.24,,Spot,2,Image 1,S2P,1,1770,
2144.49,,Spot,2,Image 1,S2P,1,1771,
8159.71,,Spot,2,Image 1,S2P,1,1772,
29067.1,,Spot,2,Image 1,S2P,1,1773,
4808.9,,Spot,2,Image 1,S2P,1,1774,
5716.93,,Spot,2,Image 1,S2P,1,1775,
8320.4,,Spot,2,Image 1,S2P,1,1776,
3080.22,,Spot,2,Image 1,S2P,1,1777,
9105.81,,Spot,2,Image 1,S2P,1,1778,
4659.87,,Spot,2,Image 1,S2P,1,1779,
6231.65,,Spot,2,Image 1,S2P,1,1780,
3695.18,,Spot,2,Image 1,S2P,1,1781,
19.3149,,Spot,2,Image 1,S2P,1,1782,
4249.68,,Spot,2,Image 1,S2P,1,1783,
5322.84,,Spot,2,Image 1,S2P,1,1784,
6857.66,,Spot,2,Image 1,S2P,1,1785,
4070.09,,Spot,2,Image 1,S2P,1,1786,
9032.55,,Spot,2,Image 1,S2P,1,1787,
5810.71,,Spot,2,Image 1,S2P,1,1788,
3587.36,,Spot,2,Image 1,S2P,1,1789,
7152.48,,Spot,2,Image 1,S2P,1,1790,
6422.29,,Spot,2,Image 1,S2P,1,1791,
1414.36,,Spot,2,Image 1,S2P,1,1792,
18932.6,,Spot,2,Image 1,S2P,1,1793,
10.3558,,Spot,2,Image 1,S2P,1,1794,
73.0891,,Spot,2,Image 1,S2P,1,1795,
10274.7,,Spot,2,Image 1,S2P,1,1796,
5016.64,,Spot,2,Image 1,S2P,1,1797,
4826.31,,Spot,2,Image 1,S2P,1,1798,
3069.82,,Spot,2,Image 1,S2P,1,1800,
7195.08,,Spot,2,Image 1,S2P,1,1801,
3995.73,,Spot,2,Image 1,S2P,1,1802,
16254.6,,Spot,2,Image 1,S2P,1,1803,
13769.4,,Spot,2,Image 1,S2P,1,1804,
1748.31,,Spot,2,Image 1,S2P,1,1805,
3986.96,,Spot,2,Image 1,S2P,1,1806,
11466.2,,Spot,2,Image 1,S2P,1,1807,
4980.84,,Spot,2,Image 1,S2P,1,1808,
6.73067,,Spot,2,Image 1,S2P,1,1809,
5867.95,,Spot,2,Image 1,S2P,1,1810,
10763.1,,Spot,2,Image 1,S2P,1,1811,
1921.9,,Spot,2,Image 1,S2P,1,1812,
2586.06,,Spot,2,Image 1,S2P,1,1813,
4284.59,,Spot,2,Image 1,S2P,1,1814,
4194.93,,Spot,2,Image 1,S2P,1,1815,
5799.75,,Spot,2,Image 1,S2P,1,1816,
7494.7,,Spot,2,Image 1,S2P,1,1817,
18321.8,,Spot,2,Image 1,S2P,1,1818,
2805.91,,Spot,2,Image 1,S2P,1,1819,
10424.9,,Spot,2,Image 1,S2P,1,1820,
4408.47,,Spot,2,Image 1,S2P,1,1821,
1482.59,,Spot,2,Image 1,S2P,1,1822,
13587,,Spot,2,Image 1,S2P,1,1823,
5269.96,,Spot,2,Image 1,S2P,1,1824,
11003.4,,Spot,2,Image 1,S2P,1,1825,
7247.94,,Spot,2,Image 1,S2P,1,1826,
16126.3,,Spot,2,Image 1,S2P,1,1827,
22861.5,,Spot,2,Image 1,S2P,1,1828,
1667.88,,Spot,2,Image 1,S2P,1,1829,
7552.58,,Spot,2,Image 1,S2P,1,1830,
8049.58,,Spot,2,Image 1,S2P,1,1831,
6681.81,,Spot,2,Image 1,S2P,1,1832,
3841.16,,Spot,2,Image 1,S2P,1,1833,
13389.9,,Spot,2,Image 1,S2P,1,1834,
2612.49,,Spot,2,Image 1,S2P,1,1835,
3663.96,,Spot,2,Image 1,S2P,1,1836,
16010.8,,Spot,2,Image 1,S2P,1,1837,
4077.16,,Spot,2,Image 1,S2P,1,1838,
7425.82,,Spot,2,Image 1,S2P,1,1839,
4641.61,,Spot,2,Image 1,S2P,1,1840,
2442.75,,Spot,2,Image 1,S2P,1,1841,
12007.4,,Spot,2,Image 1,S2P,1,1842,
7154.02,,Spot,2,Image 1,S2P,1,1843,
18598.8,,Spot,2,Image 1,S2P,1,1844,
4630.01,,Spot,2,Image 1,S2P,1,1845,
2814.33,,Spot,2,Image 1,S2P,1,1846,
4184.76,,Spot,2,Image 1,S2P,1,1847,
4683.41,,Spot,2,Image 1,S2P,1,1848,
20053.4,,Spot,2,Image 1,S2P,1,1849,
3190,,Spot,2,Image 1,S2P,1,1850,
8113.8,,Spot,2,Image 1,S2P,1,1851,
9499.89,,Spot,2,Image 1,S2P,1,1852,
16511.1,,Spot,2,Image 1,S2P,1,1853,
13705.1,,Spot,2,Image 1,S2P,1,1854,
12068.9,,Spot,2,Image 1,S2P,1,1855,
25705,,Spot,2,Image 1,S2P,1,1856,
3221.35,,Spot,2,Image 1,S2P,1,1857,
6305.96,,Spot,2,Image 1,S2P,1,1858,
9834.42,,Spot,2,Image 1,S2P,1,1859,
4370.48,,Spot,2,Image 1,S2P,1,1860,
5460.97,,Spot,2,Image 1,S2P,1,1861,
6928.51,,Spot,2,Image 1,S2P,1,1862,
12.2133,,Spot,2,Image 1,S2P,1,1863,
12.2083,,Spot,2,Image 1,S2P,1,1864,
4325.32,,Spot,2,Image 1,S2P,1,1865,
7212.31,,Spot,2,Image 1,S2P,1,1866,
1808.57,,Spot,2,Image 1,S2P,1,1867,
10095.7,,Spot,2,Image 1,S2P,1,1868,
9376.12,,Spot,2,Image 1,S2P,1,1869,
3601.32,,Spot,2,Image 1,S2P,1,1870,
3190.07,,Spot,2,Image 1,S2P,1,1871,
1638.39,,Spot,2,Image 1,S2P,1,1872,
14817.6,,Spot,2,Image 1,S2P,1,1873,
18855.9,,Spot,2,Image 1,S2P,1,1874,
5104.11,,Spot,2,Image 1,S2P,1,1875,
11796.6,,Spot,2,Image 1,S2P,1,1876,
3776,,Spot,2,Image 1,S2P,1,1877,
7931.31,,Spot,2,Image 1,S2P,1,1878,
6451.54,,Spot,2,Image 1,S2P,1,1879,
4937.28,,Spot,2,Image 1,S2P,1,1880,
1185.44,,Spot,2,Image 1,S2P,1,1881,
18850.6,,Spot,2,Image 1,S2P,1,1882,
8778.52,,Spot,2,Image 1,S2P,1,1883,
3137.28,,Spot,2,Image 1,S2P,1,1884,
3413.47,,Spot,2,Image 1,S2P,1,1885,
8002.55,,Spot,2,Image 1,S2P,1,1886,
3132.81,,Spot,2,Image 1,S2P,1,1887,
5058.91,,Spot,2,Image 1,S2P,1,1888,
3983.73,,Spot,2,Image 1,S2P,1,1889,
10555.9,,Spot,2,Image 1,S2P,1,1890,
4124.01,,Spot,2,Image 1,S2P,1,1891,
4118.93,,Spot,2,Image 1,S2P,1,1892,
18363.6,,Spot,2,Image 1,S2P,1,1893,
14242.8,,Spot,2,Image 1,S2P,1,1894,
8017.92,,Spot,2,Image 1,S2P,1,1895,
30042.9,,Spot,2,Image 1,S2P,1,1896,
13786.8,,Spot,2,Image 1,S2P,1,1897,
48942.5,,Spot,2,Image 1,S2P,1,1898,
13.9458,,Spot,2,Image 1,S2P,1,1899,
3581.64,,Spot,2,Image 1,S2P,1,1900,
22106.9,,Spot,2,Image 1,S2P,1,1901,
2507.4,,Spot,2,Image 1,S2P,1,1902,
6897.93,,Spot,2,Image 1,S2P,1,1903,
17607.5,,Spot,2,Image 1,S2P,1,1904,
11389.5,,Spot,2,Image 1,S2P,1,1905,
35795.2,,Spot,2,Image 1,S2P,1,1906,
9164.29,,Spot,2,Image 1,S2P,1,1907,
6531.89,,Spot,2,Image 1,S2P,1,1908,
1023.56,,Spot,2,Image 1,S2P,1,1909,
7130.44,,Spot,2,Image 1,S2P,1,1910,
8159.72,,Spot,2,Image 1,S2P,1,1911,
12442.9,,Spot,2,Image 1,S2P,1,1912,
26227.3,,Spot,2,Image 1,S2P,1,1913,
2186.87,,Spot,2,Image 1,S2P,1,1914,
4558.57,,Spot,2,Image 1,S2P,1,1915,
1992.91,,Spot,2,Image 1,S2P,1,1916,
1533.69,,Spot,2,Image 1,S2P,1,1917,
930.573,,Spot,2,Image 1,S2P,1,1918,
12157,,Spot,2,Image 1,S2P,1,1919,
47707.3,,Spot,2,Image 1,S2P,1,1920,
8483.28,,Spot,2,Image 1,S2P,1,1921,
30283.8,,Spot,2,Image 1,S2P,1,1922,
5644.88,,Spot,2,Image 1,S2P,1,1924,
39998.7,,Spot,2,Image 1,S2P,1,1925,
30801,,Spot,2,Image 1,S2P,1,1926,
9587.84,,Spot,2,Image 1,S2P,1,1927,
14338.9,,Spot,2,Image 1,S2P,1,1928,
7501.08,,Spot,2,Image 1,S2P,1,1929,
15.5019,,Spot,2,Image 1,S2P,1,1930,
2317.3,,Spot,2,Image 1,S2P,1,1931,
13271,,Spot,2,Image 1,S2P,1,1932,
6996.26,,Spot,2,Image 1,S2P,1,1933,
2599.14,,Spot,2,Image 1,S2P,1,1934,
29079,,Spot,2,Image 1,S2P,1,1935,
3965.96,,Spot,2,Image 1,S2P,1,1936,
5603.58,,Spot,2,Image 1,S2P,1,1937,
7684.62,,Spot,2,Image 1,S2P,1,1938,
11519,,Spot,2,Image 1,S2P,1,1939,
7283.76,,Spot,2,Image 1,S2P,1,1940,
8775.89,,Spot,2,Image 1,S2P,1,1941,
8937.62,,Spot,2,Image 1,S2P,1,1942,
8875.26,,Spot,2,Image 1,S2P,1,1943,
12333.2,,Spot,2,Image 1,S2P,1,1944,
6903.99,,Spot,2,Image 1,S2P,1,1945,
5690.07,,Spot,2,Image 1,S2P,1,1946,
9199.24,,Spot,2,Image 1,S2P,1,1947,
16314.4,,Spot,2,Image 1,S2P,1,1948,
8000.73,,Spot,2,Image 1,S2P,1,1949,
579.118,,Spot,2,Image 1,S2P,1,1950,
5634.78,,Spot,2,Image 1,S2P,1,1951,
3673.25,,Spot,2,Image 1,S2P,1,1952,
10708.3,,Spot,2,Image 1,S2P,1,1953,
6889.12,,Spot,2,Image 1,S2P,1,1954,
4522.17,,Spot,2,Image 1,S2P,1,1955,
9649.1,,Spot,2,Image 1,S2P,1,1956,
18166.2,,Spot,2,Image 1,S2P,1,1957,
19661.3,,Spot,2,Image 1,S2P,1,1958,
73427.1,,Spot,2,Image 1,S2P,1,1959,
2253.35,,Spot,2,Image 1,S2P,1,1960,
52372.3,,Spot,2,Image 1,S2P,1,1961,
7785.55,,Spot,2,Image 1,S2P,1,1962,
6435,,Spot,2,Image 1,S2P,1,1963,
7931.32,,Spot,2,Image 1,S2P,1,1964,
22134.3,,Spot,2,Image 1,S2P,1,1965,
4740.56,,Spot,2,Image 1,S2P,1,1966,
1705.1,,Spot,2,Image 1,S2P,1,1967,
11644.3,,Spot,2,Image 1,S2P,1,1968,
10594.7,,Spot,2,Image 1,S2P,1,1969,
4717.54,,Spot,2,Image 1,S2P,1,1970,
11906.2,,Spot,2,Image 1,S2P,1,1971,
11136.6,,Spot,2,Image 1,S2P,1,1972,
8697.86,,Spot,2,Image 1,S2P,1,1973,
5792.23,,Spot,2,Image 1,S2P,1,1974,
4447.47,,Spot,2,Image 1,S2P,1,1975,
20458.1,,Spot,2,Image 1,S2P,1,1976,
16926.9,,Spot,2,Image 1,S2P,1,1977,
10342.7,,Spot,2,Image 1,S2P,1,1978,
43548.3,,Spot,2,Image 1,S2P,1,1979,
9257.42,,Spot,2,Image 1,S2P,1,1980,
1364.23,,Spot,2,Image 1,S2P,1,1981,
2727.94,,Spot,2,Image 1,S2P,1,1982,
5239.31,,Spot,2,Image 1,S2P,1,1983,
16393.6,,Spot,2,Image 1,S2P,1,1984,
2942.66,,Spot,2,Image 1,S2P,1,1985,
30774.7,,Spot,2,Image 1,S2P,1,1986,
5088.76,,Spot,2,Image 1,S2P,1,1987,
403.755,,Spot,2,Image 1,S2P,1,1988,
19004.9,,Spot,2,Image 1,S2P,1,1989,
4361.08,,Spot,2,Image 1,S2P,1,1990,
4622.76,,Spot,2,Image 1,S2P,1,1991,
48523.8,,Spot,2,Image 1,S2P,1,1992,
4650.95,,Spot,2,Image 1,S2P,1,1993,
1461.21,,Spot,2,Image 1,S2P,1,1994,
8043.13,,Spot,2,Image 1,S2P,1,1995,
20821,,Spot,2,Image 1,S2P,1,1996,
2657.82,,Spot,2,Image 1,S2P,1,1997,
3117.11,,Spot,2,Image 1,S2P,1,1998,
1235.61,,Spot,2,Image 1,S2P,1,1999,
5629.41,,Spot,2,Image 1,S2P,1,2000,
13401.1,,Spot,2,Image 1,S2P,1,2001,
7743.97,,Spot,2,Image 1,S2P,1,2002,
3687.09,,Spot,2,Image 1,S2P,1,2003,
5139.92,,Spot,2,Image 1,S2P,1,2004,
23725.1,,Spot,2,Image 1,S2P,1,2005,
4216.79,,Spot,2,Image 1,S2P,1,2006,
14.2213,,Spot,2,Image 1,S2P,1,2007,
30677.6,,Spot,2,Image 1,S2P,1,2008,
8348.02,,Spot,2,Image 1,S2P,1,2009,
6739.87,,Spot,2,Image 1,S2P,1,2010,
10.7202,,Spot,2,Image 1,S2P,1,2011,
36984.4,,Spot,2,Image 1,S2P,1,2012,
2906.7,,Spot,2,Image 1,S2P,1,2013,
20410.1,,Spot,2,Image 1,S2P,1,2014,
21861.4,,Spot,2,Image 1,S2P,1,2015,
12087.3,,Spot,2,Image 1,S2P,1,2016,
7924.77,,Spot,2,Image 1,S2P,1,2017,
6383.47,,Spot,2,Image 1,S2P,1,2018,
3555.85,,Spot,2,Image 1,S2P,1,2019,
3562.43,,Spot,2,Image 1,S2P,1,2020,
12362.8,,Spot,2,Image 1,S2P,1,2021,
7620.15,,Spot,2,Image 1,S2P,1,2022,
10890.2,,Spot,2,Image 1,S2P,1,2023,
6190.99,,Spot,2,Image 1,S2P,1,2024,
5879.7,,Spot,2,Image 1,S2P,1,2025,
31.2001,,Spot,2,Image 1,S2P,1,2026,
2294.38,,Spot,2,Image 1,S2P,1,2027,
7690.49,,Spot,2,Image 1,S2P,1,2028,
4147.71,,Spot,2,Image 1,S2P,1,2029,
5657.11,,Spot,2,Image 1,S2P,1,2030,
19489.9,,Spot,2,Image 1,S2P,1,2031,
10197.3,,Spot,2,Image 1,S2P,1,2032,
8305.97,,Spot,2,Image 1,S2P,1,2033,
6541.65,,Spot,2,Image 1,S2P,1,2034,
12.274,,Spot,2,Image 1,S2P,1,2035,
8650.3,,Spot,2,Image 1,S2P,1,2036,
32845.2,,Spot,2,Image 1,S2P,1,2037,
17765.1,,Spot,2,Image 1,S2P,1,2038,
3990.47,,Spot,2,Image 1,S2P,1,2039,
4315.71,,Spot,2,Image 1,S2P,1,2040,
10877.4,,Spot,2,Image 1,S2P,1,2041,
3388.92,,Spot,2,Image 1,S2P,1,2042,
11069.5,,Spot,2,Image 1,S2P,1,2043,
2194.93,,Spot,2,Image 1,S2P,1,2044,
6057.65,,Spot,2,Image 1,S2P,1,2045,
624.835,,Spot,2,Image 1,S2P,1,2046,
8019.68,,Spot,2,Image 1,S2P,1,2047,
13505.7,,Spot,2,Image 1,S2P,1,2048,
13892.3,,Spot,2,Image 1,S2P,1,2049,
9066.15,,Spot,2,Image 1,S2P,1,2050,
1800.19,,Spot,2,Image 1,S2P,1,2051,
6422.06,,Spot,2,Image 1,S2P,1,2052,
8291.07,,Spot,2,Image 1,S2P,1,2053,
3191.06,,Spot,2,Image 1,S2P,1,2054,
2553.85,,Spot,2,Image 1,S2P,1,2055,
14025.9,,Spot,2,Image 1,S2P,1,2056,
2215.81,,Spot,2,Image 1,S2P,1,2057,
17214.7,,Spot,2,Image 1,S2P,1,2058,
3898.5,,Spot,2,Image 1,S2P,1,2059,
4530,,Spot,2,Image 1,S2P,1,2060,
10352.4,,Spot,2,Image 1,S2P,1,2061,
6837.03,,Spot,2,Image 1,S2P,1,2062,
4243.37,,Spot,2,Image 1,S2P,1,2063,
23948.4,,Spot,2,Image 1,S2P,1,2064,
4680.47,,Spot,2,Image 1,S2P,1,2065,
4365.95,,Spot,2,Image 1,S2P,1,2066,
15.0606,,Spot,2,Image 1,S2P,1,2067,
21179.1,,Spot,2,Image 1,S2P,1,2068,
11422.7,,Spot,2,Image 1,S2P,1,2069,
4022.14,,Spot,2,Image 1,S2P,1,2070,
5768.47,,Spot,2,Image 1,S2P,1,2071,
10445.7,,Spot,2,Image 1,S2P,1,2072,
8993.24,,Spot,2,Image 1,S2P,1,2073,
9973.21,,Spot,2,Image 1,S2P,1,2074,
8940.98,,Spot,2,Image 1,S2P,1,2075,
3702.14,,Spot,2,Image 1,S2P,1,2076,
6941.54,,Spot,2,Image 1,S2P,1,2077,
4573.69,,Spot,2,Image 1,S2P,1,2078,
1170.24,,Spot,2,Image 1,S2P,1,2079,
2126.56,,Spot,2,Image 1,S2P,1,2080,
1592.24,,Spot,2,Image 1,S2P,1,2081,
13662.4,,Spot,2,Image 1,S2P,1,2082,
1264.04,,Spot,2,Image 1,S2P,1,2083,
6560.65,,Spot,2,Image 1,S2P,1,2084,
9153.05,,Spot,2,Image 1,S2P,1,2085,
3979.49,,Spot,2,Image 1,S2P,1,2086,
5568.23,,Spot,2,Image 1,S2P,1,2087,
9096.32,,Spot,2,Image 1,S2P,1,2088,
10711.9,,Spot,2,Image 1,S2P,1,2089,
6376.83,,Spot,2,Image 1,S2P,1,2090,
10777.1,,Spot,2,Image 1,S2P,1,2091,
1047.61,,Spot,2,Image 1,S2P,1,2092,
13389.7,,Spot,2,Image 1,S2P,1,2093,
8728.89,,Spot,2,Image 1,S2P,1,2094,
4159.97,,Spot,2,Image 1,S2P,1,2095,
6895,,Spot,2,Image 1,S2P,1,2096,
1800.71,,Spot,2,Image 1,S2P,1,2097,
14525.5,,Spot,2,Image 1,S2P,1,2098,
2133.54,,Spot,2,Image 1,S2P,1,2099,
3616.11,,Spot,2,Image 1,S2P,1,2100,
7725.24,,Spot,2,Image 1,S2P,1,2101,
5035.24,,Spot,2,Image 1,S2P,1,2102,
8876.72,,Spot,2,Image 1,S2P,1,2103,
1027.57,,Spot,2,Image 1,S2P,1,2104,
1078.82,,Spot,2,Image 1,S2P,1,2105,
6112.34,,Spot,2,Image 1,S2P,1,2106,
1920.02,,Spot,2,Image 1,S2P,1,2107,
2616.44,,Spot,2,Image 1,S2P,1,2108,
11400.4,,Spot,2,Image 1,S2P,1,2109,
823.184,,Spot,2,Image 1,S2P,1,2110,
12075.5,,Spot,2,Image 1,S2P,1,2111,
4999.28,,Spot,2,Image 1,S2P,1,2112,
7375.26,,Spot,2,Image 1,S2P,1,2113,
1616.66,,Spot,2,Image 1,S2P,1,2114,
7013.12,,Spot,2,Image 1,S2P,1,2115,
1657.02,,Spot,2,Image 1,S2P,1,2116,
10423.8,,Spot,2,Image 1,S2P,1,2117,
2020.17,,Spot,2,Image 1,S2P,1,2118,
5787.75,,Spot,2,Image 1,S2P,1,2119,
3599.54,,Spot,2,Image 1,S2P,1,2120,
3659.58,,Spot,2,Image 1,S2P,1,2121,
2420.64,,Spot,2,Image 1,S2P,1,2122,
934.408,,Spot,2,Image 1,S2P,1,2123,
17036.6,,Spot,2,Image 1,S2P,1,2124,
6389.7,,Spot,2,Image 1,S2P,1,2125,
6169.68,,Spot,2,Image 1,S2P,1,2126,
2795.31,,Spot,2,Image 1,S2P,1,2127,
1659.61,,Spot,2,Image 1,S2P,1,2128,
717.556,,Spot,2,Image 1,S2P,1,2129,
12.0185,,Spot,2,Image 1,S2P,1,2130,
19938.5,,Spot,2,Image 1,S2P,1,2131,
1628.25,,Spot,2,Image 1,S2P,1,2132,
1526.06,,Spot,2,Image 1,S2P,1,2133,
7896.27,,Spot,2,Image 1,S2P,1,2134,
1669.67,,Spot,2,Image 1,S2P,1,2135,
9626.95,,Spot,2,Image 1,S2P,1,2136,
11425.3,,Spot,2,Image 1,S2P,1,2137,
3819.12,,Spot,2,Image 1,S2P,1,2138,
7641.82,,Spot,2,Image 1,S2P,1,2139,
1532.68,,Spot,2,Image 1,S2P,1,2140,
13144.3,,Spot,2,Image 1,S2P,1,2141,
4811.81,,Spot,2,Image 1,S2P,1,2142,
782.09,,Spot,2,Image 1,S2P,1,2143,
3542.84,,Spot,2,Image 1,S2P,1,2144,
1667.99,,Spot,2,Image 1,S2P,1,2145,
1936.08,,Spot,2,Image 1,S2P,1,2146,
6875.91,,Spot,2,Image 1,S2P,1,2147,
15970.9,,Spot,2,Image 1,S2P,1,2148,
9001.61,,Spot,2,Image 1,S2P,1,2149,
2390.59,,Spot,2,Image 1,S2P,1,2150,
2980.4,,Spot,2,Image 1,S2P,1,2151,
7036.56,,Spot,2,Image 1,S2P,1,2152,
14086.1,,Spot,2,Image 1,S2P,1,2153,
6919.24,,Spot,2,Image 1,S2P,1,2154,
2969.47,,Spot,2,Image 1,S2P,1,2155,
2777.29,,Spot,2,Image 1,S2P,1,2156,
9561.28,,Spot,2,Image 1,S2P,1,2157,
9150.68,,Spot,2,Image 1,S2P,1,2158,
14.9677,,Spot,2,Image 1,S2P,1,2159,
12.225,,Spot,2,Image 1,S2P,1,2160,
10253.5,,Spot,2,Image 1,S2P,1,2161,
7924.76,,Spot,2,Image 1,S2P,1,2162,
1881.09,,Spot,2,Image 1,S2P,1,2163,
4656.01,,Spot,2,Image 1,S2P,1,2164,
10225,,Spot,2,Image 1,S2P,1,2165,
7.70056,,Spot,2,Image 1,S2P,1,2166,
4747.08,,Spot,2,Image 1,S2P,1,2167,
9336.11,,Spot,2,Image 1,S2P,1,2168,
8179.35,,Spot,2,Image 1,S2P,1,2169,
566.42,,Spot,2,Image 1,S2P,1,2170,
6670.63,,Spot,2,Image 1,S2P,1,2171,
3512.47,,Spot,2,Image 1,S2P,1,2172,
8768.39,,Spot,2,Image 1,S2P,1,2173,
8856.57,,Spot,2,Image 1,S2P,1,2174,
4220.18,,Spot,2,Image 1,S2P,1,2175,
1045.35,,Spot,2,Image 1,S2P,1,2176,
6177.84,,Spot,2,Image 1,S2P,1,2177,
20115.3,,Spot,2,Image 1,S2P,1,2178,
2450.51,,Spot,2,Image 1,S2P,1,2179,
12050.3,,Spot,2,Image 1,S2P,1,2180,
7768.61,,Spot,2,Image 1,S2P,1,2181,
2338.44,,Spot,2,Image 1,S2P,1,2182,
3529,,Spot,2,Image 1,S2P,1,2183,
7984.57,,Spot,2,Image 1,S2P,1,2184,
17.0477,,Spot,2,Image 1,S2P,1,2185,
4263.32,,Spot,2,Image 1,S2P,1,2186,
11092.1,,Spot,2,Image 1,S2P,1,2187,
11585.6,,Spot,2,Image 1,S2P,1,2188,
6415.43,,Spot,2,Image 1,S2P,1,2189,
6788.96,,Spot,2,Image 1,S2P,1,2190,
17937.4,,Spot,2,Image 1,S2P,1,2191,
8561.01,,Spot,2,Image 1,S2P,1,2192,
9511.44,,Spot,2,Image 1,S2P,1,2193,
2072.68,,Spot,2,Image 1,S2P,1,2194,
18787.4,,Spot,2,Image 1,S2P,1,2195,
12556.6,,Spot,2,Image 1,S2P,1,2196,
24019.7,,Spot,2,Image 1,S2P,1,2197,
4782.13,,Spot,2,Image 1,S2P,1,2198,
24158.7,,Spot,2,Image 1,S2P,1,2199,
4153.71,,Spot,2,Image 1,S2P,1,2200,
6628.49,,Spot,2,Image 1,S2P,1,2201,
14593.2,,Spot,2,Image 1,S2P,1,2202,
18087.3,,Spot,2,Image 1,S2P,1,2203,
19738.4,,Spot,2,Image 1,S2P,1,2204,
6129.17,,Spot,2,Image 1,S2P,1,2205,
3421.85,,Spot,2,Image 1,S2P,1,2206,
39200.4,,Spot,2,Image 1,S2P,1,2207,
9803.65,,Spot,2,Image 1,S2P,1,2208,
14036.5,,Spot,2,Image 1,S2P,1,2209,
3436.33,,Spot,2,Image 1,S2P,1,2210,
4451.5,,Spot,2,Image 1,S2P,1,2211,
1920.76,,Spot,2,Image 1,S2P,1,2212,
3356.96,,Spot,2,Image 1,S2P,1,2213,
12448,,Spot,2,Image 1,S2P,1,2214,
12911.2,,Spot,2,Image 1,S2P,1,2215,
4289.2,,Spot,2,Image 1,S2P,1,2216,
13.8534,,Spot,2,Image 1,S2P,1,2217,
2352.6,,Spot,2,Image 1,S2P,1,2218,
6645.32,,Spot,2,Image 1,S2P,1,2219,
11071.6,,Spot,2,Image 1,S2P,1,2220,
11694.3,,Spot,2,Image 1,S2P,1,2221,
11917.1,,Spot,2,Image 1,S2P,1,2222,
8787.67,,Spot,2,Image 1,S2P,1,2223,
998.503,,Spot,2,Image 1,S2P,1,2224,
11458.6,,Spot,2,Image 1,S2P,1,2225,
21897,,Spot,2,Image 1,S2P,1,2226,
5.81806,,Spot,2,Image 1,S2P,1,2227,
2128.02,,Spot,2,Image 1,S2P,1,2228,
4737.32,,Spot,2,Image 1,S2P,1,2229,
9538.14,,Spot,2,Image 1,S2P,1,2230,
6207.02,,Spot,2,Image 1,S2P,1,2231,
949.341,,Spot,2,Image 1,S2P,1,2232,
11541.1,,Spot,2,Image 1,S2P,1,2233,
28830.1,,Spot,2,Image 1,S2P,1,2234,
8255.27,,Spot,2,Image 1,S2P,1,2235,
3096.31,,Spot,2,Image 1,S2P,1,2236,
4711.9,,Spot,2,Image 1,S2P,1,2237,
6419.76,,Spot,2,Image 1,S2P,1,2238,
8619.09,,Spot,2,Image 1,S2P,1,2239,
5360.72,,Spot,2,Image 1,S2P,1,2240,
16829.1,,Spot,2,Image 1,S2P,1,2241,
6893.63,,Spot,2,Image 1,S2P,1,2242,
3406.04,,Spot,2,Image 1,S2P,1,2243,
4949.2,,Spot,2,Image 1,S2P,1,2244,
7939.56,,Spot,2,Image 1,S2P,1,2245,
5449.61,,Spot,2,Image 1,S2P,1,2246,
5250.66,,Spot,2,Image 1,S2P,1,2247,
2859.65,,Spot,2,Image 1,S2P,1,2248,
10245.2,,Spot,2,Image 1,S2P,1,2249,
4514.14,,Spot,2,Image 1,S2P,1,2250,
13392.4,,Spot,2,Image 1,S2P,1,2251,
29841.3,,Spot,2,Image 1,S2P,1,2252,
20557,,Spot,2,Image 1,S2P,1,2253,
5985.67,,Spot,2,Image 1,S2P,1,2254,
2067.97,,Spot,2,Image 1,S2P,1,2255,
7986.15,,Spot,2,Image 1,S2P,1,2256,
10462.3,,Spot,2,Image 1,S2P,1,2257,
17264.4,,Spot,2,Image 1,S2P,1,2258,
7927.78,,Spot,2,Image 1,S2P,1,2259,
6077.74,,Spot,2,Image 1,S2P,1,2260,
7468.61,,Spot,2,Image 1,S2P,1,2261,
8897.42,,Spot,2,Image 1,S2P,1,2262,
8288.17,,Spot,2,Image 1,S2P,1,2263,
14.0371,,Spot,2,Image 1,S2P,1,2264,
3183.36,,Spot,2,Image 1,S2P,1,2265,
17718.4,,Spot,2,Image 1,S2P,1,2266,
854.097,,Spot,2,Image 1,S2P,1,2267,
4196.97,,Spot,2,Image 1,S2P,1,2268,
5631.68,,Spot,2,Image 1,S2P,1,2269,
10194.3,,Spot,2,Image 1,S2P,1,2270,
1281.11,,Spot,2,Image 1,S2P,1,2271,
1213.84,,Spot,2,Image 1,S2P,1,2272,
4632.13,,Spot,2,Image 1,S2P,1,2273,
10072.2,,Spot,2,Image 1,S2P,1,2274,
9.42475,,Spot,2,Image 1,S2P,1,2275,
1150.38,,Spot,2,Image 1,S2P,1,2276,
7.14335,,Spot,2,Image 1,S2P,1,2277,
5790.66,,Spot,2,Image 1,S2P,1,2278,
9280.98,,Spot,2,Image 1,S2P,1,2279,
906.233,,Spot,2,Image 1,S2P,1,2280,
1221.32,,Spot,2,Image 1,S2P,1,2281,
14176.8,,Spot,2,Image 1,S2P,1,2282,
14476.9,,Spot,2,Image 1,S2P,1,2283,
9.76031,,Spot,2,Image 1,S2P,1,2284,
820.56,,Spot,2,Image 1,S2P,1,2286,
4953.69,,Spot,2,Image 1,S2P,1,2287,
4434.61,,Spot,2,Image 1,S2P,1,2288,
8777.17,,Spot,2,Image 1,S2P,1,2289,
425.944,,Spot,2,Image 1,S2P,1,2290,
3298.27,,Spot,2,Image 1,S2P,1,2291,
5.11075,,Spot,2,Image 1,S2P,1,2292,
8163.28,,Spot,2,Image 1,S2P,1,2293,
10643.6,,Spot,2,Image 1,S2P,1,2294,
6331.42,,Spot,2,Image 1,S2P,1,2295,
5633.31,,Spot,2,Image 1,S2P,1,2296,
6556.25,,Spot,2,Image 1,S2P,1,2297,
3332.56,,Spot,2,Image 1,S2P,1,2298,
9600.79,,Spot,2,Image 1,S2P,1,2299,
10.3995,,Spot,2,Image 1,S2P,1,2300,
5566.41,,Spot,2,Image 1,S2P,1,2301,
1622.01,,Spot,2,Image 1,S2P,1,2302,
16361.3,,Spot,2,Image 1,S2P,1,2303,
6331.98,,Spot,2,Image 1,S2P,1,2304,
6262.35,,Spot,2,Image 1,S2P,1,2305,
5420.57,,Spot,2,Image 1,S2P,1,2306,
5587.9,,Spot,2,Image 1,S2P,1,2307,
4917.48,,Spot,2,Image 1,S2P,1,2308,
18075.7,,Spot,2,Image 1,S2P,1,2309,
1795.53,,Spot,2,Image 1,S2P,1,2310,
1763.85,,Spot,2,Image 1,S2P,1,2311,
5455.04,,Spot,2,Image 1,S2P,1,2312,
2577.63,,Spot,2,Image 1,S2P,1,2313,
22412,,Spot,2,Image 1,S2P,1,2314,
5835.98,,Spot,2,Image 1,S2P,1,2315,
8871.95,,Spot,2,Image 1,S2P,1,2316,
6710.97,,Spot,2,Image 1,S2P,1,2317,
5369.46,,Spot,2,Image 1,S2P,1,2318,
1257.71,,Spot,2,Image 1,S2P,1,2319,
3899.56,,Spot,2,Image 1,S2P,1,2320,
6666.58,,Spot,2,Image 1,S2P,1,2321,
3697.46,,Spot,2,Image 1,S2P,1,2322,
20322,,Spot,2,Image 1,S2P,1,2323,
5242.17,,Spot,2,Image 1,S2P,1,2324,
213.807,,Spot,2,Image 1,S2P,1,2325,
721.412,,Spot,2,Image 1,S2P,1,2326,
5898.63,,Spot,2,Image 1,S2P,1,2327,
5134.62,,Spot,2,Image 1,S2P,1,2328,
3160.76,,Spot,2,Image 1,S2P,1,2329,
4911.25,,Spot,2,Image 1,S2P,1,2330,
10.571,,Spot,2,Image 1,S2P,1,2331,
5639.01,,Spot,2,Image 1,S2P,1,2332,
1461.68,,Spot,2,Image 1,S2P,1,2333,
4401.8,,Spot,2,Image 1,S2P,1,2334,
8017.95,,Spot,2,Image 1,S2P,1,2335,
3863.26,,Spot,2,Image 1,S2P,1,2336,
15044.8,,Spot,2,Image 1,S2P,1,2337,
7431.81,,Spot,2,Image 1,S2P,1,2338,
4050.43,,Spot,2,Image 1,S2P,1,2339,
3077.18,,Spot,2,Image 1,S2P,1,2340,
8449.83,,Spot,2,Image 1,S2P,1,2341,
6953.72,,Spot,2,Image 1,S2P,1,2342,
4598.88,,Spot,2,Image 1,S2P,1,2343,
5267.83,,Spot,2,Image 1,S2P,1,2344,
2568.52,,Spot,2,Image 1,S2P,1,2345,
14967.7,,Spot,2,Image 1,S2P,1,2346,
7654.6,,Spot,2,Image 1,S2P,1,2347,
14734.8,,Spot,2,Image 1,S2P,1,2348,
6243.22,,Spot,2,Image 1,S2P,1,2349,
1109.67,,Spot,2,Image 1,S2P,1,2350,
24512,,Spot,2,Image 1,S2P,1,2351,
1468.14,,Spot,2,Image 1,S2P,1,2352,
5273.78,,Spot,2,Image 1,S2P,1,2353,
3417.57,,Spot,2,Image 1,S2P,1,2354,
4195.25,,Spot,2,Image 1,S2P,1,2355,
18301.1,,Spot,2,Image 1,S2P,1,2356,
18697.8,,Spot,2,Image 1,S2P,1,2357,
6160.45,,Spot,2,Image 1,S2P,1,2358,
4693.71,,Spot,2,Image 1,S2P,1,2359,
6857.85,,Spot,2,Image 1,S2P,1,2360,
10194.8,,Spot,2,Image 1,S2P,1,2361,
15808,,Spot,2,Image 1,S2P,1,2362,
5475.33,,Spot,2,Image 1,S2P,1,2363,
1095.49,,Spot,2,Image 1,S2P,1,2364,
10266.2,,Spot,2,Image 1,S2P,1,2365,
5060.27,,Spot,2,Image 1,S2P,1,2366,
5965.96,,Spot,2,Image 1,S2P,1,2367,
3686.59,,Spot,2,Image 1,S2P,1,2368,
6588.8,,Spot,2,Image 1,S2P,1,2369,
3475.82,,Spot,2,Image 1,S2P,1,2370,
4577.62,,Spot,2,Image 1,S2P,1,2371,
2317.86,,Spot,2,Image 1,S2P,1,2372,
3371.03,,Spot,2,Image 1,S2P,1,2373,
4944.14,,Spot,2,Image 1,S2P,1,2374,
3047.39,,Spot,2,Image 1,S2P,1,2375,
9786.15,,Spot,2,Image 1,S2P,1,2376,
3217.83,,Spot,2,Image 1,S2P,1,2377,
8466.18,,Spot,2,Image 1,S2P,1,2378,
8432.65,,Spot,2,Image 1,S2P,1,2379,
14892,,Spot,2,Image 1,S2P,1,2380,
5358.08,,Spot,2,Image 1,S2P,1,2381,
11962.2,,Spot,2,Image 1,S2P,1,2382,
5935.37,,Spot,2,Image 1,S2P,1,2383,
4862.24,,Spot,2,Image 1,S2P,1,2384,
13207,,Spot,2,Image 1,S2P,1,2385,
32366.3,,Spot,2,Image 1,S2P,1,2386,
9760.1,,Spot,2,Image 1,S2P,1,2387,
11046.6,,Spot,2,Image 1,S2P,1,2388,
7249.88,,Spot,2,Image 1,S2P,1,2389,
1788.81,,Spot,2,Image 1,S2P,1,2390,
2037.5,,Spot,2,Image 1,S2P,1,2391,
32763.1,,Spot,2,Image 1,S2P,1,2392,
10081,,Spot,2,Image 1,S2P,1,2393,
3248.89,,Spot,2,Image 1,S2P,1,2394,
5098.44,,Spot,2,Image 1,S2P,1,2395,
1382.46,,Spot,2,Image 1,S2P,1,2396,
10476.1,,Spot,2,Image 1,S2P,1,2397,
14925.9,,Spot,2,Image 1,S2P,1,2398,
13988.1,,Spot,2,Image 1,S2P,1,2399,
13236.1,,Spot,2,Image 1,S2P,1,2400,
4530.89,,Spot,2,Image 1,S2P,1,2401,
28452.4,,Spot,2,Image 1,S2P,1,2402,
1927.18,,Spot,2,Image 1,S2P,1,2403,
1306.97,,Spot,2,Image 1,S2P,1,2404,
10991.6,,Spot,2,Image 1,S2P,1,2405,
5764.66,,Spot,2,Image 1,S2P,1,2406,
9440.35,,Spot,2,Image 1,S2P,1,2408,
16398.7,,Spot,2,Image 1,S2P,1,2409,
10131.4,,Spot,2,Image 1,S2P,1,2410,
10458,,Spot,2,Image 1,S2P,1,2411,
21927.2,,Spot,2,Image 1,S2P,1,2412,
13927.4,,Spot,2,Image 1,S2P,1,2413,
4686.63,,Spot,2,Image 1,S2P,1,2414,
6926.98,,Spot,2,Image 1,S2P,1,2415,
5985.24,,Spot,2,Image 1,S2P,1,2416,
6641.87,,Spot,2,Image 1,S2P,1,2417,
15.2975,,Spot,2,Image 1,S2P,1,2418,
3410.04,,Spot,2,Image 1,S2P,1,2419,
3123.15,,Spot,2,Image 1,S2P,1,2420,
3950.67,,Spot,2,Image 1,S2P,1,2421,
6276.67,,Spot,2,Image 1,S2P,1,2422,
1343.23,,Spot,2,Image 1,S2P,1,2423,
8929.17,,Spot,2,Image 1,S2P,1,2424,
17007,,Spot,2,Image 1,S2P,1,2425,
10036.1,,Spot,2,Image 1,S2P,1,2426,
11236.4,,Spot,2,Image 1,S2P,1,2427,
35275.3,,Spot,2,Image 1,S2P,1,2428,
14374.8,,Spot,2,Image 1,S2P,1,2429,
9.73515,,Spot,2,Image 1,S2P,1,2430,
10495.1,,Spot,2,Image 1,S2P,1,2431,
8151.09,,Spot,2,Image 1,S2P,1,2432,
30583.1,,Spot,2,Image 1,S2P,1,2433,
13.1669,,Spot,2,Image 1,S2P,1,2434,
17199.9,,Spot,2,Image 1,S2P,1,2435,
9907.3,,Spot,2,Image 1,S2P,1,2436,
2352.05,,Spot,2,Image 1,S2P,1,2437,
10272.1,,Spot,2,Image 1,S2P,1,2438,
4660.03,,Spot,2,Image 1,S2P,1,2439,
16609.2,,Spot,2,Image 1,S2P,1,2440,
10069.8,,Spot,2,Image 1,S2P,1,2441,
15.8362,,Spot,2,Image 1,S2P,1,2442,
8922.88,,Spot,2,Image 1,S2P,1,2443,
6195.06,,Spot,2,Image 1,S2P,1,2444,
13957.6,,Spot,2,Image 1,S2P,1,2445,
697.116,,Spot,2,Image 1,S2P,1,2446,
8200.04,,Spot,2,Image 1,S2P,1,2447,
4042.18,,Spot,2,Image 1,S2P,1,2448,
3587.71,,Spot,2,Image 1,S2P,1,2449,
19501.7,,Spot,2,Image 1,S2P,1,2450,
7023.99,,Spot,2,Image 1,S2P,1,2451,
5592.18,,Spot,2,Image 1,S2P,1,2452,
16557.4,,Spot,2,Image 1,S2P,1,2453,
8229.35,,Spot,2,Image 1,S2P,1,2455,
5846.4,,Spot,2,Image 1,S2P,1,2456,
6027.92,,Spot,2,Image 1,S2P,1,2457,
4057.07,,Spot,2,Image 1,S2P,1,2458,
3968.8,,Spot,2,Image 1,S2P,1,2459,
15559.2,,Spot,2,Image 1,S2P,1,2460,
5400.31,,Spot,2,Image 1,S2P,1,2461,
2777.85,,Spot,2,Image 1,S2P,1,2462,
8098.12,,Spot,2,Image 1,S2P,1,2463,
17928.9,,Spot,2,Image 1,S2P,1,2464,
10075.9,,Spot,2,Image 1,S2P,1,2465,
3725.22,,Spot,2,Image 1,S2P,1,2466,
26047.1,,Spot,2,Image 1,S2P,1,2467,
14597.5,,Spot,2,Image 1,S2P,1,2468,
7763.93,,Spot,2,Image 1,S2P,1,2469,
4632.48,,Spot,2,Image 1,S2P,1,2470,
14844.6,,Spot,2,Image 1,S2P,1,2471,
1837.64,,Spot,2,Image 1,S2P,1,2472,
14795.3,,Spot,2,Image 1,S2P,1,2473,
33486.6,,Spot,2,Image 1,S2P,1,2474,
1256.3,,Spot,2,Image 1,S2P,1,2475,
6016.65,,Spot,2,Image 1,S2P,1,2476,
3631.58,,Spot,2,Image 1,S2P,1,2477,
9064.73,,Spot,2,Image 1,S2P,1,2478,
10371.8,,Spot,2,Image 1,S2P,1,2479,
21768.4,,Spot,2,Image 1,S2P,1,2480,
10748.7,,Spot,2,Image 1,S2P,1,2481,
6255.63,,Spot,2,Image 1,S2P,1,2482,
2007.1,,Spot,2,Image 1,S2P,1,2483,
2408.07,,Spot,2,Image 1,S2P,1,2484,
10620.8,,Spot,2,Image 1,S2P,1,2485,
20171,,Spot,2,Image 1,S2P,1,2486,
1906.89,,Spot,2,Image 1,S2P,1,2487,
11505.4,,Spot,2,Image 1,S2P,1,2488,
14003,,Spot,2,Image 1,S2P,1,2489,
2383.58,,Spot,2,Image 1,S2P,1,2490,
4800.71,,Spot,2,Image 1,S2P,1,2491,
25313.9,,Spot,2,Image 1,S2P,1,2492,
5402.6,,Spot,2,Image 1,S2P,1,2493,
5237.92,,Spot,2,Image 1,S2P,1,2494,
7763.22,,Spot,2,Image 1,S2P,1,2495,
2332.65,,Spot,2,Image 1,S2P,1,2496,
15819,,Spot,2,Image 1,S2P,1,2497,
6862.42,,Spot,2,Image 1,S2P,1,2498,
24727.1,,Spot,2,Image 1,S2P,1,2499,
3926.97,,Spot,2,Image 1,S2P,1,2500,
554.715,,Spot,2,Image 1,S2P,1,2501,
7402.75,,Spot,2,Image 1,S2P,1,2502,
2970.51,,Spot,2,Image 1,S2P,1,2503,
3556.29,,Spot,2,Image 1,S2P,1,2504,
8918.37,,Spot,2,Image 1,S2P,1,2505,
3152.92,,Spot,2,Image 1,S2P,1,2506,
3794.42,,Spot,2,Image 1,S2P,1,2507,
8561.93,,Spot,2,Image 1,S2P,1,2508,
3203.19,,Spot,2,Image 1,S2P,1,2509,
12493.5,,Spot,2,Image 1,S2P,1,2510,
4824.61,,Spot,2,Image 1,S2P,1,2511,
9613.03,,Spot,2,Image 1,S2P,1,2512,
1555.85,,Spot,2,Image 1,S2P,1,2513,
11433,,Spot,2,Image 1,S2P,1,2514,
9307.38,,Spot,2,Image 1,S2P,1,2515,
5001.04,,Spot,2,Image 1,S2P,1,2516,
2603.36,,Spot,2,Image 1,S2P,1,2517,
12165.6,,Spot,2,Image 1,S2P,1,2518,
1429.74,,Spot,2,Image 1,S2P,1,2519,
5911.38,,Spot,2,Image 1,S2P,1,2520,
3811.38,,Spot,2,Image 1,S2P,1,2521,
12123.5,,Spot,2,Image 1,S2P,1,2522,
6546.98,,Spot,2,Image 1,S2P,1,2523,
13319,,Spot,2,Image 1,S2P,1,2524,
5854.78,,Spot,2,Image 1,S2P,1,2525,
8767.85,,Spot,2,Image 1,S2P,1,2526,
19041.3,,Spot,2,Image 1,S2P,1,2527,
4973.66,,Spot,2,Image 1,S2P,1,2528,
1420.7,,Spot,2,Image 1,S2P,1,2529,
5573.44,,Spot,2,Image 1,S2P,1,2530,
4508.74,,Spot,2,Image 1,S2P,1,2531,
3849.38,,Spot,2,Image 1,S2P,1,2532,
4319.48,,Spot,2,Image 1,S2P,1,2533,
8033.34,,Spot,2,Image 1,S2P,1,2534,
2197.5,,Spot,2,Image 1,S2P,1,2535,
15098.9,,Spot,2,Image 1,S2P,1,2536,
16013.6,,Spot,2,Image 1,S2P,1,2537,
1039.98,,Spot,2,Image 1,S2P,1,2538,
8532.17,,Spot,2,Image 1,S2P,1,2539,
10822.8,,Spot,2,Image 1,S2P,1,2540,
6407.65,,Spot,2,Image 1,S2P,1,2541,
3182.38,,Spot,2,Image 1,S2P,1,2542,
10.563,,Spot,2,Image 1,S2P,1,2543,
8175.45,,Spot,2,Image 1,S2P,1,2544,
582.737,,Spot,2,Image 1,S2P,1,2545,
12527.6,,Spot,2,Image 1,S2P,1,2546,
1880.53,,Spot,2,Image 1,S2P,1,2547,
8244.32,,Spot,2,Image 1,S2P,1,2548,
4879.59,,Spot,2,Image 1,S2P,1,2549,
2188.94,,Spot,2,Image 1,S2P,1,2550,
7009.13,,Spot,2,Image 1,S2P,1,2551,
3682.57,,Spot,2,Image 1,S2P,1,2552,
5.89022,,Spot,2,Image 1,S2P,1,2553,
5618.4,,Spot,2,Image 1,S2P,1,2554,
5389.56,,Spot,2,Image 1,S2P,1,2555,
2374.84,,Spot,2,Image 1,S2P,1,2556,
7544.56,,Spot,2,Image 1,S2P,1,2557,
754.871,,Spot,2,Image 1,S2P,1,2558,
4700.31,,Spot,2,Image 1,S2P,1,2559,
5473.81,,Spot,2,Image 1,S2P,1,2560,
4839.65,,Spot,2,Image 1,S2P,1,2561,
18473.9,,Spot,2,Image 1,S2P,1,2562,
11897.2,,Spot,2,Image 1,S2P,1,2563,
1704.82,,Spot,2,Image 1,S2P,1,2564,
14927.5,,Spot,2,Image 1,S2P,1,2565,
1244.11,,Spot,2,Image 1,S2P,1,2566,
604.193,,Spot,2,Image 1,S2P,1,2567,
709.695,,Spot,2,Image 1,S2P,1,2568,
6680.65,,Spot,2,Image 1,S2P,1,2569,
387.59,,Spot,2,Image 1,S2P,1,2570,
2118.3,,Spot,2,Image 1,S2P,1,2571,
2336.02,,Spot,2,Image 1,S2P,1,2572,
11988.8,,Spot,2,Image 1,S2P,1,2573,
6.31665,,Spot,2,Image 1,S2P,1,2574,
11994.3,,Spot,2,Image 1,S2P,1,2575,
5861.51,,Spot,2,Image 1,S2P,1,2576,
4060.99,,Spot,2,Image 1,S2P,1,2577,
923.744,,Spot,2,Image 1,S2P,1,2578,
3546.6,,Spot,2,Image 1,S2P,1,2579,
9928.8,,Spot,2,Image 1,S2P,1,2580,
1016.58,,Spot,2,Image 1,S2P,1,2581,
2648.21,,Spot,2,Image 1,S2P,1,2582,
9280.92,,Spot,2,Image 1,S2P,1,2583,
669.26,,Spot,2,Image 1,S2P,1,2584,
6417.92,,Spot,2,Image 1,S2P,1,2585,
3682.21,,Spot,2,Image 1,S2P,1,2586,
9878.96,,Spot,2,Image 1,S2P,1,2587,
12178.3,,Spot,2,Image 1,S2P,1,2588,
5666.62,,Spot,2,Image 1,S2P,1,2589,
1726.33,,Spot,2,Image 1,S2P,1,2590,
6004.38,,Spot,2,Image 1,S2P,1,2591,
4138.89,,Spot,2,Image 1,S2P,1,2592,
7068.89,,Spot,2,Image 1,S2P,1,2593,
1442.65,,Spot,2,Image 1,S2P,1,2594,
2521.14,,Spot,2,Image 1,S2P,1,2595,
