
Intensity Mean Ch=1 Img=1
 ==================== 
Intensity Mean,Unit,Category,Channel,Image,Surpass Object,Time,ID,
4.17948,,Surface,1,Image 1,Nucleus,1,0,
3.57386,,Spot,1,Image 1,Nucleus center of mass,1,0,
2.59851,,Spot,1,Image 1,S2P,1,1,
2.61122,,Spot,1,Image 1,S2P,1,2,
2.10688,,Spot,1,Image 1,S2P,1,3,
2.90934,,Spot,1,Image 1,S2P,1,4,
2.20575,,Spot,1,Image 1,S2P,1,5,
2.75923,,Spot,1,Image 1,S2P,1,6,
2.15908,,Spot,1,Image 1,S2P,1,7,
1.66889,,Spot,1,Image 1,S2P,1,8,
3.63272,,Spot,1,Image 1,S2P,1,9,
2.17366,,Spot,1,Image 1,S2P,1,10,
2.36721,,Spot,1,Image 1,S2P,1,11,
3.7574,,Spot,1,Image 1,S2P,1,12,
4.52836,,Spot,1,Image 1,S2P,1,13,
5.13117,,Spot,1,Image 1,S2P,1,14,
2.61198,,Spot,1,Image 1,S2P,1,15,
1.62937,,Spot,1,Image 1,S2P,1,16,
3.87626,,Spot,1,Image 1,S2P,1,17,
0.580594,,Spot,1,Image 1,S2P,1,18,
1.90886,,Spot,1,Image 1,S2P,1,19,
2.97547,,Spot,1,Image 1,S2P,1,20,
3.93699,,Spot,1,Image 1,S2P,1,21,
4.72785,,Spot,1,Image 1,S2P,1,22,
4.44939,,Spot,1,Image 1,S2P,1,23,
5.89249,,Spot,1,Image 1,S2P,1,24,
4.49359,,Spot,1,Image 1,S2P,1,25,
2.67842,,Spot,1,Image 1,S2P,1,26,
2.09012,,Spot,1,Image 1,S2P,1,27,
2.99946,,Spot,1,Image 1,S2P,1,28,
1.75387,,Spot,1,Image 1,S2P,1,29,
1.26748,,Spot,1,Image 1,S2P,1,30,
2.28837,,Spot,1,Image 1,S2P,1,31,
3.46839,,Spot,1,Image 1,S2P,1,32,
3.58489,,Spot,1,Image 1,S2P,1,33,
1.65289,,Spot,1,Image 1,S2P,1,35,
6.02877,,Spot,1,Image 1,S2P,1,36,
3.07699,,Spot,1,Image 1,S2P,1,38,
2.99219,,Spot,1,Image 1,S2P,1,39,
4.107,,Spot,1,Image 1,S2P,1,40,
2.63881,,Spot,1,Image 1,S2P,1,41,
2.27349,,Spot,1,Image 1,S2P,1,42,
3.00857,,Spot,1,Image 1,S2P,1,43,
3.51667,,Spot,1,Image 1,S2P,1,44,
3.12144,,Spot,1,Image 1,S2P,1,45,
4.6575,,Spot,1,Image 1,S2P,1,46,
4.0628,,Spot,1,Image 1,S2P,1,47,
2.87803,,Spot,1,Image 1,S2P,1,48,
3.86927,,Spot,1,Image 1,S2P,1,49,
5.01357,,Spot,1,Image 1,S2P,1,50,
5.52931,,Spot,1,Image 1,S2P,1,51,
4.49546,,Spot,1,Image 1,S2P,1,53,
4.12381,,Spot,1,Image 1,S2P,1,54,
2.85223,,Spot,1,Image 1,S2P,1,55,
4.55041,,Spot,1,Image 1,S2P,1,56,
4.53792,,Spot,1,Image 1,S2P,1,57,
4.79374,,Spot,1,Image 1,S2P,1,58,
2.89259,,Spot,1,Image 1,S2P,1,59,
4.99568,,Spot,1,Image 1,S2P,1,60,
7.16176,,Spot,1,Image 1,S2P,1,61,
8.55532,,Spot,1,Image 1,S2P,1,62,
3.02068,,Spot,1,Image 1,S2P,1,63,
2.88081,,Spot,1,Image 1,S2P,1,64,
2.94911,,Spot,1,Image 1,S2P,1,65,
4.25996,,Spot,1,Image 1,S2P,1,66,
9.41234,,Spot,1,Image 1,S2P,1,67,
3.36318,,Spot,1,Image 1,S2P,1,68,
1.64513,,Spot,1,Image 1,S2P,1,69,
3.61812,,Spot,1,Image 1,S2P,1,70,
7.0917,,Spot,1,Image 1,S2P,1,71,
3.11261,,Spot,1,Image 1,S2P,1,72,
2.02966,,Spot,1,Image 1,S2P,1,73,
3.90105,,Spot,1,Image 1,S2P,1,74,
4.77224,,Spot,1,Image 1,S2P,1,75,
4.70736,,Spot,1,Image 1,S2P,1,76,
6.56317,,Spot,1,Image 1,S2P,1,77,
4.19819,,Spot,1,Image 1,S2P,1,78,
3.40921,,Spot,1,Image 1,S2P,1,79,
3.80108,,Spot,1,Image 1,S2P,1,80,
3.50992,,Spot,1,Image 1,S2P,1,81,
2.95156,,Spot,1,Image 1,S2P,1,83,
2.9091,,Spot,1,Image 1,S2P,1,84,
2.52731,,Spot,1,Image 1,S2P,1,85,
2.64826,,Spot,1,Image 1,S2P,1,86,
2.65529,,Spot,1,Image 1,S2P,1,87,
4.19643,,Spot,1,Image 1,S2P,1,88,
5.52108,,Spot,1,Image 1,S2P,1,89,
5.96971,,Spot,1,Image 1,S2P,1,90,
5.57903,,Spot,1,Image 1,S2P,1,91,
5.62489,,Spot,1,Image 1,S2P,1,92,
4.4054,,Spot,1,Image 1,S2P,1,93,
6.57236,,Spot,1,Image 1,S2P,1,94,
4.81433,,Spot,1,Image 1,S2P,1,95,
6.27226,,Spot,1,Image 1,S2P,1,96,
2.50965,,Spot,1,Image 1,S2P,1,97,
2.29787,,Spot,1,Image 1,S2P,1,98,
2.45814,,Spot,1,Image 1,S2P,1,99,
2.19035,,Spot,1,Image 1,S2P,1,100,
2.51794,,Spot,1,Image 1,S2P,1,101,
2.33418,,Spot,1,Image 1,S2P,1,102,
2.01584,,Spot,1,Image 1,S2P,1,103,
2.73198,,Spot,1,Image 1,S2P,1,104,
2.96508,,Spot,1,Image 1,S2P,1,105,
2.59,,Spot,1,Image 1,S2P,1,106,
2.13888,,Spot,1,Image 1,S2P,1,107,
2.45708,,Spot,1,Image 1,S2P,1,108,
3.67728,,Spot,1,Image 1,S2P,1,109,
3.51906,,Spot,1,Image 1,S2P,1,110,
1.73156,,Spot,1,Image 1,S2P,1,111,
3.53719,,Spot,1,Image 1,S2P,1,112,
3.36365,,Spot,1,Image 1,S2P,1,113,
4.23268,,Spot,1,Image 1,S2P,1,114,
1.96403,,Spot,1,Image 1,S2P,1,115,
2.40996,,Spot,1,Image 1,S2P,1,116,
2.6653,,Spot,1,Image 1,S2P,1,117,
2.9344,,Spot,1,Image 1,S2P,1,118,
3.20335,,Spot,1,Image 1,S2P,1,119,
2.0559,,Spot,1,Image 1,S2P,1,120,
2.1297,,Spot,1,Image 1,S2P,1,121,
2.94173,,Spot,1,Image 1,S2P,1,122,
2.60573,,Spot,1,Image 1,S2P,1,123,
2.71639,,Spot,1,Image 1,S2P,1,124,
1.25295,,Spot,1,Image 1,S2P,1,125,
2.68411,,Spot,1,Image 1,S2P,1,126,
3.55514,,Spot,1,Image 1,S2P,1,127,
5.53159,,Spot,1,Image 1,S2P,1,128,
2.74106,,Spot,1,Image 1,S2P,1,129,
2.87179,,Spot,1,Image 1,S2P,1,130,
5.19015,,Spot,1,Image 1,S2P,1,131,
3.75196,,Spot,1,Image 1,S2P,1,132,
5.22842,,Spot,1,Image 1,S2P,1,133,
1.94215,,Spot,1,Image 1,S2P,1,134,
3.19433,,Spot,1,Image 1,S2P,1,135,
5.2246,,Spot,1,Image 1,S2P,1,136,
4.60972,,Spot,1,Image 1,S2P,1,137,
4.23292,,Spot,1,Image 1,S2P,1,138,
4.34758,,Spot,1,Image 1,S2P,1,139,
4.1909,,Spot,1,Image 1,S2P,1,140,
3.7588,,Spot,1,Image 1,S2P,1,141,
5.22802,,Spot,1,Image 1,S2P,1,142,
1.61099,,Spot,1,Image 1,S2P,1,143,
5.09543,,Spot,1,Image 1,S2P,1,144,
2.24487,,Spot,1,Image 1,S2P,1,145,
1.73014,,Spot,1,Image 1,S2P,1,146,
1.90979,,Spot,1,Image 1,S2P,1,147,
2.56858,,Spot,1,Image 1,S2P,1,148,
2.95603,,Spot,1,Image 1,S2P,1,149,
2.89033,,Spot,1,Image 1,S2P,1,150,
1.75473,,Spot,1,Image 1,S2P,1,151,
2.27691,,Spot,1,Image 1,S2P,1,152,
1.84958,,Spot,1,Image 1,S2P,1,154,
2.92276,,Spot,1,Image 1,S2P,1,155,
2.20242,,Spot,1,Image 1,S2P,1,157,
3.97217,,Spot,1,Image 1,S2P,1,158,
3.37814,,Spot,1,Image 1,S2P,1,159,
3.71885,,Spot,1,Image 1,S2P,1,160,
3.51635,,Spot,1,Image 1,S2P,1,161,
3.25591,,Spot,1,Image 1,S2P,1,162,
2.53328,,Spot,1,Image 1,S2P,1,163,
1.60785,,Spot,1,Image 1,S2P,1,164,
3.99248,,Spot,1,Image 1,S2P,1,165,
3.88233,,Spot,1,Image 1,S2P,1,166,
1.55299,,Spot,1,Image 1,S2P,1,167,
2.33138,,Spot,1,Image 1,S2P,1,168,
5.06085,,Spot,1,Image 1,S2P,1,169,
1.72493,,Spot,1,Image 1,S2P,1,170,
1.73168,,Spot,1,Image 1,S2P,1,171,
1.5847,,Spot,1,Image 1,S2P,1,172,
3.74134,,Spot,1,Image 1,S2P,1,173,
3.03558,,Spot,1,Image 1,S2P,1,174,
2.79161,,Spot,1,Image 1,S2P,1,175,
2.76084,,Spot,1,Image 1,S2P,1,176,
3.74558,,Spot,1,Image 1,S2P,1,177,
2.25214,,Spot,1,Image 1,S2P,1,178,
2.37195,,Spot,1,Image 1,S2P,1,179,
2.61907,,Spot,1,Image 1,S2P,1,180,
4.30917,,Spot,1,Image 1,S2P,1,181,
1.31503,,Spot,1,Image 1,S2P,1,182,
3.79403,,Spot,1,Image 1,S2P,1,183,
2.26254,,Spot,1,Image 1,S2P,1,185,
2.26578,,Spot,1,Image 1,S2P,1,186,
5.18143,,Spot,1,Image 1,S2P,1,187,
4.2414,,Spot,1,Image 1,S2P,1,188,
2.69284,,Spot,1,Image 1,S2P,1,189,
2.91113,,Spot,1,Image 1,S2P,1,190,
2.78283,,Spot,1,Image 1,S2P,1,191,
3.18421,,Spot,1,Image 1,S2P,1,192,
2.77675,,Spot,1,Image 1,S2P,1,193,
4.4341,,Spot,1,Image 1,S2P,1,194,
2.32194,,Spot,1,Image 1,S2P,1,195,
7.02982,,Spot,1,Image 1,S2P,1,196,
4.0483,,Spot,1,Image 1,S2P,1,197,
2.46636,,Spot,1,Image 1,S2P,1,198,
2.16148,,Spot,1,Image 1,S2P,1,199,
2.26546,,Spot,1,Image 1,S2P,1,200,
2.11211,,Spot,1,Image 1,S2P,1,201,
1.51476,,Spot,1,Image 1,S2P,1,202,
2.20849,,Spot,1,Image 1,S2P,1,203,
2.08638,,Spot,1,Image 1,S2P,1,204,
2.40744,,Spot,1,Image 1,S2P,1,206,
3.61858,,Spot,1,Image 1,S2P,1,207,
4.62648,,Spot,1,Image 1,S2P,1,208,
2.48003,,Spot,1,Image 1,S2P,1,209,
3.15687,,Spot,1,Image 1,S2P,1,210,
3.88855,,Spot,1,Image 1,S2P,1,211,
3.29747,,Spot,1,Image 1,S2P,1,212,
2.51269,,Spot,1,Image 1,S2P,1,213,
4.4153,,Spot,1,Image 1,S2P,1,214,
5.25647,,Spot,1,Image 1,S2P,1,215,
2.35581,,Spot,1,Image 1,S2P,1,216,
6.02446,,Spot,1,Image 1,S2P,1,217,
3.86957,,Spot,1,Image 1,S2P,1,218,
3.4856,,Spot,1,Image 1,S2P,1,219,
1.94149,,Spot,1,Image 1,S2P,1,220,
2.35229,,Spot,1,Image 1,S2P,1,221,
3.06565,,Spot,1,Image 1,S2P,1,222,
3.76287,,Spot,1,Image 1,S2P,1,223,
3.10548,,Spot,1,Image 1,S2P,1,224,
2.83499,,Spot,1,Image 1,S2P,1,225,
2.53341,,Spot,1,Image 1,S2P,1,226,
3.57795,,Spot,1,Image 1,S2P,1,227,
3.96389,,Spot,1,Image 1,S2P,1,228,
9.26099,,Spot,1,Image 1,S2P,1,229,
2.74511,,Spot,1,Image 1,S2P,1,230,
3.41181,,Spot,1,Image 1,S2P,1,231,
2.87468,,Spot,1,Image 1,S2P,1,232,
2.34356,,Spot,1,Image 1,S2P,1,233,
2.37611,,Spot,1,Image 1,S2P,1,234,
2.9443,,Spot,1,Image 1,S2P,1,235,
3.31085,,Spot,1,Image 1,S2P,1,236,
3.30003,,Spot,1,Image 1,S2P,1,237,
2.80576,,Spot,1,Image 1,S2P,1,238,
4.69146,,Spot,1,Image 1,S2P,1,239,
2.66497,,Spot,1,Image 1,S2P,1,240,
4.07768,,Spot,1,Image 1,S2P,1,241,
4.34071,,Spot,1,Image 1,S2P,1,242,
5.60509,,Spot,1,Image 1,S2P,1,243,
4.76587,,Spot,1,Image 1,S2P,1,244,
2.05997,,Spot,1,Image 1,S2P,1,245,
4.68179,,Spot,1,Image 1,S2P,1,246,
3.33807,,Spot,1,Image 1,S2P,1,247,
2.37458,,Spot,1,Image 1,S2P,1,248,
4.22303,,Spot,1,Image 1,S2P,1,249,
2.83677,,Spot,1,Image 1,S2P,1,250,
2.92795,,Spot,1,Image 1,S2P,1,251,
3.96006,,Spot,1,Image 1,S2P,1,252,
4.04226,,Spot,1,Image 1,S2P,1,253,
2.02131,,Spot,1,Image 1,S2P,1,254,
4.29352,,Spot,1,Image 1,S2P,1,255,
3.41648,,Spot,1,Image 1,S2P,1,256,
5.98006,,Spot,1,Image 1,S2P,1,257,
1.83701,,Spot,1,Image 1,S2P,1,258,
3.73032,,Spot,1,Image 1,S2P,1,259,
4.98506,,Spot,1,Image 1,S2P,1,260,
5.9948,,Spot,1,Image 1,S2P,1,261,
3.59999,,Spot,1,Image 1,S2P,1,262,
2.59293,,Spot,1,Image 1,S2P,1,263,
3.41685,,Spot,1,Image 1,S2P,1,264,
2.20957,,Spot,1,Image 1,S2P,1,265,
2.81475,,Spot,1,Image 1,S2P,1,266,
5.61468,,Spot,1,Image 1,S2P,1,267,
6.20575,,Spot,1,Image 1,S2P,1,268,
1.76027,,Spot,1,Image 1,S2P,1,269,
4.70903,,Spot,1,Image 1,S2P,1,270,
4.42122,,Spot,1,Image 1,S2P,1,271,
1.17614,,Spot,1,Image 1,S2P,1,272,
4.2995,,Spot,1,Image 1,S2P,1,273,
3.31257,,Spot,1,Image 1,S2P,1,274,
3.60531,,Spot,1,Image 1,S2P,1,275,
3.19301,,Spot,1,Image 1,S2P,1,276,
3.26385,,Spot,1,Image 1,S2P,1,277,
2.86962,,Spot,1,Image 1,S2P,1,278,
2.64761,,Spot,1,Image 1,S2P,1,279,
2.27921,,Spot,1,Image 1,S2P,1,280,
3.59946,,Spot,1,Image 1,S2P,1,281,
3.86846,,Spot,1,Image 1,S2P,1,282,
2.62481,,Spot,1,Image 1,S2P,1,283,
7.86311,,Spot,1,Image 1,S2P,1,284,
4.53114,,Spot,1,Image 1,S2P,1,285,
3.75486,,Spot,1,Image 1,S2P,1,286,
6.46784,,Spot,1,Image 1,S2P,1,287,
5.35422,,Spot,1,Image 1,S2P,1,288,
3.03139,,Spot,1,Image 1,S2P,1,289,
4.74794,,Spot,1,Image 1,S2P,1,290,
4.19321,,Spot,1,Image 1,S2P,1,291,
4.34562,,Spot,1,Image 1,S2P,1,292,
3.2856,,Spot,1,Image 1,S2P,1,293,
3.33497,,Spot,1,Image 1,S2P,1,294,
3.72503,,Spot,1,Image 1,S2P,1,295,
2.45768,,Spot,1,Image 1,S2P,1,296,
5.65601,,Spot,1,Image 1,S2P,1,297,
3.50859,,Spot,1,Image 1,S2P,1,298,
2.5504,,Spot,1,Image 1,S2P,1,299,
2.47069,,Spot,1,Image 1,S2P,1,300,
3.23137,,Spot,1,Image 1,S2P,1,301,
4.59696,,Spot,1,Image 1,S2P,1,302,
4.27524,,Spot,1,Image 1,S2P,1,303,
3.27478,,Spot,1,Image 1,S2P,1,304,
2.67124,,Spot,1,Image 1,S2P,1,305,
3.83678,,Spot,1,Image 1,S2P,1,306,
2.99862,,Spot,1,Image 1,S2P,1,307,
2.13145,,Spot,1,Image 1,S2P,1,308,
3.75258,,Spot,1,Image 1,S2P,1,309,
4.12211,,Spot,1,Image 1,S2P,1,310,
2.34062,,Spot,1,Image 1,S2P,1,311,
2.52182,,Spot,1,Image 1,S2P,1,312,
6.81734,,Spot,1,Image 1,S2P,1,313,
4.10694,,Spot,1,Image 1,S2P,1,314,
6.38811,,Spot,1,Image 1,S2P,1,315,
2.9857,,Spot,1,Image 1,S2P,1,316,
3.74436,,Spot,1,Image 1,S2P,1,317,
3.43086,,Spot,1,Image 1,S2P,1,318,
2.70815,,Spot,1,Image 1,S2P,1,319,
7.00323,,Spot,1,Image 1,S2P,1,320,
7.41481,,Spot,1,Image 1,S2P,1,321,
2.69312,,Spot,1,Image 1,S2P,1,322,
3.08176,,Spot,1,Image 1,S2P,1,323,
3.47676,,Spot,1,Image 1,S2P,1,324,
5.20646,,Spot,1,Image 1,S2P,1,325,
4.5396,,Spot,1,Image 1,S2P,1,326,
4.36454,,Spot,1,Image 1,S2P,1,327,
3.87025,,Spot,1,Image 1,S2P,1,328,
2.57071,,Spot,1,Image 1,S2P,1,329,
3.45405,,Spot,1,Image 1,S2P,1,330,
3.07528,,Spot,1,Image 1,S2P,1,331,
3.28731,,Spot,1,Image 1,S2P,1,332,
2.86864,,Spot,1,Image 1,S2P,1,333,
3.09139,,Spot,1,Image 1,S2P,1,334,
7.26692,,Spot,1,Image 1,S2P,1,335,
2.70369,,Spot,1,Image 1,S2P,1,336,
2.59625,,Spot,1,Image 1,S2P,1,337,
6.11624,,Spot,1,Image 1,S2P,1,338,
8.91969,,Spot,1,Image 1,S2P,1,339,
7.66429,,Spot,1,Image 1,S2P,1,340,
5.03523,,Spot,1,Image 1,S2P,1,341,
3.66152,,Spot,1,Image 1,S2P,1,342,
5.28031,,Spot,1,Image 1,S2P,1,343,
5.47464,,Spot,1,Image 1,S2P,1,344,
5.13502,,Spot,1,Image 1,S2P,1,345,
2.54173,,Spot,1,Image 1,S2P,1,346,
2.56394,,Spot,1,Image 1,S2P,1,347,
4.19725,,Spot,1,Image 1,S2P,1,348,
3.87531,,Spot,1,Image 1,S2P,1,349,
3.23675,,Spot,1,Image 1,S2P,1,350,
2.53104,,Spot,1,Image 1,S2P,1,351,
2.57132,,Spot,1,Image 1,S2P,1,352,
7.10225,,Spot,1,Image 1,S2P,1,353,
2.46077,,Spot,1,Image 1,S2P,1,354,
2.32336,,Spot,1,Image 1,S2P,1,355,
2.43023,,Spot,1,Image 1,S2P,1,356,
1.5287,,Spot,1,Image 1,S2P,1,357,
4.7274,,Spot,1,Image 1,S2P,1,358,
4.28794,,Spot,1,Image 1,S2P,1,359,
2.81641,,Spot,1,Image 1,S2P,1,360,
6.98289,,Spot,1,Image 1,S2P,1,361,
2.35954,,Spot,1,Image 1,S2P,1,362,
9.24685,,Spot,1,Image 1,S2P,1,363,
2.73791,,Spot,1,Image 1,S2P,1,364,
2.73715,,Spot,1,Image 1,S2P,1,365,
2.49119,,Spot,1,Image 1,S2P,1,366,
2.67204,,Spot,1,Image 1,S2P,1,367,
4.93606,,Spot,1,Image 1,S2P,1,368,
3.87953,,Spot,1,Image 1,S2P,1,369,
5.64369,,Spot,1,Image 1,S2P,1,370,
3.18184,,Spot,1,Image 1,S2P,1,371,
1.29268,,Spot,1,Image 1,S2P,1,372,
4.41133,,Spot,1,Image 1,S2P,1,373,
3.97967,,Spot,1,Image 1,S2P,1,374,
2.55656,,Spot,1,Image 1,S2P,1,375,
3.71111,,Spot,1,Image 1,S2P,1,376,
4.54602,,Spot,1,Image 1,S2P,1,377,
3.0416,,Spot,1,Image 1,S2P,1,378,
2.79532,,Spot,1,Image 1,S2P,1,379,
4.959,,Spot,1,Image 1,S2P,1,380,
4.41397,,Spot,1,Image 1,S2P,1,381,
3.14221,,Spot,1,Image 1,S2P,1,382,
3.65679,,Spot,1,Image 1,S2P,1,383,
2.47465,,Spot,1,Image 1,S2P,1,384,
8.318,,Spot,1,Image 1,S2P,1,385,
2.97111,,Spot,1,Image 1,S2P,1,386,
3.06506,,Spot,1,Image 1,S2P,1,387,
3.33066,,Spot,1,Image 1,S2P,1,388,
7.14842,,Spot,1,Image 1,S2P,1,389,
3.5721,,Spot,1,Image 1,S2P,1,390,
3.27299,,Spot,1,Image 1,S2P,1,391,
4.31195,,Spot,1,Image 1,S2P,1,392,
3.32219,,Spot,1,Image 1,S2P,1,393,
5.32908,,Spot,1,Image 1,S2P,1,394,
4.22789,,Spot,1,Image 1,S2P,1,395,
4.12361,,Spot,1,Image 1,S2P,1,396,
4.68604,,Spot,1,Image 1,S2P,1,397,
3.86829,,Spot,1,Image 1,S2P,1,398,
3.10169,,Spot,1,Image 1,S2P,1,399,
4.06557,,Spot,1,Image 1,S2P,1,400,
2.45457,,Spot,1,Image 1,S2P,1,401,
3.28701,,Spot,1,Image 1,S2P,1,402,
2.44393,,Spot,1,Image 1,S2P,1,403,
2.66685,,Spot,1,Image 1,S2P,1,404,
2.56935,,Spot,1,Image 1,S2P,1,405,
2.41418,,Spot,1,Image 1,S2P,1,406,
2.2961,,Spot,1,Image 1,S2P,1,407,
3.40992,,Spot,1,Image 1,S2P,1,408,
4.48491,,Spot,1,Image 1,S2P,1,409,
5.52435,,Spot,1,Image 1,S2P,1,410,
3.40886,,Spot,1,Image 1,S2P,1,411,
3.32343,,Spot,1,Image 1,S2P,1,412,
4.18568,,Spot,1,Image 1,S2P,1,413,
4.22174,,Spot,1,Image 1,S2P,1,414,
3.44376,,Spot,1,Image 1,S2P,1,415,
7.13613,,Spot,1,Image 1,S2P,1,416,
3.83678,,Spot,1,Image 1,S2P,1,417,
2.83081,,Spot,1,Image 1,S2P,1,418,
3.91477,,Spot,1,Image 1,S2P,1,419,
3.17395,,Spot,1,Image 1,S2P,1,420,
5.74699,,Spot,1,Image 1,S2P,1,421,
5.14033,,Spot,1,Image 1,S2P,1,422,
3.15546,,Spot,1,Image 1,S2P,1,423,
4.22668,,Spot,1,Image 1,S2P,1,424,
4.89789,,Spot,1,Image 1,S2P,1,425,
5.28047,,Spot,1,Image 1,S2P,1,426,
5.57075,,Spot,1,Image 1,S2P,1,427,
5.66143,,Spot,1,Image 1,S2P,1,428,
7.66939,,Spot,1,Image 1,S2P,1,429,
5.10263,,Spot,1,Image 1,S2P,1,430,
4.48045,,Spot,1,Image 1,S2P,1,431,
1.55736,,Spot,1,Image 1,S2P,1,432,
4.81892,,Spot,1,Image 1,S2P,1,433,
7.26032,,Spot,1,Image 1,S2P,1,434,
6.68997,,Spot,1,Image 1,S2P,1,435,
4.17239,,Spot,1,Image 1,S2P,1,436,
4.24771,,Spot,1,Image 1,S2P,1,437,
5.57851,,Spot,1,Image 1,S2P,1,438,
5.81939,,Spot,1,Image 1,S2P,1,439,
6.53075,,Spot,1,Image 1,S2P,1,440,
5.27931,,Spot,1,Image 1,S2P,1,441,
7.19525,,Spot,1,Image 1,S2P,1,442,
5.13167,,Spot,1,Image 1,S2P,1,443,
6.09379,,Spot,1,Image 1,S2P,1,444,
6.86741,,Spot,1,Image 1,S2P,1,445,
6.38589,,Spot,1,Image 1,S2P,1,446,
5.9725,,Spot,1,Image 1,S2P,1,447,
4.0743,,Spot,1,Image 1,S2P,1,448,
4.70192,,Spot,1,Image 1,S2P,1,449,
4.16374,,Spot,1,Image 1,S2P,1,450,
4.71071,,Spot,1,Image 1,S2P,1,451,
5.09936,,Spot,1,Image 1,S2P,1,452,
5.71394,,Spot,1,Image 1,S2P,1,453,
6.76566,,Spot,1,Image 1,S2P,1,454,
4.40439,,Spot,1,Image 1,S2P,1,455,
3.79628,,Spot,1,Image 1,S2P,1,456,
4.40764,,Spot,1,Image 1,S2P,1,457,
4.32157,,Spot,1,Image 1,S2P,1,458,
3.28417,,Spot,1,Image 1,S2P,1,459,
5.91562,,Spot,1,Image 1,S2P,1,460,
6.33346,,Spot,1,Image 1,S2P,1,461,
4.19492,,Spot,1,Image 1,S2P,1,462,
4.68866,,Spot,1,Image 1,S2P,1,463,
4.37154,,Spot,1,Image 1,S2P,1,464,
4.67981,,Spot,1,Image 1,S2P,1,465,
5.80624,,Spot,1,Image 1,S2P,1,466,
5.00784,,Spot,1,Image 1,S2P,1,467,
5.48256,,Spot,1,Image 1,S2P,1,468,
4.722,,Spot,1,Image 1,S2P,1,469,
5.57702,,Spot,1,Image 1,S2P,1,470,
5.88377,,Spot,1,Image 1,S2P,1,471,
5.28404,,Spot,1,Image 1,S2P,1,472,
5.42062,,Spot,1,Image 1,S2P,1,473,
4.6083,,Spot,1,Image 1,S2P,1,474,
3.7004,,Spot,1,Image 1,S2P,1,475,
4.58907,,Spot,1,Image 1,S2P,1,476,
5.01144,,Spot,1,Image 1,S2P,1,477,
3.47778,,Spot,1,Image 1,S2P,1,478,
4.56399,,Spot,1,Image 1,S2P,1,479,
6.53827,,Spot,1,Image 1,S2P,1,480,
7.56508,,Spot,1,Image 1,S2P,1,481,
5.35259,,Spot,1,Image 1,S2P,1,482,
5.8345,,Spot,1,Image 1,S2P,1,483,
4.78549,,Spot,1,Image 1,S2P,1,484,
6.71603,,Spot,1,Image 1,S2P,1,485,
5.3972,,Spot,1,Image 1,S2P,1,486,
5.39752,,Spot,1,Image 1,S2P,1,487,
5.5962,,Spot,1,Image 1,S2P,1,488,
4.05916,,Spot,1,Image 1,S2P,1,489,
5.44068,,Spot,1,Image 1,S2P,1,490,
3.00205,,Spot,1,Image 1,S2P,1,491,
4.90064,,Spot,1,Image 1,S2P,1,492,
5.6267,,Spot,1,Image 1,S2P,1,493,
4.88925,,Spot,1,Image 1,S2P,1,494,
5.51058,,Spot,1,Image 1,S2P,1,495,
5.1903,,Spot,1,Image 1,S2P,1,496,
5.06888,,Spot,1,Image 1,S2P,1,497,
5.53049,,Spot,1,Image 1,S2P,1,498,
5.6677,,Spot,1,Image 1,S2P,1,499,
5.0957,,Spot,1,Image 1,S2P,1,500,
4.06555,,Spot,1,Image 1,S2P,1,501,
5.97316,,Spot,1,Image 1,S2P,1,502,
5.96767,,Spot,1,Image 1,S2P,1,503,
5.15437,,Spot,1,Image 1,S2P,1,504,
3.1702,,Spot,1,Image 1,S2P,1,505,
4.69727,,Spot,1,Image 1,S2P,1,506,
4.40438,,Spot,1,Image 1,S2P,1,507,
4.83752,,Spot,1,Image 1,S2P,1,508,
5.71967,,Spot,1,Image 1,S2P,1,509,
5.74246,,Spot,1,Image 1,S2P,1,510,
6.10131,,Spot,1,Image 1,S2P,1,511,
4.25316,,Spot,1,Image 1,S2P,1,512,
4.61054,,Spot,1,Image 1,S2P,1,513,
3.1772,,Spot,1,Image 1,S2P,1,514,
2.46751,,Spot,1,Image 1,S2P,1,515,
2.41018,,Spot,1,Image 1,S2P,1,516,
2.27089,,Spot,1,Image 1,S2P,1,517,
4.8115,,Spot,1,Image 1,S2P,1,518,
2.59462,,Spot,1,Image 1,S2P,1,520,
1.67841,,Spot,1,Image 1,S2P,1,521,
6.19518,,Spot,1,Image 1,S2P,1,522,
6.35039,,Spot,1,Image 1,S2P,1,523,
1.70666,,Spot,1,Image 1,S2P,1,524,
1.75921,,Spot,1,Image 1,S2P,1,525,
5.11484,,Spot,1,Image 1,S2P,1,526,
2.60284,,Spot,1,Image 1,S2P,1,527,
3.01569,,Spot,1,Image 1,S2P,1,528,
3.07985,,Spot,1,Image 1,S2P,1,529,
6.21468,,Spot,1,Image 1,S2P,1,530,
3.16529,,Spot,1,Image 1,S2P,1,531,
2.97422,,Spot,1,Image 1,S2P,1,532,
3.7136,,Spot,1,Image 1,S2P,1,533,
2.82236,,Spot,1,Image 1,S2P,1,534,
5.32736,,Spot,1,Image 1,S2P,1,535,
2.40487,,Spot,1,Image 1,S2P,1,536,
5.01518,,Spot,1,Image 1,S2P,1,537,
3.8943,,Spot,1,Image 1,S2P,1,538,
2.97136,,Spot,1,Image 1,S2P,1,539,
2.43238,,Spot,1,Image 1,S2P,1,540,
2.84353,,Spot,1,Image 1,S2P,1,541,
3.5549,,Spot,1,Image 1,S2P,1,542,
2.34958,,Spot,1,Image 1,S2P,1,543,
2.27157,,Spot,1,Image 1,S2P,1,544,
5.94198,,Spot,1,Image 1,S2P,1,545,
6.07859,,Spot,1,Image 1,S2P,1,546,
6.27005,,Spot,1,Image 1,S2P,1,547,
5.18524,,Spot,1,Image 1,S2P,1,548,
6.0504,,Spot,1,Image 1,S2P,1,549,
6.15554,,Spot,1,Image 1,S2P,1,550,
2.75288,,Spot,1,Image 1,S2P,1,551,
5.32581,,Spot,1,Image 1,S2P,1,552,
2.32726,,Spot,1,Image 1,S2P,1,553,
2.9814,,Spot,1,Image 1,S2P,1,554,
3.30076,,Spot,1,Image 1,S2P,1,555,
1.72451,,Spot,1,Image 1,S2P,1,556,
2.92702,,Spot,1,Image 1,S2P,1,557,
5.48546,,Spot,1,Image 1,S2P,1,558,
8.2928,,Spot,1,Image 1,S2P,1,559,
2.69648,,Spot,1,Image 1,S2P,1,560,
3.39079,,Spot,1,Image 1,S2P,1,561,
5.91351,,Spot,1,Image 1,S2P,1,562,
3.50456,,Spot,1,Image 1,S2P,1,563,
5.86098,,Spot,1,Image 1,S2P,1,564,
4.76474,,Spot,1,Image 1,S2P,1,565,
4.91744,,Spot,1,Image 1,S2P,1,566,
3.41636,,Spot,1,Image 1,S2P,1,567,
6.14257,,Spot,1,Image 1,S2P,1,568,
4.90954,,Spot,1,Image 1,S2P,1,569,
2.47229,,Spot,1,Image 1,S2P,1,570,
4.07947,,Spot,1,Image 1,S2P,1,571,
5.929,,Spot,1,Image 1,S2P,1,572,
4.93332,,Spot,1,Image 1,S2P,1,573,
3.43902,,Spot,1,Image 1,S2P,1,574,
5.82358,,Spot,1,Image 1,S2P,1,575,
5.86876,,Spot,1,Image 1,S2P,1,576,
2.48904,,Spot,1,Image 1,S2P,1,577,
2.26531,,Spot,1,Image 1,S2P,1,578,
3.44277,,Spot,1,Image 1,S2P,1,579,
1.81249,,Spot,1,Image 1,S2P,1,580,
3.56924,,Spot,1,Image 1,S2P,1,581,
1.99435,,Spot,1,Image 1,S2P,1,582,
5.56227,,Spot,1,Image 1,S2P,1,583,
6.34246,,Spot,1,Image 1,S2P,1,584,
7.12632,,Spot,1,Image 1,S2P,1,585,
6.29249,,Spot,1,Image 1,S2P,1,586,
5.92842,,Spot,1,Image 1,S2P,1,587,
6.71907,,Spot,1,Image 1,S2P,1,588,
6.51721,,Spot,1,Image 1,S2P,1,589,
6.47937,,Spot,1,Image 1,S2P,1,590,
5.31637,,Spot,1,Image 1,S2P,1,591,
5.98721,,Spot,1,Image 1,S2P,1,592,
5.22225,,Spot,1,Image 1,S2P,1,593,
6.16988,,Spot,1,Image 1,S2P,1,594,
5.78375,,Spot,1,Image 1,S2P,1,595,
6.29782,,Spot,1,Image 1,S2P,1,596,
6.13964,,Spot,1,Image 1,S2P,1,597,
5.81045,,Spot,1,Image 1,S2P,1,598,
5.67839,,Spot,1,Image 1,S2P,1,599,
5.56123,,Spot,1,Image 1,S2P,1,600,
4.94752,,Spot,1,Image 1,S2P,1,601,
0.953011,,Spot,1,Image 1,S2P,1,602,
1.78796,,Spot,1,Image 1,S2P,1,603,
5.59208,,Spot,1,Image 1,S2P,1,604,
6.62197,,Spot,1,Image 1,S2P,1,605,
4.36573,,Spot,1,Image 1,S2P,1,606,
2.22982,,Spot,1,Image 1,S2P,1,607,
2.65833,,Spot,1,Image 1,S2P,1,608,
5.04947,,Spot,1,Image 1,S2P,1,609,
4.7152,,Spot,1,Image 1,S2P,1,610,
4.65458,,Spot,1,Image 1,S2P,1,611,
5.58736,,Spot,1,Image 1,S2P,1,612,
3.10222,,Spot,1,Image 1,S2P,1,613,
4.99544,,Spot,1,Image 1,S2P,1,614,
5.85161,,Spot,1,Image 1,S2P,1,615,
1.44428,,Spot,1,Image 1,S2P,1,616,
5.62448,,Spot,1,Image 1,S2P,1,617,
5.51347,,Spot,1,Image 1,S2P,1,618,
2.18808,,Spot,1,Image 1,S2P,1,619,
3.81965,,Spot,1,Image 1,S2P,1,620,
1.4609,,Spot,1,Image 1,S2P,1,621,
2.28452,,Spot,1,Image 1,S2P,1,622,
4.15221,,Spot,1,Image 1,S2P,1,623,
5.46394,,Spot,1,Image 1,S2P,1,624,
1.30846,,Spot,1,Image 1,S2P,1,625,
1.50047,,Spot,1,Image 1,S2P,1,626,
1.4398,,Spot,1,Image 1,S2P,1,627,
5.56592,,Spot,1,Image 1,S2P,1,628,
1.46829,,Spot,1,Image 1,S2P,1,629,
5.96995,,Spot,1,Image 1,S2P,1,630,
6.71015,,Spot,1,Image 1,S2P,1,631,
1.21788,,Spot,1,Image 1,S2P,1,632,
3.42507,,Spot,1,Image 1,S2P,1,633,
4.08849,,Spot,1,Image 1,S2P,1,634,
2.48574,,Spot,1,Image 1,S2P,1,635,
5.22472,,Spot,1,Image 1,S2P,1,636,
1.70085,,Spot,1,Image 1,S2P,1,637,
5.41195,,Spot,1,Image 1,S2P,1,638,
4.14581,,Spot,1,Image 1,S2P,1,639,
5.44018,,Spot,1,Image 1,S2P,1,640,
7.05982,,Spot,1,Image 1,S2P,1,641,
6.37635,,Spot,1,Image 1,S2P,1,642,
4.66519,,Spot,1,Image 1,S2P,1,643,
4.68215,,Spot,1,Image 1,S2P,1,644,
4.74797,,Spot,1,Image 1,S2P,1,645,
3.06234,,Spot,1,Image 1,S2P,1,646,
5.81215,,Spot,1,Image 1,S2P,1,647,
4.48291,,Spot,1,Image 1,S2P,1,648,
5.43011,,Spot,1,Image 1,S2P,1,649,
4.99448,,Spot,1,Image 1,S2P,1,650,
5.56018,,Spot,1,Image 1,S2P,1,651,
3.52709,,Spot,1,Image 1,S2P,1,652,
3.14505,,Spot,1,Image 1,S2P,1,653,
5.49428,,Spot,1,Image 1,S2P,1,654,
5.31575,,Spot,1,Image 1,S2P,1,655,
4.61312,,Spot,1,Image 1,S2P,1,656,
4.54797,,Spot,1,Image 1,S2P,1,657,
4.14145,,Spot,1,Image 1,S2P,1,658,
4.74658,,Spot,1,Image 1,S2P,1,659,
2.01557,,Spot,1,Image 1,S2P,1,660,
5.39666,,Spot,1,Image 1,S2P,1,661,
3.70852,,Spot,1,Image 1,S2P,1,662,
4.43895,,Spot,1,Image 1,S2P,1,663,
4.75387,,Spot,1,Image 1,S2P,1,664,
4.4295,,Spot,1,Image 1,S2P,1,665,
4.5788,,Spot,1,Image 1,S2P,1,666,
4.89255,,Spot,1,Image 1,S2P,1,667,
4.40072,,Spot,1,Image 1,S2P,1,668,
5.39418,,Spot,1,Image 1,S2P,1,669,
3.23374,,Spot,1,Image 1,S2P,1,670,
4.50421,,Spot,1,Image 1,S2P,1,671,
5.62906,,Spot,1,Image 1,S2P,1,672,
5.14346,,Spot,1,Image 1,S2P,1,673,
5.39904,,Spot,1,Image 1,S2P,1,674,
4.44269,,Spot,1,Image 1,S2P,1,675,
4.14834,,Spot,1,Image 1,S2P,1,676,
4.24483,,Spot,1,Image 1,S2P,1,677,
4.97293,,Spot,1,Image 1,S2P,1,678,
4.87964,,Spot,1,Image 1,S2P,1,679,
5.19476,,Spot,1,Image 1,S2P,1,680,
3.16991,,Spot,1,Image 1,S2P,1,681,
4.93061,,Spot,1,Image 1,S2P,1,682,
5.02226,,Spot,1,Image 1,S2P,1,683,
3.67513,,Spot,1,Image 1,S2P,1,684,
4.13762,,Spot,1,Image 1,S2P,1,685,
4.12169,,Spot,1,Image 1,S2P,1,686,
5.78704,,Spot,1,Image 1,S2P,1,687,
4.63174,,Spot,1,Image 1,S2P,1,688,
5.21931,,Spot,1,Image 1,S2P,1,689,
3.3639,,Spot,1,Image 1,S2P,1,690,
3.00501,,Spot,1,Image 1,S2P,1,691,
3.27251,,Spot,1,Image 1,S2P,1,692,
3.67579,,Spot,1,Image 1,S2P,1,693,
2.98068,,Spot,1,Image 1,S2P,1,694,
2.44825,,Spot,1,Image 1,S2P,1,695,
3.46,,Spot,1,Image 1,S2P,1,696,
2.61721,,Spot,1,Image 1,S2P,1,697,
2.30094,,Spot,1,Image 1,S2P,1,698,
3.35985,,Spot,1,Image 1,S2P,1,699,
3.95047,,Spot,1,Image 1,S2P,1,700,
2.75303,,Spot,1,Image 1,S2P,1,701,
3.92103,,Spot,1,Image 1,S2P,1,702,
2.13437,,Spot,1,Image 1,S2P,1,703,
3.74852,,Spot,1,Image 1,S2P,1,704,
1.98905,,Spot,1,Image 1,S2P,1,705,
6.49717,,Spot,1,Image 1,S2P,1,706,
2.06388,,Spot,1,Image 1,S2P,1,707,
2.93967,,Spot,1,Image 1,S2P,1,708,
4.04855,,Spot,1,Image 1,S2P,1,709,
3.6539,,Spot,1,Image 1,S2P,1,710,
1.55711,,Spot,1,Image 1,S2P,1,711,
2.63596,,Spot,1,Image 1,S2P,1,712,
1.25083,,Spot,1,Image 1,S2P,1,714,
3.99862,,Spot,1,Image 1,S2P,1,715,
2.45484,,Spot,1,Image 1,S2P,1,716,
4.10223,,Spot,1,Image 1,S2P,1,717,
6.36166,,Spot,1,Image 1,S2P,1,718,
1.62303,,Spot,1,Image 1,S2P,1,719,
3.533,,Spot,1,Image 1,S2P,1,720,
6.30618,,Spot,1,Image 1,S2P,1,721,
4.8344,,Spot,1,Image 1,S2P,1,722,
2.10618,,Spot,1,Image 1,S2P,1,723,
3.21838,,Spot,1,Image 1,S2P,1,724,
3.90117,,Spot,1,Image 1,S2P,1,725,
5.3642,,Spot,1,Image 1,S2P,1,726,
3.46351,,Spot,1,Image 1,S2P,1,727,
2.52235,,Spot,1,Image 1,S2P,1,728,
2.68943,,Spot,1,Image 1,S2P,1,729,
4.21157,,Spot,1,Image 1,S2P,1,730,
1.4547,,Spot,1,Image 1,S2P,1,731,
3.12352,,Spot,1,Image 1,S2P,1,732,
1.7337,,Spot,1,Image 1,S2P,1,733,
1.75484,,Spot,1,Image 1,S2P,1,734,
2.62877,,Spot,1,Image 1,S2P,1,735,
2.30954,,Spot,1,Image 1,S2P,1,736,
3.66655,,Spot,1,Image 1,S2P,1,737,
5.556,,Spot,1,Image 1,S2P,1,738,
2.37814,,Spot,1,Image 1,S2P,1,739,
1.43393,,Spot,1,Image 1,S2P,1,740,
5.2119,,Spot,1,Image 1,S2P,1,741,
5.1226,,Spot,1,Image 1,S2P,1,742,
6.00209,,Spot,1,Image 1,S2P,1,743,
3.57469,,Spot,1,Image 1,S2P,1,744,
3.69099,,Spot,1,Image 1,S2P,1,745,
4.97122,,Spot,1,Image 1,S2P,1,746,
2.40557,,Spot,1,Image 1,S2P,1,747,
5.59919,,Spot,1,Image 1,S2P,1,748,
3.05971,,Spot,1,Image 1,S2P,1,749,
2.8002,,Spot,1,Image 1,S2P,1,750,
3.29895,,Spot,1,Image 1,S2P,1,751,
3.1065,,Spot,1,Image 1,S2P,1,752,
2.91329,,Spot,1,Image 1,S2P,1,753,
3.56897,,Spot,1,Image 1,S2P,1,754,
3.49791,,Spot,1,Image 1,S2P,1,755,
5.98123,,Spot,1,Image 1,S2P,1,756,
2.92963,,Spot,1,Image 1,S2P,1,757,
7.83893,,Spot,1,Image 1,S2P,1,758,
6.02347,,Spot,1,Image 1,S2P,1,759,
8.44665,,Spot,1,Image 1,S2P,1,760,
3.7916,,Spot,1,Image 1,S2P,1,761,
5.94545,,Spot,1,Image 1,S2P,1,762,
5.76708,,Spot,1,Image 1,S2P,1,763,
4.67946,,Spot,1,Image 1,S2P,1,764,
3.16707,,Spot,1,Image 1,S2P,1,765,
4.16207,,Spot,1,Image 1,S2P,1,766,
3.8061,,Spot,1,Image 1,S2P,1,767,
3.56053,,Spot,1,Image 1,S2P,1,768,
2.58648,,Spot,1,Image 1,S2P,1,769,
3.08348,,Spot,1,Image 1,S2P,1,770,
6.50769,,Spot,1,Image 1,S2P,1,771,
1.99598,,Spot,1,Image 1,S2P,1,772,
3.01769,,Spot,1,Image 1,S2P,1,773,
2.77405,,Spot,1,Image 1,S2P,1,774,
3.20986,,Spot,1,Image 1,S2P,1,775,
3.6049,,Spot,1,Image 1,S2P,1,776,
4.20265,,Spot,1,Image 1,S2P,1,777,
2.16757,,Spot,1,Image 1,S2P,1,778,
6.63806,,Spot,1,Image 1,S2P,1,779,
3.72327,,Spot,1,Image 1,S2P,1,780,
7.31505,,Spot,1,Image 1,S2P,1,781,
3.47979,,Spot,1,Image 1,S2P,1,782,
6.92399,,Spot,1,Image 1,S2P,1,783,
3.81002,,Spot,1,Image 1,S2P,1,784,
2.96649,,Spot,1,Image 1,S2P,1,785,
5.50707,,Spot,1,Image 1,S2P,1,786,
5.08618,,Spot,1,Image 1,S2P,1,787,
5.39348,,Spot,1,Image 1,S2P,1,788,
5.22875,,Spot,1,Image 1,S2P,1,789,
4.5648,,Spot,1,Image 1,S2P,1,790,
3.49067,,Spot,1,Image 1,S2P,1,791,
3.25113,,Spot,1,Image 1,S2P,1,792,
4.06822,,Spot,1,Image 1,S2P,1,793,
3.00466,,Spot,1,Image 1,S2P,1,794,
3.07207,,Spot,1,Image 1,S2P,1,795,
3.47268,,Spot,1,Image 1,S2P,1,796,
4.11381,,Spot,1,Image 1,S2P,1,797,
2.92093,,Spot,1,Image 1,S2P,1,798,
3.08479,,Spot,1,Image 1,S2P,1,799,
2.24559,,Spot,1,Image 1,S2P,1,800,
5.14287,,Spot,1,Image 1,S2P,1,801,
2.97506,,Spot,1,Image 1,S2P,1,802,
3.06827,,Spot,1,Image 1,S2P,1,803,
4.27386,,Spot,1,Image 1,S2P,1,804,
3.12514,,Spot,1,Image 1,S2P,1,805,
4.74198,,Spot,1,Image 1,S2P,1,806,
5.74815,,Spot,1,Image 1,S2P,1,807,
3.53563,,Spot,1,Image 1,S2P,1,808,
3.45444,,Spot,1,Image 1,S2P,1,809,
3.58416,,Spot,1,Image 1,S2P,1,810,
4.50352,,Spot,1,Image 1,S2P,1,811,
3.53442,,Spot,1,Image 1,S2P,1,812,
4.05329,,Spot,1,Image 1,S2P,1,813,
4.32475,,Spot,1,Image 1,S2P,1,814,
2.45847,,Spot,1,Image 1,S2P,1,815,
4.60515,,Spot,1,Image 1,S2P,1,816,
4.94403,,Spot,1,Image 1,S2P,1,817,
6.08883,,Spot,1,Image 1,S2P,1,818,
4.39588,,Spot,1,Image 1,S2P,1,819,
3.71686,,Spot,1,Image 1,S2P,1,820,
3.47506,,Spot,1,Image 1,S2P,1,821,
3.84942,,Spot,1,Image 1,S2P,1,822,
4.43883,,Spot,1,Image 1,S2P,1,823,
5.5322,,Spot,1,Image 1,S2P,1,824,
3.64753,,Spot,1,Image 1,S2P,1,825,
2.71337,,Spot,1,Image 1,S2P,1,826,
3.43126,,Spot,1,Image 1,S2P,1,827,
6.0759,,Spot,1,Image 1,S2P,1,828,
5.82745,,Spot,1,Image 1,S2P,1,829,
3.49029,,Spot,1,Image 1,S2P,1,830,
2.25909,,Spot,1,Image 1,S2P,1,831,
4.54221,,Spot,1,Image 1,S2P,1,832,
4.01772,,Spot,1,Image 1,S2P,1,833,
5.22106,,Spot,1,Image 1,S2P,1,834,
5.9622,,Spot,1,Image 1,S2P,1,835,
4.50744,,Spot,1,Image 1,S2P,1,836,
4.57085,,Spot,1,Image 1,S2P,1,837,
4.82257,,Spot,1,Image 1,S2P,1,838,
4.44097,,Spot,1,Image 1,S2P,1,839,
3.11813,,Spot,1,Image 1,S2P,1,840,
2.60612,,Spot,1,Image 1,S2P,1,841,
2.76928,,Spot,1,Image 1,S2P,1,842,
3.03508,,Spot,1,Image 1,S2P,1,843,
3.25468,,Spot,1,Image 1,S2P,1,844,
3.91876,,Spot,1,Image 1,S2P,1,845,
3.44829,,Spot,1,Image 1,S2P,1,846,
3.5015,,Spot,1,Image 1,S2P,1,847,
5.4325,,Spot,1,Image 1,S2P,1,848,
4.28721,,Spot,1,Image 1,S2P,1,849,
4.79747,,Spot,1,Image 1,S2P,1,850,
3.99541,,Spot,1,Image 1,S2P,1,851,
4.31804,,Spot,1,Image 1,S2P,1,852,
3.64239,,Spot,1,Image 1,S2P,1,853,
5.97503,,Spot,1,Image 1,S2P,1,854,
5.04037,,Spot,1,Image 1,S2P,1,855,
6.32085,,Spot,1,Image 1,S2P,1,856,
4.81668,,Spot,1,Image 1,S2P,1,857,
4.78864,,Spot,1,Image 1,S2P,1,858,
2.73038,,Spot,1,Image 1,S2P,1,859,
4.90181,,Spot,1,Image 1,S2P,1,860,
3.14851,,Spot,1,Image 1,S2P,1,861,
3.13042,,Spot,1,Image 1,S2P,1,862,
3.99345,,Spot,1,Image 1,S2P,1,863,
3.04243,,Spot,1,Image 1,S2P,1,864,
5.83181,,Spot,1,Image 1,S2P,1,865,
3.36844,,Spot,1,Image 1,S2P,1,866,
3.45761,,Spot,1,Image 1,S2P,1,867,
3.82087,,Spot,1,Image 1,S2P,1,868,
4.69294,,Spot,1,Image 1,S2P,1,869,
7.10277,,Spot,1,Image 1,S2P,1,870,
7.32894,,Spot,1,Image 1,S2P,1,871,
3.13798,,Spot,1,Image 1,S2P,1,872,
5.14693,,Spot,1,Image 1,S2P,1,873,
5.01766,,Spot,1,Image 1,S2P,1,874,
4.38476,,Spot,1,Image 1,S2P,1,875,
4.61785,,Spot,1,Image 1,S2P,1,876,
3.26351,,Spot,1,Image 1,S2P,1,877,
3.57265,,Spot,1,Image 1,S2P,1,878,
4.03471,,Spot,1,Image 1,S2P,1,879,
3.60309,,Spot,1,Image 1,S2P,1,880,
3.20251,,Spot,1,Image 1,S2P,1,881,
2.20721,,Spot,1,Image 1,S2P,1,882,
3.987,,Spot,1,Image 1,S2P,1,883,
5.44201,,Spot,1,Image 1,S2P,1,884,
3.91085,,Spot,1,Image 1,S2P,1,885,
3.03824,,Spot,1,Image 1,S2P,1,886,
3.72221,,Spot,1,Image 1,S2P,1,887,
3.94438,,Spot,1,Image 1,S2P,1,888,
5.71163,,Spot,1,Image 1,S2P,1,889,
3.52841,,Spot,1,Image 1,S2P,1,890,
3.40248,,Spot,1,Image 1,S2P,1,891,
3.29506,,Spot,1,Image 1,S2P,1,892,
4.82607,,Spot,1,Image 1,S2P,1,893,
3.51383,,Spot,1,Image 1,S2P,1,894,
3.71131,,Spot,1,Image 1,S2P,1,895,
5.98028,,Spot,1,Image 1,S2P,1,896,
3.10117,,Spot,1,Image 1,S2P,1,897,
4.12102,,Spot,1,Image 1,S2P,1,898,
3.15033,,Spot,1,Image 1,S2P,1,899,
3.2318,,Spot,1,Image 1,S2P,1,900,
3.16954,,Spot,1,Image 1,S2P,1,901,
4.06521,,Spot,1,Image 1,S2P,1,902,
5.37561,,Spot,1,Image 1,S2P,1,903,
5.43042,,Spot,1,Image 1,S2P,1,904,
3.38563,,Spot,1,Image 1,S2P,1,905,
6.01835,,Spot,1,Image 1,S2P,1,906,
3.88715,,Spot,1,Image 1,S2P,1,907,
3.7116,,Spot,1,Image 1,S2P,1,908,
3.36475,,Spot,1,Image 1,S2P,1,909,
3.07134,,Spot,1,Image 1,S2P,1,910,
4.79851,,Spot,1,Image 1,S2P,1,911,
3.86695,,Spot,1,Image 1,S2P,1,912,
4.87292,,Spot,1,Image 1,S2P,1,913,
3.27786,,Spot,1,Image 1,S2P,1,914,
3.44331,,Spot,1,Image 1,S2P,1,915,
3.72459,,Spot,1,Image 1,S2P,1,916,
3.55257,,Spot,1,Image 1,S2P,1,917,
5.6427,,Spot,1,Image 1,S2P,1,918,
3.39287,,Spot,1,Image 1,S2P,1,919,
3.30428,,Spot,1,Image 1,S2P,1,920,
3.297,,Spot,1,Image 1,S2P,1,921,
5.73354,,Spot,1,Image 1,S2P,1,922,
4.06943,,Spot,1,Image 1,S2P,1,923,
4.04533,,Spot,1,Image 1,S2P,1,924,
3.6888,,Spot,1,Image 1,S2P,1,925,
4.98952,,Spot,1,Image 1,S2P,1,926,
3.19169,,Spot,1,Image 1,S2P,1,927,
4.08981,,Spot,1,Image 1,S2P,1,928,
3.95012,,Spot,1,Image 1,S2P,1,929,
5.78666,,Spot,1,Image 1,S2P,1,930,
2.97386,,Spot,1,Image 1,S2P,1,931,
4.14252,,Spot,1,Image 1,S2P,1,932,
4.98922,,Spot,1,Image 1,S2P,1,933,
3.5136,,Spot,1,Image 1,S2P,1,934,
3.6998,,Spot,1,Image 1,S2P,1,935,
3.36566,,Spot,1,Image 1,S2P,1,936,
4.09255,,Spot,1,Image 1,S2P,1,937,
4.20292,,Spot,1,Image 1,S2P,1,938,
5.54015,,Spot,1,Image 1,S2P,1,939,
4.34883,,Spot,1,Image 1,S2P,1,940,
4.62294,,Spot,1,Image 1,S2P,1,941,
5.42468,,Spot,1,Image 1,S2P,1,942,
4.38524,,Spot,1,Image 1,S2P,1,943,
3.03872,,Spot,1,Image 1,S2P,1,944,
3.4929,,Spot,1,Image 1,S2P,1,945,
2.82059,,Spot,1,Image 1,S2P,1,946,
3.77413,,Spot,1,Image 1,S2P,1,947,
9.21219,,Spot,1,Image 1,S2P,1,948,
3.24252,,Spot,1,Image 1,S2P,1,949,
5.53827,,Spot,1,Image 1,S2P,1,950,
5.34403,,Spot,1,Image 1,S2P,1,951,
4.63919,,Spot,1,Image 1,S2P,1,952,
5.29701,,Spot,1,Image 1,S2P,1,953,
4.99518,,Spot,1,Image 1,S2P,1,954,
4.5214,,Spot,1,Image 1,S2P,1,955,
4.30147,,Spot,1,Image 1,S2P,1,956,
3.63467,,Spot,1,Image 1,S2P,1,957,
3.60701,,Spot,1,Image 1,S2P,1,958,
4.00422,,Spot,1,Image 1,S2P,1,959,
5.2132,,Spot,1,Image 1,S2P,1,960,
3.2097,,Spot,1,Image 1,S2P,1,961,
3.44537,,Spot,1,Image 1,S2P,1,962,
3.67338,,Spot,1,Image 1,S2P,1,963,
3.90883,,Spot,1,Image 1,S2P,1,964,
4.89889,,Spot,1,Image 1,S2P,1,965,
4.63764,,Spot,1,Image 1,S2P,1,966,
5.30218,,Spot,1,Image 1,S2P,1,967,
3.5256,,Spot,1,Image 1,S2P,1,968,
3.85648,,Spot,1,Image 1,S2P,1,969,
1.92701,,Spot,1,Image 1,S2P,1,970,
4.58667,,Spot,1,Image 1,S2P,1,971,
5.65504,,Spot,1,Image 1,S2P,1,972,
5.85465,,Spot,1,Image 1,S2P,1,973,
5.77399,,Spot,1,Image 1,S2P,1,974,
5.81053,,Spot,1,Image 1,S2P,1,975,
3.65823,,Spot,1,Image 1,S2P,1,976,
5.3101,,Spot,1,Image 1,S2P,1,977,
5.33054,,Spot,1,Image 1,S2P,1,978,
3.48811,,Spot,1,Image 1,S2P,1,979,
3.7755,,Spot,1,Image 1,S2P,1,980,
4.75218,,Spot,1,Image 1,S2P,1,981,
3.46454,,Spot,1,Image 1,S2P,1,982,
4.68522,,Spot,1,Image 1,S2P,1,983,
5.30009,,Spot,1,Image 1,S2P,1,984,
3.92626,,Spot,1,Image 1,S2P,1,985,
3.40262,,Spot,1,Image 1,S2P,1,986,
3.38057,,Spot,1,Image 1,S2P,1,987,
5.21183,,Spot,1,Image 1,S2P,1,988,
3.29541,,Spot,1,Image 1,S2P,1,989,
5.58086,,Spot,1,Image 1,S2P,1,990,
4.21117,,Spot,1,Image 1,S2P,1,991,
4.25858,,Spot,1,Image 1,S2P,1,992,
3.68362,,Spot,1,Image 1,S2P,1,993,
5.19822,,Spot,1,Image 1,S2P,1,994,
4.99002,,Spot,1,Image 1,S2P,1,995,
3.5895,,Spot,1,Image 1,S2P,1,996,
5.27911,,Spot,1,Image 1,S2P,1,997,
5.19586,,Spot,1,Image 1,S2P,1,998,
3.98882,,Spot,1,Image 1,S2P,1,999,
4.98555,,Spot,1,Image 1,S2P,1,1000,
4.04681,,Spot,1,Image 1,S2P,1,1001,
4.121,,Spot,1,Image 1,S2P,1,1002,
4.55359,,Spot,1,Image 1,S2P,1,1003,
4.86926,,Spot,1,Image 1,S2P,1,1004,
5.11994,,Spot,1,Image 1,S2P,1,1005,
3.40565,,Spot,1,Image 1,S2P,1,1006,
5.12925,,Spot,1,Image 1,S2P,1,1007,
3.99281,,Spot,1,Image 1,S2P,1,1008,
4.11655,,Spot,1,Image 1,S2P,1,1009,
3.27467,,Spot,1,Image 1,S2P,1,1010,
4.94082,,Spot,1,Image 1,S2P,1,1011,
2.70464,,Spot,1,Image 1,S2P,1,1012,
4.36513,,Spot,1,Image 1,S2P,1,1013,
4.38407,,Spot,1,Image 1,S2P,1,1014,
3.57585,,Spot,1,Image 1,S2P,1,1015,
3.6976,,Spot,1,Image 1,S2P,1,1016,
4.78455,,Spot,1,Image 1,S2P,1,1017,
3.75321,,Spot,1,Image 1,S2P,1,1018,
3.93994,,Spot,1,Image 1,S2P,1,1019,
5.95023,,Spot,1,Image 1,S2P,1,1020,
5.1619,,Spot,1,Image 1,S2P,1,1021,
5.70728,,Spot,1,Image 1,S2P,1,1022,
4.39241,,Spot,1,Image 1,S2P,1,1023,
5.37194,,Spot,1,Image 1,S2P,1,1024,
3.58192,,Spot,1,Image 1,S2P,1,1025,
4.14367,,Spot,1,Image 1,S2P,1,1026,
3.47583,,Spot,1,Image 1,S2P,1,1027,
3.22784,,Spot,1,Image 1,S2P,1,1028,
4.95339,,Spot,1,Image 1,S2P,1,1029,
3.69193,,Spot,1,Image 1,S2P,1,1030,
4.53971,,Spot,1,Image 1,S2P,1,1031,
4.34944,,Spot,1,Image 1,S2P,1,1032,
5.20397,,Spot,1,Image 1,S2P,1,1033,
5.21184,,Spot,1,Image 1,S2P,1,1034,
5.32598,,Spot,1,Image 1,S2P,1,1035,
4.27399,,Spot,1,Image 1,S2P,1,1036,
4.88148,,Spot,1,Image 1,S2P,1,1037,
5.29657,,Spot,1,Image 1,S2P,1,1038,
4.82515,,Spot,1,Image 1,S2P,1,1039,
4.1248,,Spot,1,Image 1,S2P,1,1040,
4.23436,,Spot,1,Image 1,S2P,1,1041,
5.47496,,Spot,1,Image 1,S2P,1,1042,
3.9451,,Spot,1,Image 1,S2P,1,1043,
5.46256,,Spot,1,Image 1,S2P,1,1044,
4.13523,,Spot,1,Image 1,S2P,1,1045,
4.05391,,Spot,1,Image 1,S2P,1,1046,
5.40593,,Spot,1,Image 1,S2P,1,1047,
3.91807,,Spot,1,Image 1,S2P,1,1048,
4.90866,,Spot,1,Image 1,S2P,1,1049,
4.36286,,Spot,1,Image 1,S2P,1,1050,
4.79684,,Spot,1,Image 1,S2P,1,1051,
4.63181,,Spot,1,Image 1,S2P,1,1052,
4.2814,,Spot,1,Image 1,S2P,1,1053,
4.25954,,Spot,1,Image 1,S2P,1,1054,
5.65203,,Spot,1,Image 1,S2P,1,1055,
5.80765,,Spot,1,Image 1,S2P,1,1056,
5.06811,,Spot,1,Image 1,S2P,1,1057,
2.98219,,Spot,1,Image 1,S2P,1,1058,
5.51437,,Spot,1,Image 1,S2P,1,1059,
4.67726,,Spot,1,Image 1,S2P,1,1060,
6.08142,,Spot,1,Image 1,S2P,1,1061,
5.27534,,Spot,1,Image 1,S2P,1,1062,
4.72145,,Spot,1,Image 1,S2P,1,1063,
5.87792,,Spot,1,Image 1,S2P,1,1064,
4.94217,,Spot,1,Image 1,S2P,1,1065,
4.62271,,Spot,1,Image 1,S2P,1,1066,
6.54839,,Spot,1,Image 1,S2P,1,1067,
5.82372,,Spot,1,Image 1,S2P,1,1068,
5.51486,,Spot,1,Image 1,S2P,1,1069,
5.47269,,Spot,1,Image 1,S2P,1,1070,
4.56227,,Spot,1,Image 1,S2P,1,1071,
3.98738,,Spot,1,Image 1,S2P,1,1072,
4.78239,,Spot,1,Image 1,S2P,1,1073,
5.68235,,Spot,1,Image 1,S2P,1,1074,
5.879,,Spot,1,Image 1,S2P,1,1075,
5.83682,,Spot,1,Image 1,S2P,1,1076,
3.44137,,Spot,1,Image 1,S2P,1,1077,
5.47978,,Spot,1,Image 1,S2P,1,1078,
5.2746,,Spot,1,Image 1,S2P,1,1079,
4.03192,,Spot,1,Image 1,S2P,1,1080,
3.48823,,Spot,1,Image 1,S2P,1,1081,
5.11444,,Spot,1,Image 1,S2P,1,1082,
5.64377,,Spot,1,Image 1,S2P,1,1083,
4.83838,,Spot,1,Image 1,S2P,1,1084,
6.54117,,Spot,1,Image 1,S2P,1,1085,
5.50705,,Spot,1,Image 1,S2P,1,1086,
4.28321,,Spot,1,Image 1,S2P,1,1087,
5.67411,,Spot,1,Image 1,S2P,1,1088,
4.8774,,Spot,1,Image 1,S2P,1,1089,
3.52849,,Spot,1,Image 1,S2P,1,1090,
6.93133,,Spot,1,Image 1,S2P,1,1091,
2.24002,,Spot,1,Image 1,S2P,1,1093,
5.59848,,Spot,1,Image 1,S2P,1,1094,
5.26127,,Spot,1,Image 1,S2P,1,1095,
5.77214,,Spot,1,Image 1,S2P,1,1096,
4.56387,,Spot,1,Image 1,S2P,1,1097,
4.57889,,Spot,1,Image 1,S2P,1,1098,
5.15824,,Spot,1,Image 1,S2P,1,1099,
4.84829,,Spot,1,Image 1,S2P,1,1100,
5.04757,,Spot,1,Image 1,S2P,1,1101,
4.38763,,Spot,1,Image 1,S2P,1,1102,
6.12198,,Spot,1,Image 1,S2P,1,1103,
5.17796,,Spot,1,Image 1,S2P,1,1104,
4.78161,,Spot,1,Image 1,S2P,1,1105,
4.63058,,Spot,1,Image 1,S2P,1,1106,
4.3898,,Spot,1,Image 1,S2P,1,1107,
3.90756,,Spot,1,Image 1,S2P,1,1108,
3.73624,,Spot,1,Image 1,S2P,1,1109,
6.23376,,Spot,1,Image 1,S2P,1,1110,
4.91293,,Spot,1,Image 1,S2P,1,1111,
4.8257,,Spot,1,Image 1,S2P,1,1112,
5.25122,,Spot,1,Image 1,S2P,1,1113,
5.66668,,Spot,1,Image 1,S2P,1,1114,
6.35756,,Spot,1,Image 1,S2P,1,1115,
5.46199,,Spot,1,Image 1,S2P,1,1116,
5.54186,,Spot,1,Image 1,S2P,1,1117,
4.04995,,Spot,1,Image 1,S2P,1,1118,
5.46422,,Spot,1,Image 1,S2P,1,1120,
4.82996,,Spot,1,Image 1,S2P,1,1121,
3.2945,,Spot,1,Image 1,S2P,1,1122,
5.28259,,Spot,1,Image 1,S2P,1,1123,
3.27037,,Spot,1,Image 1,S2P,1,1124,
4.20557,,Spot,1,Image 1,S2P,1,1125,
5.47868,,Spot,1,Image 1,S2P,1,1126,
4.91202,,Spot,1,Image 1,S2P,1,1127,
5.02227,,Spot,1,Image 1,S2P,1,1128,
5.61933,,Spot,1,Image 1,S2P,1,1129,
5.49665,,Spot,1,Image 1,S2P,1,1130,
5.22634,,Spot,1,Image 1,S2P,1,1131,
4.26329,,Spot,1,Image 1,S2P,1,1132,
5.40599,,Spot,1,Image 1,S2P,1,1133,
3.94697,,Spot,1,Image 1,S2P,1,1134,
5.09112,,Spot,1,Image 1,S2P,1,1135,
5.1746,,Spot,1,Image 1,S2P,1,1136,
4.80983,,Spot,1,Image 1,S2P,1,1137,
5.26328,,Spot,1,Image 1,S2P,1,1138,
5.14454,,Spot,1,Image 1,S2P,1,1139,
4.79445,,Spot,1,Image 1,S2P,1,1140,
4.6303,,Spot,1,Image 1,S2P,1,1141,
3.19633,,Spot,1,Image 1,S2P,1,1142,
5.22879,,Spot,1,Image 1,S2P,1,1143,
4.03691,,Spot,1,Image 1,S2P,1,1144,
4.47135,,Spot,1,Image 1,S2P,1,1145,
5.0272,,Spot,1,Image 1,S2P,1,1146,
4.86623,,Spot,1,Image 1,S2P,1,1147,
4.68514,,Spot,1,Image 1,S2P,1,1148,
5.02948,,Spot,1,Image 1,S2P,1,1149,
4.10426,,Spot,1,Image 1,S2P,1,1150,
4.69914,,Spot,1,Image 1,S2P,1,1151,
4.18358,,Spot,1,Image 1,S2P,1,1152,
4.6608,,Spot,1,Image 1,S2P,1,1153,
5.38449,,Spot,1,Image 1,S2P,1,1154,
4.50285,,Spot,1,Image 1,S2P,1,1155,
5.33108,,Spot,1,Image 1,S2P,1,1156,
4.39587,,Spot,1,Image 1,S2P,1,1157,
4.58525,,Spot,1,Image 1,S2P,1,1158,
3.19736,,Spot,1,Image 1,S2P,1,1159,
3.33501,,Spot,1,Image 1,S2P,1,1160,
4.70091,,Spot,1,Image 1,S2P,1,1161,
5.52193,,Spot,1,Image 1,S2P,1,1162,
4.6307,,Spot,1,Image 1,S2P,1,1163,
4.58693,,Spot,1,Image 1,S2P,1,1164,
4.61033,,Spot,1,Image 1,S2P,1,1165,
5.18123,,Spot,1,Image 1,S2P,1,1166,
5.02241,,Spot,1,Image 1,S2P,1,1167,
4.09002,,Spot,1,Image 1,S2P,1,1168,
5.41604,,Spot,1,Image 1,S2P,1,1169,
5.37363,,Spot,1,Image 1,S2P,1,1170,
4.14471,,Spot,1,Image 1,S2P,1,1171,
1.44501,,Spot,1,Image 1,S2P,1,1172,
4.60279,,Spot,1,Image 1,S2P,1,1173,
4.36462,,Spot,1,Image 1,S2P,1,1174,
4.89687,,Spot,1,Image 1,S2P,1,1175,
5.25716,,Spot,1,Image 1,S2P,1,1176,
4.09739,,Spot,1,Image 1,S2P,1,1177,
4.55574,,Spot,1,Image 1,S2P,1,1178,
4.35937,,Spot,1,Image 1,S2P,1,1179,
4.56217,,Spot,1,Image 1,S2P,1,1180,
4.73784,,Spot,1,Image 1,S2P,1,1181,
4.61782,,Spot,1,Image 1,S2P,1,1182,
4.25793,,Spot,1,Image 1,S2P,1,1183,
3.26609,,Spot,1,Image 1,S2P,1,1184,
1.73991,,Spot,1,Image 1,S2P,1,1185,
6.16318,,Spot,1,Image 1,S2P,1,1187,
5.90929,,Spot,1,Image 1,S2P,1,1188,
2.39497,,Spot,1,Image 1,S2P,1,1191,
1.86309,,Spot,1,Image 1,S2P,1,1192,
6.05133,,Spot,1,Image 1,S2P,1,1193,
3.28874,,Spot,1,Image 1,S2P,1,1194,
4.89072,,Spot,1,Image 1,S2P,1,1195,
6.11787,,Spot,1,Image 1,S2P,1,1196,
4.22435,,Spot,1,Image 1,S2P,1,1197,
6.44061,,Spot,1,Image 1,S2P,1,1198,
4.88965,,Spot,1,Image 1,S2P,1,1199,
1.86137,,Spot,1,Image 1,S2P,1,1200,
5.8777,,Spot,1,Image 1,S2P,1,1201,
5.84834,,Spot,1,Image 1,S2P,1,1202,
5.52334,,Spot,1,Image 1,S2P,1,1203,
6.2785,,Spot,1,Image 1,S2P,1,1204,
5.36757,,Spot,1,Image 1,S2P,1,1205,
7.17755,,Spot,1,Image 1,S2P,1,1206,
2.38398,,Spot,1,Image 1,S2P,1,1207,
6.28783,,Spot,1,Image 1,S2P,1,1208,
5.6128,,Spot,1,Image 1,S2P,1,1209,
5.59676,,Spot,1,Image 1,S2P,1,1210,
5.96333,,Spot,1,Image 1,S2P,1,1211,
1.75509,,Spot,1,Image 1,S2P,1,1212,
3.47448,,Spot,1,Image 1,S2P,1,1213,
5.24658,,Spot,1,Image 1,S2P,1,1214,
2.00521,,Spot,1,Image 1,S2P,1,1215,
4.85207,,Spot,1,Image 1,S2P,1,1216,
6.08257,,Spot,1,Image 1,S2P,1,1217,
5.4412,,Spot,1,Image 1,S2P,1,1218,
5.09378,,Spot,1,Image 1,S2P,1,1219,
1.81192,,Spot,1,Image 1,S2P,1,1220,
2.09305,,Spot,1,Image 1,S2P,1,1221,
3.66469,,Spot,1,Image 1,S2P,1,1222,
5.95151,,Spot,1,Image 1,S2P,1,1223,
5.92871,,Spot,1,Image 1,S2P,1,1224,
5.92539,,Spot,1,Image 1,S2P,1,1225,
2.04789,,Spot,1,Image 1,S2P,1,1226,
5.23044,,Spot,1,Image 1,S2P,1,1227,
5.51894,,Spot,1,Image 1,S2P,1,1228,
1.80681,,Spot,1,Image 1,S2P,1,1229,
3.79049,,Spot,1,Image 1,S2P,1,1230,
2.2503,,Spot,1,Image 1,S2P,1,1231,
2.69304,,Spot,1,Image 1,S2P,1,1232,
4.13599,,Spot,1,Image 1,S2P,1,1233,
4.31593,,Spot,1,Image 1,S2P,1,1234,
6.32292,,Spot,1,Image 1,S2P,1,1235,
1.59338,,Spot,1,Image 1,S2P,1,1236,
5.51631,,Spot,1,Image 1,S2P,1,1237,
5.33476,,Spot,1,Image 1,S2P,1,1238,
5.49356,,Spot,1,Image 1,S2P,1,1239,
5.2705,,Spot,1,Image 1,S2P,1,1240,
5.40527,,Spot,1,Image 1,S2P,1,1241,
2.17501,,Spot,1,Image 1,S2P,1,1242,
3.16628,,Spot,1,Image 1,S2P,1,1243,
5.00494,,Spot,1,Image 1,S2P,1,1244,
6.13307,,Spot,1,Image 1,S2P,1,1245,
3.55944,,Spot,1,Image 1,S2P,1,1246,
5.31446,,Spot,1,Image 1,S2P,1,1247,
5.59395,,Spot,1,Image 1,S2P,1,1248,
3.53098,,Spot,1,Image 1,S2P,1,1249,
4.46472,,Spot,1,Image 1,S2P,1,1250,
5.16009,,Spot,1,Image 1,S2P,1,1251,
4.94073,,Spot,1,Image 1,S2P,1,1252,
4.60983,,Spot,1,Image 1,S2P,1,1253,
5.08656,,Spot,1,Image 1,S2P,1,1254,
5.90185,,Spot,1,Image 1,S2P,1,1255,
2.90887,,Spot,1,Image 1,S2P,1,1256,
10.2959,,Spot,1,Image 1,S2P,1,1257,
5.1039,,Spot,1,Image 1,S2P,1,1258,
3.34466,,Spot,1,Image 1,S2P,1,1259,
6.69541,,Spot,1,Image 1,S2P,1,1260,
5.14495,,Spot,1,Image 1,S2P,1,1261,
5.72018,,Spot,1,Image 1,S2P,1,1262,
4.37924,,Spot,1,Image 1,S2P,1,1263,
2.96951,,Spot,1,Image 1,S2P,1,1264,
4.50253,,Spot,1,Image 1,S2P,1,1265,
5.39982,,Spot,1,Image 1,S2P,1,1266,
6.15404,,Spot,1,Image 1,S2P,1,1267,
5.34553,,Spot,1,Image 1,S2P,1,1268,
4.74804,,Spot,1,Image 1,S2P,1,1269,
4.9489,,Spot,1,Image 1,S2P,1,1270,
6.02884,,Spot,1,Image 1,S2P,1,1271,
6.39187,,Spot,1,Image 1,S2P,1,1272,
5.22315,,Spot,1,Image 1,S2P,1,1273,
6.43329,,Spot,1,Image 1,S2P,1,1274,
5.21806,,Spot,1,Image 1,S2P,1,1275,
6.17355,,Spot,1,Image 1,S2P,1,1276,
5.78547,,Spot,1,Image 1,S2P,1,1277,
6.94213,,Spot,1,Image 1,S2P,1,1278,
4.7656,,Spot,1,Image 1,S2P,1,1279,
6.27087,,Spot,1,Image 1,S2P,1,1280,
4.08305,,Spot,1,Image 1,S2P,1,1281,
5.70871,,Spot,1,Image 1,S2P,1,1282,
4.99527,,Spot,1,Image 1,S2P,1,1283,
5.09578,,Spot,1,Image 1,S2P,1,1284,
4.63232,,Spot,1,Image 1,S2P,1,1285,
7.26315,,Spot,1,Image 1,S2P,1,1286,
6.22924,,Spot,1,Image 1,S2P,1,1287,
5.52255,,Spot,1,Image 1,S2P,1,1288,
5.41299,,Spot,1,Image 1,S2P,1,1289,
5.56352,,Spot,1,Image 1,S2P,1,1290,
5.95924,,Spot,1,Image 1,S2P,1,1291,
5.6529,,Spot,1,Image 1,S2P,1,1292,
6.69649,,Spot,1,Image 1,S2P,1,1293,
5.30436,,Spot,1,Image 1,S2P,1,1294,
4.14455,,Spot,1,Image 1,S2P,1,1295,
3.69292,,Spot,1,Image 1,S2P,1,1296,
5.28799,,Spot,1,Image 1,S2P,1,1297,
4.94791,,Spot,1,Image 1,S2P,1,1298,
4.79128,,Spot,1,Image 1,S2P,1,1299,
5.32237,,Spot,1,Image 1,S2P,1,1300,
4.66713,,Spot,1,Image 1,S2P,1,1301,
5.53467,,Spot,1,Image 1,S2P,1,1302,
5.95549,,Spot,1,Image 1,S2P,1,1303,
4.04097,,Spot,1,Image 1,S2P,1,1304,
5.62451,,Spot,1,Image 1,S2P,1,1305,
5.82533,,Spot,1,Image 1,S2P,1,1306,
5.92713,,Spot,1,Image 1,S2P,1,1307,
4.67566,,Spot,1,Image 1,S2P,1,1308,
5.50062,,Spot,1,Image 1,S2P,1,1309,
5.216,,Spot,1,Image 1,S2P,1,1310,
5.9486,,Spot,1,Image 1,S2P,1,1311,
5.015,,Spot,1,Image 1,S2P,1,1312,
4.53434,,Spot,1,Image 1,S2P,1,1313,
2.62962,,Spot,1,Image 1,S2P,1,1314,
3.49836,,Spot,1,Image 1,S2P,1,1315,
3.10026,,Spot,1,Image 1,S2P,1,1316,
2.95578,,Spot,1,Image 1,S2P,1,1317,
2.66214,,Spot,1,Image 1,S2P,1,1318,
2.67223,,Spot,1,Image 1,S2P,1,1319,
4.08402,,Spot,1,Image 1,S2P,1,1320,
5.197,,Spot,1,Image 1,S2P,1,1321,
3.92297,,Spot,1,Image 1,S2P,1,1322,
4.25636,,Spot,1,Image 1,S2P,1,1323,
4.80841,,Spot,1,Image 1,S2P,1,1324,
3.9521,,Spot,1,Image 1,S2P,1,1325,
4.31556,,Spot,1,Image 1,S2P,1,1326,
5.12242,,Spot,1,Image 1,S2P,1,1327,
3.55383,,Spot,1,Image 1,S2P,1,1328,
3.46281,,Spot,1,Image 1,S2P,1,1329,
5.02704,,Spot,1,Image 1,S2P,1,1330,
4.18246,,Spot,1,Image 1,S2P,1,1331,
4.7996,,Spot,1,Image 1,S2P,1,1332,
4.311,,Spot,1,Image 1,S2P,1,1333,
3.89919,,Spot,1,Image 1,S2P,1,1334,
4.26048,,Spot,1,Image 1,S2P,1,1335,
4.00814,,Spot,1,Image 1,S2P,1,1336,
4.54819,,Spot,1,Image 1,S2P,1,1337,
4.43784,,Spot,1,Image 1,S2P,1,1338,
7.85992,,Spot,1,Image 1,S2P,1,1339,
3.56491,,Spot,1,Image 1,S2P,1,1340,
4.20256,,Spot,1,Image 1,S2P,1,1341,
5.2824,,Spot,1,Image 1,S2P,1,1342,
3.73448,,Spot,1,Image 1,S2P,1,1343,
4.60285,,Spot,1,Image 1,S2P,1,1344,
2.97038,,Spot,1,Image 1,S2P,1,1345,
4.49826,,Spot,1,Image 1,S2P,1,1346,
3.89845,,Spot,1,Image 1,S2P,1,1347,
4.65764,,Spot,1,Image 1,S2P,1,1348,
3.81195,,Spot,1,Image 1,S2P,1,1349,
3.00182,,Spot,1,Image 1,S2P,1,1350,
4.01599,,Spot,1,Image 1,S2P,1,1351,
4.78584,,Spot,1,Image 1,S2P,1,1352,
5.15872,,Spot,1,Image 1,S2P,1,1353,
3.87302,,Spot,1,Image 1,S2P,1,1354,
3.95104,,Spot,1,Image 1,S2P,1,1355,
4.95781,,Spot,1,Image 1,S2P,1,1356,
4.99033,,Spot,1,Image 1,S2P,1,1357,
4.40996,,Spot,1,Image 1,S2P,1,1358,
2.77587,,Spot,1,Image 1,S2P,1,1359,
3.64526,,Spot,1,Image 1,S2P,1,1360,
3.72489,,Spot,1,Image 1,S2P,1,1361,
2.87701,,Spot,1,Image 1,S2P,1,1362,
3.98494,,Spot,1,Image 1,S2P,1,1363,
5.90205,,Spot,1,Image 1,S2P,1,1364,
4.17999,,Spot,1,Image 1,S2P,1,1365,
3.10923,,Spot,1,Image 1,S2P,1,1366,
3.60203,,Spot,1,Image 1,S2P,1,1367,
4.43181,,Spot,1,Image 1,S2P,1,1368,
5.20663,,Spot,1,Image 1,S2P,1,1369,
4.22624,,Spot,1,Image 1,S2P,1,1370,
3.56865,,Spot,1,Image 1,S2P,1,1371,
3.52018,,Spot,1,Image 1,S2P,1,1372,
4.17817,,Spot,1,Image 1,S2P,1,1373,
3.94305,,Spot,1,Image 1,S2P,1,1374,
4.56742,,Spot,1,Image 1,S2P,1,1375,
5.17671,,Spot,1,Image 1,S2P,1,1376,
2.58898,,Spot,1,Image 1,S2P,1,1377,
4.26436,,Spot,1,Image 1,S2P,1,1378,
3.63789,,Spot,1,Image 1,S2P,1,1379,
4.11409,,Spot,1,Image 1,S2P,1,1380,
2.96888,,Spot,1,Image 1,S2P,1,1381,
4.04543,,Spot,1,Image 1,S2P,1,1382,
2.90147,,Spot,1,Image 1,S2P,1,1383,
2.70391,,Spot,1,Image 1,S2P,1,1384,
3.88643,,Spot,1,Image 1,S2P,1,1385,
3.39142,,Spot,1,Image 1,S2P,1,1386,
0.66933,,Spot,1,Image 1,S2P,1,1387,
3.42596,,Spot,1,Image 1,S2P,1,1388,
4.24461,,Spot,1,Image 1,S2P,1,1389,
4.34824,,Spot,1,Image 1,S2P,1,1390,
3.43145,,Spot,1,Image 1,S2P,1,1391,
2.95287,,Spot,1,Image 1,S2P,1,1392,
2.4145,,Spot,1,Image 1,S2P,1,1393,
5.56313,,Spot,1,Image 1,S2P,1,1394,
3.72469,,Spot,1,Image 1,S2P,1,1395,
4.15756,,Spot,1,Image 1,S2P,1,1396,
3.6696,,Spot,1,Image 1,S2P,1,1397,
2.63188,,Spot,1,Image 1,S2P,1,1398,
4.06132,,Spot,1,Image 1,S2P,1,1399,
4.66693,,Spot,1,Image 1,S2P,1,1400,
4.02407,,Spot,1,Image 1,S2P,1,1401,
3.32629,,Spot,1,Image 1,S2P,1,1402,
3.56003,,Spot,1,Image 1,S2P,1,1403,
3.35647,,Spot,1,Image 1,S2P,1,1404,
2.11221,,Spot,1,Image 1,S2P,1,1405,
4.21631,,Spot,1,Image 1,S2P,1,1407,
2.70662,,Spot,1,Image 1,S2P,1,1408,
3.1633,,Spot,1,Image 1,S2P,1,1409,
3.56177,,Spot,1,Image 1,S2P,1,1410,
3.47366,,Spot,1,Image 1,S2P,1,1411,
3.41958,,Spot,1,Image 1,S2P,1,1412,
3.6987,,Spot,1,Image 1,S2P,1,1413,
4.22906,,Spot,1,Image 1,S2P,1,1414,
3.65086,,Spot,1,Image 1,S2P,1,1415,
2.70206,,Spot,1,Image 1,S2P,1,1416,
4.57858,,Spot,1,Image 1,S2P,1,1417,
4.11711,,Spot,1,Image 1,S2P,1,1418,
3.55192,,Spot,1,Image 1,S2P,1,1419,
3.04844,,Spot,1,Image 1,S2P,1,1420,
3.14289,,Spot,1,Image 1,S2P,1,1421,
3.50434,,Spot,1,Image 1,S2P,1,1422,
2.60213,,Spot,1,Image 1,S2P,1,1423,
4.95974,,Spot,1,Image 1,S2P,1,1424,
4.48718,,Spot,1,Image 1,S2P,1,1425,
4.82245,,Spot,1,Image 1,S2P,1,1426,
3.40074,,Spot,1,Image 1,S2P,1,1427,
3.00476,,Spot,1,Image 1,S2P,1,1428,
3.84131,,Spot,1,Image 1,S2P,1,1429,
4.30023,,Spot,1,Image 1,S2P,1,1430,
3.71713,,Spot,1,Image 1,S2P,1,1431,
4.43396,,Spot,1,Image 1,S2P,1,1432,
4.26184,,Spot,1,Image 1,S2P,1,1433,
4.96002,,Spot,1,Image 1,S2P,1,1434,
4.3713,,Spot,1,Image 1,S2P,1,1435,
3.30807,,Spot,1,Image 1,S2P,1,1436,
3.27619,,Spot,1,Image 1,S2P,1,1437,
4.73835,,Spot,1,Image 1,S2P,1,1438,
3.77641,,Spot,1,Image 1,S2P,1,1439,
3.12922,,Spot,1,Image 1,S2P,1,1440,
3.67087,,Spot,1,Image 1,S2P,1,1442,
3.3559,,Spot,1,Image 1,S2P,1,1443,
4.05817,,Spot,1,Image 1,S2P,1,1444,
4.17636,,Spot,1,Image 1,S2P,1,1445,
3.46406,,Spot,1,Image 1,S2P,1,1446,
4.27904,,Spot,1,Image 1,S2P,1,1447,
3.44072,,Spot,1,Image 1,S2P,1,1448,
3.66944,,Spot,1,Image 1,S2P,1,1449,
3.33109,,Spot,1,Image 1,S2P,1,1450,
3.6926,,Spot,1,Image 1,S2P,1,1451,
2.91729,,Spot,1,Image 1,S2P,1,1452,
2.16171,,Spot,1,Image 1,S2P,1,1453,
5.32655,,Spot,1,Image 1,S2P,1,1454,
3.50519,,Spot,1,Image 1,S2P,1,1455,
2.89316,,Spot,1,Image 1,S2P,1,1456,
5.37136,,Spot,1,Image 1,S2P,1,1457,
2.64382,,Spot,1,Image 1,S2P,1,1458,
5.04396,,Spot,1,Image 1,S2P,1,1459,
3.88938,,Spot,1,Image 1,S2P,1,1460,
2.60394,,Spot,1,Image 1,S2P,1,1461,
4.92663,,Spot,1,Image 1,S2P,1,1462,
4.50505,,Spot,1,Image 1,S2P,1,1463,
3.70794,,Spot,1,Image 1,S2P,1,1464,
3.13302,,Spot,1,Image 1,S2P,1,1465,
2.15317,,Spot,1,Image 1,S2P,1,1466,
4.28555,,Spot,1,Image 1,S2P,1,1467,
4.21755,,Spot,1,Image 1,S2P,1,1468,
4.90288,,Spot,1,Image 1,S2P,1,1470,
4.70757,,Spot,1,Image 1,S2P,1,1471,
4.21229,,Spot,1,Image 1,S2P,1,1472,
4.37285,,Spot,1,Image 1,S2P,1,1473,
5.53243,,Spot,1,Image 1,S2P,1,1474,
5.05217,,Spot,1,Image 1,S2P,1,1475,
3.66274,,Spot,1,Image 1,S2P,1,1476,
4.72242,,Spot,1,Image 1,S2P,1,1477,
3.84511,,Spot,1,Image 1,S2P,1,1478,
4.4362,,Spot,1,Image 1,S2P,1,1479,
3.7096,,Spot,1,Image 1,S2P,1,1480,
3.74009,,Spot,1,Image 1,S2P,1,1481,
4.14051,,Spot,1,Image 1,S2P,1,1482,
3.59969,,Spot,1,Image 1,S2P,1,1483,
3.81362,,Spot,1,Image 1,S2P,1,1484,
3.87961,,Spot,1,Image 1,S2P,1,1485,
3.22925,,Spot,1,Image 1,S2P,1,1486,
3.54357,,Spot,1,Image 1,S2P,1,1487,
3.62497,,Spot,1,Image 1,S2P,1,1488,
2.12112,,Spot,1,Image 1,S2P,1,1489,
4.25081,,Spot,1,Image 1,S2P,1,1490,
4.33816,,Spot,1,Image 1,S2P,1,1491,
4.29484,,Spot,1,Image 1,S2P,1,1492,
4.4446,,Spot,1,Image 1,S2P,1,1493,
4.00789,,Spot,1,Image 1,S2P,1,1494,
3.6152,,Spot,1,Image 1,S2P,1,1495,
3.20687,,Spot,1,Image 1,S2P,1,1496,
3.83351,,Spot,1,Image 1,S2P,1,1497,
3.13127,,Spot,1,Image 1,S2P,1,1498,
4.04249,,Spot,1,Image 1,S2P,1,1499,
4.13915,,Spot,1,Image 1,S2P,1,1500,
3.72335,,Spot,1,Image 1,S2P,1,1501,
4.46338,,Spot,1,Image 1,S2P,1,1502,
4.47285,,Spot,1,Image 1,S2P,1,1503,
3.53456,,Spot,1,Image 1,S2P,1,1504,
3.4553,,Spot,1,Image 1,S2P,1,1505,
3.93747,,Spot,1,Image 1,S2P,1,1506,
4.2694,,Spot,1,Image 1,S2P,1,1507,
3.1472,,Spot,1,Image 1,S2P,1,1508,
3.24973,,Spot,1,Image 1,S2P,1,1509,
3.23021,,Spot,1,Image 1,S2P,1,1510,
3.72093,,Spot,1,Image 1,S2P,1,1511,
3.96845,,Spot,1,Image 1,S2P,1,1512,
3.57434,,Spot,1,Image 1,S2P,1,1513,
4.25243,,Spot,1,Image 1,S2P,1,1514,
3.29543,,Spot,1,Image 1,S2P,1,1515,
3.87829,,Spot,1,Image 1,S2P,1,1516,
3.24386,,Spot,1,Image 1,S2P,1,1517,
4.55711,,Spot,1,Image 1,S2P,1,1518,
3.4783,,Spot,1,Image 1,S2P,1,1519,
3.58098,,Spot,1,Image 1,S2P,1,1520,
6.33983,,Spot,1,Image 1,S2P,1,1521,
3.8118,,Spot,1,Image 1,S2P,1,1522,
3.515,,Spot,1,Image 1,S2P,1,1523,
3.10878,,Spot,1,Image 1,S2P,1,1525,
3.63831,,Spot,1,Image 1,S2P,1,1526,
3.92339,,Spot,1,Image 1,S2P,1,1527,
4.01908,,Spot,1,Image 1,S2P,1,1528,
3.17985,,Spot,1,Image 1,S2P,1,1529,
2.41795,,Spot,1,Image 1,S2P,1,1530,
3.98754,,Spot,1,Image 1,S2P,1,1531,
4.15332,,Spot,1,Image 1,S2P,1,1532,
3.01186,,Spot,1,Image 1,S2P,1,1533,
4.03473,,Spot,1,Image 1,S2P,1,1535,
3.24468,,Spot,1,Image 1,S2P,1,1536,
2.73748,,Spot,1,Image 1,S2P,1,1537,
3.26017,,Spot,1,Image 1,S2P,1,1538,
3.86261,,Spot,1,Image 1,S2P,1,1539,
3.86797,,Spot,1,Image 1,S2P,1,1540,
4.19965,,Spot,1,Image 1,S2P,1,1541,
5.99632,,Spot,1,Image 1,S2P,1,1542,
4.60309,,Spot,1,Image 1,S2P,1,1543,
4.03293,,Spot,1,Image 1,S2P,1,1544,
4.51185,,Spot,1,Image 1,S2P,1,1545,
4.62764,,Spot,1,Image 1,S2P,1,1546,
4.28104,,Spot,1,Image 1,S2P,1,1547,
5.66961,,Spot,1,Image 1,S2P,1,1548,
4.24305,,Spot,1,Image 1,S2P,1,1549,
5.38018,,Spot,1,Image 1,S2P,1,1550,
4.16736,,Spot,1,Image 1,S2P,1,1551,
3.52602,,Spot,1,Image 1,S2P,1,1552,
3.81346,,Spot,1,Image 1,S2P,1,1553,
4.02537,,Spot,1,Image 1,S2P,1,1554,
4.69518,,Spot,1,Image 1,S2P,1,1555,
4.79108,,Spot,1,Image 1,S2P,1,1556,
3.88016,,Spot,1,Image 1,S2P,1,1557,
4.62827,,Spot,1,Image 1,S2P,1,1558,
4.3024,,Spot,1,Image 1,S2P,1,1559,
3.87052,,Spot,1,Image 1,S2P,1,1560,
4.50607,,Spot,1,Image 1,S2P,1,1561,
3.75792,,Spot,1,Image 1,S2P,1,1562,
3.80065,,Spot,1,Image 1,S2P,1,1563,
4.68187,,Spot,1,Image 1,S2P,1,1564,
4.09575,,Spot,1,Image 1,S2P,1,1565,
4.63697,,Spot,1,Image 1,S2P,1,1566,
2.97456,,Spot,1,Image 1,S2P,1,1567,
4.88214,,Spot,1,Image 1,S2P,1,1568,
4.47133,,Spot,1,Image 1,S2P,1,1569,
5.11554,,Spot,1,Image 1,S2P,1,1570,
4.92621,,Spot,1,Image 1,S2P,1,1571,
4.44973,,Spot,1,Image 1,S2P,1,1572,
4.71841,,Spot,1,Image 1,S2P,1,1573,
4.6586,,Spot,1,Image 1,S2P,1,1574,
4.05128,,Spot,1,Image 1,S2P,1,1575,
5.01694,,Spot,1,Image 1,S2P,1,1576,
5.16619,,Spot,1,Image 1,S2P,1,1577,
4.66182,,Spot,1,Image 1,S2P,1,1578,
4.04482,,Spot,1,Image 1,S2P,1,1579,
3.85957,,Spot,1,Image 1,S2P,1,1580,
5.13081,,Spot,1,Image 1,S2P,1,1581,
4.26522,,Spot,1,Image 1,S2P,1,1582,
4.19884,,Spot,1,Image 1,S2P,1,1583,
4.69181,,Spot,1,Image 1,S2P,1,1584,
4.70892,,Spot,1,Image 1,S2P,1,1585,
3.95362,,Spot,1,Image 1,S2P,1,1587,
4.69757,,Spot,1,Image 1,S2P,1,1588,
4.89785,,Spot,1,Image 1,S2P,1,1589,
5.02373,,Spot,1,Image 1,S2P,1,1590,
4.62428,,Spot,1,Image 1,S2P,1,1591,
4.19706,,Spot,1,Image 1,S2P,1,1592,
4.52459,,Spot,1,Image 1,S2P,1,1593,
4.67391,,Spot,1,Image 1,S2P,1,1594,
4.26069,,Spot,1,Image 1,S2P,1,1595,
3.4498,,Spot,1,Image 1,S2P,1,1596,
4.59963,,Spot,1,Image 1,S2P,1,1597,
4.28275,,Spot,1,Image 1,S2P,1,1598,
4.68055,,Spot,1,Image 1,S2P,1,1599,
2.92709,,Spot,1,Image 1,S2P,1,1600,
3.22987,,Spot,1,Image 1,S2P,1,1601,
4.13411,,Spot,1,Image 1,S2P,1,1602,
4.43658,,Spot,1,Image 1,S2P,1,1603,
5.13963,,Spot,1,Image 1,S2P,1,1604,
3.16047,,Spot,1,Image 1,S2P,1,1605,
4.25579,,Spot,1,Image 1,S2P,1,1606,
4.1754,,Spot,1,Image 1,S2P,1,1607,
4.50589,,Spot,1,Image 1,S2P,1,1608,
4.69222,,Spot,1,Image 1,S2P,1,1609,
4.49373,,Spot,1,Image 1,S2P,1,1610,
4.63902,,Spot,1,Image 1,S2P,1,1611,
4.54443,,Spot,1,Image 1,S2P,1,1612,
4.73574,,Spot,1,Image 1,S2P,1,1613,
4.75791,,Spot,1,Image 1,S2P,1,1614,
3.92452,,Spot,1,Image 1,S2P,1,1615,
4.02012,,Spot,1,Image 1,S2P,1,1616,
3.80741,,Spot,1,Image 1,S2P,1,1617,
4.75183,,Spot,1,Image 1,S2P,1,1618,
3.93898,,Spot,1,Image 1,S2P,1,1619,
4.65724,,Spot,1,Image 1,S2P,1,1620,
4.26391,,Spot,1,Image 1,S2P,1,1621,
4.83255,,Spot,1,Image 1,S2P,1,1622,
4.09871,,Spot,1,Image 1,S2P,1,1623,
4.83162,,Spot,1,Image 1,S2P,1,1624,
4.70341,,Spot,1,Image 1,S2P,1,1625,
4.88507,,Spot,1,Image 1,S2P,1,1626,
4.43218,,Spot,1,Image 1,S2P,1,1627,
4.88498,,Spot,1,Image 1,S2P,1,1628,
4.73561,,Spot,1,Image 1,S2P,1,1629,
3.63425,,Spot,1,Image 1,S2P,1,1630,
3.99786,,Spot,1,Image 1,S2P,1,1631,
4.65259,,Spot,1,Image 1,S2P,1,1632,
3.39647,,Spot,1,Image 1,S2P,1,1633,
4.03788,,Spot,1,Image 1,S2P,1,1634,
4.60987,,Spot,1,Image 1,S2P,1,1635,
4.90444,,Spot,1,Image 1,S2P,1,1636,
4.10193,,Spot,1,Image 1,S2P,1,1637,
4.59065,,Spot,1,Image 1,S2P,1,1638,
4.48951,,Spot,1,Image 1,S2P,1,1639,
3.70164,,Spot,1,Image 1,S2P,1,1640,
4.58053,,Spot,1,Image 1,S2P,1,1641,
4.04572,,Spot,1,Image 1,S2P,1,1642,
5.42873,,Spot,1,Image 1,S2P,1,1643,
4.54144,,Spot,1,Image 1,S2P,1,1644,
4.45924,,Spot,1,Image 1,S2P,1,1645,
4.18689,,Spot,1,Image 1,S2P,1,1646,
4.46815,,Spot,1,Image 1,S2P,1,1647,
3.97327,,Spot,1,Image 1,S2P,1,1648,
4.38804,,Spot,1,Image 1,S2P,1,1649,
3.72448,,Spot,1,Image 1,S2P,1,1650,
3.91567,,Spot,1,Image 1,S2P,1,1651,
3.531,,Spot,1,Image 1,S2P,1,1652,
3.16798,,Spot,1,Image 1,S2P,1,1653,
3.84157,,Spot,1,Image 1,S2P,1,1654,
3.83757,,Spot,1,Image 1,S2P,1,1655,
4.4284,,Spot,1,Image 1,S2P,1,1656,
4.82688,,Spot,1,Image 1,S2P,1,1657,
4.54849,,Spot,1,Image 1,S2P,1,1658,
4.76001,,Spot,1,Image 1,S2P,1,1659,
4.7556,,Spot,1,Image 1,S2P,1,1660,
4.12622,,Spot,1,Image 1,S2P,1,1661,
4.07759,,Spot,1,Image 1,S2P,1,1662,
4.12786,,Spot,1,Image 1,S2P,1,1663,
4.12783,,Spot,1,Image 1,S2P,1,1664,
3.98836,,Spot,1,Image 1,S2P,1,1665,
4.14907,,Spot,1,Image 1,S2P,1,1666,
3.1595,,Spot,1,Image 1,S2P,1,1667,
4.79596,,Spot,1,Image 1,S2P,1,1668,
3.81711,,Spot,1,Image 1,S2P,1,1669,
4.33716,,Spot,1,Image 1,S2P,1,1670,
4.26301,,Spot,1,Image 1,S2P,1,1671,
4.32271,,Spot,1,Image 1,S2P,1,1672,
3.62804,,Spot,1,Image 1,S2P,1,1673,
4.88037,,Spot,1,Image 1,S2P,1,1674,
4.21632,,Spot,1,Image 1,S2P,1,1675,
4.49989,,Spot,1,Image 1,S2P,1,1676,
3.5397,,Spot,1,Image 1,S2P,1,1677,
4.20253,,Spot,1,Image 1,S2P,1,1678,
4.44441,,Spot,1,Image 1,S2P,1,1679,
4.16507,,Spot,1,Image 1,S2P,1,1680,
4.73465,,Spot,1,Image 1,S2P,1,1681,
4.5055,,Spot,1,Image 1,S2P,1,1682,
4.39659,,Spot,1,Image 1,S2P,1,1683,
5.63549,,Spot,1,Image 1,S2P,1,1684,
3.89576,,Spot,1,Image 1,S2P,1,1685,
4.09387,,Spot,1,Image 1,S2P,1,1686,
4.31593,,Spot,1,Image 1,S2P,1,1687,
3.6754,,Spot,1,Image 1,S2P,1,1688,
4.14125,,Spot,1,Image 1,S2P,1,1689,
4.42949,,Spot,1,Image 1,S2P,1,1690,
3.8722,,Spot,1,Image 1,S2P,1,1691,
4.10559,,Spot,1,Image 1,S2P,1,1692,
4.46681,,Spot,1,Image 1,S2P,1,1693,
3.91395,,Spot,1,Image 1,S2P,1,1694,
4.37437,,Spot,1,Image 1,S2P,1,1695,
4.55625,,Spot,1,Image 1,S2P,1,1696,
5.02223,,Spot,1,Image 1,S2P,1,1697,
3.81195,,Spot,1,Image 1,S2P,1,1698,
3.95032,,Spot,1,Image 1,S2P,1,1699,
4.36615,,Spot,1,Image 1,S2P,1,1700,
3.70348,,Spot,1,Image 1,S2P,1,1701,
4.04084,,Spot,1,Image 1,S2P,1,1702,
4.47235,,Spot,1,Image 1,S2P,1,1703,
3.89601,,Spot,1,Image 1,S2P,1,1704,
4.57153,,Spot,1,Image 1,S2P,1,1705,
4.29825,,Spot,1,Image 1,S2P,1,1706,
4.29055,,Spot,1,Image 1,S2P,1,1707,
3.98091,,Spot,1,Image 1,S2P,1,1708,
4.14973,,Spot,1,Image 1,S2P,1,1709,
4.07729,,Spot,1,Image 1,S2P,1,1710,
4.29019,,Spot,1,Image 1,S2P,1,1711,
4.79936,,Spot,1,Image 1,S2P,1,1712,
4.48517,,Spot,1,Image 1,S2P,1,1713,
4.06525,,Spot,1,Image 1,S2P,1,1714,
4.69817,,Spot,1,Image 1,S2P,1,1715,
4.02072,,Spot,1,Image 1,S2P,1,1716,
3.97735,,Spot,1,Image 1,S2P,1,1717,
3.393,,Spot,1,Image 1,S2P,1,1718,
4.46752,,Spot,1,Image 1,S2P,1,1719,
4.45944,,Spot,1,Image 1,S2P,1,1720,
4.34186,,Spot,1,Image 1,S2P,1,1721,
4.2133,,Spot,1,Image 1,S2P,1,1722,
4.31632,,Spot,1,Image 1,S2P,1,1723,
4.05467,,Spot,1,Image 1,S2P,1,1724,
4.45812,,Spot,1,Image 1,S2P,1,1725,
4.38278,,Spot,1,Image 1,S2P,1,1726,
4.67842,,Spot,1,Image 1,S2P,1,1727,
4.35473,,Spot,1,Image 1,S2P,1,1728,
3.73449,,Spot,1,Image 1,S2P,1,1729,
4.42627,,Spot,1,Image 1,S2P,1,1730,
3.74091,,Spot,1,Image 1,S2P,1,1731,
3.5937,,Spot,1,Image 1,S2P,1,1732,
7.06805,,Spot,1,Image 1,S2P,1,1733,
4.22125,,Spot,1,Image 1,S2P,1,1734,
3.99241,,Spot,1,Image 1,S2P,1,1735,
4.05116,,Spot,1,Image 1,S2P,1,1736,
3.59848,,Spot,1,Image 1,S2P,1,1737,
4.47731,,Spot,1,Image 1,S2P,1,1738,
5.08121,,Spot,1,Image 1,S2P,1,1739,
4.0707,,Spot,1,Image 1,S2P,1,1740,
4.52499,,Spot,1,Image 1,S2P,1,1741,
4.36677,,Spot,1,Image 1,S2P,1,1742,
4.40444,,Spot,1,Image 1,S2P,1,1743,
4.58141,,Spot,1,Image 1,S2P,1,1744,
4.10509,,Spot,1,Image 1,S2P,1,1745,
4.04646,,Spot,1,Image 1,S2P,1,1746,
3.97479,,Spot,1,Image 1,S2P,1,1747,
3.7065,,Spot,1,Image 1,S2P,1,1748,
4.42791,,Spot,1,Image 1,S2P,1,1749,
4.24438,,Spot,1,Image 1,S2P,1,1750,
4.09293,,Spot,1,Image 1,S2P,1,1751,
4.53919,,Spot,1,Image 1,S2P,1,1752,
4.18667,,Spot,1,Image 1,S2P,1,1753,
3.6989,,Spot,1,Image 1,S2P,1,1754,
4.09128,,Spot,1,Image 1,S2P,1,1755,
4.11419,,Spot,1,Image 1,S2P,1,1756,
4.17223,,Spot,1,Image 1,S2P,1,1757,
3.96916,,Spot,1,Image 1,S2P,1,1758,
4.15512,,Spot,1,Image 1,S2P,1,1759,
3.55655,,Spot,1,Image 1,S2P,1,1760,
4.29417,,Spot,1,Image 1,S2P,1,1761,
4.18433,,Spot,1,Image 1,S2P,1,1762,
3.97021,,Spot,1,Image 1,S2P,1,1763,
4.14922,,Spot,1,Image 1,S2P,1,1764,
3.83806,,Spot,1,Image 1,S2P,1,1765,
2.62163,,Spot,1,Image 1,S2P,1,1766,
3.65431,,Spot,1,Image 1,S2P,1,1767,
3.64857,,Spot,1,Image 1,S2P,1,1768,
3.96685,,Spot,1,Image 1,S2P,1,1769,
3.75694,,Spot,1,Image 1,S2P,1,1770,
3.6921,,Spot,1,Image 1,S2P,1,1771,
3.49343,,Spot,1,Image 1,S2P,1,1772,
3.7534,,Spot,1,Image 1,S2P,1,1773,
3.72079,,Spot,1,Image 1,S2P,1,1774,
3.89794,,Spot,1,Image 1,S2P,1,1775,
3.90468,,Spot,1,Image 1,S2P,1,1776,
4.4195,,Spot,1,Image 1,S2P,1,1777,
4.20096,,Spot,1,Image 1,S2P,1,1778,
3.83937,,Spot,1,Image 1,S2P,1,1779,
4.18989,,Spot,1,Image 1,S2P,1,1780,
4.24677,,Spot,1,Image 1,S2P,1,1781,
4.3742,,Spot,1,Image 1,S2P,1,1782,
4.55971,,Spot,1,Image 1,S2P,1,1783,
3.87219,,Spot,1,Image 1,S2P,1,1784,
4.22083,,Spot,1,Image 1,S2P,1,1785,
4.20313,,Spot,1,Image 1,S2P,1,1786,
4.06107,,Spot,1,Image 1,S2P,1,1787,
3.53199,,Spot,1,Image 1,S2P,1,1788,
3.10477,,Spot,1,Image 1,S2P,1,1789,
4.23296,,Spot,1,Image 1,S2P,1,1790,
3.53787,,Spot,1,Image 1,S2P,1,1791,
4.40367,,Spot,1,Image 1,S2P,1,1792,
3.87954,,Spot,1,Image 1,S2P,1,1793,
1.73515,,Spot,1,Image 1,S2P,1,1794,
3.77532,,Spot,1,Image 1,S2P,1,1795,
4.05877,,Spot,1,Image 1,S2P,1,1796,
3.72265,,Spot,1,Image 1,S2P,1,1797,
4.28672,,Spot,1,Image 1,S2P,1,1798,
4.47794,,Spot,1,Image 1,S2P,1,1800,
3.99848,,Spot,1,Image 1,S2P,1,1801,
5.30918,,Spot,1,Image 1,S2P,1,1802,
4.93443,,Spot,1,Image 1,S2P,1,1803,
4.7101,,Spot,1,Image 1,S2P,1,1804,
5.59459,,Spot,1,Image 1,S2P,1,1805,
5.19105,,Spot,1,Image 1,S2P,1,1806,
4.54532,,Spot,1,Image 1,S2P,1,1807,
4.72171,,Spot,1,Image 1,S2P,1,1808,
2.61379,,Spot,1,Image 1,S2P,1,1809,
4.80049,,Spot,1,Image 1,S2P,1,1810,
4.65711,,Spot,1,Image 1,S2P,1,1811,
4.48441,,Spot,1,Image 1,S2P,1,1812,
4.84557,,Spot,1,Image 1,S2P,1,1813,
4.6317,,Spot,1,Image 1,S2P,1,1814,
4.58948,,Spot,1,Image 1,S2P,1,1815,
4.75262,,Spot,1,Image 1,S2P,1,1816,
4.00189,,Spot,1,Image 1,S2P,1,1817,
4.78551,,Spot,1,Image 1,S2P,1,1818,
4.72999,,Spot,1,Image 1,S2P,1,1819,
3.31925,,Spot,1,Image 1,S2P,1,1820,
4.41883,,Spot,1,Image 1,S2P,1,1821,
4.27575,,Spot,1,Image 1,S2P,1,1822,
4.2785,,Spot,1,Image 1,S2P,1,1823,
4.16735,,Spot,1,Image 1,S2P,1,1824,
4.05135,,Spot,1,Image 1,S2P,1,1825,
4.30801,,Spot,1,Image 1,S2P,1,1826,
4.56054,,Spot,1,Image 1,S2P,1,1827,
3.73081,,Spot,1,Image 1,S2P,1,1828,
4.86837,,Spot,1,Image 1,S2P,1,1829,
4.96729,,Spot,1,Image 1,S2P,1,1830,
4.53518,,Spot,1,Image 1,S2P,1,1831,
4.6158,,Spot,1,Image 1,S2P,1,1832,
5.39222,,Spot,1,Image 1,S2P,1,1833,
4.76954,,Spot,1,Image 1,S2P,1,1834,
4.44971,,Spot,1,Image 1,S2P,1,1835,
3.97016,,Spot,1,Image 1,S2P,1,1836,
4.5293,,Spot,1,Image 1,S2P,1,1837,
4.76722,,Spot,1,Image 1,S2P,1,1838,
3.53071,,Spot,1,Image 1,S2P,1,1839,
4.6819,,Spot,1,Image 1,S2P,1,1840,
3.78656,,Spot,1,Image 1,S2P,1,1841,
4.39442,,Spot,1,Image 1,S2P,1,1842,
4.48041,,Spot,1,Image 1,S2P,1,1843,
4.09218,,Spot,1,Image 1,S2P,1,1844,
4.48622,,Spot,1,Image 1,S2P,1,1845,
3.98831,,Spot,1,Image 1,S2P,1,1846,
4.48911,,Spot,1,Image 1,S2P,1,1847,
4.26521,,Spot,1,Image 1,S2P,1,1848,
4.17699,,Spot,1,Image 1,S2P,1,1849,
3.41244,,Spot,1,Image 1,S2P,1,1850,
4.23004,,Spot,1,Image 1,S2P,1,1851,
3.97001,,Spot,1,Image 1,S2P,1,1852,
4.18885,,Spot,1,Image 1,S2P,1,1853,
4.18532,,Spot,1,Image 1,S2P,1,1854,
4.19117,,Spot,1,Image 1,S2P,1,1855,
4.63888,,Spot,1,Image 1,S2P,1,1856,
4.05351,,Spot,1,Image 1,S2P,1,1857,
4.41647,,Spot,1,Image 1,S2P,1,1858,
4.00729,,Spot,1,Image 1,S2P,1,1859,
4.27164,,Spot,1,Image 1,S2P,1,1860,
4.00086,,Spot,1,Image 1,S2P,1,1861,
4.52142,,Spot,1,Image 1,S2P,1,1862,
2.9292,,Spot,1,Image 1,S2P,1,1863,
2.05987,,Spot,1,Image 1,S2P,1,1864,
4.4285,,Spot,1,Image 1,S2P,1,1865,
3.73368,,Spot,1,Image 1,S2P,1,1866,
4.07887,,Spot,1,Image 1,S2P,1,1867,
4.0782,,Spot,1,Image 1,S2P,1,1868,
4.13459,,Spot,1,Image 1,S2P,1,1869,
4.26006,,Spot,1,Image 1,S2P,1,1870,
3.59002,,Spot,1,Image 1,S2P,1,1871,
4.16276,,Spot,1,Image 1,S2P,1,1872,
3.73611,,Spot,1,Image 1,S2P,1,1873,
3.8556,,Spot,1,Image 1,S2P,1,1874,
3.75001,,Spot,1,Image 1,S2P,1,1875,
4.1015,,Spot,1,Image 1,S2P,1,1876,
4.01577,,Spot,1,Image 1,S2P,1,1877,
3.69615,,Spot,1,Image 1,S2P,1,1878,
3.70006,,Spot,1,Image 1,S2P,1,1879,
4.18567,,Spot,1,Image 1,S2P,1,1880,
3.33956,,Spot,1,Image 1,S2P,1,1881,
3.96449,,Spot,1,Image 1,S2P,1,1882,
4.07179,,Spot,1,Image 1,S2P,1,1883,
3.66834,,Spot,1,Image 1,S2P,1,1884,
4.08001,,Spot,1,Image 1,S2P,1,1885,
4.16043,,Spot,1,Image 1,S2P,1,1886,
4.06483,,Spot,1,Image 1,S2P,1,1887,
3.77568,,Spot,1,Image 1,S2P,1,1888,
3.7579,,Spot,1,Image 1,S2P,1,1889,
3.50113,,Spot,1,Image 1,S2P,1,1890,
4.5641,,Spot,1,Image 1,S2P,1,1891,
3.34329,,Spot,1,Image 1,S2P,1,1892,
4.23166,,Spot,1,Image 1,S2P,1,1893,
3.72711,,Spot,1,Image 1,S2P,1,1894,
2.11596,,Spot,1,Image 1,S2P,1,1895,
3.93679,,Spot,1,Image 1,S2P,1,1896,
3.39747,,Spot,1,Image 1,S2P,1,1897,
3.42885,,Spot,1,Image 1,S2P,1,1898,
2.4587,,Spot,1,Image 1,S2P,1,1899,
4.72849,,Spot,1,Image 1,S2P,1,1900,
5.87679,,Spot,1,Image 1,S2P,1,1901,
5.69215,,Spot,1,Image 1,S2P,1,1902,
5.6127,,Spot,1,Image 1,S2P,1,1903,
5.14433,,Spot,1,Image 1,S2P,1,1904,
5.31614,,Spot,1,Image 1,S2P,1,1905,
5.562,,Spot,1,Image 1,S2P,1,1906,
4.55899,,Spot,1,Image 1,S2P,1,1907,
5.56397,,Spot,1,Image 1,S2P,1,1908,
5.03761,,Spot,1,Image 1,S2P,1,1909,
5.15014,,Spot,1,Image 1,S2P,1,1910,
5.24082,,Spot,1,Image 1,S2P,1,1911,
5.76942,,Spot,1,Image 1,S2P,1,1912,
4.93008,,Spot,1,Image 1,S2P,1,1913,
4.51677,,Spot,1,Image 1,S2P,1,1914,
4.87005,,Spot,1,Image 1,S2P,1,1915,
5.7771,,Spot,1,Image 1,S2P,1,1916,
6.25596,,Spot,1,Image 1,S2P,1,1917,
6.23103,,Spot,1,Image 1,S2P,1,1918,
5.11492,,Spot,1,Image 1,S2P,1,1919,
4.85072,,Spot,1,Image 1,S2P,1,1920,
5.28293,,Spot,1,Image 1,S2P,1,1921,
5.23131,,Spot,1,Image 1,S2P,1,1922,
4.77453,,Spot,1,Image 1,S2P,1,1924,
5.18994,,Spot,1,Image 1,S2P,1,1925,
4.91516,,Spot,1,Image 1,S2P,1,1926,
4.58353,,Spot,1,Image 1,S2P,1,1927,
4.8775,,Spot,1,Image 1,S2P,1,1928,
4.46854,,Spot,1,Image 1,S2P,1,1929,
4.52478,,Spot,1,Image 1,S2P,1,1930,
5.37943,,Spot,1,Image 1,S2P,1,1931,
5.15785,,Spot,1,Image 1,S2P,1,1932,
5.77024,,Spot,1,Image 1,S2P,1,1933,
5.25737,,Spot,1,Image 1,S2P,1,1934,
5.2078,,Spot,1,Image 1,S2P,1,1935,
4.80341,,Spot,1,Image 1,S2P,1,1936,
4.80517,,Spot,1,Image 1,S2P,1,1937,
4.31735,,Spot,1,Image 1,S2P,1,1938,
4.4063,,Spot,1,Image 1,S2P,1,1939,
5.36057,,Spot,1,Image 1,S2P,1,1940,
4.94978,,Spot,1,Image 1,S2P,1,1941,
5.22989,,Spot,1,Image 1,S2P,1,1942,
5.17727,,Spot,1,Image 1,S2P,1,1943,
5.18717,,Spot,1,Image 1,S2P,1,1944,
4.60358,,Spot,1,Image 1,S2P,1,1945,
4.66303,,Spot,1,Image 1,S2P,1,1946,
5.65873,,Spot,1,Image 1,S2P,1,1947,
4.84055,,Spot,1,Image 1,S2P,1,1948,
4.65933,,Spot,1,Image 1,S2P,1,1949,
4.91717,,Spot,1,Image 1,S2P,1,1950,
4.36899,,Spot,1,Image 1,S2P,1,1951,
5.40407,,Spot,1,Image 1,S2P,1,1952,
4.29281,,Spot,1,Image 1,S2P,1,1953,
4.79875,,Spot,1,Image 1,S2P,1,1954,
5.31903,,Spot,1,Image 1,S2P,1,1955,
5.45824,,Spot,1,Image 1,S2P,1,1956,
4.8191,,Spot,1,Image 1,S2P,1,1957,
4.49113,,Spot,1,Image 1,S2P,1,1958,
4.48183,,Spot,1,Image 1,S2P,1,1959,
5.098,,Spot,1,Image 1,S2P,1,1960,
4.98058,,Spot,1,Image 1,S2P,1,1961,
5.0288,,Spot,1,Image 1,S2P,1,1962,
5.05781,,Spot,1,Image 1,S2P,1,1963,
4.65055,,Spot,1,Image 1,S2P,1,1964,
4.77084,,Spot,1,Image 1,S2P,1,1965,
4.74548,,Spot,1,Image 1,S2P,1,1966,
4.85601,,Spot,1,Image 1,S2P,1,1967,
4.60901,,Spot,1,Image 1,S2P,1,1968,
4.75781,,Spot,1,Image 1,S2P,1,1969,
4.10114,,Spot,1,Image 1,S2P,1,1970,
5.03157,,Spot,1,Image 1,S2P,1,1971,
4.94035,,Spot,1,Image 1,S2P,1,1972,
5.00144,,Spot,1,Image 1,S2P,1,1973,
4.97759,,Spot,1,Image 1,S2P,1,1974,
4.40999,,Spot,1,Image 1,S2P,1,1975,
4.46295,,Spot,1,Image 1,S2P,1,1976,
4.62694,,Spot,1,Image 1,S2P,1,1977,
4.46994,,Spot,1,Image 1,S2P,1,1978,
4.21695,,Spot,1,Image 1,S2P,1,1979,
4.50911,,Spot,1,Image 1,S2P,1,1980,
4.85892,,Spot,1,Image 1,S2P,1,1981,
4.54954,,Spot,1,Image 1,S2P,1,1982,
4.59125,,Spot,1,Image 1,S2P,1,1983,
4.34953,,Spot,1,Image 1,S2P,1,1984,
4.52479,,Spot,1,Image 1,S2P,1,1985,
4.30176,,Spot,1,Image 1,S2P,1,1986,
5.58714,,Spot,1,Image 1,S2P,1,1987,
4.82175,,Spot,1,Image 1,S2P,1,1988,
4.5265,,Spot,1,Image 1,S2P,1,1989,
4.69673,,Spot,1,Image 1,S2P,1,1990,
5.62663,,Spot,1,Image 1,S2P,1,1991,
4.3835,,Spot,1,Image 1,S2P,1,1992,
5.27606,,Spot,1,Image 1,S2P,1,1993,
4.81583,,Spot,1,Image 1,S2P,1,1994,
4.1007,,Spot,1,Image 1,S2P,1,1995,
4.26479,,Spot,1,Image 1,S2P,1,1996,
3.50498,,Spot,1,Image 1,S2P,1,1997,
3.88797,,Spot,1,Image 1,S2P,1,1998,
4.97244,,Spot,1,Image 1,S2P,1,1999,
4.39709,,Spot,1,Image 1,S2P,1,2000,
2.85129,,Spot,1,Image 1,S2P,1,2001,
4.05424,,Spot,1,Image 1,S2P,1,2002,
4.64003,,Spot,1,Image 1,S2P,1,2003,
4.90004,,Spot,1,Image 1,S2P,1,2004,
4.88996,,Spot,1,Image 1,S2P,1,2005,
4.06267,,Spot,1,Image 1,S2P,1,2006,
6.20803,,Spot,1,Image 1,S2P,1,2007,
4.523,,Spot,1,Image 1,S2P,1,2008,
4.66165,,Spot,1,Image 1,S2P,1,2009,
4.57451,,Spot,1,Image 1,S2P,1,2010,
5.40692,,Spot,1,Image 1,S2P,1,2011,
4.56814,,Spot,1,Image 1,S2P,1,2012,
3.86084,,Spot,1,Image 1,S2P,1,2013,
4.16753,,Spot,1,Image 1,S2P,1,2014,
4.53491,,Spot,1,Image 1,S2P,1,2015,
3.96861,,Spot,1,Image 1,S2P,1,2016,
5.06747,,Spot,1,Image 1,S2P,1,2017,
5.09016,,Spot,1,Image 1,S2P,1,2018,
4.74257,,Spot,1,Image 1,S2P,1,2019,
4.039,,Spot,1,Image 1,S2P,1,2020,
4.56701,,Spot,1,Image 1,S2P,1,2021,
5.24609,,Spot,1,Image 1,S2P,1,2022,
4.675,,Spot,1,Image 1,S2P,1,2023,
4.64247,,Spot,1,Image 1,S2P,1,2024,
3.40744,,Spot,1,Image 1,S2P,1,2025,
3.36687,,Spot,1,Image 1,S2P,1,2026,
4.25706,,Spot,1,Image 1,S2P,1,2027,
3.7532,,Spot,1,Image 1,S2P,1,2028,
4.46336,,Spot,1,Image 1,S2P,1,2029,
4.60111,,Spot,1,Image 1,S2P,1,2030,
4.63457,,Spot,1,Image 1,S2P,1,2031,
3.97869,,Spot,1,Image 1,S2P,1,2032,
4.49525,,Spot,1,Image 1,S2P,1,2033,
4.21672,,Spot,1,Image 1,S2P,1,2034,
4.10228,,Spot,1,Image 1,S2P,1,2035,
4.86053,,Spot,1,Image 1,S2P,1,2036,
4.12011,,Spot,1,Image 1,S2P,1,2037,
4.04988,,Spot,1,Image 1,S2P,1,2038,
3.61957,,Spot,1,Image 1,S2P,1,2039,
3.93056,,Spot,1,Image 1,S2P,1,2040,
3.41758,,Spot,1,Image 1,S2P,1,2041,
4.00414,,Spot,1,Image 1,S2P,1,2042,
4.48397,,Spot,1,Image 1,S2P,1,2043,
4.25497,,Spot,1,Image 1,S2P,1,2044,
3.27734,,Spot,1,Image 1,S2P,1,2045,
3.63749,,Spot,1,Image 1,S2P,1,2046,
4.67225,,Spot,1,Image 1,S2P,1,2047,
3.54971,,Spot,1,Image 1,S2P,1,2048,
3.6011,,Spot,1,Image 1,S2P,1,2049,
2.6503,,Spot,1,Image 1,S2P,1,2050,
3.73485,,Spot,1,Image 1,S2P,1,2051,
3.1097,,Spot,1,Image 1,S2P,1,2052,
2.87547,,Spot,1,Image 1,S2P,1,2053,
3.88489,,Spot,1,Image 1,S2P,1,2054,
3.34884,,Spot,1,Image 1,S2P,1,2055,
3.03782,,Spot,1,Image 1,S2P,1,2056,
3.40835,,Spot,1,Image 1,S2P,1,2057,
3.69777,,Spot,1,Image 1,S2P,1,2058,
3.39962,,Spot,1,Image 1,S2P,1,2059,
3.84535,,Spot,1,Image 1,S2P,1,2060,
3.29545,,Spot,1,Image 1,S2P,1,2061,
2.9642,,Spot,1,Image 1,S2P,1,2062,
2.86405,,Spot,1,Image 1,S2P,1,2063,
3.49848,,Spot,1,Image 1,S2P,1,2064,
3.0111,,Spot,1,Image 1,S2P,1,2065,
2.76342,,Spot,1,Image 1,S2P,1,2066,
2.50894,,Spot,1,Image 1,S2P,1,2067,
3.85713,,Spot,1,Image 1,S2P,1,2068,
4.00563,,Spot,1,Image 1,S2P,1,2069,
3.46653,,Spot,1,Image 1,S2P,1,2070,
2.96667,,Spot,1,Image 1,S2P,1,2071,
3.72277,,Spot,1,Image 1,S2P,1,2072,
3.2047,,Spot,1,Image 1,S2P,1,2073,
3.67821,,Spot,1,Image 1,S2P,1,2074,
3.18473,,Spot,1,Image 1,S2P,1,2075,
2.97651,,Spot,1,Image 1,S2P,1,2076,
3.00397,,Spot,1,Image 1,S2P,1,2077,
3.05676,,Spot,1,Image 1,S2P,1,2078,
3.1064,,Spot,1,Image 1,S2P,1,2079,
2.63329,,Spot,1,Image 1,S2P,1,2080,
2.92354,,Spot,1,Image 1,S2P,1,2081,
3.02842,,Spot,1,Image 1,S2P,1,2082,
2.71317,,Spot,1,Image 1,S2P,1,2083,
3.23622,,Spot,1,Image 1,S2P,1,2084,
3.30474,,Spot,1,Image 1,S2P,1,2085,
3.33008,,Spot,1,Image 1,S2P,1,2086,
3.08955,,Spot,1,Image 1,S2P,1,2087,
3.15024,,Spot,1,Image 1,S2P,1,2088,
2.79081,,Spot,1,Image 1,S2P,1,2089,
2.94768,,Spot,1,Image 1,S2P,1,2090,
3.14092,,Spot,1,Image 1,S2P,1,2091,
3.15942,,Spot,1,Image 1,S2P,1,2092,
3.4779,,Spot,1,Image 1,S2P,1,2093,
3.02711,,Spot,1,Image 1,S2P,1,2094,
2.38865,,Spot,1,Image 1,S2P,1,2095,
2.81059,,Spot,1,Image 1,S2P,1,2096,
3.46768,,Spot,1,Image 1,S2P,1,2097,
2.85727,,Spot,1,Image 1,S2P,1,2098,
1.97198,,Spot,1,Image 1,S2P,1,2099,
2.77795,,Spot,1,Image 1,S2P,1,2100,
2.65938,,Spot,1,Image 1,S2P,1,2101,
3.21056,,Spot,1,Image 1,S2P,1,2102,
2.81533,,Spot,1,Image 1,S2P,1,2103,
4.26214,,Spot,1,Image 1,S2P,1,2104,
3.27529,,Spot,1,Image 1,S2P,1,2105,
3.15855,,Spot,1,Image 1,S2P,1,2106,
3.70048,,Spot,1,Image 1,S2P,1,2107,
2.88837,,Spot,1,Image 1,S2P,1,2108,
2.90365,,Spot,1,Image 1,S2P,1,2109,
3.11529,,Spot,1,Image 1,S2P,1,2110,
2.90749,,Spot,1,Image 1,S2P,1,2111,
3.24522,,Spot,1,Image 1,S2P,1,2112,
3.04901,,Spot,1,Image 1,S2P,1,2113,
2.42917,,Spot,1,Image 1,S2P,1,2114,
3.07653,,Spot,1,Image 1,S2P,1,2115,
2.7304,,Spot,1,Image 1,S2P,1,2116,
2.7558,,Spot,1,Image 1,S2P,1,2117,
2.60702,,Spot,1,Image 1,S2P,1,2118,
2.9397,,Spot,1,Image 1,S2P,1,2119,
3.21255,,Spot,1,Image 1,S2P,1,2120,
2.05456,,Spot,1,Image 1,S2P,1,2121,
3.60239,,Spot,1,Image 1,S2P,1,2122,
4.24784,,Spot,1,Image 1,S2P,1,2123,
4.063,,Spot,1,Image 1,S2P,1,2124,
4.64955,,Spot,1,Image 1,S2P,1,2125,
4.32476,,Spot,1,Image 1,S2P,1,2126,
3.5886,,Spot,1,Image 1,S2P,1,2127,
3.57361,,Spot,1,Image 1,S2P,1,2128,
4.33933,,Spot,1,Image 1,S2P,1,2129,
5.67381,,Spot,1,Image 1,S2P,1,2130,
3.86491,,Spot,1,Image 1,S2P,1,2131,
3.57062,,Spot,1,Image 1,S2P,1,2132,
3.7221,,Spot,1,Image 1,S2P,1,2133,
4.30937,,Spot,1,Image 1,S2P,1,2134,
4.72521,,Spot,1,Image 1,S2P,1,2135,
4.21317,,Spot,1,Image 1,S2P,1,2136,
4.98567,,Spot,1,Image 1,S2P,1,2137,
4.00564,,Spot,1,Image 1,S2P,1,2138,
3.57402,,Spot,1,Image 1,S2P,1,2139,
3.61903,,Spot,1,Image 1,S2P,1,2140,
3.72054,,Spot,1,Image 1,S2P,1,2141,
4.01907,,Spot,1,Image 1,S2P,1,2142,
3.67457,,Spot,1,Image 1,S2P,1,2143,
3.52914,,Spot,1,Image 1,S2P,1,2144,
3.72555,,Spot,1,Image 1,S2P,1,2145,
2.8524,,Spot,1,Image 1,S2P,1,2146,
4.06667,,Spot,1,Image 1,S2P,1,2147,
4.35851,,Spot,1,Image 1,S2P,1,2148,
3.83752,,Spot,1,Image 1,S2P,1,2149,
4.14805,,Spot,1,Image 1,S2P,1,2150,
4.41394,,Spot,1,Image 1,S2P,1,2151,
4.11588,,Spot,1,Image 1,S2P,1,2152,
4.19484,,Spot,1,Image 1,S2P,1,2153,
3.59656,,Spot,1,Image 1,S2P,1,2154,
4.38498,,Spot,1,Image 1,S2P,1,2155,
4.06102,,Spot,1,Image 1,S2P,1,2156,
4.33629,,Spot,1,Image 1,S2P,1,2157,
4.08673,,Spot,1,Image 1,S2P,1,2158,
3.25902,,Spot,1,Image 1,S2P,1,2159,
4.74755,,Spot,1,Image 1,S2P,1,2160,
3.93224,,Spot,1,Image 1,S2P,1,2161,
3.52515,,Spot,1,Image 1,S2P,1,2162,
4.0954,,Spot,1,Image 1,S2P,1,2163,
4.19943,,Spot,1,Image 1,S2P,1,2164,
3.53762,,Spot,1,Image 1,S2P,1,2165,
3.80509,,Spot,1,Image 1,S2P,1,2166,
3.93354,,Spot,1,Image 1,S2P,1,2167,
3.76035,,Spot,1,Image 1,S2P,1,2168,
3.55072,,Spot,1,Image 1,S2P,1,2169,
3.53498,,Spot,1,Image 1,S2P,1,2170,
3.74326,,Spot,1,Image 1,S2P,1,2171,
3.483,,Spot,1,Image 1,S2P,1,2172,
3.85938,,Spot,1,Image 1,S2P,1,2173,
3.58576,,Spot,1,Image 1,S2P,1,2174,
4.21633,,Spot,1,Image 1,S2P,1,2175,
6.09449,,Spot,1,Image 1,S2P,1,2176,
3.74944,,Spot,1,Image 1,S2P,1,2177,
4.03877,,Spot,1,Image 1,S2P,1,2178,
3.72811,,Spot,1,Image 1,S2P,1,2179,
3.80591,,Spot,1,Image 1,S2P,1,2180,
4.21645,,Spot,1,Image 1,S2P,1,2181,
4.36284,,Spot,1,Image 1,S2P,1,2182,
3.53439,,Spot,1,Image 1,S2P,1,2183,
4.56195,,Spot,1,Image 1,S2P,1,2184,
5.52595,,Spot,1,Image 1,S2P,1,2185,
3.59278,,Spot,1,Image 1,S2P,1,2186,
4.52149,,Spot,1,Image 1,S2P,1,2187,
4.08521,,Spot,1,Image 1,S2P,1,2188,
3.16091,,Spot,1,Image 1,S2P,1,2189,
3.88491,,Spot,1,Image 1,S2P,1,2190,
3.93791,,Spot,1,Image 1,S2P,1,2191,
3.90797,,Spot,1,Image 1,S2P,1,2192,
3.45242,,Spot,1,Image 1,S2P,1,2193,
3.22011,,Spot,1,Image 1,S2P,1,2194,
4.52978,,Spot,1,Image 1,S2P,1,2195,
4.04302,,Spot,1,Image 1,S2P,1,2196,
3.72549,,Spot,1,Image 1,S2P,1,2197,
2.88711,,Spot,1,Image 1,S2P,1,2198,
4.15304,,Spot,1,Image 1,S2P,1,2199,
3.90475,,Spot,1,Image 1,S2P,1,2200,
3.27219,,Spot,1,Image 1,S2P,1,2201,
3.81707,,Spot,1,Image 1,S2P,1,2202,
3.41302,,Spot,1,Image 1,S2P,1,2203,
3.94827,,Spot,1,Image 1,S2P,1,2204,
3.86178,,Spot,1,Image 1,S2P,1,2205,
3.81909,,Spot,1,Image 1,S2P,1,2206,
3.92768,,Spot,1,Image 1,S2P,1,2207,
3.10984,,Spot,1,Image 1,S2P,1,2208,
4.21868,,Spot,1,Image 1,S2P,1,2209,
3.46403,,Spot,1,Image 1,S2P,1,2210,
4.94398,,Spot,1,Image 1,S2P,1,2211,
3.21899,,Spot,1,Image 1,S2P,1,2212,
3.52645,,Spot,1,Image 1,S2P,1,2213,
3.57149,,Spot,1,Image 1,S2P,1,2214,
3.60111,,Spot,1,Image 1,S2P,1,2215,
3.69014,,Spot,1,Image 1,S2P,1,2216,
5.59556,,Spot,1,Image 1,S2P,1,2217,
3.23718,,Spot,1,Image 1,S2P,1,2218,
3.84426,,Spot,1,Image 1,S2P,1,2219,
4.08229,,Spot,1,Image 1,S2P,1,2220,
4.18313,,Spot,1,Image 1,S2P,1,2221,
4.53712,,Spot,1,Image 1,S2P,1,2222,
4.51878,,Spot,1,Image 1,S2P,1,2223,
3.85525,,Spot,1,Image 1,S2P,1,2224,
3.16994,,Spot,1,Image 1,S2P,1,2225,
3.25576,,Spot,1,Image 1,S2P,1,2226,
2.89383,,Spot,1,Image 1,S2P,1,2227,
3.92298,,Spot,1,Image 1,S2P,1,2228,
3.91776,,Spot,1,Image 1,S2P,1,2229,
4.2326,,Spot,1,Image 1,S2P,1,2230,
3.84427,,Spot,1,Image 1,S2P,1,2231,
3.85375,,Spot,1,Image 1,S2P,1,2232,
4.40883,,Spot,1,Image 1,S2P,1,2233,
4.01823,,Spot,1,Image 1,S2P,1,2234,
3.35164,,Spot,1,Image 1,S2P,1,2235,
4.25935,,Spot,1,Image 1,S2P,1,2236,
3.74406,,Spot,1,Image 1,S2P,1,2237,
3.73755,,Spot,1,Image 1,S2P,1,2238,
3.8758,,Spot,1,Image 1,S2P,1,2239,
3.82995,,Spot,1,Image 1,S2P,1,2240,
3.95008,,Spot,1,Image 1,S2P,1,2241,
3.77067,,Spot,1,Image 1,S2P,1,2242,
3.88722,,Spot,1,Image 1,S2P,1,2243,
4.17707,,Spot,1,Image 1,S2P,1,2244,
3.86838,,Spot,1,Image 1,S2P,1,2245,
3.8688,,Spot,1,Image 1,S2P,1,2246,
3.94442,,Spot,1,Image 1,S2P,1,2247,
3.93444,,Spot,1,Image 1,S2P,1,2248,
3.49772,,Spot,1,Image 1,S2P,1,2249,
3.5075,,Spot,1,Image 1,S2P,1,2250,
3.48222,,Spot,1,Image 1,S2P,1,2251,
3.26009,,Spot,1,Image 1,S2P,1,2252,
3.39784,,Spot,1,Image 1,S2P,1,2253,
3.99971,,Spot,1,Image 1,S2P,1,2254,
4.14428,,Spot,1,Image 1,S2P,1,2255,
3.6074,,Spot,1,Image 1,S2P,1,2256,
3.63885,,Spot,1,Image 1,S2P,1,2257,
4.0425,,Spot,1,Image 1,S2P,1,2258,
4.05951,,Spot,1,Image 1,S2P,1,2259,
4.36895,,Spot,1,Image 1,S2P,1,2260,
4.26474,,Spot,1,Image 1,S2P,1,2261,
4.18737,,Spot,1,Image 1,S2P,1,2262,
3.27085,,Spot,1,Image 1,S2P,1,2263,
6.25392,,Spot,1,Image 1,S2P,1,2264,
3.49566,,Spot,1,Image 1,S2P,1,2265,
4.43824,,Spot,1,Image 1,S2P,1,2266,
4.30008,,Spot,1,Image 1,S2P,1,2267,
4.89947,,Spot,1,Image 1,S2P,1,2268,
3.9349,,Spot,1,Image 1,S2P,1,2269,
3.1297,,Spot,1,Image 1,S2P,1,2270,
3.00247,,Spot,1,Image 1,S2P,1,2271,
3.65035,,Spot,1,Image 1,S2P,1,2272,
4.03153,,Spot,1,Image 1,S2P,1,2273,
4.58252,,Spot,1,Image 1,S2P,1,2274,
3.85163,,Spot,1,Image 1,S2P,1,2275,
3.17359,,Spot,1,Image 1,S2P,1,2276,
2.36027,,Spot,1,Image 1,S2P,1,2277,
3.87304,,Spot,1,Image 1,S2P,1,2278,
3.38984,,Spot,1,Image 1,S2P,1,2279,
3.4875,,Spot,1,Image 1,S2P,1,2280,
3.30562,,Spot,1,Image 1,S2P,1,2281,
3.74654,,Spot,1,Image 1,S2P,1,2282,
4.07539,,Spot,1,Image 1,S2P,1,2283,
2.47616,,Spot,1,Image 1,S2P,1,2284,
4.40851,,Spot,1,Image 1,S2P,1,2286,
4.57098,,Spot,1,Image 1,S2P,1,2287,
3.94563,,Spot,1,Image 1,S2P,1,2288,
4.37102,,Spot,1,Image 1,S2P,1,2289,
3.01408,,Spot,1,Image 1,S2P,1,2290,
3.63544,,Spot,1,Image 1,S2P,1,2291,
2.46707,,Spot,1,Image 1,S2P,1,2292,
3.90699,,Spot,1,Image 1,S2P,1,2293,
3.44727,,Spot,1,Image 1,S2P,1,2294,
3.24056,,Spot,1,Image 1,S2P,1,2295,
3.67334,,Spot,1,Image 1,S2P,1,2296,
3.26533,,Spot,1,Image 1,S2P,1,2297,
3.57983,,Spot,1,Image 1,S2P,1,2298,
3.87098,,Spot,1,Image 1,S2P,1,2299,
2.96275,,Spot,1,Image 1,S2P,1,2300,
4.67603,,Spot,1,Image 1,S2P,1,2301,
4.14401,,Spot,1,Image 1,S2P,1,2302,
3.84036,,Spot,1,Image 1,S2P,1,2303,
4.19927,,Spot,1,Image 1,S2P,1,2304,
4.50732,,Spot,1,Image 1,S2P,1,2305,
3.93753,,Spot,1,Image 1,S2P,1,2306,
3.01468,,Spot,1,Image 1,S2P,1,2307,
3.79208,,Spot,1,Image 1,S2P,1,2308,
3.82256,,Spot,1,Image 1,S2P,1,2309,
3.2864,,Spot,1,Image 1,S2P,1,2310,
3.85183,,Spot,1,Image 1,S2P,1,2311,
3.97377,,Spot,1,Image 1,S2P,1,2312,
3.95591,,Spot,1,Image 1,S2P,1,2313,
3.81802,,Spot,1,Image 1,S2P,1,2314,
3.53542,,Spot,1,Image 1,S2P,1,2315,
2.77369,,Spot,1,Image 1,S2P,1,2316,
3.78235,,Spot,1,Image 1,S2P,1,2317,
3.94668,,Spot,1,Image 1,S2P,1,2318,
2.68383,,Spot,1,Image 1,S2P,1,2319,
3.46674,,Spot,1,Image 1,S2P,1,2320,
4.4076,,Spot,1,Image 1,S2P,1,2321,
4.2699,,Spot,1,Image 1,S2P,1,2322,
3.97808,,Spot,1,Image 1,S2P,1,2323,
3.38869,,Spot,1,Image 1,S2P,1,2324,
3.17559,,Spot,1,Image 1,S2P,1,2325,
4.19382,,Spot,1,Image 1,S2P,1,2326,
3.07323,,Spot,1,Image 1,S2P,1,2327,
3.39829,,Spot,1,Image 1,S2P,1,2328,
4.61679,,Spot,1,Image 1,S2P,1,2329,
4.29292,,Spot,1,Image 1,S2P,1,2330,
4.1751,,Spot,1,Image 1,S2P,1,2331,
4.00893,,Spot,1,Image 1,S2P,1,2332,
4.26603,,Spot,1,Image 1,S2P,1,2333,
3.94274,,Spot,1,Image 1,S2P,1,2334,
3.37626,,Spot,1,Image 1,S2P,1,2335,
4.45188,,Spot,1,Image 1,S2P,1,2336,
3.88415,,Spot,1,Image 1,S2P,1,2337,
3.17026,,Spot,1,Image 1,S2P,1,2338,
3.64779,,Spot,1,Image 1,S2P,1,2339,
4.16149,,Spot,1,Image 1,S2P,1,2340,
3.29891,,Spot,1,Image 1,S2P,1,2341,
3.98616,,Spot,1,Image 1,S2P,1,2342,
4.08165,,Spot,1,Image 1,S2P,1,2343,
3.44796,,Spot,1,Image 1,S2P,1,2344,
3.32963,,Spot,1,Image 1,S2P,1,2345,
3.47917,,Spot,1,Image 1,S2P,1,2346,
3.79601,,Spot,1,Image 1,S2P,1,2347,
3.75027,,Spot,1,Image 1,S2P,1,2348,
3.32234,,Spot,1,Image 1,S2P,1,2349,
3.63174,,Spot,1,Image 1,S2P,1,2350,
3.46239,,Spot,1,Image 1,S2P,1,2351,
2.90417,,Spot,1,Image 1,S2P,1,2352,
3.26499,,Spot,1,Image 1,S2P,1,2353,
3.65199,,Spot,1,Image 1,S2P,1,2354,
3.89163,,Spot,1,Image 1,S2P,1,2355,
3.84241,,Spot,1,Image 1,S2P,1,2356,
3.97689,,Spot,1,Image 1,S2P,1,2357,
3.88301,,Spot,1,Image 1,S2P,1,2358,
3.61834,,Spot,1,Image 1,S2P,1,2359,
3.81897,,Spot,1,Image 1,S2P,1,2360,
3.75453,,Spot,1,Image 1,S2P,1,2361,
3.1633,,Spot,1,Image 1,S2P,1,2362,
3.34309,,Spot,1,Image 1,S2P,1,2363,
3.72229,,Spot,1,Image 1,S2P,1,2364,
3.43941,,Spot,1,Image 1,S2P,1,2365,
3.53227,,Spot,1,Image 1,S2P,1,2366,
3.17767,,Spot,1,Image 1,S2P,1,2367,
3.56105,,Spot,1,Image 1,S2P,1,2368,
3.39818,,Spot,1,Image 1,S2P,1,2369,
3.765,,Spot,1,Image 1,S2P,1,2370,
3.50824,,Spot,1,Image 1,S2P,1,2371,
3.46087,,Spot,1,Image 1,S2P,1,2372,
3.02159,,Spot,1,Image 1,S2P,1,2373,
3.7043,,Spot,1,Image 1,S2P,1,2374,
3.27657,,Spot,1,Image 1,S2P,1,2375,
3.56839,,Spot,1,Image 1,S2P,1,2376,
4.1262,,Spot,1,Image 1,S2P,1,2377,
3.32765,,Spot,1,Image 1,S2P,1,2378,
2.79302,,Spot,1,Image 1,S2P,1,2379,
2.89257,,Spot,1,Image 1,S2P,1,2380,
3.64022,,Spot,1,Image 1,S2P,1,2381,
4.35271,,Spot,1,Image 1,S2P,1,2382,
4.42754,,Spot,1,Image 1,S2P,1,2383,
4.53462,,Spot,1,Image 1,S2P,1,2384,
4.37211,,Spot,1,Image 1,S2P,1,2385,
3.81265,,Spot,1,Image 1,S2P,1,2386,
5.00622,,Spot,1,Image 1,S2P,1,2387,
4.39606,,Spot,1,Image 1,S2P,1,2388,
4.80579,,Spot,1,Image 1,S2P,1,2389,
3.8979,,Spot,1,Image 1,S2P,1,2390,
4.04155,,Spot,1,Image 1,S2P,1,2391,
3.23879,,Spot,1,Image 1,S2P,1,2392,
3.56057,,Spot,1,Image 1,S2P,1,2393,
3.53351,,Spot,1,Image 1,S2P,1,2394,
4.87078,,Spot,1,Image 1,S2P,1,2395,
4.31623,,Spot,1,Image 1,S2P,1,2396,
4.37281,,Spot,1,Image 1,S2P,1,2397,
4.29853,,Spot,1,Image 1,S2P,1,2398,
3.46381,,Spot,1,Image 1,S2P,1,2399,
4.37986,,Spot,1,Image 1,S2P,1,2400,
4.46426,,Spot,1,Image 1,S2P,1,2401,
5.71494,,Spot,1,Image 1,S2P,1,2402,
4.53723,,Spot,1,Image 1,S2P,1,2403,
6.37413,,Spot,1,Image 1,S2P,1,2404,
3.74153,,Spot,1,Image 1,S2P,1,2405,
4.2032,,Spot,1,Image 1,S2P,1,2406,
3.57021,,Spot,1,Image 1,S2P,1,2408,
4.26929,,Spot,1,Image 1,S2P,1,2409,
4.17956,,Spot,1,Image 1,S2P,1,2410,
3.84602,,Spot,1,Image 1,S2P,1,2411,
3.84833,,Spot,1,Image 1,S2P,1,2412,
4.07522,,Spot,1,Image 1,S2P,1,2413,
3.49533,,Spot,1,Image 1,S2P,1,2414,
3.55937,,Spot,1,Image 1,S2P,1,2415,
3.80805,,Spot,1,Image 1,S2P,1,2416,
5.097,,Spot,1,Image 1,S2P,1,2417,
4.37161,,Spot,1,Image 1,S2P,1,2418,
4.4857,,Spot,1,Image 1,S2P,1,2419,
4.07455,,Spot,1,Image 1,S2P,1,2420,
3.20344,,Spot,1,Image 1,S2P,1,2421,
3.58084,,Spot,1,Image 1,S2P,1,2422,
4.35254,,Spot,1,Image 1,S2P,1,2423,
3.496,,Spot,1,Image 1,S2P,1,2424,
4.0633,,Spot,1,Image 1,S2P,1,2425,
4.13682,,Spot,1,Image 1,S2P,1,2426,
4.24802,,Spot,1,Image 1,S2P,1,2427,
3.52899,,Spot,1,Image 1,S2P,1,2428,
3.2494,,Spot,1,Image 1,S2P,1,2429,
2.26105,,Spot,1,Image 1,S2P,1,2430,
3.68947,,Spot,1,Image 1,S2P,1,2431,
4.6733,,Spot,1,Image 1,S2P,1,2432,
3.26898,,Spot,1,Image 1,S2P,1,2433,
4.7773,,Spot,1,Image 1,S2P,1,2434,
3.62312,,Spot,1,Image 1,S2P,1,2435,
3.56511,,Spot,1,Image 1,S2P,1,2436,
3.74842,,Spot,1,Image 1,S2P,1,2437,
3.98772,,Spot,1,Image 1,S2P,1,2438,
3.90884,,Spot,1,Image 1,S2P,1,2439,
3.59406,,Spot,1,Image 1,S2P,1,2440,
4.24776,,Spot,1,Image 1,S2P,1,2441,
2.78899,,Spot,1,Image 1,S2P,1,2442,
3.99758,,Spot,1,Image 1,S2P,1,2443,
4.1676,,Spot,1,Image 1,S2P,1,2444,
2.68566,,Spot,1,Image 1,S2P,1,2445,
3.8134,,Spot,1,Image 1,S2P,1,2446,
2.70085,,Spot,1,Image 1,S2P,1,2447,
4.07222,,Spot,1,Image 1,S2P,1,2448,
3.88154,,Spot,1,Image 1,S2P,1,2449,
3.47502,,Spot,1,Image 1,S2P,1,2450,
4.50666,,Spot,1,Image 1,S2P,1,2451,
3.58919,,Spot,1,Image 1,S2P,1,2452,
4.40686,,Spot,1,Image 1,S2P,1,2453,
3.88259,,Spot,1,Image 1,S2P,1,2455,
4.40773,,Spot,1,Image 1,S2P,1,2456,
3.77484,,Spot,1,Image 1,S2P,1,2457,
3.04265,,Spot,1,Image 1,S2P,1,2458,
3.98557,,Spot,1,Image 1,S2P,1,2459,
3.51327,,Spot,1,Image 1,S2P,1,2460,
4.16696,,Spot,1,Image 1,S2P,1,2461,
3.96766,,Spot,1,Image 1,S2P,1,2462,
3.613,,Spot,1,Image 1,S2P,1,2463,
3.96007,,Spot,1,Image 1,S2P,1,2464,
3.17208,,Spot,1,Image 1,S2P,1,2465,
3.64144,,Spot,1,Image 1,S2P,1,2466,
3.80791,,Spot,1,Image 1,S2P,1,2467,
4.25402,,Spot,1,Image 1,S2P,1,2468,
3.96959,,Spot,1,Image 1,S2P,1,2469,
2.80089,,Spot,1,Image 1,S2P,1,2470,
2.99377,,Spot,1,Image 1,S2P,1,2471,
3.7383,,Spot,1,Image 1,S2P,1,2472,
3.95472,,Spot,1,Image 1,S2P,1,2473,
3.79988,,Spot,1,Image 1,S2P,1,2474,
3.9185,,Spot,1,Image 1,S2P,1,2475,
4.84395,,Spot,1,Image 1,S2P,1,2476,
4.08758,,Spot,1,Image 1,S2P,1,2477,
4.40618,,Spot,1,Image 1,S2P,1,2478,
2.51588,,Spot,1,Image 1,S2P,1,2479,
3.97913,,Spot,1,Image 1,S2P,1,2480,
3.80372,,Spot,1,Image 1,S2P,1,2481,
3.51797,,Spot,1,Image 1,S2P,1,2482,
3.37,,Spot,1,Image 1,S2P,1,2483,
3.56514,,Spot,1,Image 1,S2P,1,2484,
3.06835,,Spot,1,Image 1,S2P,1,2485,
3.63551,,Spot,1,Image 1,S2P,1,2486,
3.27676,,Spot,1,Image 1,S2P,1,2487,
3.12556,,Spot,1,Image 1,S2P,1,2488,
3.46823,,Spot,1,Image 1,S2P,1,2489,
3.74255,,Spot,1,Image 1,S2P,1,2490,
3.39272,,Spot,1,Image 1,S2P,1,2491,
3.58349,,Spot,1,Image 1,S2P,1,2492,
4.4603,,Spot,1,Image 1,S2P,1,2493,
3.94597,,Spot,1,Image 1,S2P,1,2494,
3.7923,,Spot,1,Image 1,S2P,1,2495,
2.95948,,Spot,1,Image 1,S2P,1,2496,
4.10755,,Spot,1,Image 1,S2P,1,2497,
3.18776,,Spot,1,Image 1,S2P,1,2498,
4.03756,,Spot,1,Image 1,S2P,1,2499,
3.81854,,Spot,1,Image 1,S2P,1,2500,
3.16237,,Spot,1,Image 1,S2P,1,2501,
4.76467,,Spot,1,Image 1,S2P,1,2502,
3.09384,,Spot,1,Image 1,S2P,1,2503,
4.02517,,Spot,1,Image 1,S2P,1,2504,
3.88259,,Spot,1,Image 1,S2P,1,2505,
3.41726,,Spot,1,Image 1,S2P,1,2506,
4.09468,,Spot,1,Image 1,S2P,1,2507,
3.23714,,Spot,1,Image 1,S2P,1,2508,
3.9537,,Spot,1,Image 1,S2P,1,2509,
3.75418,,Spot,1,Image 1,S2P,1,2510,
3.94879,,Spot,1,Image 1,S2P,1,2511,
3.56618,,Spot,1,Image 1,S2P,1,2512,
4.40423,,Spot,1,Image 1,S2P,1,2513,
3.5854,,Spot,1,Image 1,S2P,1,2514,
3.72054,,Spot,1,Image 1,S2P,1,2515,
3.4177,,Spot,1,Image 1,S2P,1,2516,
3.77072,,Spot,1,Image 1,S2P,1,2517,
3.60692,,Spot,1,Image 1,S2P,1,2518,
4.87253,,Spot,1,Image 1,S2P,1,2519,
3.35499,,Spot,1,Image 1,S2P,1,2520,
3.08493,,Spot,1,Image 1,S2P,1,2521,
3.23632,,Spot,1,Image 1,S2P,1,2522,
3.77851,,Spot,1,Image 1,S2P,1,2523,
3.84737,,Spot,1,Image 1,S2P,1,2524,
3.207,,Spot,1,Image 1,S2P,1,2525,
4.25901,,Spot,1,Image 1,S2P,1,2526,
3.23941,,Spot,1,Image 1,S2P,1,2527,
3.78751,,Spot,1,Image 1,S2P,1,2528,
3.61074,,Spot,1,Image 1,S2P,1,2529,
3.63654,,Spot,1,Image 1,S2P,1,2530,
4.13423,,Spot,1,Image 1,S2P,1,2531,
3.04186,,Spot,1,Image 1,S2P,1,2532,
3.46271,,Spot,1,Image 1,S2P,1,2533,
3.99561,,Spot,1,Image 1,S2P,1,2534,
3.55393,,Spot,1,Image 1,S2P,1,2535,
3.29797,,Spot,1,Image 1,S2P,1,2536,
3.77742,,Spot,1,Image 1,S2P,1,2537,
3.54745,,Spot,1,Image 1,S2P,1,2538,
3.37106,,Spot,1,Image 1,S2P,1,2539,
2.89128,,Spot,1,Image 1,S2P,1,2540,
4.4567,,Spot,1,Image 1,S2P,1,2541,
4.2789,,Spot,1,Image 1,S2P,1,2542,
6.01721,,Spot,1,Image 1,S2P,1,2543,
3.70393,,Spot,1,Image 1,S2P,1,2544,
4.44431,,Spot,1,Image 1,S2P,1,2545,
3.17688,,Spot,1,Image 1,S2P,1,2546,
4.47126,,Spot,1,Image 1,S2P,1,2547,
2.59422,,Spot,1,Image 1,S2P,1,2548,
3.83159,,Spot,1,Image 1,S2P,1,2549,
3.35947,,Spot,1,Image 1,S2P,1,2550,
3.17831,,Spot,1,Image 1,S2P,1,2551,
3.90448,,Spot,1,Image 1,S2P,1,2552,
1.552,,Spot,1,Image 1,S2P,1,2553,
3.60031,,Spot,1,Image 1,S2P,1,2554,
3.22964,,Spot,1,Image 1,S2P,1,2555,
2.9564,,Spot,1,Image 1,S2P,1,2556,
3.76722,,Spot,1,Image 1,S2P,1,2557,
2.09174,,Spot,1,Image 1,S2P,1,2558,
2.77682,,Spot,1,Image 1,S2P,1,2559,
3.27625,,Spot,1,Image 1,S2P,1,2560,
3.673,,Spot,1,Image 1,S2P,1,2561,
3.63177,,Spot,1,Image 1,S2P,1,2562,
4.36137,,Spot,1,Image 1,S2P,1,2563,
2.9355,,Spot,1,Image 1,S2P,1,2564,
3.9653,,Spot,1,Image 1,S2P,1,2565,
2.29469,,Spot,1,Image 1,S2P,1,2566,
5.26034,,Spot,1,Image 1,S2P,1,2567,
4.11548,,Spot,1,Image 1,S2P,1,2568,
3.73129,,Spot,1,Image 1,S2P,1,2569,
4.41111,,Spot,1,Image 1,S2P,1,2570,
2.8297,,Spot,1,Image 1,S2P,1,2571,
3.70082,,Spot,1,Image 1,S2P,1,2572,
3.45913,,Spot,1,Image 1,S2P,1,2573,
2.28173,,Spot,1,Image 1,S2P,1,2574,
4.11096,,Spot,1,Image 1,S2P,1,2575,
3.21004,,Spot,1,Image 1,S2P,1,2576,
3.41381,,Spot,1,Image 1,S2P,1,2577,
2.75865,,Spot,1,Image 1,S2P,1,2578,
4.70894,,Spot,1,Image 1,S2P,1,2579,
4.00873,,Spot,1,Image 1,S2P,1,2580,
2.99381,,Spot,1,Image 1,S2P,1,2581,
2.85225,,Spot,1,Image 1,S2P,1,2582,
3.47969,,Spot,1,Image 1,S2P,1,2583,
3.57641,,Spot,1,Image 1,S2P,1,2584,
5.0072,,Spot,1,Image 1,S2P,1,2585,
4.08967,,Spot,1,Image 1,S2P,1,2586,
3.15804,,Spot,1,Image 1,S2P,1,2587,
3.6995,,Spot,1,Image 1,S2P,1,2588,
2.5496,,Spot,1,Image 1,S2P,1,2589,
3.15296,,Spot,1,Image 1,S2P,1,2590,
4.07901,,Spot,1,Image 1,S2P,1,2591,
3.38046,,Spot,1,Image 1,S2P,1,2592,
3.75461,,Spot,1,Image 1,S2P,1,2593,
2.23974,,Spot,1,Image 1,S2P,1,2594,
3.89122,,Spot,1,Image 1,S2P,1,2595,
