
Intensity StdDev Ch=2 Img=1
 ==================== 
Intensity StdDev,Unit,Category,Channel,Image,Surpass Object,Time,ID,
4.18627,,Surface,2,Image 1,Nucleus,1,0,
1.29328,,Spot,2,Image 1,Nucleus center of mass,1,0,
3.63762,,Spot,2,Image 1,S2P,1,1,
4.98908,,Spot,2,Image 1,S2P,1,2,
2.80659,,Spot,2,Image 1,S2P,1,3,
3.9759,,Spot,2,Image 1,S2P,1,4,
3.91753,,Spot,2,Image 1,S2P,1,5,
3.06778,,Spot,2,Image 1,S2P,1,6,
3.69766,,Spot,2,Image 1,S2P,1,7,
2.63437,,Spot,2,Image 1,S2P,1,8,
1.74286,,Spot,2,Image 1,S2P,1,9,
4.07873,,Spot,2,Image 1,S2P,1,10,
2.52625,,Spot,2,Image 1,S2P,1,11,
0.262171,,Spot,2,Image 1,S2P,1,12,
2.0456,,Spot,2,Image 1,S2P,1,13,
0,,Spot,2,Image 1,S2P,1,14,
3.75675,,Spot,2,Image 1,S2P,1,15,
3.03524,,Spot,2,Image 1,S2P,1,16,
2.03427,,Spot,2,Image 1,S2P,1,17,
1.39471,,Spot,2,Image 1,S2P,1,18,
2.81624,,Spot,2,Image 1,S2P,1,19,
1.25384,,Spot,2,Image 1,S2P,1,20,
0.461185,,Spot,2,Image 1,S2P,1,21,
2.48871,,Spot,2,Image 1,S2P,1,22,
1.90913,,Spot,2,Image 1,S2P,1,23,
0,,Spot,2,Image 1,S2P,1,24,
0.686591,,Spot,2,Image 1,S2P,1,25,
2.7099,,Spot,2,Image 1,S2P,1,26,
2.44728,,Spot,2,Image 1,S2P,1,27,
2.18974,,Spot,2,Image 1,S2P,1,28,
1.39793,,Spot,2,Image 1,S2P,1,29,
0,,Spot,2,Image 1,S2P,1,30,
1.68031,,Spot,2,Image 1,S2P,1,31,
1.64743,,Spot,2,Image 1,S2P,1,32,
2.63748,,Spot,2,Image 1,S2P,1,33,
1.38708,,Spot,2,Image 1,S2P,1,35,
6.89571,,Spot,2,Image 1,S2P,1,36,
2.5036,,Spot,2,Image 1,S2P,1,38,
4.11984,,Spot,2,Image 1,S2P,1,39,
7.33285,,Spot,2,Image 1,S2P,1,40,
4.0873,,Spot,2,Image 1,S2P,1,41,
3.83451,,Spot,2,Image 1,S2P,1,42,
3.61577,,Spot,2,Image 1,S2P,1,43,
4.44139,,Spot,2,Image 1,S2P,1,44,
5.41926,,Spot,2,Image 1,S2P,1,45,
0,,Spot,2,Image 1,S2P,1,46,
4.88306,,Spot,2,Image 1,S2P,1,47,
0,,Spot,2,Image 1,S2P,1,48,
3.29945,,Spot,2,Image 1,S2P,1,49,
4.88147,,Spot,2,Image 1,S2P,1,50,
3.1622,,Spot,2,Image 1,S2P,1,51,
2.65053,,Spot,2,Image 1,S2P,1,53,
0.791018,,Spot,2,Image 1,S2P,1,54,
3.35974,,Spot,2,Image 1,S2P,1,55,
1.97111,,Spot,2,Image 1,S2P,1,56,
1.39997,,Spot,2,Image 1,S2P,1,57,
0.95204,,Spot,2,Image 1,S2P,1,58,
4.39344,,Spot,2,Image 1,S2P,1,59,
2.09062,,Spot,2,Image 1,S2P,1,60,
1.08374,,Spot,2,Image 1,S2P,1,61,
2.33914,,Spot,2,Image 1,S2P,1,62,
2.65942,,Spot,2,Image 1,S2P,1,63,
3.80709,,Spot,2,Image 1,S2P,1,64,
3.01162,,Spot,2,Image 1,S2P,1,65,
1.05126,,Spot,2,Image 1,S2P,1,66,
1.31921,,Spot,2,Image 1,S2P,1,67,
3.62337,,Spot,2,Image 1,S2P,1,68,
3.26338,,Spot,2,Image 1,S2P,1,69,
3.32577,,Spot,2,Image 1,S2P,1,70,
0.846529,,Spot,2,Image 1,S2P,1,71,
2.5429,,Spot,2,Image 1,S2P,1,72,
0,,Spot,2,Image 1,S2P,1,73,
2.54852,,Spot,2,Image 1,S2P,1,74,
1.46389,,Spot,2,Image 1,S2P,1,75,
2.87552,,Spot,2,Image 1,S2P,1,76,
1.43941,,Spot,2,Image 1,S2P,1,77,
0,,Spot,2,Image 1,S2P,1,78,
3.89741,,Spot,2,Image 1,S2P,1,79,
4.05038,,Spot,2,Image 1,S2P,1,80,
2.32331,,Spot,2,Image 1,S2P,1,81,
2.38015,,Spot,2,Image 1,S2P,1,83,
2.36181,,Spot,2,Image 1,S2P,1,84,
1.69593,,Spot,2,Image 1,S2P,1,85,
1.88336,,Spot,2,Image 1,S2P,1,86,
4.21714,,Spot,2,Image 1,S2P,1,87,
7.91606,,Spot,2,Image 1,S2P,1,88,
6.86365,,Spot,2,Image 1,S2P,1,89,
3.39568,,Spot,2,Image 1,S2P,1,90,
5.57752,,Spot,2,Image 1,S2P,1,91,
4.52326,,Spot,2,Image 1,S2P,1,92,
2.67867,,Spot,2,Image 1,S2P,1,93,
0.937602,,Spot,2,Image 1,S2P,1,94,
6.62511,,Spot,2,Image 1,S2P,1,95,
4.05935,,Spot,2,Image 1,S2P,1,96,
2.54653,,Spot,2,Image 1,S2P,1,97,
2.52218,,Spot,2,Image 1,S2P,1,98,
2.10815,,Spot,2,Image 1,S2P,1,99,
2.82625,,Spot,2,Image 1,S2P,1,100,
2.85886,,Spot,2,Image 1,S2P,1,101,
2.44383,,Spot,2,Image 1,S2P,1,102,
1.43685,,Spot,2,Image 1,S2P,1,103,
0.421452,,Spot,2,Image 1,S2P,1,104,
2.24141,,Spot,2,Image 1,S2P,1,105,
1.66223,,Spot,2,Image 1,S2P,1,106,
1.78052,,Spot,2,Image 1,S2P,1,107,
2.18662,,Spot,2,Image 1,S2P,1,108,
0.90426,,Spot,2,Image 1,S2P,1,109,
0.906285,,Spot,2,Image 1,S2P,1,110,
1.7247,,Spot,2,Image 1,S2P,1,111,
1.42707,,Spot,2,Image 1,S2P,1,112,
0.539766,,Spot,2,Image 1,S2P,1,113,
1.20359,,Spot,2,Image 1,S2P,1,114,
1.37499,,Spot,2,Image 1,S2P,1,115,
1.51154,,Spot,2,Image 1,S2P,1,116,
0,,Spot,2,Image 1,S2P,1,117,
1.17768,,Spot,2,Image 1,S2P,1,118,
0.265725,,Spot,2,Image 1,S2P,1,119,
1.43365,,Spot,2,Image 1,S2P,1,120,
2.01215,,Spot,2,Image 1,S2P,1,121,
1.07104,,Spot,2,Image 1,S2P,1,122,
0.958769,,Spot,2,Image 1,S2P,1,123,
1.02255,,Spot,2,Image 1,S2P,1,124,
1.91612,,Spot,2,Image 1,S2P,1,125,
2.11899,,Spot,2,Image 1,S2P,1,126,
0.709522,,Spot,2,Image 1,S2P,1,127,
2.74499,,Spot,2,Image 1,S2P,1,128,
0.658278,,Spot,2,Image 1,S2P,1,129,
0.928151,,Spot,2,Image 1,S2P,1,130,
2.2577,,Spot,2,Image 1,S2P,1,131,
1.9787,,Spot,2,Image 1,S2P,1,132,
2.67845,,Spot,2,Image 1,S2P,1,133,
2.756,,Spot,2,Image 1,S2P,1,134,
2.56862,,Spot,2,Image 1,S2P,1,135,
2.07294,,Spot,2,Image 1,S2P,1,136,
4.24418,,Spot,2,Image 1,S2P,1,137,
1.08111,,Spot,2,Image 1,S2P,1,138,
2.60977,,Spot,2,Image 1,S2P,1,139,
3.01466,,Spot,2,Image 1,S2P,1,140,
0.489545,,Spot,2,Image 1,S2P,1,141,
1.22007,,Spot,2,Image 1,S2P,1,142,
1.77505,,Spot,2,Image 1,S2P,1,143,
3.61187,,Spot,2,Image 1,S2P,1,144,
1.52917,,Spot,2,Image 1,S2P,1,145,
1.65741,,Spot,2,Image 1,S2P,1,146,
1.52709,,Spot,2,Image 1,S2P,1,147,
1.31065,,Spot,2,Image 1,S2P,1,148,
0.715357,,Spot,2,Image 1,S2P,1,149,
1.15084,,Spot,2,Image 1,S2P,1,150,
1.36471,,Spot,2,Image 1,S2P,1,151,
1.48744,,Spot,2,Image 1,S2P,1,152,
1.38647,,Spot,2,Image 1,S2P,1,154,
1.33582,,Spot,2,Image 1,S2P,1,155,
1.72934,,Spot,2,Image 1,S2P,1,157,
0.975041,,Spot,2,Image 1,S2P,1,158,
0.665175,,Spot,2,Image 1,S2P,1,159,
1.68716,,Spot,2,Image 1,S2P,1,160,
0.509662,,Spot,2,Image 1,S2P,1,161,
1.07614,,Spot,2,Image 1,S2P,1,162,
2.01089,,Spot,2,Image 1,S2P,1,163,
1.32748,,Spot,2,Image 1,S2P,1,164,
0.00339603,,Spot,2,Image 1,S2P,1,165,
5.43929,,Spot,2,Image 1,S2P,1,166,
1.25662,,Spot,2,Image 1,S2P,1,167,
1.79518,,Spot,2,Image 1,S2P,1,168,
1.75211,,Spot,2,Image 1,S2P,1,169,
2.14811,,Spot,2,Image 1,S2P,1,170,
1.48383,,Spot,2,Image 1,S2P,1,171,
1.31325,,Spot,2,Image 1,S2P,1,172,
2.90133,,Spot,2,Image 1,S2P,1,173,
2.68444,,Spot,2,Image 1,S2P,1,174,
2.64778,,Spot,2,Image 1,S2P,1,175,
1.2899,,Spot,2,Image 1,S2P,1,176,
0.905954,,Spot,2,Image 1,S2P,1,177,
2.70788,,Spot,2,Image 1,S2P,1,178,
1.31715,,Spot,2,Image 1,S2P,1,179,
1.8811,,Spot,2,Image 1,S2P,1,180,
3.26472,,Spot,2,Image 1,S2P,1,181,
2.81794,,Spot,2,Image 1,S2P,1,182,
2.67211,,Spot,2,Image 1,S2P,1,183,
1.14386,,Spot,2,Image 1,S2P,1,185,
0.741948,,Spot,2,Image 1,S2P,1,186,
2.37111,,Spot,2,Image 1,S2P,1,187,
4.56297,,Spot,2,Image 1,S2P,1,188,
1.06337,,Spot,2,Image 1,S2P,1,189,
1.51109,,Spot,2,Image 1,S2P,1,190,
1.13828,,Spot,2,Image 1,S2P,1,191,
1.19358,,Spot,2,Image 1,S2P,1,192,
1.34865,,Spot,2,Image 1,S2P,1,193,
1.60256,,Spot,2,Image 1,S2P,1,194,
1.35445,,Spot,2,Image 1,S2P,1,195,
0,,Spot,2,Image 1,S2P,1,196,
0.224194,,Spot,2,Image 1,S2P,1,197,
1.9583,,Spot,2,Image 1,S2P,1,198,
2.31139,,Spot,2,Image 1,S2P,1,199,
1.29492,,Spot,2,Image 1,S2P,1,200,
2.91115,,Spot,2,Image 1,S2P,1,201,
1.68801,,Spot,2,Image 1,S2P,1,202,
1.54248,,Spot,2,Image 1,S2P,1,203,
0.987835,,Spot,2,Image 1,S2P,1,204,
1.26304,,Spot,2,Image 1,S2P,1,206,
1.04414,,Spot,2,Image 1,S2P,1,207,
0.958479,,Spot,2,Image 1,S2P,1,208,
1.29316,,Spot,2,Image 1,S2P,1,209,
0.965475,,Spot,2,Image 1,S2P,1,210,
1.2517,,Spot,2,Image 1,S2P,1,211,
1.16853,,Spot,2,Image 1,S2P,1,212,
2.7697,,Spot,2,Image 1,S2P,1,213,
1.39132,,Spot,2,Image 1,S2P,1,214,
0.201965,,Spot,2,Image 1,S2P,1,215,
2.71171,,Spot,2,Image 1,S2P,1,216,
1.54917,,Spot,2,Image 1,S2P,1,217,
2.20191,,Spot,2,Image 1,S2P,1,218,
1.23023,,Spot,2,Image 1,S2P,1,219,
2.07559,,Spot,2,Image 1,S2P,1,220,
1.4623,,Spot,2,Image 1,S2P,1,221,
1.00618,,Spot,2,Image 1,S2P,1,222,
1.06855,,Spot,2,Image 1,S2P,1,223,
1.24564,,Spot,2,Image 1,S2P,1,224,
0.286465,,Spot,2,Image 1,S2P,1,225,
1.18866,,Spot,2,Image 1,S2P,1,226,
1.06826,,Spot,2,Image 1,S2P,1,227,
0.368232,,Spot,2,Image 1,S2P,1,228,
0.977949,,Spot,2,Image 1,S2P,1,229,
1.69469,,Spot,2,Image 1,S2P,1,230,
0.982114,,Spot,2,Image 1,S2P,1,231,
1.82114,,Spot,2,Image 1,S2P,1,232,
1.7521,,Spot,2,Image 1,S2P,1,233,
1.6617,,Spot,2,Image 1,S2P,1,234,
0.396826,,Spot,2,Image 1,S2P,1,235,
0.962022,,Spot,2,Image 1,S2P,1,236,
0.952641,,Spot,2,Image 1,S2P,1,237,
1.07965,,Spot,2,Image 1,S2P,1,238,
0.204421,,Spot,2,Image 1,S2P,1,239,
0.373766,,Spot,2,Image 1,S2P,1,240,
0.529312,,Spot,2,Image 1,S2P,1,241,
0.799648,,Spot,2,Image 1,S2P,1,242,
3.17239,,Spot,2,Image 1,S2P,1,243,
3.63943,,Spot,2,Image 1,S2P,1,244,
2.1822,,Spot,2,Image 1,S2P,1,245,
0.265645,,Spot,2,Image 1,S2P,1,246,
2.30896,,Spot,2,Image 1,S2P,1,247,
1.92266,,Spot,2,Image 1,S2P,1,248,
2.60731,,Spot,2,Image 1,S2P,1,249,
2.01293,,Spot,2,Image 1,S2P,1,250,
1.62868,,Spot,2,Image 1,S2P,1,251,
0.86929,,Spot,2,Image 1,S2P,1,252,
3.46236,,Spot,2,Image 1,S2P,1,253,
1.14285,,Spot,2,Image 1,S2P,1,254,
0.320863,,Spot,2,Image 1,S2P,1,255,
0.805223,,Spot,2,Image 1,S2P,1,256,
0.43754,,Spot,2,Image 1,S2P,1,257,
2.01626,,Spot,2,Image 1,S2P,1,258,
1.12247,,Spot,2,Image 1,S2P,1,259,
0.847358,,Spot,2,Image 1,S2P,1,260,
0.38462,,Spot,2,Image 1,S2P,1,261,
2.46157,,Spot,2,Image 1,S2P,1,262,
0.87481,,Spot,2,Image 1,S2P,1,263,
1.5501,,Spot,2,Image 1,S2P,1,264,
0.370287,,Spot,2,Image 1,S2P,1,265,
1.58771,,Spot,2,Image 1,S2P,1,266,
0.482626,,Spot,2,Image 1,S2P,1,267,
0.582704,,Spot,2,Image 1,S2P,1,268,
0,,Spot,2,Image 1,S2P,1,269,
0,,Spot,2,Image 1,S2P,1,270,
0.274357,,Spot,2,Image 1,S2P,1,271,
1.70637,,Spot,2,Image 1,S2P,1,272,
0.986308,,Spot,2,Image 1,S2P,1,273,
1.23507,,Spot,2,Image 1,S2P,1,274,
0.628335,,Spot,2,Image 1,S2P,1,275,
1.71708,,Spot,2,Image 1,S2P,1,276,
1.46064,,Spot,2,Image 1,S2P,1,277,
2.09343,,Spot,2,Image 1,S2P,1,278,
0.397078,,Spot,2,Image 1,S2P,1,279,
0.267448,,Spot,2,Image 1,S2P,1,280,
1.12959,,Spot,2,Image 1,S2P,1,281,
1.57949,,Spot,2,Image 1,S2P,1,282,
0.902919,,Spot,2,Image 1,S2P,1,283,
0.00499809,,Spot,2,Image 1,S2P,1,284,
3.77416,,Spot,2,Image 1,S2P,1,285,
0,,Spot,2,Image 1,S2P,1,286,
0.421571,,Spot,2,Image 1,S2P,1,287,
2.45739,,Spot,2,Image 1,S2P,1,288,
1.2222,,Spot,2,Image 1,S2P,1,289,
1.47472,,Spot,2,Image 1,S2P,1,290,
0.647668,,Spot,2,Image 1,S2P,1,291,
0.527213,,Spot,2,Image 1,S2P,1,292,
2.27514,,Spot,2,Image 1,S2P,1,293,
1.7005,,Spot,2,Image 1,S2P,1,294,
1.1607,,Spot,2,Image 1,S2P,1,295,
0.602516,,Spot,2,Image 1,S2P,1,296,
0,,Spot,2,Image 1,S2P,1,297,
0.39431,,Spot,2,Image 1,S2P,1,298,
0.440913,,Spot,2,Image 1,S2P,1,299,
0.683269,,Spot,2,Image 1,S2P,1,300,
0.279677,,Spot,2,Image 1,S2P,1,301,
3.31182,,Spot,2,Image 1,S2P,1,302,
3.02361,,Spot,2,Image 1,S2P,1,303,
1.0621,,Spot,2,Image 1,S2P,1,304,
0.560394,,Spot,2,Image 1,S2P,1,305,
0.954607,,Spot,2,Image 1,S2P,1,306,
0.551342,,Spot,2,Image 1,S2P,1,307,
0.750283,,Spot,2,Image 1,S2P,1,308,
0.764085,,Spot,2,Image 1,S2P,1,309,
1.54221,,Spot,2,Image 1,S2P,1,310,
0.339917,,Spot,2,Image 1,S2P,1,311,
0.605226,,Spot,2,Image 1,S2P,1,312,
0.367878,,Spot,2,Image 1,S2P,1,313,
0.995841,,Spot,2,Image 1,S2P,1,314,
0.27185,,Spot,2,Image 1,S2P,1,315,
0.237181,,Spot,2,Image 1,S2P,1,316,
0.920245,,Spot,2,Image 1,S2P,1,317,
0.979756,,Spot,2,Image 1,S2P,1,318,
0.457403,,Spot,2,Image 1,S2P,1,319,
0.768483,,Spot,2,Image 1,S2P,1,320,
0.67262,,Spot,2,Image 1,S2P,1,321,
0.369766,,Spot,2,Image 1,S2P,1,322,
0.614891,,Spot,2,Image 1,S2P,1,323,
0.675842,,Spot,2,Image 1,S2P,1,324,
2.21875,,Spot,2,Image 1,S2P,1,325,
0.369606,,Spot,2,Image 1,S2P,1,326,
0.975111,,Spot,2,Image 1,S2P,1,327,
1.34542,,Spot,2,Image 1,S2P,1,328,
0.490304,,Spot,2,Image 1,S2P,1,329,
0.339357,,Spot,2,Image 1,S2P,1,330,
0.315986,,Spot,2,Image 1,S2P,1,331,
0.690122,,Spot,2,Image 1,S2P,1,332,
0.49355,,Spot,2,Image 1,S2P,1,333,
0,,Spot,2,Image 1,S2P,1,334,
0.244785,,Spot,2,Image 1,S2P,1,335,
0.304401,,Spot,2,Image 1,S2P,1,336,
0.441129,,Spot,2,Image 1,S2P,1,337,
0.323827,,Spot,2,Image 1,S2P,1,338,
0.448164,,Spot,2,Image 1,S2P,1,339,
0.701388,,Spot,2,Image 1,S2P,1,340,
1.39953,,Spot,2,Image 1,S2P,1,341,
1.52708,,Spot,2,Image 1,S2P,1,342,
1.8188,,Spot,2,Image 1,S2P,1,343,
2.5288,,Spot,2,Image 1,S2P,1,344,
1.54238,,Spot,2,Image 1,S2P,1,345,
0.487909,,Spot,2,Image 1,S2P,1,346,
0.253154,,Spot,2,Image 1,S2P,1,347,
0.413592,,Spot,2,Image 1,S2P,1,348,
0.543216,,Spot,2,Image 1,S2P,1,349,
0.517301,,Spot,2,Image 1,S2P,1,350,
0.381408,,Spot,2,Image 1,S2P,1,351,
0.361251,,Spot,2,Image 1,S2P,1,352,
0.788462,,Spot,2,Image 1,S2P,1,353,
0.343118,,Spot,2,Image 1,S2P,1,354,
0.191012,,Spot,2,Image 1,S2P,1,355,
0.319879,,Spot,2,Image 1,S2P,1,356,
0,,Spot,2,Image 1,S2P,1,357,
0.00632548,,Spot,2,Image 1,S2P,1,358,
0.472491,,Spot,2,Image 1,S2P,1,359,
0.424565,,Spot,2,Image 1,S2P,1,360,
0.464246,,Spot,2,Image 1,S2P,1,361,
0,,Spot,2,Image 1,S2P,1,362,
0.438426,,Spot,2,Image 1,S2P,1,363,
0.285537,,Spot,2,Image 1,S2P,1,364,
1.21758,,Spot,2,Image 1,S2P,1,365,
0.19569,,Spot,2,Image 1,S2P,1,366,
0.661747,,Spot,2,Image 1,S2P,1,367,
1.15932,,Spot,2,Image 1,S2P,1,368,
0.744444,,Spot,2,Image 1,S2P,1,369,
2.74793,,Spot,2,Image 1,S2P,1,370,
0.74329,,Spot,2,Image 1,S2P,1,371,
1.48411,,Spot,2,Image 1,S2P,1,372,
2.54455,,Spot,2,Image 1,S2P,1,373,
0.43465,,Spot,2,Image 1,S2P,1,374,
0.247129,,Spot,2,Image 1,S2P,1,375,
0.550635,,Spot,2,Image 1,S2P,1,376,
1.44738,,Spot,2,Image 1,S2P,1,377,
0.430417,,Spot,2,Image 1,S2P,1,378,
0.282544,,Spot,2,Image 1,S2P,1,379,
1.68981,,Spot,2,Image 1,S2P,1,380,
0.267279,,Spot,2,Image 1,S2P,1,381,
0.411048,,Spot,2,Image 1,S2P,1,382,
0.258476,,Spot,2,Image 1,S2P,1,383,
0.290191,,Spot,2,Image 1,S2P,1,384,
0.00412107,,Spot,2,Image 1,S2P,1,385,
0.507992,,Spot,2,Image 1,S2P,1,386,
0.328729,,Spot,2,Image 1,S2P,1,387,
0.430051,,Spot,2,Image 1,S2P,1,388,
0.548821,,Spot,2,Image 1,S2P,1,389,
0.428054,,Spot,2,Image 1,S2P,1,390,
0.816295,,Spot,2,Image 1,S2P,1,391,
0.44148,,Spot,2,Image 1,S2P,1,392,
0.301179,,Spot,2,Image 1,S2P,1,393,
2.33805,,Spot,2,Image 1,S2P,1,394,
0.461472,,Spot,2,Image 1,S2P,1,395,
2.13255,,Spot,2,Image 1,S2P,1,396,
2.53364,,Spot,2,Image 1,S2P,1,397,
0.741797,,Spot,2,Image 1,S2P,1,398,
0.484504,,Spot,2,Image 1,S2P,1,399,
2.49217,,Spot,2,Image 1,S2P,1,400,
0.00384748,,Spot,2,Image 1,S2P,1,401,
0.311943,,Spot,2,Image 1,S2P,1,402,
0.226843,,Spot,2,Image 1,S2P,1,403,
0.247387,,Spot,2,Image 1,S2P,1,404,
0.42331,,Spot,2,Image 1,S2P,1,405,
0.155065,,Spot,2,Image 1,S2P,1,406,
0.203762,,Spot,2,Image 1,S2P,1,407,
0.400346,,Spot,2,Image 1,S2P,1,408,
0.461461,,Spot,2,Image 1,S2P,1,409,
1.65524,,Spot,2,Image 1,S2P,1,410,
0,,Spot,2,Image 1,S2P,1,411,
0.374842,,Spot,2,Image 1,S2P,1,412,
0,,Spot,2,Image 1,S2P,1,413,
0.358329,,Spot,2,Image 1,S2P,1,414,
0.535544,,Spot,2,Image 1,S2P,1,415,
0.188572,,Spot,2,Image 1,S2P,1,416,
0.598282,,Spot,2,Image 1,S2P,1,417,
0,,Spot,2,Image 1,S2P,1,418,
0.898464,,Spot,2,Image 1,S2P,1,419,
2.85885,,Spot,2,Image 1,S2P,1,420,
0.921633,,Spot,2,Image 1,S2P,1,421,
0.832439,,Spot,2,Image 1,S2P,1,422,
3.06049,,Spot,2,Image 1,S2P,1,423,
2.74135,,Spot,2,Image 1,S2P,1,424,
1.51079,,Spot,2,Image 1,S2P,1,425,
3.46385,,Spot,2,Image 1,S2P,1,426,
3.02344,,Spot,2,Image 1,S2P,1,427,
5.30066,,Spot,2,Image 1,S2P,1,428,
0,,Spot,2,Image 1,S2P,1,429,
1.26385,,Spot,2,Image 1,S2P,1,430,
3.36068,,Spot,2,Image 1,S2P,1,431,
1.38563,,Spot,2,Image 1,S2P,1,432,
1.37194,,Spot,2,Image 1,S2P,1,433,
1.40943,,Spot,2,Image 1,S2P,1,434,
4.75771,,Spot,2,Image 1,S2P,1,435,
1.44948,,Spot,2,Image 1,S2P,1,436,
3.07144,,Spot,2,Image 1,S2P,1,437,
0.995261,,Spot,2,Image 1,S2P,1,438,
4.07492,,Spot,2,Image 1,S2P,1,439,
1.42997,,Spot,2,Image 1,S2P,1,440,
2.57218,,Spot,2,Image 1,S2P,1,441,
1.18872,,Spot,2,Image 1,S2P,1,442,
3.44106,,Spot,2,Image 1,S2P,1,443,
1.7912,,Spot,2,Image 1,S2P,1,444,
1.67447,,Spot,2,Image 1,S2P,1,445,
0.931426,,Spot,2,Image 1,S2P,1,446,
2.33786,,Spot,2,Image 1,S2P,1,447,
4.19162,,Spot,2,Image 1,S2P,1,448,
3.08992,,Spot,2,Image 1,S2P,1,449,
2.54135,,Spot,2,Image 1,S2P,1,450,
2.83213,,Spot,2,Image 1,S2P,1,451,
2.23355,,Spot,2,Image 1,S2P,1,452,
2.39679,,Spot,2,Image 1,S2P,1,453,
1.79487,,Spot,2,Image 1,S2P,1,454,
2.04052,,Spot,2,Image 1,S2P,1,455,
2.061,,Spot,2,Image 1,S2P,1,456,
3.71719,,Spot,2,Image 1,S2P,1,457,
1.72991,,Spot,2,Image 1,S2P,1,458,
0.99812,,Spot,2,Image 1,S2P,1,459,
0,,Spot,2,Image 1,S2P,1,460,
1.24894,,Spot,2,Image 1,S2P,1,461,
2.82519,,Spot,2,Image 1,S2P,1,462,
2.11264,,Spot,2,Image 1,S2P,1,463,
4.87493,,Spot,2,Image 1,S2P,1,464,
3.69053,,Spot,2,Image 1,S2P,1,465,
1.74918,,Spot,2,Image 1,S2P,1,466,
3.75749,,Spot,2,Image 1,S2P,1,467,
2.3049,,Spot,2,Image 1,S2P,1,468,
0.599118,,Spot,2,Image 1,S2P,1,469,
2.41806,,Spot,2,Image 1,S2P,1,470,
2.82463,,Spot,2,Image 1,S2P,1,471,
0.478137,,Spot,2,Image 1,S2P,1,472,
1.83439,,Spot,2,Image 1,S2P,1,473,
2.2995,,Spot,2,Image 1,S2P,1,474,
2.63904,,Spot,2,Image 1,S2P,1,475,
1.12981,,Spot,2,Image 1,S2P,1,476,
1.58854,,Spot,2,Image 1,S2P,1,477,
2.31374,,Spot,2,Image 1,S2P,1,478,
2.09067,,Spot,2,Image 1,S2P,1,479,
2.33812,,Spot,2,Image 1,S2P,1,480,
2.24896,,Spot,2,Image 1,S2P,1,481,
2.82468,,Spot,2,Image 1,S2P,1,482,
0.931852,,Spot,2,Image 1,S2P,1,483,
4.38687,,Spot,2,Image 1,S2P,1,484,
3.12071,,Spot,2,Image 1,S2P,1,485,
1.34759,,Spot,2,Image 1,S2P,1,486,
1.66676,,Spot,2,Image 1,S2P,1,487,
1.16422,,Spot,2,Image 1,S2P,1,488,
2.47807,,Spot,2,Image 1,S2P,1,489,
1.49941,,Spot,2,Image 1,S2P,1,490,
2.72705,,Spot,2,Image 1,S2P,1,491,
3.14307,,Spot,2,Image 1,S2P,1,492,
3.10634,,Spot,2,Image 1,S2P,1,493,
2.2147,,Spot,2,Image 1,S2P,1,494,
0.837202,,Spot,2,Image 1,S2P,1,495,
1.34614,,Spot,2,Image 1,S2P,1,496,
1.15896,,Spot,2,Image 1,S2P,1,497,
1.99263,,Spot,2,Image 1,S2P,1,498,
1.63336,,Spot,2,Image 1,S2P,1,499,
0.713638,,Spot,2,Image 1,S2P,1,500,
1.03962,,Spot,2,Image 1,S2P,1,501,
2.07893,,Spot,2,Image 1,S2P,1,502,
2.15466,,Spot,2,Image 1,S2P,1,503,
4.44537,,Spot,2,Image 1,S2P,1,504,
1.72439,,Spot,2,Image 1,S2P,1,505,
0,,Spot,2,Image 1,S2P,1,506,
4.70018,,Spot,2,Image 1,S2P,1,507,
4.53547,,Spot,2,Image 1,S2P,1,508,
1.28997,,Spot,2,Image 1,S2P,1,509,
0,,Spot,2,Image 1,S2P,1,510,
1.98563,,Spot,2,Image 1,S2P,1,511,
1.62992,,Spot,2,Image 1,S2P,1,512,
0.617303,,Spot,2,Image 1,S2P,1,513,
1.55858,,Spot,2,Image 1,S2P,1,514,
1.76182,,Spot,2,Image 1,S2P,1,515,
1.70412,,Spot,2,Image 1,S2P,1,516,
1.48251,,Spot,2,Image 1,S2P,1,517,
1.65638,,Spot,2,Image 1,S2P,1,518,
2.17478,,Spot,2,Image 1,S2P,1,520,
1.56019,,Spot,2,Image 1,S2P,1,521,
4.21371,,Spot,2,Image 1,S2P,1,522,
4.11985,,Spot,2,Image 1,S2P,1,523,
1.3203,,Spot,2,Image 1,S2P,1,524,
1.31538,,Spot,2,Image 1,S2P,1,525,
1.75765,,Spot,2,Image 1,S2P,1,526,
1.62256,,Spot,2,Image 1,S2P,1,527,
1.0275,,Spot,2,Image 1,S2P,1,528,
1.4851,,Spot,2,Image 1,S2P,1,529,
3.16929,,Spot,2,Image 1,S2P,1,530,
0.535558,,Spot,2,Image 1,S2P,1,531,
0.188278,,Spot,2,Image 1,S2P,1,532,
0.599298,,Spot,2,Image 1,S2P,1,533,
1.74267,,Spot,2,Image 1,S2P,1,534,
2.91485,,Spot,2,Image 1,S2P,1,535,
0.794487,,Spot,2,Image 1,S2P,1,536,
0.748081,,Spot,2,Image 1,S2P,1,537,
1.40945,,Spot,2,Image 1,S2P,1,538,
0.729625,,Spot,2,Image 1,S2P,1,539,
1.49079,,Spot,2,Image 1,S2P,1,540,
0.847707,,Spot,2,Image 1,S2P,1,541,
1.43897,,Spot,2,Image 1,S2P,1,542,
1.1606,,Spot,2,Image 1,S2P,1,543,
2.23055,,Spot,2,Image 1,S2P,1,544,
2.13734,,Spot,2,Image 1,S2P,1,545,
2.10961,,Spot,2,Image 1,S2P,1,546,
3.24072,,Spot,2,Image 1,S2P,1,547,
1.94236,,Spot,2,Image 1,S2P,1,548,
1.45486,,Spot,2,Image 1,S2P,1,549,
1.17245,,Spot,2,Image 1,S2P,1,550,
0.395776,,Spot,2,Image 1,S2P,1,551,
0.84545,,Spot,2,Image 1,S2P,1,552,
0.886082,,Spot,2,Image 1,S2P,1,553,
0.615036,,Spot,2,Image 1,S2P,1,554,
0.474196,,Spot,2,Image 1,S2P,1,555,
1.40421,,Spot,2,Image 1,S2P,1,556,
0.905179,,Spot,2,Image 1,S2P,1,557,
2.92316,,Spot,2,Image 1,S2P,1,558,
0,,Spot,2,Image 1,S2P,1,559,
0.835996,,Spot,2,Image 1,S2P,1,560,
1.07811,,Spot,2,Image 1,S2P,1,561,
1.49396,,Spot,2,Image 1,S2P,1,562,
0.675617,,Spot,2,Image 1,S2P,1,563,
2.38204,,Spot,2,Image 1,S2P,1,564,
0.706782,,Spot,2,Image 1,S2P,1,565,
2.17595,,Spot,2,Image 1,S2P,1,566,
0.461773,,Spot,2,Image 1,S2P,1,567,
1.72986,,Spot,2,Image 1,S2P,1,568,
2.92121,,Spot,2,Image 1,S2P,1,569,
1.19745,,Spot,2,Image 1,S2P,1,570,
0.856874,,Spot,2,Image 1,S2P,1,571,
0,,Spot,2,Image 1,S2P,1,572,
3.38516,,Spot,2,Image 1,S2P,1,573,
1.0546,,Spot,2,Image 1,S2P,1,574,
1.99078,,Spot,2,Image 1,S2P,1,575,
2.4133,,Spot,2,Image 1,S2P,1,576,
1.40497,,Spot,2,Image 1,S2P,1,577,
1.57472,,Spot,2,Image 1,S2P,1,578,
0.51105,,Spot,2,Image 1,S2P,1,579,
1.31419,,Spot,2,Image 1,S2P,1,580,
0.573188,,Spot,2,Image 1,S2P,1,581,
2.0366,,Spot,2,Image 1,S2P,1,582,
1.68667,,Spot,2,Image 1,S2P,1,583,
3.20376,,Spot,2,Image 1,S2P,1,584,
3.26732,,Spot,2,Image 1,S2P,1,585,
1.95933,,Spot,2,Image 1,S2P,1,586,
3.45847,,Spot,2,Image 1,S2P,1,587,
2.30701,,Spot,2,Image 1,S2P,1,588,
2.42119,,Spot,2,Image 1,S2P,1,589,
1.72915,,Spot,2,Image 1,S2P,1,590,
0,,Spot,2,Image 1,S2P,1,591,
2.76662,,Spot,2,Image 1,S2P,1,592,
2.34425,,Spot,2,Image 1,S2P,1,593,
0,,Spot,2,Image 1,S2P,1,594,
2.5372,,Spot,2,Image 1,S2P,1,595,
2.73739,,Spot,2,Image 1,S2P,1,596,
1.97397,,Spot,2,Image 1,S2P,1,597,
2.63376,,Spot,2,Image 1,S2P,1,598,
5.65074,,Spot,2,Image 1,S2P,1,599,
1.46792,,Spot,2,Image 1,S2P,1,600,
3.05423,,Spot,2,Image 1,S2P,1,601,
1.5213,,Spot,2,Image 1,S2P,1,602,
1.96828,,Spot,2,Image 1,S2P,1,603,
1.93003,,Spot,2,Image 1,S2P,1,604,
2.62614,,Spot,2,Image 1,S2P,1,605,
0.638313,,Spot,2,Image 1,S2P,1,606,
2.32613,,Spot,2,Image 1,S2P,1,607,
1.24747,,Spot,2,Image 1,S2P,1,608,
3.92685,,Spot,2,Image 1,S2P,1,609,
2.79799,,Spot,2,Image 1,S2P,1,610,
1.73382,,Spot,2,Image 1,S2P,1,611,
1.00625,,Spot,2,Image 1,S2P,1,612,
1.26802,,Spot,2,Image 1,S2P,1,613,
2.0132,,Spot,2,Image 1,S2P,1,614,
5.7341,,Spot,2,Image 1,S2P,1,615,
2.02609,,Spot,2,Image 1,S2P,1,616,
3.32313,,Spot,2,Image 1,S2P,1,617,
2.92907,,Spot,2,Image 1,S2P,1,618,
1.84366,,Spot,2,Image 1,S2P,1,619,
1.43123,,Spot,2,Image 1,S2P,1,620,
2.32045,,Spot,2,Image 1,S2P,1,621,
2.11932,,Spot,2,Image 1,S2P,1,622,
2.75342,,Spot,2,Image 1,S2P,1,623,
1.64446,,Spot,2,Image 1,S2P,1,624,
1.69548,,Spot,2,Image 1,S2P,1,625,
2.86662,,Spot,2,Image 1,S2P,1,626,
1.91517,,Spot,2,Image 1,S2P,1,627,
1.41188,,Spot,2,Image 1,S2P,1,628,
1.42463,,Spot,2,Image 1,S2P,1,629,
3.11352,,Spot,2,Image 1,S2P,1,630,
0.508845,,Spot,2,Image 1,S2P,1,631,
2.43204,,Spot,2,Image 1,S2P,1,632,
0.716241,,Spot,2,Image 1,S2P,1,633,
3.29697,,Spot,2,Image 1,S2P,1,634,
0.897826,,Spot,2,Image 1,S2P,1,635,
1.71875,,Spot,2,Image 1,S2P,1,636,
1.75973,,Spot,2,Image 1,S2P,1,637,
1.85804,,Spot,2,Image 1,S2P,1,638,
2.07108,,Spot,2,Image 1,S2P,1,639,
0.978875,,Spot,2,Image 1,S2P,1,640,
0.793902,,Spot,2,Image 1,S2P,1,641,
1.93007,,Spot,2,Image 1,S2P,1,642,
0.82187,,Spot,2,Image 1,S2P,1,643,
1.29595,,Spot,2,Image 1,S2P,1,644,
2.48972,,Spot,2,Image 1,S2P,1,645,
0.777534,,Spot,2,Image 1,S2P,1,646,
2.31413,,Spot,2,Image 1,S2P,1,647,
2.69737,,Spot,2,Image 1,S2P,1,648,
0.887213,,Spot,2,Image 1,S2P,1,649,
2.34961,,Spot,2,Image 1,S2P,1,650,
1.90938,,Spot,2,Image 1,S2P,1,651,
1.9239,,Spot,2,Image 1,S2P,1,652,
1.25406,,Spot,2,Image 1,S2P,1,653,
0.658631,,Spot,2,Image 1,S2P,1,654,
2.31363,,Spot,2,Image 1,S2P,1,655,
4.21672,,Spot,2,Image 1,S2P,1,656,
0.964237,,Spot,2,Image 1,S2P,1,657,
0,,Spot,2,Image 1,S2P,1,658,
2.09167,,Spot,2,Image 1,S2P,1,659,
0,,Spot,2,Image 1,S2P,1,660,
1.78198,,Spot,2,Image 1,S2P,1,661,
1.74526,,Spot,2,Image 1,S2P,1,662,
1.19885,,Spot,2,Image 1,S2P,1,663,
1.49458,,Spot,2,Image 1,S2P,1,664,
1.03787,,Spot,2,Image 1,S2P,1,665,
2.48131,,Spot,2,Image 1,S2P,1,666,
1.71331,,Spot,2,Image 1,S2P,1,667,
0.931152,,Spot,2,Image 1,S2P,1,668,
1.78034,,Spot,2,Image 1,S2P,1,669,
3.1574,,Spot,2,Image 1,S2P,1,670,
3.06979,,Spot,2,Image 1,S2P,1,671,
4.08512,,Spot,2,Image 1,S2P,1,672,
4.00808,,Spot,2,Image 1,S2P,1,673,
1.28703,,Spot,2,Image 1,S2P,1,674,
2.58523,,Spot,2,Image 1,S2P,1,675,
1.50821,,Spot,2,Image 1,S2P,1,676,
3.59654,,Spot,2,Image 1,S2P,1,677,
1.1769,,Spot,2,Image 1,S2P,1,678,
2.01196,,Spot,2,Image 1,S2P,1,679,
0.896845,,Spot,2,Image 1,S2P,1,680,
2.58118,,Spot,2,Image 1,S2P,1,681,
3.22335,,Spot,2,Image 1,S2P,1,682,
1.12354,,Spot,2,Image 1,S2P,1,683,
5.68797,,Spot,2,Image 1,S2P,1,684,
1.56237,,Spot,2,Image 1,S2P,1,685,
2.09571,,Spot,2,Image 1,S2P,1,686,
0.709178,,Spot,2,Image 1,S2P,1,687,
2.13267,,Spot,2,Image 1,S2P,1,688,
0.999235,,Spot,2,Image 1,S2P,1,689,
5.06568,,Spot,2,Image 1,S2P,1,690,
1.32694,,Spot,2,Image 1,S2P,1,691,
0.638213,,Spot,2,Image 1,S2P,1,692,
1.61382,,Spot,2,Image 1,S2P,1,693,
1.30763,,Spot,2,Image 1,S2P,1,694,
1.35684,,Spot,2,Image 1,S2P,1,695,
1.27063,,Spot,2,Image 1,S2P,1,696,
0,,Spot,2,Image 1,S2P,1,697,
1.48753,,Spot,2,Image 1,S2P,1,698,
1.1904,,Spot,2,Image 1,S2P,1,699,
0.699501,,Spot,2,Image 1,S2P,1,700,
1.33816,,Spot,2,Image 1,S2P,1,701,
0.574608,,Spot,2,Image 1,S2P,1,702,
1.31722,,Spot,2,Image 1,S2P,1,703,
0.720374,,Spot,2,Image 1,S2P,1,704,
1.69846,,Spot,2,Image 1,S2P,1,705,
0.956327,,Spot,2,Image 1,S2P,1,706,
1.71645,,Spot,2,Image 1,S2P,1,707,
0.690678,,Spot,2,Image 1,S2P,1,708,
0.365805,,Spot,2,Image 1,S2P,1,709,
0.77207,,Spot,2,Image 1,S2P,1,710,
1.43501,,Spot,2,Image 1,S2P,1,711,
0.485805,,Spot,2,Image 1,S2P,1,712,
0,,Spot,2,Image 1,S2P,1,714,
2.17049,,Spot,2,Image 1,S2P,1,715,
1.34639,,Spot,2,Image 1,S2P,1,716,
0,,Spot,2,Image 1,S2P,1,717,
1.76363,,Spot,2,Image 1,S2P,1,718,
1.24272,,Spot,2,Image 1,S2P,1,719,
0.409717,,Spot,2,Image 1,S2P,1,720,
1.50218,,Spot,2,Image 1,S2P,1,721,
2.69926,,Spot,2,Image 1,S2P,1,722,
0.501814,,Spot,2,Image 1,S2P,1,723,
0.284527,,Spot,2,Image 1,S2P,1,724,
2.3359,,Spot,2,Image 1,S2P,1,725,
2.85926,,Spot,2,Image 1,S2P,1,726,
0.624286,,Spot,2,Image 1,S2P,1,727,
1.71245,,Spot,2,Image 1,S2P,1,728,
0.577065,,Spot,2,Image 1,S2P,1,729,
0.808099,,Spot,2,Image 1,S2P,1,730,
1.5011,,Spot,2,Image 1,S2P,1,731,
1.63581,,Spot,2,Image 1,S2P,1,732,
1.79798,,Spot,2,Image 1,S2P,1,733,
0,,Spot,2,Image 1,S2P,1,734,
0.763288,,Spot,2,Image 1,S2P,1,735,
1.94377,,Spot,2,Image 1,S2P,1,736,
0.973784,,Spot,2,Image 1,S2P,1,737,
2.82855,,Spot,2,Image 1,S2P,1,738,
0.703035,,Spot,2,Image 1,S2P,1,739,
1.39046,,Spot,2,Image 1,S2P,1,740,
1.94834,,Spot,2,Image 1,S2P,1,741,
1.43708,,Spot,2,Image 1,S2P,1,742,
0.469594,,Spot,2,Image 1,S2P,1,743,
0.654508,,Spot,2,Image 1,S2P,1,744,
0.302771,,Spot,2,Image 1,S2P,1,745,
0.828355,,Spot,2,Image 1,S2P,1,746,
0.207841,,Spot,2,Image 1,S2P,1,747,
0.7897,,Spot,2,Image 1,S2P,1,748,
0.472093,,Spot,2,Image 1,S2P,1,749,
0.33513,,Spot,2,Image 1,S2P,1,750,
0.395079,,Spot,2,Image 1,S2P,1,751,
0.502124,,Spot,2,Image 1,S2P,1,752,
0.377674,,Spot,2,Image 1,S2P,1,753,
0.374138,,Spot,2,Image 1,S2P,1,754,
0.345022,,Spot,2,Image 1,S2P,1,755,
0.398701,,Spot,2,Image 1,S2P,1,756,
0.416834,,Spot,2,Image 1,S2P,1,757,
0.464813,,Spot,2,Image 1,S2P,1,758,
1.11947,,Spot,2,Image 1,S2P,1,759,
0.547964,,Spot,2,Image 1,S2P,1,760,
0.498496,,Spot,2,Image 1,S2P,1,761,
0.468025,,Spot,2,Image 1,S2P,1,762,
0.816895,,Spot,2,Image 1,S2P,1,763,
3.67137,,Spot,2,Image 1,S2P,1,764,
0.33391,,Spot,2,Image 1,S2P,1,765,
3.19836,,Spot,2,Image 1,S2P,1,766,
0,,Spot,2,Image 1,S2P,1,767,
0.538063,,Spot,2,Image 1,S2P,1,768,
0.517744,,Spot,2,Image 1,S2P,1,769,
0.354589,,Spot,2,Image 1,S2P,1,770,
0.144368,,Spot,2,Image 1,S2P,1,771,
0.00250173,,Spot,2,Image 1,S2P,1,772,
0.587713,,Spot,2,Image 1,S2P,1,773,
0.250879,,Spot,2,Image 1,S2P,1,774,
0.450644,,Spot,2,Image 1,S2P,1,775,
0.173852,,Spot,2,Image 1,S2P,1,776,
0.975851,,Spot,2,Image 1,S2P,1,777,
0,,Spot,2,Image 1,S2P,1,778,
0.19538,,Spot,2,Image 1,S2P,1,779,
0.647348,,Spot,2,Image 1,S2P,1,780,
0.542382,,Spot,2,Image 1,S2P,1,781,
0.784235,,Spot,2,Image 1,S2P,1,782,
0.299312,,Spot,2,Image 1,S2P,1,783,
0.630587,,Spot,2,Image 1,S2P,1,784,
0,,Spot,2,Image 1,S2P,1,785,
2.34115,,Spot,2,Image 1,S2P,1,786,
2.68625,,Spot,2,Image 1,S2P,1,787,
1.67808,,Spot,2,Image 1,S2P,1,788,
1.44691,,Spot,2,Image 1,S2P,1,789,
1.86691,,Spot,2,Image 1,S2P,1,790,
0.564417,,Spot,2,Image 1,S2P,1,791,
0.308085,,Spot,2,Image 1,S2P,1,792,
0.339057,,Spot,2,Image 1,S2P,1,793,
0.619422,,Spot,2,Image 1,S2P,1,794,
0.317231,,Spot,2,Image 1,S2P,1,795,
0.456256,,Spot,2,Image 1,S2P,1,796,
0.468343,,Spot,2,Image 1,S2P,1,797,
0.19889,,Spot,2,Image 1,S2P,1,798,
0.407019,,Spot,2,Image 1,S2P,1,799,
0,,Spot,2,Image 1,S2P,1,800,
0.318401,,Spot,2,Image 1,S2P,1,801,
0.365885,,Spot,2,Image 1,S2P,1,802,
0.261913,,Spot,2,Image 1,S2P,1,803,
0.685955,,Spot,2,Image 1,S2P,1,804,
0.495274,,Spot,2,Image 1,S2P,1,805,
0.361443,,Spot,2,Image 1,S2P,1,806,
0.462485,,Spot,2,Image 1,S2P,1,807,
0.565133,,Spot,2,Image 1,S2P,1,808,
0.579986,,Spot,2,Image 1,S2P,1,809,
0.42963,,Spot,2,Image 1,S2P,1,810,
0.339347,,Spot,2,Image 1,S2P,1,811,
0.522284,,Spot,2,Image 1,S2P,1,812,
0.450929,,Spot,2,Image 1,S2P,1,813,
0.421944,,Spot,2,Image 1,S2P,1,814,
1.24052,,Spot,2,Image 1,S2P,1,815,
0.960496,,Spot,2,Image 1,S2P,1,816,
1.772,,Spot,2,Image 1,S2P,1,817,
1.72885,,Spot,2,Image 1,S2P,1,818,
1.9794,,Spot,2,Image 1,S2P,1,819,
0.765923,,Spot,2,Image 1,S2P,1,820,
0.588491,,Spot,2,Image 1,S2P,1,821,
0.394106,,Spot,2,Image 1,S2P,1,822,
3.55684,,Spot,2,Image 1,S2P,1,823,
1.99599,,Spot,2,Image 1,S2P,1,824,
0.608669,,Spot,2,Image 1,S2P,1,825,
0.357967,,Spot,2,Image 1,S2P,1,826,
0.34021,,Spot,2,Image 1,S2P,1,827,
1.08446,,Spot,2,Image 1,S2P,1,828,
1.99706,,Spot,2,Image 1,S2P,1,829,
0.515868,,Spot,2,Image 1,S2P,1,830,
0,,Spot,2,Image 1,S2P,1,831,
0,,Spot,2,Image 1,S2P,1,832,
0.673552,,Spot,2,Image 1,S2P,1,833,
0.695128,,Spot,2,Image 1,S2P,1,834,
2.65288,,Spot,2,Image 1,S2P,1,835,
0.75,,Spot,2,Image 1,S2P,1,836,
1.73392,,Spot,2,Image 1,S2P,1,837,
1.18973,,Spot,2,Image 1,S2P,1,838,
1.72208,,Spot,2,Image 1,S2P,1,839,
0.418107,,Spot,2,Image 1,S2P,1,840,
0,,Spot,2,Image 1,S2P,1,841,
0.629771,,Spot,2,Image 1,S2P,1,842,
0.387104,,Spot,2,Image 1,S2P,1,843,
0.460353,,Spot,2,Image 1,S2P,1,844,
0.237665,,Spot,2,Image 1,S2P,1,845,
0.481408,,Spot,2,Image 1,S2P,1,846,
0.514867,,Spot,2,Image 1,S2P,1,847,
2.15695,,Spot,2,Image 1,S2P,1,848,
0.831305,,Spot,2,Image 1,S2P,1,849,
0.488046,,Spot,2,Image 1,S2P,1,850,
0.428518,,Spot,2,Image 1,S2P,1,851,
0.452655,,Spot,2,Image 1,S2P,1,852,
0.63869,,Spot,2,Image 1,S2P,1,853,
2.41382,,Spot,2,Image 1,S2P,1,854,
2.84758,,Spot,2,Image 1,S2P,1,855,
1.17532,,Spot,2,Image 1,S2P,1,856,
0.707151,,Spot,2,Image 1,S2P,1,857,
2.41629,,Spot,2,Image 1,S2P,1,858,
0,,Spot,2,Image 1,S2P,1,859,
2.20229,,Spot,2,Image 1,S2P,1,860,
0.539448,,Spot,2,Image 1,S2P,1,861,
0.383308,,Spot,2,Image 1,S2P,1,862,
0.38213,,Spot,2,Image 1,S2P,1,863,
0.356698,,Spot,2,Image 1,S2P,1,864,
0,,Spot,2,Image 1,S2P,1,865,
0.641317,,Spot,2,Image 1,S2P,1,866,
0.280484,,Spot,2,Image 1,S2P,1,867,
0.769442,,Spot,2,Image 1,S2P,1,868,
0.803861,,Spot,2,Image 1,S2P,1,869,
0.33952,,Spot,2,Image 1,S2P,1,870,
0.591137,,Spot,2,Image 1,S2P,1,871,
1.13262,,Spot,2,Image 1,S2P,1,872,
5.22144,,Spot,2,Image 1,S2P,1,873,
1.89234,,Spot,2,Image 1,S2P,1,874,
0.63741,,Spot,2,Image 1,S2P,1,875,
2.65237,,Spot,2,Image 1,S2P,1,876,
0.604621,,Spot,2,Image 1,S2P,1,877,
0.557194,,Spot,2,Image 1,S2P,1,878,
0.242264,,Spot,2,Image 1,S2P,1,879,
0.478585,,Spot,2,Image 1,S2P,1,880,
0.471402,,Spot,2,Image 1,S2P,1,881,
0,,Spot,2,Image 1,S2P,1,882,
0.594313,,Spot,2,Image 1,S2P,1,883,
1.08523,,Spot,2,Image 1,S2P,1,884,
0,,Spot,2,Image 1,S2P,1,885,
0.468017,,Spot,2,Image 1,S2P,1,886,
0.672446,,Spot,2,Image 1,S2P,1,887,
0.766794,,Spot,2,Image 1,S2P,1,888,
0.752668,,Spot,2,Image 1,S2P,1,889,
0.505429,,Spot,2,Image 1,S2P,1,890,
0.291135,,Spot,2,Image 1,S2P,1,891,
0.260203,,Spot,2,Image 1,S2P,1,892,
6.09346,,Spot,2,Image 1,S2P,1,893,
0.480505,,Spot,2,Image 1,S2P,1,894,
0.360837,,Spot,2,Image 1,S2P,1,895,
2.31707,,Spot,2,Image 1,S2P,1,896,
0.700924,,Spot,2,Image 1,S2P,1,897,
0.533372,,Spot,2,Image 1,S2P,1,898,
0.499757,,Spot,2,Image 1,S2P,1,899,
0.391204,,Spot,2,Image 1,S2P,1,900,
0.552459,,Spot,2,Image 1,S2P,1,901,
0.193348,,Spot,2,Image 1,S2P,1,902,
1.90603,,Spot,2,Image 1,S2P,1,903,
0.218869,,Spot,2,Image 1,S2P,1,904,
0.298362,,Spot,2,Image 1,S2P,1,905,
1.24518,,Spot,2,Image 1,S2P,1,906,
0.561293,,Spot,2,Image 1,S2P,1,907,
0.239854,,Spot,2,Image 1,S2P,1,908,
0,,Spot,2,Image 1,S2P,1,909,
0.80329,,Spot,2,Image 1,S2P,1,910,
4.16129,,Spot,2,Image 1,S2P,1,911,
1.11898,,Spot,2,Image 1,S2P,1,912,
2.04454,,Spot,2,Image 1,S2P,1,913,
0,,Spot,2,Image 1,S2P,1,914,
0.445245,,Spot,2,Image 1,S2P,1,915,
0.529261,,Spot,2,Image 1,S2P,1,916,
0.512844,,Spot,2,Image 1,S2P,1,917,
1.78713,,Spot,2,Image 1,S2P,1,918,
0.739732,,Spot,2,Image 1,S2P,1,919,
0.750476,,Spot,2,Image 1,S2P,1,920,
0.738018,,Spot,2,Image 1,S2P,1,921,
0.881034,,Spot,2,Image 1,S2P,1,922,
0.736371,,Spot,2,Image 1,S2P,1,923,
0.164473,,Spot,2,Image 1,S2P,1,924,
0.581867,,Spot,2,Image 1,S2P,1,925,
0.66047,,Spot,2,Image 1,S2P,1,926,
0.739574,,Spot,2,Image 1,S2P,1,927,
0.369362,,Spot,2,Image 1,S2P,1,928,
0.675589,,Spot,2,Image 1,S2P,1,929,
2.73259,,Spot,2,Image 1,S2P,1,930,
0.453487,,Spot,2,Image 1,S2P,1,931,
1.07705,,Spot,2,Image 1,S2P,1,932,
3.2557,,Spot,2,Image 1,S2P,1,933,
1.07436,,Spot,2,Image 1,S2P,1,934,
0.6719,,Spot,2,Image 1,S2P,1,935,
0.347967,,Spot,2,Image 1,S2P,1,936,
1.04703,,Spot,2,Image 1,S2P,1,937,
0.314806,,Spot,2,Image 1,S2P,1,938,
2.46248,,Spot,2,Image 1,S2P,1,939,
0,,Spot,2,Image 1,S2P,1,940,
0.554716,,Spot,2,Image 1,S2P,1,941,
2.27796,,Spot,2,Image 1,S2P,1,942,
1.05348,,Spot,2,Image 1,S2P,1,943,
0.707318,,Spot,2,Image 1,S2P,1,944,
0.549384,,Spot,2,Image 1,S2P,1,945,
0,,Spot,2,Image 1,S2P,1,946,
0.637215,,Spot,2,Image 1,S2P,1,947,
0,,Spot,2,Image 1,S2P,1,948,
0,,Spot,2,Image 1,S2P,1,949,
0.500388,,Spot,2,Image 1,S2P,1,950,
1.66492,,Spot,2,Image 1,S2P,1,951,
0.477027,,Spot,2,Image 1,S2P,1,952,
2.28761,,Spot,2,Image 1,S2P,1,953,
1.9131,,Spot,2,Image 1,S2P,1,954,
1.26722,,Spot,2,Image 1,S2P,1,955,
1.38294,,Spot,2,Image 1,S2P,1,956,
0.474999,,Spot,2,Image 1,S2P,1,957,
0.520053,,Spot,2,Image 1,S2P,1,958,
0.516256,,Spot,2,Image 1,S2P,1,959,
2.47382,,Spot,2,Image 1,S2P,1,960,
0.835734,,Spot,2,Image 1,S2P,1,961,
0.630674,,Spot,2,Image 1,S2P,1,962,
0.582337,,Spot,2,Image 1,S2P,1,963,
0.441592,,Spot,2,Image 1,S2P,1,964,
0.458671,,Spot,2,Image 1,S2P,1,965,
0.428192,,Spot,2,Image 1,S2P,1,966,
1.01512,,Spot,2,Image 1,S2P,1,967,
0.612858,,Spot,2,Image 1,S2P,1,968,
0.620444,,Spot,2,Image 1,S2P,1,969,
0,,Spot,2,Image 1,S2P,1,970,
1.16785,,Spot,2,Image 1,S2P,1,971,
0,,Spot,2,Image 1,S2P,1,972,
2.24203,,Spot,2,Image 1,S2P,1,973,
1.45495,,Spot,2,Image 1,S2P,1,974,
0.824463,,Spot,2,Image 1,S2P,1,975,
1.44481,,Spot,2,Image 1,S2P,1,976,
1.2655,,Spot,2,Image 1,S2P,1,977,
0.869039,,Spot,2,Image 1,S2P,1,978,
1.3214,,Spot,2,Image 1,S2P,1,979,
0.376745,,Spot,2,Image 1,S2P,1,980,
3.15017,,Spot,2,Image 1,S2P,1,981,
0.242429,,Spot,2,Image 1,S2P,1,982,
2.64645,,Spot,2,Image 1,S2P,1,983,
3.31028,,Spot,2,Image 1,S2P,1,984,
0.592082,,Spot,2,Image 1,S2P,1,985,
0.45634,,Spot,2,Image 1,S2P,1,986,
1.27128,,Spot,2,Image 1,S2P,1,987,
1.66484,,Spot,2,Image 1,S2P,1,988,
0.827075,,Spot,2,Image 1,S2P,1,989,
1.50165,,Spot,2,Image 1,S2P,1,990,
0.79776,,Spot,2,Image 1,S2P,1,991,
1.41814,,Spot,2,Image 1,S2P,1,992,
1.14323,,Spot,2,Image 1,S2P,1,993,
1.65665,,Spot,2,Image 1,S2P,1,994,
1.80722,,Spot,2,Image 1,S2P,1,995,
1.23245,,Spot,2,Image 1,S2P,1,996,
1.43192,,Spot,2,Image 1,S2P,1,997,
1.86814,,Spot,2,Image 1,S2P,1,998,
1.55343,,Spot,2,Image 1,S2P,1,999,
3.81214,,Spot,2,Image 1,S2P,1,1000,
1.41223,,Spot,2,Image 1,S2P,1,1001,
0,,Spot,2,Image 1,S2P,1,1002,
0,,Spot,2,Image 1,S2P,1,1003,
3.70322,,Spot,2,Image 1,S2P,1,1004,
2.09407,,Spot,2,Image 1,S2P,1,1005,
0.676257,,Spot,2,Image 1,S2P,1,1006,
1.58323,,Spot,2,Image 1,S2P,1,1007,
1.10114,,Spot,2,Image 1,S2P,1,1008,
2.63273,,Spot,2,Image 1,S2P,1,1009,
0.814339,,Spot,2,Image 1,S2P,1,1010,
0.925158,,Spot,2,Image 1,S2P,1,1011,
0,,Spot,2,Image 1,S2P,1,1012,
0.512593,,Spot,2,Image 1,S2P,1,1013,
0.499424,,Spot,2,Image 1,S2P,1,1014,
0.61362,,Spot,2,Image 1,S2P,1,1015,
0.765973,,Spot,2,Image 1,S2P,1,1016,
1.82385,,Spot,2,Image 1,S2P,1,1017,
0.961503,,Spot,2,Image 1,S2P,1,1018,
0.699492,,Spot,2,Image 1,S2P,1,1019,
1.04877,,Spot,2,Image 1,S2P,1,1020,
1.50604,,Spot,2,Image 1,S2P,1,1021,
2.70969,,Spot,2,Image 1,S2P,1,1022,
1.94963,,Spot,2,Image 1,S2P,1,1023,
2.14377,,Spot,2,Image 1,S2P,1,1024,
1.59066,,Spot,2,Image 1,S2P,1,1025,
1.19846,,Spot,2,Image 1,S2P,1,1026,
0.895686,,Spot,2,Image 1,S2P,1,1027,
0.343786,,Spot,2,Image 1,S2P,1,1028,
1.07838,,Spot,2,Image 1,S2P,1,1029,
0.985134,,Spot,2,Image 1,S2P,1,1030,
1.20445,,Spot,2,Image 1,S2P,1,1031,
1.87721,,Spot,2,Image 1,S2P,1,1032,
0.539067,,Spot,2,Image 1,S2P,1,1033,
2.1119,,Spot,2,Image 1,S2P,1,1034,
2.6026,,Spot,2,Image 1,S2P,1,1035,
2.43427,,Spot,2,Image 1,S2P,1,1036,
2.38807,,Spot,2,Image 1,S2P,1,1037,
2.22525,,Spot,2,Image 1,S2P,1,1038,
1.33619,,Spot,2,Image 1,S2P,1,1039,
1.38833,,Spot,2,Image 1,S2P,1,1040,
3.1943,,Spot,2,Image 1,S2P,1,1041,
1.0894,,Spot,2,Image 1,S2P,1,1042,
0.871049,,Spot,2,Image 1,S2P,1,1043,
2.02352,,Spot,2,Image 1,S2P,1,1044,
1.08548,,Spot,2,Image 1,S2P,1,1045,
0.29574,,Spot,2,Image 1,S2P,1,1046,
0,,Spot,2,Image 1,S2P,1,1047,
1.53893,,Spot,2,Image 1,S2P,1,1048,
2.95638,,Spot,2,Image 1,S2P,1,1049,
0.819261,,Spot,2,Image 1,S2P,1,1050,
0.963848,,Spot,2,Image 1,S2P,1,1051,
3.06835,,Spot,2,Image 1,S2P,1,1052,
2.42773,,Spot,2,Image 1,S2P,1,1053,
0.974765,,Spot,2,Image 1,S2P,1,1054,
1.9537,,Spot,2,Image 1,S2P,1,1055,
1.24992,,Spot,2,Image 1,S2P,1,1056,
2.43883,,Spot,2,Image 1,S2P,1,1057,
2.15051,,Spot,2,Image 1,S2P,1,1058,
1.54469,,Spot,2,Image 1,S2P,1,1059,
1.80095,,Spot,2,Image 1,S2P,1,1060,
0.813567,,Spot,2,Image 1,S2P,1,1061,
2.46478,,Spot,2,Image 1,S2P,1,1062,
1.8231,,Spot,2,Image 1,S2P,1,1063,
1.22241,,Spot,2,Image 1,S2P,1,1064,
1.29018,,Spot,2,Image 1,S2P,1,1065,
2.35769,,Spot,2,Image 1,S2P,1,1066,
0.679414,,Spot,2,Image 1,S2P,1,1067,
1.40584,,Spot,2,Image 1,S2P,1,1068,
2.4993,,Spot,2,Image 1,S2P,1,1069,
2.95558,,Spot,2,Image 1,S2P,1,1070,
0.725764,,Spot,2,Image 1,S2P,1,1071,
1.75944,,Spot,2,Image 1,S2P,1,1072,
1.1708,,Spot,2,Image 1,S2P,1,1073,
1.0591,,Spot,2,Image 1,S2P,1,1074,
1.33319,,Spot,2,Image 1,S2P,1,1075,
1.37937,,Spot,2,Image 1,S2P,1,1076,
2.24599,,Spot,2,Image 1,S2P,1,1077,
2.13115,,Spot,2,Image 1,S2P,1,1078,
3.38474,,Spot,2,Image 1,S2P,1,1079,
1.27583,,Spot,2,Image 1,S2P,1,1080,
1.72946,,Spot,2,Image 1,S2P,1,1081,
5.84433,,Spot,2,Image 1,S2P,1,1082,
1.81694,,Spot,2,Image 1,S2P,1,1083,
2.77262,,Spot,2,Image 1,S2P,1,1084,
0.518076,,Spot,2,Image 1,S2P,1,1085,
2.54061,,Spot,2,Image 1,S2P,1,1086,
1.02895,,Spot,2,Image 1,S2P,1,1087,
1.49662,,Spot,2,Image 1,S2P,1,1088,
1.81299,,Spot,2,Image 1,S2P,1,1089,
2.27249,,Spot,2,Image 1,S2P,1,1090,
0,,Spot,2,Image 1,S2P,1,1091,
0,,Spot,2,Image 1,S2P,1,1093,
2.04817,,Spot,2,Image 1,S2P,1,1094,
2.10884,,Spot,2,Image 1,S2P,1,1095,
2.18993,,Spot,2,Image 1,S2P,1,1096,
2.46462,,Spot,2,Image 1,S2P,1,1097,
3.05832,,Spot,2,Image 1,S2P,1,1098,
1.61148,,Spot,2,Image 1,S2P,1,1099,
2.04696,,Spot,2,Image 1,S2P,1,1100,
2.0369,,Spot,2,Image 1,S2P,1,1101,
4.9049,,Spot,2,Image 1,S2P,1,1102,
1.63496,,Spot,2,Image 1,S2P,1,1103,
1.38006,,Spot,2,Image 1,S2P,1,1104,
1.26599,,Spot,2,Image 1,S2P,1,1105,
1.02134,,Spot,2,Image 1,S2P,1,1106,
1.54061,,Spot,2,Image 1,S2P,1,1107,
1.29069,,Spot,2,Image 1,S2P,1,1108,
2.44598,,Spot,2,Image 1,S2P,1,1109,
0.920874,,Spot,2,Image 1,S2P,1,1110,
1.67133,,Spot,2,Image 1,S2P,1,1111,
2.29776,,Spot,2,Image 1,S2P,1,1112,
2.97031,,Spot,2,Image 1,S2P,1,1113,
1.43746,,Spot,2,Image 1,S2P,1,1114,
0.19716,,Spot,2,Image 1,S2P,1,1115,
1.17671,,Spot,2,Image 1,S2P,1,1116,
1.9028,,Spot,2,Image 1,S2P,1,1117,
0.736082,,Spot,2,Image 1,S2P,1,1118,
1.72344,,Spot,2,Image 1,S2P,1,1120,
2.66293,,Spot,2,Image 1,S2P,1,1121,
3.26053,,Spot,2,Image 1,S2P,1,1122,
1.50268,,Spot,2,Image 1,S2P,1,1123,
0,,Spot,2,Image 1,S2P,1,1124,
0.683114,,Spot,2,Image 1,S2P,1,1125,
2.15916,,Spot,2,Image 1,S2P,1,1126,
1.43289,,Spot,2,Image 1,S2P,1,1127,
1.62507,,Spot,2,Image 1,S2P,1,1128,
0.994516,,Spot,2,Image 1,S2P,1,1129,
1.29144,,Spot,2,Image 1,S2P,1,1130,
2.45556,,Spot,2,Image 1,S2P,1,1131,
0,,Spot,2,Image 1,S2P,1,1132,
0.987706,,Spot,2,Image 1,S2P,1,1133,
0.903129,,Spot,2,Image 1,S2P,1,1134,
1.9509,,Spot,2,Image 1,S2P,1,1135,
1.0317,,Spot,2,Image 1,S2P,1,1136,
1.13555,,Spot,2,Image 1,S2P,1,1137,
1.091,,Spot,2,Image 1,S2P,1,1138,
1.73134,,Spot,2,Image 1,S2P,1,1139,
1.74666,,Spot,2,Image 1,S2P,1,1140,
2.14972,,Spot,2,Image 1,S2P,1,1141,
3.80637,,Spot,2,Image 1,S2P,1,1142,
1.6203,,Spot,2,Image 1,S2P,1,1143,
1.89846,,Spot,2,Image 1,S2P,1,1144,
2.40024,,Spot,2,Image 1,S2P,1,1145,
1.52921,,Spot,2,Image 1,S2P,1,1146,
2.1828,,Spot,2,Image 1,S2P,1,1147,
2.30117,,Spot,2,Image 1,S2P,1,1148,
2.51765,,Spot,2,Image 1,S2P,1,1149,
3.81973,,Spot,2,Image 1,S2P,1,1150,
2.93867,,Spot,2,Image 1,S2P,1,1151,
2.10426,,Spot,2,Image 1,S2P,1,1152,
1.25437,,Spot,2,Image 1,S2P,1,1153,
0.816472,,Spot,2,Image 1,S2P,1,1154,
0.564771,,Spot,2,Image 1,S2P,1,1155,
0.828929,,Spot,2,Image 1,S2P,1,1156,
2.84942,,Spot,2,Image 1,S2P,1,1157,
1.8585,,Spot,2,Image 1,S2P,1,1158,
0,,Spot,2,Image 1,S2P,1,1159,
2.86436,,Spot,2,Image 1,S2P,1,1160,
1.14116,,Spot,2,Image 1,S2P,1,1161,
1.16064,,Spot,2,Image 1,S2P,1,1162,
1.51213,,Spot,2,Image 1,S2P,1,1163,
1.84464,,Spot,2,Image 1,S2P,1,1164,
1.47701,,Spot,2,Image 1,S2P,1,1165,
1.23599,,Spot,2,Image 1,S2P,1,1166,
2.02195,,Spot,2,Image 1,S2P,1,1167,
2.53567,,Spot,2,Image 1,S2P,1,1168,
0,,Spot,2,Image 1,S2P,1,1169,
2.60827,,Spot,2,Image 1,S2P,1,1170,
1.11981,,Spot,2,Image 1,S2P,1,1171,
0,,Spot,2,Image 1,S2P,1,1172,
0.442786,,Spot,2,Image 1,S2P,1,1173,
0.791158,,Spot,2,Image 1,S2P,1,1174,
0.867246,,Spot,2,Image 1,S2P,1,1175,
0.746107,,Spot,2,Image 1,S2P,1,1176,
4.13498,,Spot,2,Image 1,S2P,1,1177,
1.91378,,Spot,2,Image 1,S2P,1,1178,
1.71567,,Spot,2,Image 1,S2P,1,1179,
1.7549,,Spot,2,Image 1,S2P,1,1180,
2.54015,,Spot,2,Image 1,S2P,1,1181,
1.21083,,Spot,2,Image 1,S2P,1,1182,
1.41621,,Spot,2,Image 1,S2P,1,1183,
0,,Spot,2,Image 1,S2P,1,1184,
1.40782,,Spot,2,Image 1,S2P,1,1185,
2.13112,,Spot,2,Image 1,S2P,1,1187,
0.82507,,Spot,2,Image 1,S2P,1,1188,
1.32861,,Spot,2,Image 1,S2P,1,1191,
1.50021,,Spot,2,Image 1,S2P,1,1192,
2.76518,,Spot,2,Image 1,S2P,1,1193,
1.64587,,Spot,2,Image 1,S2P,1,1194,
1.8227,,Spot,2,Image 1,S2P,1,1195,
1.45499,,Spot,2,Image 1,S2P,1,1196,
1.33379,,Spot,2,Image 1,S2P,1,1197,
1.6945,,Spot,2,Image 1,S2P,1,1198,
4.16255,,Spot,2,Image 1,S2P,1,1199,
1.46102,,Spot,2,Image 1,S2P,1,1200,
1.54612,,Spot,2,Image 1,S2P,1,1201,
3.06782,,Spot,2,Image 1,S2P,1,1202,
3.18867,,Spot,2,Image 1,S2P,1,1203,
0.789894,,Spot,2,Image 1,S2P,1,1204,
2.24807,,Spot,2,Image 1,S2P,1,1205,
0,,Spot,2,Image 1,S2P,1,1206,
1.37737,,Spot,2,Image 1,S2P,1,1207,
1.77273,,Spot,2,Image 1,S2P,1,1208,
2.38599,,Spot,2,Image 1,S2P,1,1209,
1.97266,,Spot,2,Image 1,S2P,1,1210,
0.943558,,Spot,2,Image 1,S2P,1,1211,
1.61478,,Spot,2,Image 1,S2P,1,1212,
0.468175,,Spot,2,Image 1,S2P,1,1213,
4.64182,,Spot,2,Image 1,S2P,1,1214,
1.84083,,Spot,2,Image 1,S2P,1,1215,
0.770381,,Spot,2,Image 1,S2P,1,1216,
1.71108,,Spot,2,Image 1,S2P,1,1217,
1.53309,,Spot,2,Image 1,S2P,1,1218,
3.25663,,Spot,2,Image 1,S2P,1,1219,
1.15036,,Spot,2,Image 1,S2P,1,1220,
1.76204,,Spot,2,Image 1,S2P,1,1221,
1.41853,,Spot,2,Image 1,S2P,1,1222,
2.15953,,Spot,2,Image 1,S2P,1,1223,
2.64818,,Spot,2,Image 1,S2P,1,1224,
3.4614,,Spot,2,Image 1,S2P,1,1225,
2.01677,,Spot,2,Image 1,S2P,1,1226,
2.94444,,Spot,2,Image 1,S2P,1,1227,
1.99239,,Spot,2,Image 1,S2P,1,1228,
1.84068,,Spot,2,Image 1,S2P,1,1229,
1.39159,,Spot,2,Image 1,S2P,1,1230,
1.07612,,Spot,2,Image 1,S2P,1,1231,
1.43401,,Spot,2,Image 1,S2P,1,1232,
2.16469,,Spot,2,Image 1,S2P,1,1233,
1.96208,,Spot,2,Image 1,S2P,1,1234,
2.86033,,Spot,2,Image 1,S2P,1,1235,
1.75865,,Spot,2,Image 1,S2P,1,1236,
1.83766,,Spot,2,Image 1,S2P,1,1237,
1.45091,,Spot,2,Image 1,S2P,1,1238,
1.57999,,Spot,2,Image 1,S2P,1,1239,
1.99099,,Spot,2,Image 1,S2P,1,1240,
3.14178,,Spot,2,Image 1,S2P,1,1241,
1.48137,,Spot,2,Image 1,S2P,1,1242,
0.952705,,Spot,2,Image 1,S2P,1,1243,
3.19108,,Spot,2,Image 1,S2P,1,1244,
3.87589,,Spot,2,Image 1,S2P,1,1245,
1.40077,,Spot,2,Image 1,S2P,1,1246,
2.21527,,Spot,2,Image 1,S2P,1,1247,
2.10707,,Spot,2,Image 1,S2P,1,1248,
1.32561,,Spot,2,Image 1,S2P,1,1249,
1.57547,,Spot,2,Image 1,S2P,1,1250,
4.40826,,Spot,2,Image 1,S2P,1,1251,
2.05007,,Spot,2,Image 1,S2P,1,1252,
0.714889,,Spot,2,Image 1,S2P,1,1253,
1.55701,,Spot,2,Image 1,S2P,1,1254,
2.27057,,Spot,2,Image 1,S2P,1,1255,
1.19479,,Spot,2,Image 1,S2P,1,1256,
0.869747,,Spot,2,Image 1,S2P,1,1257,
2.98666,,Spot,2,Image 1,S2P,1,1258,
1.15344,,Spot,2,Image 1,S2P,1,1259,
1.52084,,Spot,2,Image 1,S2P,1,1260,
0.494749,,Spot,2,Image 1,S2P,1,1261,
2.01278,,Spot,2,Image 1,S2P,1,1262,
0.665961,,Spot,2,Image 1,S2P,1,1263,
0.758253,,Spot,2,Image 1,S2P,1,1264,
0.00552797,,Spot,2,Image 1,S2P,1,1265,
0.674348,,Spot,2,Image 1,S2P,1,1266,
4.33192,,Spot,2,Image 1,S2P,1,1267,
2.64764,,Spot,2,Image 1,S2P,1,1268,
2.70206,,Spot,2,Image 1,S2P,1,1269,
2.91336,,Spot,2,Image 1,S2P,1,1270,
1.3409,,Spot,2,Image 1,S2P,1,1271,
1.02658,,Spot,2,Image 1,S2P,1,1272,
2.2641,,Spot,2,Image 1,S2P,1,1273,
0.913836,,Spot,2,Image 1,S2P,1,1274,
2.94297,,Spot,2,Image 1,S2P,1,1275,
1.7512,,Spot,2,Image 1,S2P,1,1276,
3.62092,,Spot,2,Image 1,S2P,1,1277,
2.74063,,Spot,2,Image 1,S2P,1,1278,
2.42865,,Spot,2,Image 1,S2P,1,1279,
2.57482,,Spot,2,Image 1,S2P,1,1280,
0,,Spot,2,Image 1,S2P,1,1281,
0.617517,,Spot,2,Image 1,S2P,1,1282,
2.26201,,Spot,2,Image 1,S2P,1,1283,
1.81036,,Spot,2,Image 1,S2P,1,1284,
1.53084,,Spot,2,Image 1,S2P,1,1285,
0,,Spot,2,Image 1,S2P,1,1286,
1.81615,,Spot,2,Image 1,S2P,1,1287,
2.30676,,Spot,2,Image 1,S2P,1,1288,
0.832967,,Spot,2,Image 1,S2P,1,1289,
2.49502,,Spot,2,Image 1,S2P,1,1290,
1.64561,,Spot,2,Image 1,S2P,1,1291,
2.91577,,Spot,2,Image 1,S2P,1,1292,
3.04339,,Spot,2,Image 1,S2P,1,1293,
3.8891,,Spot,2,Image 1,S2P,1,1294,
0.00513411,,Spot,2,Image 1,S2P,1,1295,
2.40435,,Spot,2,Image 1,S2P,1,1296,
1.81643,,Spot,2,Image 1,S2P,1,1297,
0.916174,,Spot,2,Image 1,S2P,1,1298,
4.68568,,Spot,2,Image 1,S2P,1,1299,
0.945479,,Spot,2,Image 1,S2P,1,1300,
3.12289,,Spot,2,Image 1,S2P,1,1301,
2.35756,,Spot,2,Image 1,S2P,1,1302,
3.28339,,Spot,2,Image 1,S2P,1,1303,
0.261038,,Spot,2,Image 1,S2P,1,1304,
1.07187,,Spot,2,Image 1,S2P,1,1305,
0.861353,,Spot,2,Image 1,S2P,1,1306,
0.606037,,Spot,2,Image 1,S2P,1,1307,
0,,Spot,2,Image 1,S2P,1,1308,
3.8979,,Spot,2,Image 1,S2P,1,1309,
0.000347614,,Spot,2,Image 1,S2P,1,1310,
0.748386,,Spot,2,Image 1,S2P,1,1311,
1.61794,,Spot,2,Image 1,S2P,1,1312,
2.64693,,Spot,2,Image 1,S2P,1,1313,
3.21326,,Spot,2,Image 1,S2P,1,1314,
2.29467,,Spot,2,Image 1,S2P,1,1315,
2.20173,,Spot,2,Image 1,S2P,1,1316,
1.9617,,Spot,2,Image 1,S2P,1,1317,
2.43396,,Spot,2,Image 1,S2P,1,1318,
2.5471,,Spot,2,Image 1,S2P,1,1319,
1.29329,,Spot,2,Image 1,S2P,1,1320,
1.4581,,Spot,2,Image 1,S2P,1,1321,
0,,Spot,2,Image 1,S2P,1,1322,
1.10147,,Spot,2,Image 1,S2P,1,1323,
2.96512,,Spot,2,Image 1,S2P,1,1324,
2.71034,,Spot,2,Image 1,S2P,1,1325,
2.65556,,Spot,2,Image 1,S2P,1,1326,
2.07238,,Spot,2,Image 1,S2P,1,1327,
0.652453,,Spot,2,Image 1,S2P,1,1328,
1.68072,,Spot,2,Image 1,S2P,1,1329,
1.50991,,Spot,2,Image 1,S2P,1,1330,
1.17942,,Spot,2,Image 1,S2P,1,1331,
2.86379,,Spot,2,Image 1,S2P,1,1332,
1.02185,,Spot,2,Image 1,S2P,1,1333,
3.01466,,Spot,2,Image 1,S2P,1,1334,
3.05634,,Spot,2,Image 1,S2P,1,1335,
1.86558,,Spot,2,Image 1,S2P,1,1336,
0.594153,,Spot,2,Image 1,S2P,1,1337,
1.55,,Spot,2,Image 1,S2P,1,1338,
1.07717,,Spot,2,Image 1,S2P,1,1339,
2.4739,,Spot,2,Image 1,S2P,1,1340,
2.05172,,Spot,2,Image 1,S2P,1,1341,
1.69396,,Spot,2,Image 1,S2P,1,1342,
1.22207,,Spot,2,Image 1,S2P,1,1343,
0.890435,,Spot,2,Image 1,S2P,1,1344,
1.77485,,Spot,2,Image 1,S2P,1,1345,
1.27727,,Spot,2,Image 1,S2P,1,1346,
0,,Spot,2,Image 1,S2P,1,1347,
0.915216,,Spot,2,Image 1,S2P,1,1348,
0.925334,,Spot,2,Image 1,S2P,1,1349,
1.01779,,Spot,2,Image 1,S2P,1,1350,
1.74624,,Spot,2,Image 1,S2P,1,1351,
1.03464,,Spot,2,Image 1,S2P,1,1352,
2.21266,,Spot,2,Image 1,S2P,1,1353,
2.10804,,Spot,2,Image 1,S2P,1,1354,
2.64716,,Spot,2,Image 1,S2P,1,1355,
2.29746,,Spot,2,Image 1,S2P,1,1356,
0.949762,,Spot,2,Image 1,S2P,1,1357,
1.60377,,Spot,2,Image 1,S2P,1,1358,
2.39345,,Spot,2,Image 1,S2P,1,1359,
3.46417,,Spot,2,Image 1,S2P,1,1360,
2.99654,,Spot,2,Image 1,S2P,1,1361,
3.21569,,Spot,2,Image 1,S2P,1,1362,
1.73295,,Spot,2,Image 1,S2P,1,1363,
1.68888,,Spot,2,Image 1,S2P,1,1364,
1.39267,,Spot,2,Image 1,S2P,1,1365,
2.23613,,Spot,2,Image 1,S2P,1,1366,
1.63997,,Spot,2,Image 1,S2P,1,1367,
1.57293,,Spot,2,Image 1,S2P,1,1368,
1.4431,,Spot,2,Image 1,S2P,1,1369,
1.35019,,Spot,2,Image 1,S2P,1,1370,
1.04299,,Spot,2,Image 1,S2P,1,1371,
2.23418,,Spot,2,Image 1,S2P,1,1372,
1.83353,,Spot,2,Image 1,S2P,1,1373,
1.3602,,Spot,2,Image 1,S2P,1,1374,
1.29448,,Spot,2,Image 1,S2P,1,1375,
0.527104,,Spot,2,Image 1,S2P,1,1376,
1.93618,,Spot,2,Image 1,S2P,1,1377,
1.51702,,Spot,2,Image 1,S2P,1,1378,
2.7137,,Spot,2,Image 1,S2P,1,1379,
1.48417,,Spot,2,Image 1,S2P,1,1380,
0.697397,,Spot,2,Image 1,S2P,1,1381,
2.27117,,Spot,2,Image 1,S2P,1,1382,
1.98951,,Spot,2,Image 1,S2P,1,1383,
3.11676,,Spot,2,Image 1,S2P,1,1384,
1.33827,,Spot,2,Image 1,S2P,1,1385,
1.80807,,Spot,2,Image 1,S2P,1,1386,
0,,Spot,2,Image 1,S2P,1,1387,
1.67901,,Spot,2,Image 1,S2P,1,1388,
1.72434,,Spot,2,Image 1,S2P,1,1389,
1.1071,,Spot,2,Image 1,S2P,1,1390,
2.22299,,Spot,2,Image 1,S2P,1,1391,
2.5705,,Spot,2,Image 1,S2P,1,1392,
3.58629,,Spot,2,Image 1,S2P,1,1393,
0.481514,,Spot,2,Image 1,S2P,1,1394,
1.65004,,Spot,2,Image 1,S2P,1,1395,
1.95007,,Spot,2,Image 1,S2P,1,1396,
1.10483,,Spot,2,Image 1,S2P,1,1397,
3.34471,,Spot,2,Image 1,S2P,1,1398,
2.41135,,Spot,2,Image 1,S2P,1,1399,
1.48842,,Spot,2,Image 1,S2P,1,1400,
1.729,,Spot,2,Image 1,S2P,1,1401,
2.04799,,Spot,2,Image 1,S2P,1,1402,
2.10193,,Spot,2,Image 1,S2P,1,1403,
1.85672,,Spot,2,Image 1,S2P,1,1404,
0.637281,,Spot,2,Image 1,S2P,1,1405,
1.46648,,Spot,2,Image 1,S2P,1,1407,
2.88834,,Spot,2,Image 1,S2P,1,1408,
1.79616,,Spot,2,Image 1,S2P,1,1409,
1.51514,,Spot,2,Image 1,S2P,1,1410,
1.48266,,Spot,2,Image 1,S2P,1,1411,
2.85225,,Spot,2,Image 1,S2P,1,1412,
2.63155,,Spot,2,Image 1,S2P,1,1413,
1.85641,,Spot,2,Image 1,S2P,1,1414,
2.09029,,Spot,2,Image 1,S2P,1,1415,
2.41814,,Spot,2,Image 1,S2P,1,1416,
1.38027,,Spot,2,Image 1,S2P,1,1417,
1.37766,,Spot,2,Image 1,S2P,1,1418,
1.78891,,Spot,2,Image 1,S2P,1,1419,
2.78156,,Spot,2,Image 1,S2P,1,1420,
1.66794,,Spot,2,Image 1,S2P,1,1421,
4.66535,,Spot,2,Image 1,S2P,1,1422,
3.88428,,Spot,2,Image 1,S2P,1,1423,
1.47546,,Spot,2,Image 1,S2P,1,1424,
1.58095,,Spot,2,Image 1,S2P,1,1425,
1.53908,,Spot,2,Image 1,S2P,1,1426,
0.453631,,Spot,2,Image 1,S2P,1,1427,
1.67596,,Spot,2,Image 1,S2P,1,1428,
3.8509,,Spot,2,Image 1,S2P,1,1429,
1.20671,,Spot,2,Image 1,S2P,1,1430,
1.1893,,Spot,2,Image 1,S2P,1,1431,
0.873023,,Spot,2,Image 1,S2P,1,1432,
1.2956,,Spot,2,Image 1,S2P,1,1433,
1.87874,,Spot,2,Image 1,S2P,1,1434,
1.57362,,Spot,2,Image 1,S2P,1,1435,
0.840706,,Spot,2,Image 1,S2P,1,1436,
1.98712,,Spot,2,Image 1,S2P,1,1437,
0.387946,,Spot,2,Image 1,S2P,1,1438,
1.6534,,Spot,2,Image 1,S2P,1,1439,
4.89469,,Spot,2,Image 1,S2P,1,1440,
1.61985,,Spot,2,Image 1,S2P,1,1442,
2.41545,,Spot,2,Image 1,S2P,1,1443,
1.06638,,Spot,2,Image 1,S2P,1,1444,
2.21702,,Spot,2,Image 1,S2P,1,1445,
2.271,,Spot,2,Image 1,S2P,1,1446,
1.03572,,Spot,2,Image 1,S2P,1,1447,
1.31052,,Spot,2,Image 1,S2P,1,1448,
2.07664,,Spot,2,Image 1,S2P,1,1449,
1.6306,,Spot,2,Image 1,S2P,1,1450,
1.24655,,Spot,2,Image 1,S2P,1,1451,
1.82888,,Spot,2,Image 1,S2P,1,1452,
1.15928,,Spot,2,Image 1,S2P,1,1453,
1.93093,,Spot,2,Image 1,S2P,1,1454,
0.775483,,Spot,2,Image 1,S2P,1,1455,
1.53524,,Spot,2,Image 1,S2P,1,1456,
1.89358,,Spot,2,Image 1,S2P,1,1457,
0.536504,,Spot,2,Image 1,S2P,1,1458,
2.02713,,Spot,2,Image 1,S2P,1,1459,
0.859831,,Spot,2,Image 1,S2P,1,1460,
0.667001,,Spot,2,Image 1,S2P,1,1461,
1.70938,,Spot,2,Image 1,S2P,1,1462,
1.66055,,Spot,2,Image 1,S2P,1,1463,
0.993647,,Spot,2,Image 1,S2P,1,1464,
0,,Spot,2,Image 1,S2P,1,1465,
0.542936,,Spot,2,Image 1,S2P,1,1466,
2.69972,,Spot,2,Image 1,S2P,1,1467,
0.905899,,Spot,2,Image 1,S2P,1,1468,
2.38013,,Spot,2,Image 1,S2P,1,1470,
1.48387,,Spot,2,Image 1,S2P,1,1471,
2.8663,,Spot,2,Image 1,S2P,1,1472,
1.77083,,Spot,2,Image 1,S2P,1,1473,
1.09623,,Spot,2,Image 1,S2P,1,1474,
2.02209,,Spot,2,Image 1,S2P,1,1475,
0.0205154,,Spot,2,Image 1,S2P,1,1476,
1.55731,,Spot,2,Image 1,S2P,1,1477,
1.72387,,Spot,2,Image 1,S2P,1,1478,
1.14446,,Spot,2,Image 1,S2P,1,1479,
2.3103,,Spot,2,Image 1,S2P,1,1480,
2.71768,,Spot,2,Image 1,S2P,1,1481,
1.54659,,Spot,2,Image 1,S2P,1,1482,
3.33923,,Spot,2,Image 1,S2P,1,1483,
0.675278,,Spot,2,Image 1,S2P,1,1484,
1.02449,,Spot,2,Image 1,S2P,1,1485,
1.19957,,Spot,2,Image 1,S2P,1,1486,
3.45367,,Spot,2,Image 1,S2P,1,1487,
2.31143,,Spot,2,Image 1,S2P,1,1488,
0.522714,,Spot,2,Image 1,S2P,1,1489,
2.58218,,Spot,2,Image 1,S2P,1,1490,
1.75085,,Spot,2,Image 1,S2P,1,1491,
1.43614,,Spot,2,Image 1,S2P,1,1492,
2.33873,,Spot,2,Image 1,S2P,1,1493,
1.97773,,Spot,2,Image 1,S2P,1,1494,
2.21906,,Spot,2,Image 1,S2P,1,1495,
0.9608,,Spot,2,Image 1,S2P,1,1496,
2.2115,,Spot,2,Image 1,S2P,1,1497,
2.61308,,Spot,2,Image 1,S2P,1,1498,
1.6375,,Spot,2,Image 1,S2P,1,1499,
2.08792,,Spot,2,Image 1,S2P,1,1500,
0.509024,,Spot,2,Image 1,S2P,1,1501,
0.448895,,Spot,2,Image 1,S2P,1,1502,
2.31257,,Spot,2,Image 1,S2P,1,1503,
0.660284,,Spot,2,Image 1,S2P,1,1504,
3.29688,,Spot,2,Image 1,S2P,1,1505,
1.32167,,Spot,2,Image 1,S2P,1,1506,
2.44372,,Spot,2,Image 1,S2P,1,1507,
1.63977,,Spot,2,Image 1,S2P,1,1508,
1.76098,,Spot,2,Image 1,S2P,1,1509,
1.07438,,Spot,2,Image 1,S2P,1,1510,
1.25446,,Spot,2,Image 1,S2P,1,1511,
0,,Spot,2,Image 1,S2P,1,1512,
2.4711,,Spot,2,Image 1,S2P,1,1513,
1.37793,,Spot,2,Image 1,S2P,1,1514,
0.718452,,Spot,2,Image 1,S2P,1,1515,
1.0521,,Spot,2,Image 1,S2P,1,1516,
0.311395,,Spot,2,Image 1,S2P,1,1517,
0.769386,,Spot,2,Image 1,S2P,1,1518,
1.91306,,Spot,2,Image 1,S2P,1,1519,
3.06698,,Spot,2,Image 1,S2P,1,1520,
0,,Spot,2,Image 1,S2P,1,1521,
1.32245,,Spot,2,Image 1,S2P,1,1522,
1.33083,,Spot,2,Image 1,S2P,1,1523,
2.94293,,Spot,2,Image 1,S2P,1,1525,
1.56033,,Spot,2,Image 1,S2P,1,1526,
2.22417,,Spot,2,Image 1,S2P,1,1527,
2.03708,,Spot,2,Image 1,S2P,1,1528,
2.32113,,Spot,2,Image 1,S2P,1,1529,
1.26922,,Spot,2,Image 1,S2P,1,1530,
2.04922,,Spot,2,Image 1,S2P,1,1531,
1.56098,,Spot,2,Image 1,S2P,1,1532,
3.11621,,Spot,2,Image 1,S2P,1,1533,
1.55377,,Spot,2,Image 1,S2P,1,1535,
2.05177,,Spot,2,Image 1,S2P,1,1536,
0,,Spot,2,Image 1,S2P,1,1537,
3.99685,,Spot,2,Image 1,S2P,1,1538,
1.4931,,Spot,2,Image 1,S2P,1,1539,
1.82415,,Spot,2,Image 1,S2P,1,1540,
1.72548,,Spot,2,Image 1,S2P,1,1541,
0.937203,,Spot,2,Image 1,S2P,1,1542,
1.80459,,Spot,2,Image 1,S2P,1,1543,
1.67965,,Spot,2,Image 1,S2P,1,1544,
1.91374,,Spot,2,Image 1,S2P,1,1545,
0.794873,,Spot,2,Image 1,S2P,1,1546,
0.535563,,Spot,2,Image 1,S2P,1,1547,
1.41065,,Spot,2,Image 1,S2P,1,1548,
2.0351,,Spot,2,Image 1,S2P,1,1549,
0.909699,,Spot,2,Image 1,S2P,1,1550,
0.398794,,Spot,2,Image 1,S2P,1,1551,
0.500789,,Spot,2,Image 1,S2P,1,1552,
0.742747,,Spot,2,Image 1,S2P,1,1553,
1.39117,,Spot,2,Image 1,S2P,1,1554,
1.26326,,Spot,2,Image 1,S2P,1,1555,
1.47765,,Spot,2,Image 1,S2P,1,1556,
1.39734,,Spot,2,Image 1,S2P,1,1557,
1.21592,,Spot,2,Image 1,S2P,1,1558,
1.13329,,Spot,2,Image 1,S2P,1,1559,
0.844749,,Spot,2,Image 1,S2P,1,1560,
0,,Spot,2,Image 1,S2P,1,1561,
0.745406,,Spot,2,Image 1,S2P,1,1562,
1.94075,,Spot,2,Image 1,S2P,1,1563,
1.77821,,Spot,2,Image 1,S2P,1,1564,
1.59036,,Spot,2,Image 1,S2P,1,1565,
2.46343,,Spot,2,Image 1,S2P,1,1566,
0,,Spot,2,Image 1,S2P,1,1567,
1.70141,,Spot,2,Image 1,S2P,1,1568,
1.44824,,Spot,2,Image 1,S2P,1,1569,
2.25996,,Spot,2,Image 1,S2P,1,1570,
1.2443,,Spot,2,Image 1,S2P,1,1571,
1.3423,,Spot,2,Image 1,S2P,1,1572,
2.34699,,Spot,2,Image 1,S2P,1,1573,
2.56434,,Spot,2,Image 1,S2P,1,1574,
1.49919,,Spot,2,Image 1,S2P,1,1575,
2.65533,,Spot,2,Image 1,S2P,1,1576,
1.1765,,Spot,2,Image 1,S2P,1,1577,
1.12825,,Spot,2,Image 1,S2P,1,1578,
2.15075,,Spot,2,Image 1,S2P,1,1579,
0.88717,,Spot,2,Image 1,S2P,1,1580,
0.739102,,Spot,2,Image 1,S2P,1,1581,
1.06007,,Spot,2,Image 1,S2P,1,1582,
0.678064,,Spot,2,Image 1,S2P,1,1583,
2.51926,,Spot,2,Image 1,S2P,1,1584,
1.40035,,Spot,2,Image 1,S2P,1,1585,
1.28956,,Spot,2,Image 1,S2P,1,1587,
0.864531,,Spot,2,Image 1,S2P,1,1588,
1.69004,,Spot,2,Image 1,S2P,1,1589,
2.21197,,Spot,2,Image 1,S2P,1,1590,
0,,Spot,2,Image 1,S2P,1,1591,
2.4777,,Spot,2,Image 1,S2P,1,1592,
1.68367,,Spot,2,Image 1,S2P,1,1593,
1.04941,,Spot,2,Image 1,S2P,1,1594,
2.42805,,Spot,2,Image 1,S2P,1,1595,
0.587665,,Spot,2,Image 1,S2P,1,1596,
1.00218,,Spot,2,Image 1,S2P,1,1597,
1.85873,,Spot,2,Image 1,S2P,1,1598,
3.11308,,Spot,2,Image 1,S2P,1,1599,
0,,Spot,2,Image 1,S2P,1,1600,
0,,Spot,2,Image 1,S2P,1,1601,
1.92418,,Spot,2,Image 1,S2P,1,1602,
2.8328,,Spot,2,Image 1,S2P,1,1603,
2.11252,,Spot,2,Image 1,S2P,1,1604,
0.23879,,Spot,2,Image 1,S2P,1,1605,
1.90174,,Spot,2,Image 1,S2P,1,1606,
1.80771,,Spot,2,Image 1,S2P,1,1607,
0.976675,,Spot,2,Image 1,S2P,1,1608,
1.98576,,Spot,2,Image 1,S2P,1,1609,
2.45629,,Spot,2,Image 1,S2P,1,1610,
1.88679,,Spot,2,Image 1,S2P,1,1611,
1.01812,,Spot,2,Image 1,S2P,1,1612,
0.887502,,Spot,2,Image 1,S2P,1,1613,
3.03316,,Spot,2,Image 1,S2P,1,1614,
0.981957,,Spot,2,Image 1,S2P,1,1615,
1.08801,,Spot,2,Image 1,S2P,1,1616,
1.09486,,Spot,2,Image 1,S2P,1,1617,
1.99886,,Spot,2,Image 1,S2P,1,1618,
0.428764,,Spot,2,Image 1,S2P,1,1619,
1.16266,,Spot,2,Image 1,S2P,1,1620,
0.768231,,Spot,2,Image 1,S2P,1,1621,
1.50586,,Spot,2,Image 1,S2P,1,1622,
2.14764,,Spot,2,Image 1,S2P,1,1623,
1.22458,,Spot,2,Image 1,S2P,1,1624,
1.51037,,Spot,2,Image 1,S2P,1,1625,
1.4274,,Spot,2,Image 1,S2P,1,1626,
0,,Spot,2,Image 1,S2P,1,1627,
1.52859,,Spot,2,Image 1,S2P,1,1628,
1.09987,,Spot,2,Image 1,S2P,1,1629,
0.929584,,Spot,2,Image 1,S2P,1,1630,
0.905769,,Spot,2,Image 1,S2P,1,1631,
1.48353,,Spot,2,Image 1,S2P,1,1632,
0.0213642,,Spot,2,Image 1,S2P,1,1633,
1.21509,,Spot,2,Image 1,S2P,1,1634,
1.96883,,Spot,2,Image 1,S2P,1,1635,
1.76294,,Spot,2,Image 1,S2P,1,1636,
1.75513,,Spot,2,Image 1,S2P,1,1637,
1.6345,,Spot,2,Image 1,S2P,1,1638,
2.25367,,Spot,2,Image 1,S2P,1,1639,
1.5647,,Spot,2,Image 1,S2P,1,1640,
0.831388,,Spot,2,Image 1,S2P,1,1641,
1.37088,,Spot,2,Image 1,S2P,1,1642,
0.634176,,Spot,2,Image 1,S2P,1,1643,
3.10668,,Spot,2,Image 1,S2P,1,1644,
1.3434,,Spot,2,Image 1,S2P,1,1645,
1.7733,,Spot,2,Image 1,S2P,1,1646,
1.57173,,Spot,2,Image 1,S2P,1,1647,
2.48077,,Spot,2,Image 1,S2P,1,1648,
0.628353,,Spot,2,Image 1,S2P,1,1649,
0.745595,,Spot,2,Image 1,S2P,1,1650,
2.12708,,Spot,2,Image 1,S2P,1,1651,
0.970131,,Spot,2,Image 1,S2P,1,1652,
0.811309,,Spot,2,Image 1,S2P,1,1653,
0.971409,,Spot,2,Image 1,S2P,1,1654,
2.14427,,Spot,2,Image 1,S2P,1,1655,
0.0141373,,Spot,2,Image 1,S2P,1,1656,
0.00203133,,Spot,2,Image 1,S2P,1,1657,
2.27589,,Spot,2,Image 1,S2P,1,1658,
1.23777,,Spot,2,Image 1,S2P,1,1659,
2.61513,,Spot,2,Image 1,S2P,1,1660,
0.794819,,Spot,2,Image 1,S2P,1,1661,
0.973237,,Spot,2,Image 1,S2P,1,1662,
1.81445,,Spot,2,Image 1,S2P,1,1663,
0.661126,,Spot,2,Image 1,S2P,1,1664,
1.4252,,Spot,2,Image 1,S2P,1,1665,
1.4753,,Spot,2,Image 1,S2P,1,1666,
0.891678,,Spot,2,Image 1,S2P,1,1667,
1.46099,,Spot,2,Image 1,S2P,1,1668,
2.35422,,Spot,2,Image 1,S2P,1,1669,
1.66589,,Spot,2,Image 1,S2P,1,1670,
0.768189,,Spot,2,Image 1,S2P,1,1671,
0.599205,,Spot,2,Image 1,S2P,1,1672,
1.54495,,Spot,2,Image 1,S2P,1,1673,
0.89584,,Spot,2,Image 1,S2P,1,1674,
2.91387,,Spot,2,Image 1,S2P,1,1675,
1.06218,,Spot,2,Image 1,S2P,1,1676,
2.20716,,Spot,2,Image 1,S2P,1,1677,
0.202006,,Spot,2,Image 1,S2P,1,1678,
1.07368,,Spot,2,Image 1,S2P,1,1679,
1.55452,,Spot,2,Image 1,S2P,1,1680,
1.75241,,Spot,2,Image 1,S2P,1,1681,
0.802923,,Spot,2,Image 1,S2P,1,1682,
0.626391,,Spot,2,Image 1,S2P,1,1683,
1.06642,,Spot,2,Image 1,S2P,1,1684,
1.37463,,Spot,2,Image 1,S2P,1,1685,
1.97181,,Spot,2,Image 1,S2P,1,1686,
2.08298,,Spot,2,Image 1,S2P,1,1687,
1.0685,,Spot,2,Image 1,S2P,1,1688,
1.18119,,Spot,2,Image 1,S2P,1,1689,
1.12649,,Spot,2,Image 1,S2P,1,1690,
0.995507,,Spot,2,Image 1,S2P,1,1691,
0.840789,,Spot,2,Image 1,S2P,1,1692,
0.64441,,Spot,2,Image 1,S2P,1,1693,
0.944081,,Spot,2,Image 1,S2P,1,1694,
3.57175,,Spot,2,Image 1,S2P,1,1695,
1.22329,,Spot,2,Image 1,S2P,1,1696,
1.18932,,Spot,2,Image 1,S2P,1,1697,
2.26236,,Spot,2,Image 1,S2P,1,1698,
0.817736,,Spot,2,Image 1,S2P,1,1699,
1.2499,,Spot,2,Image 1,S2P,1,1700,
1.51449,,Spot,2,Image 1,S2P,1,1701,
2.35447,,Spot,2,Image 1,S2P,1,1702,
0.985281,,Spot,2,Image 1,S2P,1,1703,
1.05724,,Spot,2,Image 1,S2P,1,1704,
1.8846,,Spot,2,Image 1,S2P,1,1705,
1.31557,,Spot,2,Image 1,S2P,1,1706,
2.37387,,Spot,2,Image 1,S2P,1,1707,
1.89668,,Spot,2,Image 1,S2P,1,1708,
2.92694,,Spot,2,Image 1,S2P,1,1709,
0.879191,,Spot,2,Image 1,S2P,1,1710,
1.55652,,Spot,2,Image 1,S2P,1,1711,
1.05459,,Spot,2,Image 1,S2P,1,1712,
1.27336,,Spot,2,Image 1,S2P,1,1713,
2.17117,,Spot,2,Image 1,S2P,1,1714,
2.3977,,Spot,2,Image 1,S2P,1,1715,
1.13379,,Spot,2,Image 1,S2P,1,1716,
2.61221,,Spot,2,Image 1,S2P,1,1717,
0.468712,,Spot,2,Image 1,S2P,1,1718,
1.42285,,Spot,2,Image 1,S2P,1,1719,
0.660366,,Spot,2,Image 1,S2P,1,1720,
1.20151,,Spot,2,Image 1,S2P,1,1721,
1.4093,,Spot,2,Image 1,S2P,1,1722,
2.72276,,Spot,2,Image 1,S2P,1,1723,
0.378784,,Spot,2,Image 1,S2P,1,1724,
1.7652,,Spot,2,Image 1,S2P,1,1725,
1.67889,,Spot,2,Image 1,S2P,1,1726,
0.840624,,Spot,2,Image 1,S2P,1,1727,
1.74973,,Spot,2,Image 1,S2P,1,1728,
2.06197,,Spot,2,Image 1,S2P,1,1729,
2.01979,,Spot,2,Image 1,S2P,1,1730,
2.136,,Spot,2,Image 1,S2P,1,1731,
1.14795,,Spot,2,Image 1,S2P,1,1732,
0,,Spot,2,Image 1,S2P,1,1733,
2.05189,,Spot,2,Image 1,S2P,1,1734,
1.93564,,Spot,2,Image 1,S2P,1,1735,
2.7528,,Spot,2,Image 1,S2P,1,1736,
2.88627,,Spot,2,Image 1,S2P,1,1737,
1.26003,,Spot,2,Image 1,S2P,1,1738,
0,,Spot,2,Image 1,S2P,1,1739,
0.492877,,Spot,2,Image 1,S2P,1,1740,
1.81221,,Spot,2,Image 1,S2P,1,1741,
1.7297,,Spot,2,Image 1,S2P,1,1742,
0.750814,,Spot,2,Image 1,S2P,1,1743,
1.70911,,Spot,2,Image 1,S2P,1,1744,
3.24479,,Spot,2,Image 1,S2P,1,1745,
1.71491,,Spot,2,Image 1,S2P,1,1746,
0.86537,,Spot,2,Image 1,S2P,1,1747,
0.979857,,Spot,2,Image 1,S2P,1,1748,
1.46482,,Spot,2,Image 1,S2P,1,1749,
1.87319,,Spot,2,Image 1,S2P,1,1750,
1.47206,,Spot,2,Image 1,S2P,1,1751,
1.89047,,Spot,2,Image 1,S2P,1,1752,
2.23038,,Spot,2,Image 1,S2P,1,1753,
0.779968,,Spot,2,Image 1,S2P,1,1754,
1.08641,,Spot,2,Image 1,S2P,1,1755,
1.98962,,Spot,2,Image 1,S2P,1,1756,
1.82381,,Spot,2,Image 1,S2P,1,1757,
2.15448,,Spot,2,Image 1,S2P,1,1758,
1.5697,,Spot,2,Image 1,S2P,1,1759,
1.20634,,Spot,2,Image 1,S2P,1,1760,
1.44927,,Spot,2,Image 1,S2P,1,1761,
1.58544,,Spot,2,Image 1,S2P,1,1762,
0.679118,,Spot,2,Image 1,S2P,1,1763,
2.16149,,Spot,2,Image 1,S2P,1,1764,
1.08628,,Spot,2,Image 1,S2P,1,1765,
2.51332,,Spot,2,Image 1,S2P,1,1766,
2.9767,,Spot,2,Image 1,S2P,1,1767,
1.90734,,Spot,2,Image 1,S2P,1,1768,
1.76077,,Spot,2,Image 1,S2P,1,1769,
1.21533,,Spot,2,Image 1,S2P,1,1770,
1.12288,,Spot,2,Image 1,S2P,1,1771,
1.75069,,Spot,2,Image 1,S2P,1,1772,
2.17992,,Spot,2,Image 1,S2P,1,1773,
1.53816,,Spot,2,Image 1,S2P,1,1774,
1.26245,,Spot,2,Image 1,S2P,1,1775,
1.65236,,Spot,2,Image 1,S2P,1,1776,
1.132,,Spot,2,Image 1,S2P,1,1777,
1.51142,,Spot,2,Image 1,S2P,1,1778,
1.29838,,Spot,2,Image 1,S2P,1,1779,
1.3835,,Spot,2,Image 1,S2P,1,1780,
0.945026,,Spot,2,Image 1,S2P,1,1781,
0.0858391,,Spot,2,Image 1,S2P,1,1782,
1.84313,,Spot,2,Image 1,S2P,1,1783,
1.75794,,Spot,2,Image 1,S2P,1,1784,
2.09506,,Spot,2,Image 1,S2P,1,1785,
1.78781,,Spot,2,Image 1,S2P,1,1786,
2.5477,,Spot,2,Image 1,S2P,1,1787,
1.63733,,Spot,2,Image 1,S2P,1,1788,
1.41529,,Spot,2,Image 1,S2P,1,1789,
1.14422,,Spot,2,Image 1,S2P,1,1790,
1.90535,,Spot,2,Image 1,S2P,1,1791,
0.731126,,Spot,2,Image 1,S2P,1,1792,
2.08599,,Spot,2,Image 1,S2P,1,1793,
0,,Spot,2,Image 1,S2P,1,1794,
0.105797,,Spot,2,Image 1,S2P,1,1795,
1.74679,,Spot,2,Image 1,S2P,1,1796,
1.33156,,Spot,2,Image 1,S2P,1,1797,
1.4642,,Spot,2,Image 1,S2P,1,1798,
1.03434,,Spot,2,Image 1,S2P,1,1800,
2.47424,,Spot,2,Image 1,S2P,1,1801,
1.03453,,Spot,2,Image 1,S2P,1,1802,
2.19542,,Spot,2,Image 1,S2P,1,1803,
3.20633,,Spot,2,Image 1,S2P,1,1804,
0.836091,,Spot,2,Image 1,S2P,1,1805,
1.16428,,Spot,2,Image 1,S2P,1,1806,
2.12822,,Spot,2,Image 1,S2P,1,1807,
1.62567,,Spot,2,Image 1,S2P,1,1808,
0,,Spot,2,Image 1,S2P,1,1809,
1.37967,,Spot,2,Image 1,S2P,1,1810,
1.30839,,Spot,2,Image 1,S2P,1,1811,
0.86725,,Spot,2,Image 1,S2P,1,1812,
1.22929,,Spot,2,Image 1,S2P,1,1813,
1.49151,,Spot,2,Image 1,S2P,1,1814,
1.73101,,Spot,2,Image 1,S2P,1,1815,
1.63215,,Spot,2,Image 1,S2P,1,1816,
1.92743,,Spot,2,Image 1,S2P,1,1817,
2.74396,,Spot,2,Image 1,S2P,1,1818,
1.18941,,Spot,2,Image 1,S2P,1,1819,
4.32735,,Spot,2,Image 1,S2P,1,1820,
1.89416,,Spot,2,Image 1,S2P,1,1821,
1.11846,,Spot,2,Image 1,S2P,1,1822,
1.53233,,Spot,2,Image 1,S2P,1,1823,
2.23437,,Spot,2,Image 1,S2P,1,1824,
3.87387,,Spot,2,Image 1,S2P,1,1825,
2.62369,,Spot,2,Image 1,S2P,1,1826,
2.17472,,Spot,2,Image 1,S2P,1,1827,
3.83732,,Spot,2,Image 1,S2P,1,1828,
0.662961,,Spot,2,Image 1,S2P,1,1829,
1.71143,,Spot,2,Image 1,S2P,1,1830,
1.89372,,Spot,2,Image 1,S2P,1,1831,
1.37692,,Spot,2,Image 1,S2P,1,1832,
0.718614,,Spot,2,Image 1,S2P,1,1833,
2.62747,,Spot,2,Image 1,S2P,1,1834,
0.906282,,Spot,2,Image 1,S2P,1,1835,
1.65349,,Spot,2,Image 1,S2P,1,1836,
2.21415,,Spot,2,Image 1,S2P,1,1837,
1.32028,,Spot,2,Image 1,S2P,1,1838,
2.82024,,Spot,2,Image 1,S2P,1,1839,
1.25884,,Spot,2,Image 1,S2P,1,1840,
1.26764,,Spot,2,Image 1,S2P,1,1841,
2.39393,,Spot,2,Image 1,S2P,1,1842,
1.23516,,Spot,2,Image 1,S2P,1,1843,
2.45999,,Spot,2,Image 1,S2P,1,1844,
1.99289,,Spot,2,Image 1,S2P,1,1845,
1.87322,,Spot,2,Image 1,S2P,1,1846,
1.12687,,Spot,2,Image 1,S2P,1,1847,
2.10049,,Spot,2,Image 1,S2P,1,1848,
3.11698,,Spot,2,Image 1,S2P,1,1849,
2.50701,,Spot,2,Image 1,S2P,1,1850,
2.1666,,Spot,2,Image 1,S2P,1,1851,
1.79796,,Spot,2,Image 1,S2P,1,1852,
3.40164,,Spot,2,Image 1,S2P,1,1853,
2.26116,,Spot,2,Image 1,S2P,1,1854,
3.46082,,Spot,2,Image 1,S2P,1,1855,
2.54498,,Spot,2,Image 1,S2P,1,1856,
1.3932,,Spot,2,Image 1,S2P,1,1857,
1.59148,,Spot,2,Image 1,S2P,1,1858,
2.60323,,Spot,2,Image 1,S2P,1,1859,
1.50529,,Spot,2,Image 1,S2P,1,1860,
1.48853,,Spot,2,Image 1,S2P,1,1861,
1.71574,,Spot,2,Image 1,S2P,1,1862,
0,,Spot,2,Image 1,S2P,1,1863,
0,,Spot,2,Image 1,S2P,1,1864,
1.32736,,Spot,2,Image 1,S2P,1,1865,
1.91333,,Spot,2,Image 1,S2P,1,1866,
0.865218,,Spot,2,Image 1,S2P,1,1867,
2.05058,,Spot,2,Image 1,S2P,1,1868,
2.31573,,Spot,2,Image 1,S2P,1,1869,
1.51234,,Spot,2,Image 1,S2P,1,1870,
1.51909,,Spot,2,Image 1,S2P,1,1871,
1.05441,,Spot,2,Image 1,S2P,1,1872,
3.65712,,Spot,2,Image 1,S2P,1,1873,
2.91834,,Spot,2,Image 1,S2P,1,1874,
1.58003,,Spot,2,Image 1,S2P,1,1875,
2.05178,,Spot,2,Image 1,S2P,1,1876,
1.37802,,Spot,2,Image 1,S2P,1,1877,
1.89248,,Spot,2,Image 1,S2P,1,1878,
2.27695,,Spot,2,Image 1,S2P,1,1879,
1.63911,,Spot,2,Image 1,S2P,1,1880,
0.706902,,Spot,2,Image 1,S2P,1,1881,
2.29496,,Spot,2,Image 1,S2P,1,1882,
1.73691,,Spot,2,Image 1,S2P,1,1883,
1.60562,,Spot,2,Image 1,S2P,1,1884,
2.23413,,Spot,2,Image 1,S2P,1,1885,
2.4009,,Spot,2,Image 1,S2P,1,1886,
1.22834,,Spot,2,Image 1,S2P,1,1887,
2.07517,,Spot,2,Image 1,S2P,1,1888,
1.61639,,Spot,2,Image 1,S2P,1,1889,
2.89282,,Spot,2,Image 1,S2P,1,1890,
1.4479,,Spot,2,Image 1,S2P,1,1891,
1.36423,,Spot,2,Image 1,S2P,1,1892,
2.67655,,Spot,2,Image 1,S2P,1,1893,
1.80618,,Spot,2,Image 1,S2P,1,1894,
2.14734,,Spot,2,Image 1,S2P,1,1895,
2.82985,,Spot,2,Image 1,S2P,1,1896,
2.60545,,Spot,2,Image 1,S2P,1,1897,
3.80177,,Spot,2,Image 1,S2P,1,1898,
0,,Spot,2,Image 1,S2P,1,1899,
1.05392,,Spot,2,Image 1,S2P,1,1900,
2.76298,,Spot,2,Image 1,S2P,1,1901,
1.04126,,Spot,2,Image 1,S2P,1,1902,
1.43185,,Spot,2,Image 1,S2P,1,1903,
2.16321,,Spot,2,Image 1,S2P,1,1904,
2.60049,,Spot,2,Image 1,S2P,1,1905,
3.63397,,Spot,2,Image 1,S2P,1,1906,
2.04165,,Spot,2,Image 1,S2P,1,1907,
1.36968,,Spot,2,Image 1,S2P,1,1908,
0.479078,,Spot,2,Image 1,S2P,1,1909,
1.93135,,Spot,2,Image 1,S2P,1,1910,
2.42748,,Spot,2,Image 1,S2P,1,1911,
2.57949,,Spot,2,Image 1,S2P,1,1912,
2.49229,,Spot,2,Image 1,S2P,1,1913,
0.847944,,Spot,2,Image 1,S2P,1,1914,
1.29982,,Spot,2,Image 1,S2P,1,1915,
1.01269,,Spot,2,Image 1,S2P,1,1916,
0.553431,,Spot,2,Image 1,S2P,1,1917,
0.856051,,Spot,2,Image 1,S2P,1,1918,
2.30256,,Spot,2,Image 1,S2P,1,1919,
3.03821,,Spot,2,Image 1,S2P,1,1920,
2.74475,,Spot,2,Image 1,S2P,1,1921,
2.28417,,Spot,2,Image 1,S2P,1,1922,
1.91627,,Spot,2,Image 1,S2P,1,1924,
3.57047,,Spot,2,Image 1,S2P,1,1925,
2.53067,,Spot,2,Image 1,S2P,1,1926,
2.03452,,Spot,2,Image 1,S2P,1,1927,
2.72424,,Spot,2,Image 1,S2P,1,1928,
1.84032,,Spot,2,Image 1,S2P,1,1929,
0,,Spot,2,Image 1,S2P,1,1930,
0.958596,,Spot,2,Image 1,S2P,1,1931,
2.32974,,Spot,2,Image 1,S2P,1,1932,
1.66803,,Spot,2,Image 1,S2P,1,1933,
1.69366,,Spot,2,Image 1,S2P,1,1934,
5.14811,,Spot,2,Image 1,S2P,1,1935,
0.886476,,Spot,2,Image 1,S2P,1,1936,
1.31885,,Spot,2,Image 1,S2P,1,1937,
1.57093,,Spot,2,Image 1,S2P,1,1938,
2.80314,,Spot,2,Image 1,S2P,1,1939,
2.42642,,Spot,2,Image 1,S2P,1,1940,
2.05544,,Spot,2,Image 1,S2P,1,1941,
2.2705,,Spot,2,Image 1,S2P,1,1942,
1.74843,,Spot,2,Image 1,S2P,1,1943,
2.86748,,Spot,2,Image 1,S2P,1,1944,
1.74061,,Spot,2,Image 1,S2P,1,1945,
1.54267,,Spot,2,Image 1,S2P,1,1946,
1.54826,,Spot,2,Image 1,S2P,1,1947,
3.91193,,Spot,2,Image 1,S2P,1,1948,
1.90956,,Spot,2,Image 1,S2P,1,1949,
0.362041,,Spot,2,Image 1,S2P,1,1950,
1.8699,,Spot,2,Image 1,S2P,1,1951,
0.955555,,Spot,2,Image 1,S2P,1,1952,
2.41748,,Spot,2,Image 1,S2P,1,1953,
1.77086,,Spot,2,Image 1,S2P,1,1954,
1.1613,,Spot,2,Image 1,S2P,1,1955,
1.80776,,Spot,2,Image 1,S2P,1,1956,
3.2298,,Spot,2,Image 1,S2P,1,1957,
2.06721,,Spot,2,Image 1,S2P,1,1958,
4.49575,,Spot,2,Image 1,S2P,1,1959,
0.915425,,Spot,2,Image 1,S2P,1,1960,
4.0952,,Spot,2,Image 1,S2P,1,1961,
2.60983,,Spot,2,Image 1,S2P,1,1962,
1.34937,,Spot,2,Image 1,S2P,1,1963,
3.14214,,Spot,2,Image 1,S2P,1,1964,
2.6545,,Spot,2,Image 1,S2P,1,1965,
1.40173,,Spot,2,Image 1,S2P,1,1966,
0.861522,,Spot,2,Image 1,S2P,1,1967,
2.81677,,Spot,2,Image 1,S2P,1,1968,
1.70579,,Spot,2,Image 1,S2P,1,1969,
1.38842,,Spot,2,Image 1,S2P,1,1970,
2.12886,,Spot,2,Image 1,S2P,1,1971,
2.22104,,Spot,2,Image 1,S2P,1,1972,
1.69411,,Spot,2,Image 1,S2P,1,1973,
1.4234,,Spot,2,Image 1,S2P,1,1974,
1.64009,,Spot,2,Image 1,S2P,1,1975,
2.28334,,Spot,2,Image 1,S2P,1,1976,
2.8065,,Spot,2,Image 1,S2P,1,1977,
2.40224,,Spot,2,Image 1,S2P,1,1978,
3.78309,,Spot,2,Image 1,S2P,1,1979,
2.08992,,Spot,2,Image 1,S2P,1,1980,
0.643423,,Spot,2,Image 1,S2P,1,1981,
1.49083,,Spot,2,Image 1,S2P,1,1982,
1.70179,,Spot,2,Image 1,S2P,1,1983,
2.53925,,Spot,2,Image 1,S2P,1,1984,
1.33475,,Spot,2,Image 1,S2P,1,1985,
3.64981,,Spot,2,Image 1,S2P,1,1986,
1.82163,,Spot,2,Image 1,S2P,1,1987,
0.388671,,Spot,2,Image 1,S2P,1,1988,
2.9239,,Spot,2,Image 1,S2P,1,1989,
0.956041,,Spot,2,Image 1,S2P,1,1990,
1.38999,,Spot,2,Image 1,S2P,1,1991,
3.50215,,Spot,2,Image 1,S2P,1,1992,
1.47043,,Spot,2,Image 1,S2P,1,1993,
0.45956,,Spot,2,Image 1,S2P,1,1994,
2.63604,,Spot,2,Image 1,S2P,1,1995,
2.82407,,Spot,2,Image 1,S2P,1,1996,
1.19872,,Spot,2,Image 1,S2P,1,1997,
1.25875,,Spot,2,Image 1,S2P,1,1998,
0.544872,,Spot,2,Image 1,S2P,1,1999,
1.86293,,Spot,2,Image 1,S2P,1,2000,
4.72234,,Spot,2,Image 1,S2P,1,2001,
1.36881,,Spot,2,Image 1,S2P,1,2002,
1.09367,,Spot,2,Image 1,S2P,1,2003,
1.44609,,Spot,2,Image 1,S2P,1,2004,
2.45954,,Spot,2,Image 1,S2P,1,2005,
1.19624,,Spot,2,Image 1,S2P,1,2006,
0,,Spot,2,Image 1,S2P,1,2007,
2.97884,,Spot,2,Image 1,S2P,1,2008,
1.64578,,Spot,2,Image 1,S2P,1,2009,
1.45551,,Spot,2,Image 1,S2P,1,2010,
0,,Spot,2,Image 1,S2P,1,2011,
2.37474,,Spot,2,Image 1,S2P,1,2012,
1.31872,,Spot,2,Image 1,S2P,1,2013,
2.99663,,Spot,2,Image 1,S2P,1,2014,
3.44016,,Spot,2,Image 1,S2P,1,2015,
2.17554,,Spot,2,Image 1,S2P,1,2016,
1.61938,,Spot,2,Image 1,S2P,1,2017,
1.95751,,Spot,2,Image 1,S2P,1,2018,
1.52545,,Spot,2,Image 1,S2P,1,2019,
1.60508,,Spot,2,Image 1,S2P,1,2020,
3.41828,,Spot,2,Image 1,S2P,1,2021,
1.47785,,Spot,2,Image 1,S2P,1,2022,
2.26919,,Spot,2,Image 1,S2P,1,2023,
2.66966,,Spot,2,Image 1,S2P,1,2024,
2.22584,,Spot,2,Image 1,S2P,1,2025,
0.00441837,,Spot,2,Image 1,S2P,1,2026,
0.901704,,Spot,2,Image 1,S2P,1,2027,
2.31936,,Spot,2,Image 1,S2P,1,2028,
1.65888,,Spot,2,Image 1,S2P,1,2029,
1.69705,,Spot,2,Image 1,S2P,1,2030,
2.1112,,Spot,2,Image 1,S2P,1,2031,
2.3844,,Spot,2,Image 1,S2P,1,2032,
2.99361,,Spot,2,Image 1,S2P,1,2033,
2.99426,,Spot,2,Image 1,S2P,1,2034,
0,,Spot,2,Image 1,S2P,1,2035,
1.67797,,Spot,2,Image 1,S2P,1,2036,
4.13901,,Spot,2,Image 1,S2P,1,2037,
2.4447,,Spot,2,Image 1,S2P,1,2038,
1.98445,,Spot,2,Image 1,S2P,1,2039,
0.899119,,Spot,2,Image 1,S2P,1,2040,
2.53393,,Spot,2,Image 1,S2P,1,2041,
1.6047,,Spot,2,Image 1,S2P,1,2042,
2.05564,,Spot,2,Image 1,S2P,1,2043,
1.09672,,Spot,2,Image 1,S2P,1,2044,
3.21777,,Spot,2,Image 1,S2P,1,2045,
0.765459,,Spot,2,Image 1,S2P,1,2046,
1.69958,,Spot,2,Image 1,S2P,1,2047,
2.89799,,Spot,2,Image 1,S2P,1,2048,
3.59988,,Spot,2,Image 1,S2P,1,2049,
4.57797,,Spot,2,Image 1,S2P,1,2050,
1.22735,,Spot,2,Image 1,S2P,1,2051,
2.78724,,Spot,2,Image 1,S2P,1,2052,
2.01356,,Spot,2,Image 1,S2P,1,2053,
1.59996,,Spot,2,Image 1,S2P,1,2054,
1.23414,,Spot,2,Image 1,S2P,1,2055,
2.54316,,Spot,2,Image 1,S2P,1,2056,
1.20322,,Spot,2,Image 1,S2P,1,2057,
3.00337,,Spot,2,Image 1,S2P,1,2058,
1.79221,,Spot,2,Image 1,S2P,1,2059,
2.52486,,Spot,2,Image 1,S2P,1,2060,
2.52387,,Spot,2,Image 1,S2P,1,2061,
1.74088,,Spot,2,Image 1,S2P,1,2062,
1.64418,,Spot,2,Image 1,S2P,1,2063,
4.13279,,Spot,2,Image 1,S2P,1,2064,
2.34395,,Spot,2,Image 1,S2P,1,2065,
1.34909,,Spot,2,Image 1,S2P,1,2066,
0,,Spot,2,Image 1,S2P,1,2067,
3.12936,,Spot,2,Image 1,S2P,1,2068,
3.34868,,Spot,2,Image 1,S2P,1,2069,
2.00613,,Spot,2,Image 1,S2P,1,2070,
2.62876,,Spot,2,Image 1,S2P,1,2071,
2.31998,,Spot,2,Image 1,S2P,1,2072,
2.03244,,Spot,2,Image 1,S2P,1,2073,
2.11328,,Spot,2,Image 1,S2P,1,2074,
2.60949,,Spot,2,Image 1,S2P,1,2075,
2.24482,,Spot,2,Image 1,S2P,1,2076,
1.63279,,Spot,2,Image 1,S2P,1,2077,
1.81847,,Spot,2,Image 1,S2P,1,2078,
0.765755,,Spot,2,Image 1,S2P,1,2079,
1.54277,,Spot,2,Image 1,S2P,1,2080,
1.15327,,Spot,2,Image 1,S2P,1,2081,
3.56708,,Spot,2,Image 1,S2P,1,2082,
1.02945,,Spot,2,Image 1,S2P,1,2083,
2.04449,,Spot,2,Image 1,S2P,1,2084,
1.88046,,Spot,2,Image 1,S2P,1,2085,
0.959613,,Spot,2,Image 1,S2P,1,2086,
1.95613,,Spot,2,Image 1,S2P,1,2087,
2.28207,,Spot,2,Image 1,S2P,1,2088,
2.06843,,Spot,2,Image 1,S2P,1,2089,
2.52133,,Spot,2,Image 1,S2P,1,2090,
2.11984,,Spot,2,Image 1,S2P,1,2091,
0.74191,,Spot,2,Image 1,S2P,1,2092,
2.7455,,Spot,2,Image 1,S2P,1,2093,
3.47622,,Spot,2,Image 1,S2P,1,2094,
2.71974,,Spot,2,Image 1,S2P,1,2095,
1.60504,,Spot,2,Image 1,S2P,1,2096,
0.789851,,Spot,2,Image 1,S2P,1,2097,
4.15043,,Spot,2,Image 1,S2P,1,2098,
1.83071,,Spot,2,Image 1,S2P,1,2099,
1.86176,,Spot,2,Image 1,S2P,1,2100,
2.66629,,Spot,2,Image 1,S2P,1,2101,
1.91735,,Spot,2,Image 1,S2P,1,2102,
1.97046,,Spot,2,Image 1,S2P,1,2103,
0.443683,,Spot,2,Image 1,S2P,1,2104,
0.680299,,Spot,2,Image 1,S2P,1,2105,
1.55296,,Spot,2,Image 1,S2P,1,2106,
0.938991,,Spot,2,Image 1,S2P,1,2107,
1.33162,,Spot,2,Image 1,S2P,1,2108,
2.32957,,Spot,2,Image 1,S2P,1,2109,
0.538527,,Spot,2,Image 1,S2P,1,2110,
3.25482,,Spot,2,Image 1,S2P,1,2111,
2.03716,,Spot,2,Image 1,S2P,1,2112,
3.08927,,Spot,2,Image 1,S2P,1,2113,
0.94086,,Spot,2,Image 1,S2P,1,2114,
2.56161,,Spot,2,Image 1,S2P,1,2115,
1.15776,,Spot,2,Image 1,S2P,1,2116,
2.60527,,Spot,2,Image 1,S2P,1,2117,
1.31239,,Spot,2,Image 1,S2P,1,2118,
1.34107,,Spot,2,Image 1,S2P,1,2119,
1.7097,,Spot,2,Image 1,S2P,1,2120,
2.97711,,Spot,2,Image 1,S2P,1,2121,
0.96685,,Spot,2,Image 1,S2P,1,2122,
0.826169,,Spot,2,Image 1,S2P,1,2123,
2.58173,,Spot,2,Image 1,S2P,1,2124,
1.68244,,Spot,2,Image 1,S2P,1,2125,
0.985594,,Spot,2,Image 1,S2P,1,2126,
1.27162,,Spot,2,Image 1,S2P,1,2127,
0.83108,,Spot,2,Image 1,S2P,1,2128,
0.423449,,Spot,2,Image 1,S2P,1,2129,
0,,Spot,2,Image 1,S2P,1,2130,
2.66205,,Spot,2,Image 1,S2P,1,2131,
0.813725,,Spot,2,Image 1,S2P,1,2132,
0.992252,,Spot,2,Image 1,S2P,1,2133,
1.38606,,Spot,2,Image 1,S2P,1,2134,
0.713009,,Spot,2,Image 1,S2P,1,2135,
3.11391,,Spot,2,Image 1,S2P,1,2136,
1.48902,,Spot,2,Image 1,S2P,1,2137,
1.64602,,Spot,2,Image 1,S2P,1,2138,
1.63083,,Spot,2,Image 1,S2P,1,2139,
1.55595,,Spot,2,Image 1,S2P,1,2140,
2.25151,,Spot,2,Image 1,S2P,1,2141,
1.50845,,Spot,2,Image 1,S2P,1,2142,
0.711513,,Spot,2,Image 1,S2P,1,2143,
1.4944,,Spot,2,Image 1,S2P,1,2144,
0.845732,,Spot,2,Image 1,S2P,1,2145,
1.01699,,Spot,2,Image 1,S2P,1,2146,
2.42481,,Spot,2,Image 1,S2P,1,2147,
2.4892,,Spot,2,Image 1,S2P,1,2148,
1.93962,,Spot,2,Image 1,S2P,1,2149,
0.893607,,Spot,2,Image 1,S2P,1,2150,
1.07113,,Spot,2,Image 1,S2P,1,2151,
2.05582,,Spot,2,Image 1,S2P,1,2152,
2.65489,,Spot,2,Image 1,S2P,1,2153,
1.95736,,Spot,2,Image 1,S2P,1,2154,
1.05577,,Spot,2,Image 1,S2P,1,2155,
1.08292,,Spot,2,Image 1,S2P,1,2156,
1.81687,,Spot,2,Image 1,S2P,1,2157,
1.59407,,Spot,2,Image 1,S2P,1,2158,
0,,Spot,2,Image 1,S2P,1,2159,
0,,Spot,2,Image 1,S2P,1,2160,
2.42662,,Spot,2,Image 1,S2P,1,2161,
2.49414,,Spot,2,Image 1,S2P,1,2162,
0.620237,,Spot,2,Image 1,S2P,1,2163,
0.987779,,Spot,2,Image 1,S2P,1,2164,
2.16306,,Spot,2,Image 1,S2P,1,2165,
0,,Spot,2,Image 1,S2P,1,2166,
1.2308,,Spot,2,Image 1,S2P,1,2167,
1.94635,,Spot,2,Image 1,S2P,1,2168,
2.15125,,Spot,2,Image 1,S2P,1,2169,
0.643065,,Spot,2,Image 1,S2P,1,2170,
2.27705,,Spot,2,Image 1,S2P,1,2171,
1.17363,,Spot,2,Image 1,S2P,1,2172,
2.006,,Spot,2,Image 1,S2P,1,2173,
2.67266,,Spot,2,Image 1,S2P,1,2174,
1.51613,,Spot,2,Image 1,S2P,1,2175,
0.599039,,Spot,2,Image 1,S2P,1,2176,
1.51475,,Spot,2,Image 1,S2P,1,2177,
4.08895,,Spot,2,Image 1,S2P,1,2178,
1.18551,,Spot,2,Image 1,S2P,1,2179,
1.64976,,Spot,2,Image 1,S2P,1,2180,
2.20773,,Spot,2,Image 1,S2P,1,2181,
0.548621,,Spot,2,Image 1,S2P,1,2182,
0.844492,,Spot,2,Image 1,S2P,1,2183,
1.44588,,Spot,2,Image 1,S2P,1,2184,
0,,Spot,2,Image 1,S2P,1,2185,
1.28699,,Spot,2,Image 1,S2P,1,2186,
2.5384,,Spot,2,Image 1,S2P,1,2187,
1.8699,,Spot,2,Image 1,S2P,1,2188,
1.90452,,Spot,2,Image 1,S2P,1,2189,
1.74686,,Spot,2,Image 1,S2P,1,2190,
2.7671,,Spot,2,Image 1,S2P,1,2191,
2.70166,,Spot,2,Image 1,S2P,1,2192,
1.82624,,Spot,2,Image 1,S2P,1,2193,
1.21097,,Spot,2,Image 1,S2P,1,2194,
2.42355,,Spot,2,Image 1,S2P,1,2195,
2.31998,,Spot,2,Image 1,S2P,1,2196,
2.83295,,Spot,2,Image 1,S2P,1,2197,
1.85787,,Spot,2,Image 1,S2P,1,2198,
3.31267,,Spot,2,Image 1,S2P,1,2199,
1.38759,,Spot,2,Image 1,S2P,1,2200,
2.12106,,Spot,2,Image 1,S2P,1,2201,
3.72443,,Spot,2,Image 1,S2P,1,2202,
2.53353,,Spot,2,Image 1,S2P,1,2203,
2.05581,,Spot,2,Image 1,S2P,1,2204,
1.7507,,Spot,2,Image 1,S2P,1,2205,
0.945993,,Spot,2,Image 1,S2P,1,2206,
4.52979,,Spot,2,Image 1,S2P,1,2207,
1.91133,,Spot,2,Image 1,S2P,1,2208,
2.32491,,Spot,2,Image 1,S2P,1,2209,
1.387,,Spot,2,Image 1,S2P,1,2210,
1.0573,,Spot,2,Image 1,S2P,1,2211,
0.738576,,Spot,2,Image 1,S2P,1,2212,
1.08684,,Spot,2,Image 1,S2P,1,2213,
1.95933,,Spot,2,Image 1,S2P,1,2214,
1.77105,,Spot,2,Image 1,S2P,1,2215,
1.8573,,Spot,2,Image 1,S2P,1,2216,
0,,Spot,2,Image 1,S2P,1,2217,
1.2508,,Spot,2,Image 1,S2P,1,2218,
1.87973,,Spot,2,Image 1,S2P,1,2219,
1.90286,,Spot,2,Image 1,S2P,1,2220,
1.57633,,Spot,2,Image 1,S2P,1,2221,
2.51278,,Spot,2,Image 1,S2P,1,2222,
1.58934,,Spot,2,Image 1,S2P,1,2223,
0.508272,,Spot,2,Image 1,S2P,1,2224,
2.18777,,Spot,2,Image 1,S2P,1,2225,
3.41052,,Spot,2,Image 1,S2P,1,2226,
0,,Spot,2,Image 1,S2P,1,2227,
0.995959,,Spot,2,Image 1,S2P,1,2228,
1.35972,,Spot,2,Image 1,S2P,1,2229,
2.28172,,Spot,2,Image 1,S2P,1,2230,
2.11582,,Spot,2,Image 1,S2P,1,2231,
0.45942,,Spot,2,Image 1,S2P,1,2232,
2.09781,,Spot,2,Image 1,S2P,1,2233,
2.43446,,Spot,2,Image 1,S2P,1,2234,
2.65746,,Spot,2,Image 1,S2P,1,2235,
1.81364,,Spot,2,Image 1,S2P,1,2236,
1.73422,,Spot,2,Image 1,S2P,1,2237,
1.29955,,Spot,2,Image 1,S2P,1,2238,
2.27398,,Spot,2,Image 1,S2P,1,2239,
1.67725,,Spot,2,Image 1,S2P,1,2240,
2.05178,,Spot,2,Image 1,S2P,1,2241,
1.58046,,Spot,2,Image 1,S2P,1,2242,
2.23576,,Spot,2,Image 1,S2P,1,2243,
1.51837,,Spot,2,Image 1,S2P,1,2244,
2.07708,,Spot,2,Image 1,S2P,1,2245,
1.77446,,Spot,2,Image 1,S2P,1,2246,
1.99036,,Spot,2,Image 1,S2P,1,2247,
1.32476,,Spot,2,Image 1,S2P,1,2248,
3.14936,,Spot,2,Image 1,S2P,1,2249,
1.28197,,Spot,2,Image 1,S2P,1,2250,
2.9055,,Spot,2,Image 1,S2P,1,2251,
3.63794,,Spot,2,Image 1,S2P,1,2252,
4.63164,,Spot,2,Image 1,S2P,1,2253,
2.10038,,Spot,2,Image 1,S2P,1,2254,
1.1285,,Spot,2,Image 1,S2P,1,2255,
2.53279,,Spot,2,Image 1,S2P,1,2256,
1.38385,,Spot,2,Image 1,S2P,1,2257,
2.16237,,Spot,2,Image 1,S2P,1,2258,
1.88318,,Spot,2,Image 1,S2P,1,2259,
3.04771,,Spot,2,Image 1,S2P,1,2260,
1.67553,,Spot,2,Image 1,S2P,1,2261,
1.42178,,Spot,2,Image 1,S2P,1,2262,
2.13541,,Spot,2,Image 1,S2P,1,2263,
0.00387335,,Spot,2,Image 1,S2P,1,2264,
1.01732,,Spot,2,Image 1,S2P,1,2265,
2.98833,,Spot,2,Image 1,S2P,1,2266,
0.836443,,Spot,2,Image 1,S2P,1,2267,
1.43416,,Spot,2,Image 1,S2P,1,2268,
1.69111,,Spot,2,Image 1,S2P,1,2269,
2.23586,,Spot,2,Image 1,S2P,1,2270,
0.752519,,Spot,2,Image 1,S2P,1,2271,
0.500429,,Spot,2,Image 1,S2P,1,2272,
1.91477,,Spot,2,Image 1,S2P,1,2273,
2.24598,,Spot,2,Image 1,S2P,1,2274,
0.00352764,,Spot,2,Image 1,S2P,1,2275,
0.838413,,Spot,2,Image 1,S2P,1,2276,
0,,Spot,2,Image 1,S2P,1,2277,
1.95033,,Spot,2,Image 1,S2P,1,2278,
2.20082,,Spot,2,Image 1,S2P,1,2279,
0.782297,,Spot,2,Image 1,S2P,1,2280,
0.719456,,Spot,2,Image 1,S2P,1,2281,
2.34957,,Spot,2,Image 1,S2P,1,2282,
3.12804,,Spot,2,Image 1,S2P,1,2283,
0,,Spot,2,Image 1,S2P,1,2284,
0.803456,,Spot,2,Image 1,S2P,1,2286,
1.63437,,Spot,2,Image 1,S2P,1,2287,
1.19969,,Spot,2,Image 1,S2P,1,2288,
2.50175,,Spot,2,Image 1,S2P,1,2289,
0.456622,,Spot,2,Image 1,S2P,1,2290,
1.51949,,Spot,2,Image 1,S2P,1,2291,
0,,Spot,2,Image 1,S2P,1,2292,
1.90774,,Spot,2,Image 1,S2P,1,2293,
3.6069,,Spot,2,Image 1,S2P,1,2294,
1.76392,,Spot,2,Image 1,S2P,1,2295,
1.52252,,Spot,2,Image 1,S2P,1,2296,
2.32244,,Spot,2,Image 1,S2P,1,2297,
1.63469,,Spot,2,Image 1,S2P,1,2298,
2.8362,,Spot,2,Image 1,S2P,1,2299,
0,,Spot,2,Image 1,S2P,1,2300,
2.47039,,Spot,2,Image 1,S2P,1,2301,
0.636991,,Spot,2,Image 1,S2P,1,2302,
2.73055,,Spot,2,Image 1,S2P,1,2303,
1.76258,,Spot,2,Image 1,S2P,1,2304,
2.03664,,Spot,2,Image 1,S2P,1,2305,
2.26297,,Spot,2,Image 1,S2P,1,2306,
1.88782,,Spot,2,Image 1,S2P,1,2307,
1.26023,,Spot,2,Image 1,S2P,1,2308,
3.29972,,Spot,2,Image 1,S2P,1,2309,
1.25123,,Spot,2,Image 1,S2P,1,2310,
1.07813,,Spot,2,Image 1,S2P,1,2311,
1.79594,,Spot,2,Image 1,S2P,1,2312,
1.14048,,Spot,2,Image 1,S2P,1,2313,
3.78971,,Spot,2,Image 1,S2P,1,2314,
1.41527,,Spot,2,Image 1,S2P,1,2315,
3.05115,,Spot,2,Image 1,S2P,1,2316,
1.71791,,Spot,2,Image 1,S2P,1,2317,
1.91612,,Spot,2,Image 1,S2P,1,2318,
1.02704,,Spot,2,Image 1,S2P,1,2319,
1.56609,,Spot,2,Image 1,S2P,1,2320,
2.80486,,Spot,2,Image 1,S2P,1,2321,
1.12714,,Spot,2,Image 1,S2P,1,2322,
3.44086,,Spot,2,Image 1,S2P,1,2323,
2.30685,,Spot,2,Image 1,S2P,1,2324,
0.253636,,Spot,2,Image 1,S2P,1,2325,
0.756109,,Spot,2,Image 1,S2P,1,2326,
2.35133,,Spot,2,Image 1,S2P,1,2327,
1.64926,,Spot,2,Image 1,S2P,1,2328,
2.10512,,Spot,2,Image 1,S2P,1,2329,
1.15987,,Spot,2,Image 1,S2P,1,2330,
0,,Spot,2,Image 1,S2P,1,2331,
1.64254,,Spot,2,Image 1,S2P,1,2332,
0.97403,,Spot,2,Image 1,S2P,1,2333,
1.4346,,Spot,2,Image 1,S2P,1,2334,
2.39641,,Spot,2,Image 1,S2P,1,2335,
2.47139,,Spot,2,Image 1,S2P,1,2336,
2.68758,,Spot,2,Image 1,S2P,1,2337,
2.70294,,Spot,2,Image 1,S2P,1,2338,
1.43971,,Spot,2,Image 1,S2P,1,2339,
1.08779,,Spot,2,Image 1,S2P,1,2340,
2.80089,,Spot,2,Image 1,S2P,1,2341,
2.33043,,Spot,2,Image 1,S2P,1,2342,
1.82508,,Spot,2,Image 1,S2P,1,2343,
2.751,,Spot,2,Image 1,S2P,1,2344,
0.920611,,Spot,2,Image 1,S2P,1,2345,
2.71592,,Spot,2,Image 1,S2P,1,2346,
1.49096,,Spot,2,Image 1,S2P,1,2347,
3.8274,,Spot,2,Image 1,S2P,1,2348,
2.51664,,Spot,2,Image 1,S2P,1,2349,
1.1428,,Spot,2,Image 1,S2P,1,2350,
3.10154,,Spot,2,Image 1,S2P,1,2351,
1.063,,Spot,2,Image 1,S2P,1,2352,
1.8423,,Spot,2,Image 1,S2P,1,2353,
1.4523,,Spot,2,Image 1,S2P,1,2354,
1.47933,,Spot,2,Image 1,S2P,1,2355,
3.01624,,Spot,2,Image 1,S2P,1,2356,
1.72632,,Spot,2,Image 1,S2P,1,2357,
2.59017,,Spot,2,Image 1,S2P,1,2358,
1.24282,,Spot,2,Image 1,S2P,1,2359,
1.92769,,Spot,2,Image 1,S2P,1,2360,
2.73717,,Spot,2,Image 1,S2P,1,2361,
2.37148,,Spot,2,Image 1,S2P,1,2362,
2.73099,,Spot,2,Image 1,S2P,1,2363,
0.624885,,Spot,2,Image 1,S2P,1,2364,
2.25613,,Spot,2,Image 1,S2P,1,2365,
2.92281,,Spot,2,Image 1,S2P,1,2366,
2.53044,,Spot,2,Image 1,S2P,1,2367,
0.982317,,Spot,2,Image 1,S2P,1,2368,
1.75674,,Spot,2,Image 1,S2P,1,2369,
2.12046,,Spot,2,Image 1,S2P,1,2370,
1.59771,,Spot,2,Image 1,S2P,1,2371,
1.1354,,Spot,2,Image 1,S2P,1,2372,
2.22392,,Spot,2,Image 1,S2P,1,2373,
2.80852,,Spot,2,Image 1,S2P,1,2374,
1.44963,,Spot,2,Image 1,S2P,1,2375,
2.52009,,Spot,2,Image 1,S2P,1,2376,
1.4759,,Spot,2,Image 1,S2P,1,2377,
1.98191,,Spot,2,Image 1,S2P,1,2378,
2.72323,,Spot,2,Image 1,S2P,1,2379,
3.55756,,Spot,2,Image 1,S2P,1,2380,
1.91926,,Spot,2,Image 1,S2P,1,2381,
1.56659,,Spot,2,Image 1,S2P,1,2382,
1.96298,,Spot,2,Image 1,S2P,1,2383,
2.2886,,Spot,2,Image 1,S2P,1,2384,
3.23117,,Spot,2,Image 1,S2P,1,2385,
5.0136,,Spot,2,Image 1,S2P,1,2386,
3.47799,,Spot,2,Image 1,S2P,1,2387,
1.90662,,Spot,2,Image 1,S2P,1,2388,
1.582,,Spot,2,Image 1,S2P,1,2389,
0.829044,,Spot,2,Image 1,S2P,1,2390,
0.859815,,Spot,2,Image 1,S2P,1,2391,
3.77304,,Spot,2,Image 1,S2P,1,2392,
1.66793,,Spot,2,Image 1,S2P,1,2393,
1.76179,,Spot,2,Image 1,S2P,1,2394,
1.30183,,Spot,2,Image 1,S2P,1,2395,
0.746238,,Spot,2,Image 1,S2P,1,2396,
2.3457,,Spot,2,Image 1,S2P,1,2397,
2.6106,,Spot,2,Image 1,S2P,1,2398,
2.38502,,Spot,2,Image 1,S2P,1,2399,
2.32382,,Spot,2,Image 1,S2P,1,2400,
1.24791,,Spot,2,Image 1,S2P,1,2401,
4.70406,,Spot,2,Image 1,S2P,1,2402,
0.977495,,Spot,2,Image 1,S2P,1,2403,
0.870572,,Spot,2,Image 1,S2P,1,2404,
1.90075,,Spot,2,Image 1,S2P,1,2405,
1.48075,,Spot,2,Image 1,S2P,1,2406,
2.34862,,Spot,2,Image 1,S2P,1,2408,
1.5698,,Spot,2,Image 1,S2P,1,2409,
2.0734,,Spot,2,Image 1,S2P,1,2410,
3.44863,,Spot,2,Image 1,S2P,1,2411,
2.95364,,Spot,2,Image 1,S2P,1,2412,
3.07035,,Spot,2,Image 1,S2P,1,2413,
2.14211,,Spot,2,Image 1,S2P,1,2414,
2.09224,,Spot,2,Image 1,S2P,1,2415,
2.29628,,Spot,2,Image 1,S2P,1,2416,
2.45573,,Spot,2,Image 1,S2P,1,2417,
0,,Spot,2,Image 1,S2P,1,2418,
1.42559,,Spot,2,Image 1,S2P,1,2419,
1.07492,,Spot,2,Image 1,S2P,1,2420,
1.58832,,Spot,2,Image 1,S2P,1,2421,
2.8469,,Spot,2,Image 1,S2P,1,2422,
0.540822,,Spot,2,Image 1,S2P,1,2423,
1.88118,,Spot,2,Image 1,S2P,1,2424,
2.25732,,Spot,2,Image 1,S2P,1,2425,
2.34706,,Spot,2,Image 1,S2P,1,2426,
2.56197,,Spot,2,Image 1,S2P,1,2427,
3.71932,,Spot,2,Image 1,S2P,1,2428,
3.87409,,Spot,2,Image 1,S2P,1,2429,
0,,Spot,2,Image 1,S2P,1,2430,
1.52349,,Spot,2,Image 1,S2P,1,2431,
1.98515,,Spot,2,Image 1,S2P,1,2432,
3.01152,,Spot,2,Image 1,S2P,1,2433,
0,,Spot,2,Image 1,S2P,1,2434,
3.4488,,Spot,2,Image 1,S2P,1,2435,
3.37575,,Spot,2,Image 1,S2P,1,2436,
0.80798,,Spot,2,Image 1,S2P,1,2437,
2.69244,,Spot,2,Image 1,S2P,1,2438,
2.41705,,Spot,2,Image 1,S2P,1,2439,
3.93869,,Spot,2,Image 1,S2P,1,2440,
1.54879,,Spot,2,Image 1,S2P,1,2441,
0,,Spot,2,Image 1,S2P,1,2442,
1.62916,,Spot,2,Image 1,S2P,1,2443,
1.77633,,Spot,2,Image 1,S2P,1,2444,
3.63246,,Spot,2,Image 1,S2P,1,2445,
0.404008,,Spot,2,Image 1,S2P,1,2446,
3.44588,,Spot,2,Image 1,S2P,1,2447,
1.00329,,Spot,2,Image 1,S2P,1,2448,
2.0403,,Spot,2,Image 1,S2P,1,2449,
3.99044,,Spot,2,Image 1,S2P,1,2450,
2.07175,,Spot,2,Image 1,S2P,1,2451,
1.9312,,Spot,2,Image 1,S2P,1,2452,
1.69844,,Spot,2,Image 1,S2P,1,2453,
2.09075,,Spot,2,Image 1,S2P,1,2455,
1.78411,,Spot,2,Image 1,S2P,1,2456,
1.95266,,Spot,2,Image 1,S2P,1,2457,
1.70796,,Spot,2,Image 1,S2P,1,2458,
1.80066,,Spot,2,Image 1,S2P,1,2459,
4.24301,,Spot,2,Image 1,S2P,1,2460,
1.33934,,Spot,2,Image 1,S2P,1,2461,
1.04004,,Spot,2,Image 1,S2P,1,2462,
2.98069,,Spot,2,Image 1,S2P,1,2463,
2.43272,,Spot,2,Image 1,S2P,1,2464,
2.85902,,Spot,2,Image 1,S2P,1,2465,
1.6217,,Spot,2,Image 1,S2P,1,2466,
3.16736,,Spot,2,Image 1,S2P,1,2467,
2.14784,,Spot,2,Image 1,S2P,1,2468,
2.35738,,Spot,2,Image 1,S2P,1,2469,
1.5565,,Spot,2,Image 1,S2P,1,2470,
3.67571,,Spot,2,Image 1,S2P,1,2471,
1.15223,,Spot,2,Image 1,S2P,1,2472,
2.39083,,Spot,2,Image 1,S2P,1,2473,
4.74086,,Spot,2,Image 1,S2P,1,2474,
1.00021,,Spot,2,Image 1,S2P,1,2475,
1.71848,,Spot,2,Image 1,S2P,1,2476,
1.17067,,Spot,2,Image 1,S2P,1,2477,
2.67842,,Spot,2,Image 1,S2P,1,2478,
4.11684,,Spot,2,Image 1,S2P,1,2479,
4.0741,,Spot,2,Image 1,S2P,1,2480,
1.89554,,Spot,2,Image 1,S2P,1,2481,
2.05654,,Spot,2,Image 1,S2P,1,2482,
1.20788,,Spot,2,Image 1,S2P,1,2483,
1.86014,,Spot,2,Image 1,S2P,1,2484,
2.57032,,Spot,2,Image 1,S2P,1,2485,
3.29258,,Spot,2,Image 1,S2P,1,2486,
1.34628,,Spot,2,Image 1,S2P,1,2487,
3.06176,,Spot,2,Image 1,S2P,1,2488,
2.75302,,Spot,2,Image 1,S2P,1,2489,
1.28022,,Spot,2,Image 1,S2P,1,2490,
3.2726,,Spot,2,Image 1,S2P,1,2491,
3.10768,,Spot,2,Image 1,S2P,1,2492,
1.37993,,Spot,2,Image 1,S2P,1,2493,
1.87581,,Spot,2,Image 1,S2P,1,2494,
2.27234,,Spot,2,Image 1,S2P,1,2495,
1.47777,,Spot,2,Image 1,S2P,1,2496,
2.84092,,Spot,2,Image 1,S2P,1,2497,
3.10541,,Spot,2,Image 1,S2P,1,2498,
2.66886,,Spot,2,Image 1,S2P,1,2499,
1.51121,,Spot,2,Image 1,S2P,1,2500,
0.634598,,Spot,2,Image 1,S2P,1,2501,
3.27743,,Spot,2,Image 1,S2P,1,2502,
1.93511,,Spot,2,Image 1,S2P,1,2503,
1.81079,,Spot,2,Image 1,S2P,1,2504,
3.1581,,Spot,2,Image 1,S2P,1,2505,
1.1404,,Spot,2,Image 1,S2P,1,2506,
1.42544,,Spot,2,Image 1,S2P,1,2507,
3.19458,,Spot,2,Image 1,S2P,1,2508,
1.32858,,Spot,2,Image 1,S2P,1,2509,
3.18813,,Spot,2,Image 1,S2P,1,2510,
1.6654,,Spot,2,Image 1,S2P,1,2511,
3.07166,,Spot,2,Image 1,S2P,1,2512,
1.05408,,Spot,2,Image 1,S2P,1,2513,
3.23352,,Spot,2,Image 1,S2P,1,2514,
2.35774,,Spot,2,Image 1,S2P,1,2515,
2.07772,,Spot,2,Image 1,S2P,1,2516,
1.52807,,Spot,2,Image 1,S2P,1,2517,
3.07072,,Spot,2,Image 1,S2P,1,2518,
0.679188,,Spot,2,Image 1,S2P,1,2519,
2.43843,,Spot,2,Image 1,S2P,1,2520,
1.61853,,Spot,2,Image 1,S2P,1,2521,
2.70002,,Spot,2,Image 1,S2P,1,2522,
1.52825,,Spot,2,Image 1,S2P,1,2523,
3.41154,,Spot,2,Image 1,S2P,1,2524,
1.82687,,Spot,2,Image 1,S2P,1,2525,
2.57269,,Spot,2,Image 1,S2P,1,2526,
3.68503,,Spot,2,Image 1,S2P,1,2527,
1.72843,,Spot,2,Image 1,S2P,1,2528,
1.04336,,Spot,2,Image 1,S2P,1,2529,
2.17936,,Spot,2,Image 1,S2P,1,2530,
1.67173,,Spot,2,Image 1,S2P,1,2531,
2.27317,,Spot,2,Image 1,S2P,1,2532,
2.14211,,Spot,2,Image 1,S2P,1,2533,
2.7546,,Spot,2,Image 1,S2P,1,2534,
1.08857,,Spot,2,Image 1,S2P,1,2535,
4.09062,,Spot,2,Image 1,S2P,1,2536,
3.92994,,Spot,2,Image 1,S2P,1,2537,
0.470165,,Spot,2,Image 1,S2P,1,2538,
2.87174,,Spot,2,Image 1,S2P,1,2539,
3.6087,,Spot,2,Image 1,S2P,1,2540,
1.71014,,Spot,2,Image 1,S2P,1,2541,
1.13472,,Spot,2,Image 1,S2P,1,2542,
0,,Spot,2,Image 1,S2P,1,2543,
3.2611,,Spot,2,Image 1,S2P,1,2544,
0.70504,,Spot,2,Image 1,S2P,1,2545,
4.84447,,Spot,2,Image 1,S2P,1,2546,
1.17571,,Spot,2,Image 1,S2P,1,2547,
2.83441,,Spot,2,Image 1,S2P,1,2548,
1.73217,,Spot,2,Image 1,S2P,1,2549,
1.34064,,Spot,2,Image 1,S2P,1,2550,
2.98906,,Spot,2,Image 1,S2P,1,2551,
2.13915,,Spot,2,Image 1,S2P,1,2552,
0,,Spot,2,Image 1,S2P,1,2553,
2.96009,,Spot,2,Image 1,S2P,1,2554,
2.5987,,Spot,2,Image 1,S2P,1,2555,
2.34586,,Spot,2,Image 1,S2P,1,2556,
2.03161,,Spot,2,Image 1,S2P,1,2557,
1.17392,,Spot,2,Image 1,S2P,1,2558,
3.63318,,Spot,2,Image 1,S2P,1,2559,
2.34513,,Spot,2,Image 1,S2P,1,2560,
2.34867,,Spot,2,Image 1,S2P,1,2561,
3.75937,,Spot,2,Image 1,S2P,1,2562,
2.30128,,Spot,2,Image 1,S2P,1,2563,
1.71373,,Spot,2,Image 1,S2P,1,2564,
3.57297,,Spot,2,Image 1,S2P,1,2565,
1.66495,,Spot,2,Image 1,S2P,1,2566,
0.509684,,Spot,2,Image 1,S2P,1,2567,
1.07612,,Spot,2,Image 1,S2P,1,2568,
2.9618,,Spot,2,Image 1,S2P,1,2569,
0.305914,,Spot,2,Image 1,S2P,1,2570,
3.09531,,Spot,2,Image 1,S2P,1,2571,
1.5267,,Spot,2,Image 1,S2P,1,2572,
3.8398,,Spot,2,Image 1,S2P,1,2573,
0,,Spot,2,Image 1,S2P,1,2574,
2.89122,,Spot,2,Image 1,S2P,1,2575,
2.2575,,Spot,2,Image 1,S2P,1,2576,
1.99733,,Spot,2,Image 1,S2P,1,2577,
1.23124,,Spot,2,Image 1,S2P,1,2578,
1.83315,,Spot,2,Image 1,S2P,1,2579,
2.17177,,Spot,2,Image 1,S2P,1,2580,
0.971103,,Spot,2,Image 1,S2P,1,2581,
1.38171,,Spot,2,Image 1,S2P,1,2582,
1.93916,,Spot,2,Image 1,S2P,1,2583,
0.834197,,Spot,2,Image 1,S2P,1,2584,
2.0589,,Spot,2,Image 1,S2P,1,2585,
1.77672,,Spot,2,Image 1,S2P,1,2586,
5.02916,,Spot,2,Image 1,S2P,1,2587,
2.22987,,Spot,2,Image 1,S2P,1,2588,
4.5403,,Spot,2,Image 1,S2P,1,2589,
1.65244,,Spot,2,Image 1,S2P,1,2590,
2.21271,,Spot,2,Image 1,S2P,1,2591,
1.98846,,Spot,2,Image 1,S2P,1,2592,
1.93119,,Spot,2,Image 1,S2P,1,2593,
2.2575,,Spot,2,Image 1,S2P,1,2594,
1.35243,,Spot,2,Image 1,S2P,1,2595,
