
Intensity Sum Ch=1 Img=1
 ==================== 
Intensity Sum,Unit,Category,Channel,Image,Surpass Object,Time,ID,
1.29627e+07,,Surface,1,Image 1,Nucleus,1,0,
232.301,,Spot,1,Image 1,Nucleus center of mass,1,0,
984.836,,Spot,1,Image 1,S2P,1,1,
3068.19,,Spot,1,Image 1,S2P,1,2,
1401.08,,Spot,1,Image 1,S2P,1,3,
4093.45,,Spot,1,Image 1,S2P,1,4,
425.71,,Spot,1,Image 1,S2P,1,5,
700.844,,Spot,1,Image 1,S2P,1,6,
535.451,,Spot,1,Image 1,S2P,1,7,
497.33,,Spot,1,Image 1,S2P,1,8,
534.01,,Spot,1,Image 1,S2P,1,9,
893.373,,Spot,1,Image 1,S2P,1,10,
532.623,,Spot,1,Image 1,S2P,1,11,
195.385,,Spot,1,Image 1,S2P,1,12,
1716.25,,Spot,1,Image 1,S2P,1,13,
5.13117,,Spot,1,Image 1,S2P,1,14,
963.819,,Spot,1,Image 1,S2P,1,15,
131.979,,Spot,1,Image 1,S2P,1,16,
1054.34,,Spot,1,Image 1,S2P,1,17,
70.2519,,Spot,1,Image 1,S2P,1,18,
454.309,,Spot,1,Image 1,S2P,1,19,
1136.63,,Spot,1,Image 1,S2P,1,20,
464.565,,Spot,1,Image 1,S2P,1,21,
4217.24,,Spot,1,Image 1,S2P,1,22,
2335.93,,Spot,1,Image 1,S2P,1,23,
5.89249,,Spot,1,Image 1,S2P,1,24,
1029.03,,Spot,1,Image 1,S2P,1,25,
862.451,,Spot,1,Image 1,S2P,1,26,
581.053,,Spot,1,Image 1,S2P,1,27,
1052.81,,Spot,1,Image 1,S2P,1,28,
259.572,,Spot,1,Image 1,S2P,1,29,
1.26748,,Spot,1,Image 1,S2P,1,30,
135.014,,Spot,1,Image 1,S2P,1,31,
2674.13,,Spot,1,Image 1,S2P,1,32,
1061.13,,Spot,1,Image 1,S2P,1,33,
262.809,,Spot,1,Image 1,S2P,1,35,
23542.3,,Spot,1,Image 1,S2P,1,36,
981.558,,Spot,1,Image 1,S2P,1,38,
388.985,,Spot,1,Image 1,S2P,1,39,
6653.35,,Spot,1,Image 1,S2P,1,40,
1696.75,,Spot,1,Image 1,S2P,1,41,
2419,,Spot,1,Image 1,S2P,1,42,
1495.26,,Spot,1,Image 1,S2P,1,43,
1431.28,,Spot,1,Image 1,S2P,1,44,
2759.35,,Spot,1,Image 1,S2P,1,45,
4.6575,,Spot,1,Image 1,S2P,1,46,
2657.07,,Spot,1,Image 1,S2P,1,47,
2.87803,,Spot,1,Image 1,S2P,1,48,
2159.05,,Spot,1,Image 1,S2P,1,49,
10388.1,,Spot,1,Image 1,S2P,1,50,
2847.59,,Spot,1,Image 1,S2P,1,51,
2935.54,,Spot,1,Image 1,S2P,1,53,
837.134,,Spot,1,Image 1,S2P,1,54,
1009.69,,Spot,1,Image 1,S2P,1,55,
2439.02,,Spot,1,Image 1,S2P,1,56,
2128.28,,Spot,1,Image 1,S2P,1,57,
1097.77,,Spot,1,Image 1,S2P,1,58,
1828.12,,Spot,1,Image 1,S2P,1,59,
2967.43,,Spot,1,Image 1,S2P,1,60,
1353.57,,Spot,1,Image 1,S2P,1,61,
5201.63,,Spot,1,Image 1,S2P,1,62,
311.13,,Spot,1,Image 1,S2P,1,63,
2627.3,,Spot,1,Image 1,S2P,1,64,
1557.13,,Spot,1,Image 1,S2P,1,65,
1508.03,,Spot,1,Image 1,S2P,1,66,
1609.51,,Spot,1,Image 1,S2P,1,67,
1869.93,,Spot,1,Image 1,S2P,1,68,
1875.45,,Spot,1,Image 1,S2P,1,69,
6049.5,,Spot,1,Image 1,S2P,1,70,
1694.92,,Spot,1,Image 1,S2P,1,71,
1002.26,,Spot,1,Image 1,S2P,1,72,
2.02966,,Spot,1,Image 1,S2P,1,73,
1661.85,,Spot,1,Image 1,S2P,1,74,
2500.66,,Spot,1,Image 1,S2P,1,75,
5921.86,,Spot,1,Image 1,S2P,1,76,
2697.46,,Spot,1,Image 1,S2P,1,77,
4.19819,,Spot,1,Image 1,S2P,1,78,
3511.48,,Spot,1,Image 1,S2P,1,79,
3702.26,,Spot,1,Image 1,S2P,1,80,
909.07,,Spot,1,Image 1,S2P,1,81,
782.163,,Spot,1,Image 1,S2P,1,83,
2888.73,,Spot,1,Image 1,S2P,1,84,
955.324,,Spot,1,Image 1,S2P,1,85,
556.134,,Spot,1,Image 1,S2P,1,86,
8247.33,,Spot,1,Image 1,S2P,1,87,
2597.59,,Spot,1,Image 1,S2P,1,88,
6702.59,,Spot,1,Image 1,S2P,1,89,
4214.61,,Spot,1,Image 1,S2P,1,90,
17122,,Spot,1,Image 1,S2P,1,91,
5439.27,,Spot,1,Image 1,S2P,1,92,
2392.13,,Spot,1,Image 1,S2P,1,93,
683.525,,Spot,1,Image 1,S2P,1,94,
6451.2,,Spot,1,Image 1,S2P,1,95,
7476.53,,Spot,1,Image 1,S2P,1,96,
793.049,,Spot,1,Image 1,S2P,1,97,
2114.04,,Spot,1,Image 1,S2P,1,98,
2568.76,,Spot,1,Image 1,S2P,1,99,
2323.96,,Spot,1,Image 1,S2P,1,100,
2092.41,,Spot,1,Image 1,S2P,1,101,
2222.14,,Spot,1,Image 1,S2P,1,102,
818.432,,Spot,1,Image 1,S2P,1,103,
185.775,,Spot,1,Image 1,S2P,1,104,
2395.79,,Spot,1,Image 1,S2P,1,105,
2662.52,,Spot,1,Image 1,S2P,1,106,
483.386,,Spot,1,Image 1,S2P,1,107,
3756.87,,Spot,1,Image 1,S2P,1,108,
1386.33,,Spot,1,Image 1,S2P,1,109,
1009.97,,Spot,1,Image 1,S2P,1,110,
1518.58,,Spot,1,Image 1,S2P,1,111,
1528.07,,Spot,1,Image 1,S2P,1,112,
1039.37,,Spot,1,Image 1,S2P,1,113,
1913.17,,Spot,1,Image 1,S2P,1,114,
174.798,,Spot,1,Image 1,S2P,1,115,
2494.31,,Spot,1,Image 1,S2P,1,116,
2.6653,,Spot,1,Image 1,S2P,1,117,
2238.95,,Spot,1,Image 1,S2P,1,118,
317.132,,Spot,1,Image 1,S2P,1,119,
1254.1,,Spot,1,Image 1,S2P,1,120,
2638.7,,Spot,1,Image 1,S2P,1,121,
1620.89,,Spot,1,Image 1,S2P,1,122,
622.769,,Spot,1,Image 1,S2P,1,123,
1170.77,,Spot,1,Image 1,S2P,1,124,
943.474,,Spot,1,Image 1,S2P,1,125,
5926.51,,Spot,1,Image 1,S2P,1,126,
803.462,,Spot,1,Image 1,S2P,1,127,
9337.32,,Spot,1,Image 1,S2P,1,128,
619.48,,Spot,1,Image 1,S2P,1,129,
1789.12,,Spot,1,Image 1,S2P,1,130,
2117.58,,Spot,1,Image 1,S2P,1,131,
4419.8,,Spot,1,Image 1,S2P,1,132,
3607.61,,Spot,1,Image 1,S2P,1,133,
1262.4,,Spot,1,Image 1,S2P,1,134,
482.344,,Spot,1,Image 1,S2P,1,135,
5365.66,,Spot,1,Image 1,S2P,1,136,
7131.24,,Spot,1,Image 1,S2P,1,137,
1350.3,,Spot,1,Image 1,S2P,1,138,
5986.62,,Spot,1,Image 1,S2P,1,139,
3579.03,,Spot,1,Image 1,S2P,1,140,
330.774,,Spot,1,Image 1,S2P,1,141,
1850.72,,Spot,1,Image 1,S2P,1,142,
238.427,,Spot,1,Image 1,S2P,1,143,
8234.22,,Spot,1,Image 1,S2P,1,144,
886.724,,Spot,1,Image 1,S2P,1,145,
430.806,,Spot,1,Image 1,S2P,1,146,
332.303,,Spot,1,Image 1,S2P,1,147,
729.476,,Spot,1,Image 1,S2P,1,148,
1625.82,,Spot,1,Image 1,S2P,1,149,
948.027,,Spot,1,Image 1,S2P,1,150,
1003.71,,Spot,1,Image 1,S2P,1,151,
2531.93,,Spot,1,Image 1,S2P,1,152,
922.941,,Spot,1,Image 1,S2P,1,154,
2832.16,,Spot,1,Image 1,S2P,1,155,
845.728,,Spot,1,Image 1,S2P,1,157,
2248.25,,Spot,1,Image 1,S2P,1,158,
736.434,,Spot,1,Image 1,S2P,1,159,
3179.62,,Spot,1,Image 1,S2P,1,160,
720.851,,Spot,1,Image 1,S2P,1,161,
3311.26,,Spot,1,Image 1,S2P,1,162,
658.653,,Spot,1,Image 1,S2P,1,163,
376.237,,Spot,1,Image 1,S2P,1,164,
7.98496,,Spot,1,Image 1,S2P,1,165,
9239.95,,Spot,1,Image 1,S2P,1,166,
380.482,,Spot,1,Image 1,S2P,1,167,
1564.36,,Spot,1,Image 1,S2P,1,168,
5126.64,,Spot,1,Image 1,S2P,1,169,
5557.74,,Spot,1,Image 1,S2P,1,170,
1011.3,,Spot,1,Image 1,S2P,1,171,
824.044,,Spot,1,Image 1,S2P,1,172,
6880.33,,Spot,1,Image 1,S2P,1,173,
8247.67,,Spot,1,Image 1,S2P,1,174,
3626.3,,Spot,1,Image 1,S2P,1,175,
1940.87,,Spot,1,Image 1,S2P,1,176,
925.157,,Spot,1,Image 1,S2P,1,177,
493.219,,Spot,1,Image 1,S2P,1,178,
476.761,,Spot,1,Image 1,S2P,1,179,
3014.55,,Spot,1,Image 1,S2P,1,180,
14879.6,,Spot,1,Image 1,S2P,1,181,
447.111,,Spot,1,Image 1,S2P,1,182,
3088.34,,Spot,1,Image 1,S2P,1,183,
1373.36,,Spot,1,Image 1,S2P,1,185,
1266.57,,Spot,1,Image 1,S2P,1,186,
2238.38,,Spot,1,Image 1,S2P,1,187,
10904.6,,Spot,1,Image 1,S2P,1,188,
1152.53,,Spot,1,Image 1,S2P,1,189,
1685.54,,Spot,1,Image 1,S2P,1,190,
403.51,,Spot,1,Image 1,S2P,1,191,
554.053,,Spot,1,Image 1,S2P,1,192,
833.026,,Spot,1,Image 1,S2P,1,193,
1485.42,,Spot,1,Image 1,S2P,1,194,
1012.37,,Spot,1,Image 1,S2P,1,195,
7.02982,,Spot,1,Image 1,S2P,1,196,
271.236,,Spot,1,Image 1,S2P,1,197,
907.619,,Spot,1,Image 1,S2P,1,198,
190.211,,Spot,1,Image 1,S2P,1,199,
425.907,,Spot,1,Image 1,S2P,1,200,
2631.69,,Spot,1,Image 1,S2P,1,201,
645.289,,Spot,1,Image 1,S2P,1,202,
337.898,,Spot,1,Image 1,S2P,1,203,
638.431,,Spot,1,Image 1,S2P,1,204,
1182.05,,Spot,1,Image 1,S2P,1,206,
2764.6,,Spot,1,Image 1,S2P,1,207,
1077.97,,Spot,1,Image 1,S2P,1,208,
3181.87,,Spot,1,Image 1,S2P,1,209,
1385.86,,Spot,1,Image 1,S2P,1,210,
4102.42,,Spot,1,Image 1,S2P,1,211,
606.735,,Spot,1,Image 1,S2P,1,212,
1555.35,,Spot,1,Image 1,S2P,1,213,
3192.26,,Spot,1,Image 1,S2P,1,214,
399.491,,Spot,1,Image 1,S2P,1,215,
1590.17,,Spot,1,Image 1,S2P,1,216,
6325.69,,Spot,1,Image 1,S2P,1,217,
6264.84,,Spot,1,Image 1,S2P,1,218,
3349.66,,Spot,1,Image 1,S2P,1,219,
757.182,,Spot,1,Image 1,S2P,1,220,
1103.22,,Spot,1,Image 1,S2P,1,221,
8896.51,,Spot,1,Image 1,S2P,1,222,
707.42,,Spot,1,Image 1,S2P,1,223,
1763.91,,Spot,1,Image 1,S2P,1,224,
402.568,,Spot,1,Image 1,S2P,1,225,
1304.71,,Spot,1,Image 1,S2P,1,226,
651.188,,Spot,1,Image 1,S2P,1,227,
475.666,,Spot,1,Image 1,S2P,1,228,
2324.51,,Spot,1,Image 1,S2P,1,229,
343.139,,Spot,1,Image 1,S2P,1,230,
624.361,,Spot,1,Image 1,S2P,1,231,
940.021,,Spot,1,Image 1,S2P,1,232,
1185.84,,Spot,1,Image 1,S2P,1,233,
736.593,,Spot,1,Image 1,S2P,1,234,
1796.02,,Spot,1,Image 1,S2P,1,235,
2493.07,,Spot,1,Image 1,S2P,1,236,
1263.91,,Spot,1,Image 1,S2P,1,237,
1459,,Spot,1,Image 1,S2P,1,238,
703.719,,Spot,1,Image 1,S2P,1,239,
874.112,,Spot,1,Image 1,S2P,1,240,
990.877,,Spot,1,Image 1,S2P,1,241,
1857.82,,Spot,1,Image 1,S2P,1,242,
3183.69,,Spot,1,Image 1,S2P,1,243,
8754.9,,Spot,1,Image 1,S2P,1,244,
1429.62,,Spot,1,Image 1,S2P,1,245,
472.861,,Spot,1,Image 1,S2P,1,246,
3481.61,,Spot,1,Image 1,S2P,1,247,
1859.29,,Spot,1,Image 1,S2P,1,248,
6283.86,,Spot,1,Image 1,S2P,1,249,
1982.9,,Spot,1,Image 1,S2P,1,250,
2418.49,,Spot,1,Image 1,S2P,1,251,
978.135,,Spot,1,Image 1,S2P,1,252,
2692.15,,Spot,1,Image 1,S2P,1,253,
1724.18,,Spot,1,Image 1,S2P,1,254,
897.345,,Spot,1,Image 1,S2P,1,255,
2036.22,,Spot,1,Image 1,S2P,1,256,
902.99,,Spot,1,Image 1,S2P,1,257,
507.014,,Spot,1,Image 1,S2P,1,258,
1283.23,,Spot,1,Image 1,S2P,1,259,
2013.96,,Spot,1,Image 1,S2P,1,260,
2751.61,,Spot,1,Image 1,S2P,1,261,
6562.79,,Spot,1,Image 1,S2P,1,262,
3458.97,,Spot,1,Image 1,S2P,1,263,
956.717,,Spot,1,Image 1,S2P,1,264,
888.249,,Spot,1,Image 1,S2P,1,265,
2603.65,,Spot,1,Image 1,S2P,1,266,
1089.25,,Spot,1,Image 1,S2P,1,267,
2625.03,,Spot,1,Image 1,S2P,1,268,
1.76027,,Spot,1,Image 1,S2P,1,269,
4.70903,,Spot,1,Image 1,S2P,1,270,
875.401,,Spot,1,Image 1,S2P,1,271,
122.319,,Spot,1,Image 1,S2P,1,272,
1466.13,,Spot,1,Image 1,S2P,1,273,
1043.46,,Spot,1,Image 1,S2P,1,274,
3569.26,,Spot,1,Image 1,S2P,1,275,
2733.22,,Spot,1,Image 1,S2P,1,276,
1677.62,,Spot,1,Image 1,S2P,1,277,
4287.22,,Spot,1,Image 1,S2P,1,278,
823.407,,Spot,1,Image 1,S2P,1,279,
319.09,,Spot,1,Image 1,S2P,1,280,
2364.84,,Spot,1,Image 1,S2P,1,281,
5856.85,,Spot,1,Image 1,S2P,1,282,
971.181,,Spot,1,Image 1,S2P,1,283,
15.7262,,Spot,1,Image 1,S2P,1,284,
5768.14,,Spot,1,Image 1,S2P,1,285,
3.75486,,Spot,1,Image 1,S2P,1,286,
3615.52,,Spot,1,Image 1,S2P,1,287,
7758.27,,Spot,1,Image 1,S2P,1,288,
8703.13,,Spot,1,Image 1,S2P,1,289,
5365.17,,Spot,1,Image 1,S2P,1,290,
1425.69,,Spot,1,Image 1,S2P,1,291,
995.147,,Spot,1,Image 1,S2P,1,292,
4139.85,,Spot,1,Image 1,S2P,1,293,
1717.51,,Spot,1,Image 1,S2P,1,294,
1788.01,,Spot,1,Image 1,S2P,1,295,
1481.98,,Spot,1,Image 1,S2P,1,296,
5.65601,,Spot,1,Image 1,S2P,1,297,
494.711,,Spot,1,Image 1,S2P,1,298,
1831.19,,Spot,1,Image 1,S2P,1,299,
2171.74,,Spot,1,Image 1,S2P,1,300,
756.139,,Spot,1,Image 1,S2P,1,301,
9092.79,,Spot,1,Image 1,S2P,1,302,
3911.85,,Spot,1,Image 1,S2P,1,303,
1902.65,,Spot,1,Image 1,S2P,1,304,
555.619,,Spot,1,Image 1,S2P,1,305,
951.521,,Spot,1,Image 1,S2P,1,306,
1304.4,,Spot,1,Image 1,S2P,1,307,
601.07,,Spot,1,Image 1,S2P,1,308,
1414.72,,Spot,1,Image 1,S2P,1,309,
2580.44,,Spot,1,Image 1,S2P,1,310,
861.349,,Spot,1,Image 1,S2P,1,311,
3230.45,,Spot,1,Image 1,S2P,1,312,
1622.53,,Spot,1,Image 1,S2P,1,313,
3811.24,,Spot,1,Image 1,S2P,1,314,
1712.01,,Spot,1,Image 1,S2P,1,315,
310.513,,Spot,1,Image 1,S2P,1,316,
2654.75,,Spot,1,Image 1,S2P,1,317,
1876.68,,Spot,1,Image 1,S2P,1,318,
2537.54,,Spot,1,Image 1,S2P,1,319,
5931.74,,Spot,1,Image 1,S2P,1,320,
6228.44,,Spot,1,Image 1,S2P,1,321,
1462.36,,Spot,1,Image 1,S2P,1,322,
1707.3,,Spot,1,Image 1,S2P,1,323,
931.771,,Spot,1,Image 1,S2P,1,324,
5924.95,,Spot,1,Image 1,S2P,1,325,
1039.57,,Spot,1,Image 1,S2P,1,326,
2191,,Spot,1,Image 1,S2P,1,327,
2128.64,,Spot,1,Image 1,S2P,1,328,
1115.69,,Spot,1,Image 1,S2P,1,329,
1326.36,,Spot,1,Image 1,S2P,1,330,
485.894,,Spot,1,Image 1,S2P,1,331,
831.689,,Spot,1,Image 1,S2P,1,332,
1058.53,,Spot,1,Image 1,S2P,1,333,
3.09139,,Spot,1,Image 1,S2P,1,334,
755.76,,Spot,1,Image 1,S2P,1,335,
1238.29,,Spot,1,Image 1,S2P,1,336,
846.376,,Spot,1,Image 1,S2P,1,337,
1259.94,,Spot,1,Image 1,S2P,1,338,
4647.16,,Spot,1,Image 1,S2P,1,339,
7373.04,,Spot,1,Image 1,S2P,1,340,
2467.26,,Spot,1,Image 1,S2P,1,341,
3895.86,,Spot,1,Image 1,S2P,1,342,
4937.09,,Spot,1,Image 1,S2P,1,343,
8573.28,,Spot,1,Image 1,S2P,1,344,
1874.28,,Spot,1,Image 1,S2P,1,345,
813.352,,Spot,1,Image 1,S2P,1,346,
223.063,,Spot,1,Image 1,S2P,1,347,
877.225,,Spot,1,Image 1,S2P,1,348,
1305.98,,Spot,1,Image 1,S2P,1,349,
1764.03,,Spot,1,Image 1,S2P,1,350,
1293.36,,Spot,1,Image 1,S2P,1,351,
1007.96,,Spot,1,Image 1,S2P,1,352,
2542.61,,Spot,1,Image 1,S2P,1,353,
721.007,,Spot,1,Image 1,S2P,1,354,
192.839,,Spot,1,Image 1,S2P,1,355,
473.894,,Spot,1,Image 1,S2P,1,356,
1.5287,,Spot,1,Image 1,S2P,1,357,
9.45479,,Spot,1,Image 1,S2P,1,358,
1959.59,,Spot,1,Image 1,S2P,1,359,
1143.46,,Spot,1,Image 1,S2P,1,360,
1836.5,,Spot,1,Image 1,S2P,1,361,
2.35954,,Spot,1,Image 1,S2P,1,362,
1608.95,,Spot,1,Image 1,S2P,1,363,
301.17,,Spot,1,Image 1,S2P,1,364,
5887.6,,Spot,1,Image 1,S2P,1,365,
139.507,,Spot,1,Image 1,S2P,1,366,
932.542,,Spot,1,Image 1,S2P,1,367,
2625.99,,Spot,1,Image 1,S2P,1,368,
1381.11,,Spot,1,Image 1,S2P,1,369,
8330.08,,Spot,1,Image 1,S2P,1,370,
814.551,,Spot,1,Image 1,S2P,1,371,
245.61,,Spot,1,Image 1,S2P,1,372,
5624.45,,Spot,1,Image 1,S2P,1,373,
608.889,,Spot,1,Image 1,S2P,1,374,
178.959,,Spot,1,Image 1,S2P,1,375,
2185.84,,Spot,1,Image 1,S2P,1,376,
1718.4,,Spot,1,Image 1,S2P,1,377,
888.147,,Spot,1,Image 1,S2P,1,378,
894.502,,Spot,1,Image 1,S2P,1,379,
3962.24,,Spot,1,Image 1,S2P,1,380,
198.628,,Spot,1,Image 1,S2P,1,381,
1146.91,,Spot,1,Image 1,S2P,1,382,
515.607,,Spot,1,Image 1,S2P,1,383,
215.295,,Spot,1,Image 1,S2P,1,384,
16.636,,Spot,1,Image 1,S2P,1,385,
1405.34,,Spot,1,Image 1,S2P,1,386,
349.416,,Spot,1,Image 1,S2P,1,387,
672.793,,Spot,1,Image 1,S2P,1,388,
4818.03,,Spot,1,Image 1,S2P,1,389,
882.308,,Spot,1,Image 1,S2P,1,390,
1620.13,,Spot,1,Image 1,S2P,1,391,
530.37,,Spot,1,Image 1,S2P,1,392,
322.252,,Spot,1,Image 1,S2P,1,393,
5883.3,,Spot,1,Image 1,S2P,1,394,
883.63,,Spot,1,Image 1,S2P,1,395,
1336.05,,Spot,1,Image 1,S2P,1,396,
3013.12,,Spot,1,Image 1,S2P,1,397,
820.078,,Spot,1,Image 1,S2P,1,398,
2006.79,,Spot,1,Image 1,S2P,1,399,
9541.89,,Spot,1,Image 1,S2P,1,400,
4.90914,,Spot,1,Image 1,S2P,1,401,
387.868,,Spot,1,Image 1,S2P,1,402,
205.29,,Spot,1,Image 1,S2P,1,403,
426.696,,Spot,1,Image 1,S2P,1,404,
1413.14,,Spot,1,Image 1,S2P,1,405,
222.104,,Spot,1,Image 1,S2P,1,406,
174.503,,Spot,1,Image 1,S2P,1,407,
859.3,,Spot,1,Image 1,S2P,1,408,
1336.5,,Spot,1,Image 1,S2P,1,409,
3447.19,,Spot,1,Image 1,S2P,1,410,
3.40886,,Spot,1,Image 1,S2P,1,411,
1402.49,,Spot,1,Image 1,S2P,1,412,
4.18568,,Spot,1,Image 1,S2P,1,413,
582.6,,Spot,1,Image 1,S2P,1,414,
1146.77,,Spot,1,Image 1,S2P,1,415,
506.665,,Spot,1,Image 1,S2P,1,416,
2010.47,,Spot,1,Image 1,S2P,1,417,
2.83081,,Spot,1,Image 1,S2P,1,418,
2975.23,,Spot,1,Image 1,S2P,1,419,
2339.2,,Spot,1,Image 1,S2P,1,420,
1781.57,,Spot,1,Image 1,S2P,1,421,
534.594,,Spot,1,Image 1,S2P,1,422,
2133.09,,Spot,1,Image 1,S2P,1,423,
4442.24,,Spot,1,Image 1,S2P,1,424,
6328.07,,Spot,1,Image 1,S2P,1,425,
6025.02,,Spot,1,Image 1,S2P,1,426,
7676.5,,Spot,1,Image 1,S2P,1,427,
16389.8,,Spot,1,Image 1,S2P,1,428,
7.66939,,Spot,1,Image 1,S2P,1,429,
734.779,,Spot,1,Image 1,S2P,1,430,
5802.18,,Spot,1,Image 1,S2P,1,431,
224.26,,Spot,1,Image 1,S2P,1,432,
3132.3,,Spot,1,Image 1,S2P,1,433,
2287,,Spot,1,Image 1,S2P,1,434,
35249.4,,Spot,1,Image 1,S2P,1,435,
1618.89,,Spot,1,Image 1,S2P,1,436,
6316.35,,Spot,1,Image 1,S2P,1,437,
3040.29,,Spot,1,Image 1,S2P,1,438,
15479.6,,Spot,1,Image 1,S2P,1,439,
2129.02,,Spot,1,Image 1,S2P,1,440,
6113.44,,Spot,1,Image 1,S2P,1,441,
2964.44,,Spot,1,Image 1,S2P,1,442,
5203.51,,Spot,1,Image 1,S2P,1,443,
2815.33,,Spot,1,Image 1,S2P,1,444,
7471.74,,Spot,1,Image 1,S2P,1,445,
1296.33,,Spot,1,Image 1,S2P,1,446,
13366.5,,Spot,1,Image 1,S2P,1,447,
21381.9,,Spot,1,Image 1,S2P,1,448,
9751.78,,Spot,1,Image 1,S2P,1,449,
2136,,Spot,1,Image 1,S2P,1,450,
2105.69,,Spot,1,Image 1,S2P,1,451,
6282.42,,Spot,1,Image 1,S2P,1,452,
6559.61,,Spot,1,Image 1,S2P,1,453,
8281.16,,Spot,1,Image 1,S2P,1,454,
6694.68,,Spot,1,Image 1,S2P,1,455,
3279.99,,Spot,1,Image 1,S2P,1,456,
6681.99,,Spot,1,Image 1,S2P,1,457,
3012.13,,Spot,1,Image 1,S2P,1,458,
321.849,,Spot,1,Image 1,S2P,1,459,
5.91562,,Spot,1,Image 1,S2P,1,460,
2558.72,,Spot,1,Image 1,S2P,1,461,
4379.5,,Spot,1,Image 1,S2P,1,462,
13944.1,,Spot,1,Image 1,S2P,1,463,
16262.1,,Spot,1,Image 1,S2P,1,464,
3659.61,,Spot,1,Image 1,S2P,1,465,
4064.37,,Spot,1,Image 1,S2P,1,466,
12790,,Spot,1,Image 1,S2P,1,467,
4292.85,,Spot,1,Image 1,S2P,1,468,
240.822,,Spot,1,Image 1,S2P,1,469,
5666.25,,Spot,1,Image 1,S2P,1,470,
8560.88,,Spot,1,Image 1,S2P,1,471,
480.847,,Spot,1,Image 1,S2P,1,472,
4190.14,,Spot,1,Image 1,S2P,1,473,
4050.7,,Spot,1,Image 1,S2P,1,474,
3755.91,,Spot,1,Image 1,S2P,1,475,
1018.77,,Spot,1,Image 1,S2P,1,476,
1959.47,,Spot,1,Image 1,S2P,1,477,
1724.98,,Spot,1,Image 1,S2P,1,478,
3477.76,,Spot,1,Image 1,S2P,1,479,
4315.26,,Spot,1,Image 1,S2P,1,480,
5265.3,,Spot,1,Image 1,S2P,1,481,
9147.58,,Spot,1,Image 1,S2P,1,482,
2263.78,,Spot,1,Image 1,S2P,1,483,
17701.5,,Spot,1,Image 1,S2P,1,484,
10053.9,,Spot,1,Image 1,S2P,1,485,
3092.6,,Spot,1,Image 1,S2P,1,486,
2283.15,,Spot,1,Image 1,S2P,1,487,
1477.4,,Spot,1,Image 1,S2P,1,488,
6178.04,,Spot,1,Image 1,S2P,1,489,
3884.64,,Spot,1,Image 1,S2P,1,490,
1993.36,,Spot,1,Image 1,S2P,1,491,
12192.8,,Spot,1,Image 1,S2P,1,492,
5227.21,,Spot,1,Image 1,S2P,1,493,
2532.63,,Spot,1,Image 1,S2P,1,494,
837.608,,Spot,1,Image 1,S2P,1,495,
3192.03,,Spot,1,Image 1,S2P,1,496,
831.296,,Spot,1,Image 1,S2P,1,497,
3887.93,,Spot,1,Image 1,S2P,1,498,
1915.68,,Spot,1,Image 1,S2P,1,499,
876.46,,Spot,1,Image 1,S2P,1,500,
963.536,,Spot,1,Image 1,S2P,1,501,
2879.06,,Spot,1,Image 1,S2P,1,502,
10007.8,,Spot,1,Image 1,S2P,1,503,
14056,,Spot,1,Image 1,S2P,1,504,
1645.33,,Spot,1,Image 1,S2P,1,505,
4.69727,,Spot,1,Image 1,S2P,1,506,
3686.47,,Spot,1,Image 1,S2P,1,507,
8567.24,,Spot,1,Image 1,S2P,1,508,
6766.37,,Spot,1,Image 1,S2P,1,509,
5.74246,,Spot,1,Image 1,S2P,1,510,
6717.54,,Spot,1,Image 1,S2P,1,511,
2636.96,,Spot,1,Image 1,S2P,1,512,
940.55,,Spot,1,Image 1,S2P,1,513,
454.34,,Spot,1,Image 1,S2P,1,514,
2667.38,,Spot,1,Image 1,S2P,1,515,
503.727,,Spot,1,Image 1,S2P,1,516,
663.1,,Spot,1,Image 1,S2P,1,517,
2651.14,,Spot,1,Image 1,S2P,1,518,
2205.43,,Spot,1,Image 1,S2P,1,520,
1515.6,,Spot,1,Image 1,S2P,1,521,
10934.5,,Spot,1,Image 1,S2P,1,522,
7322,,Spot,1,Image 1,S2P,1,523,
2350.07,,Spot,1,Image 1,S2P,1,524,
798.68,,Spot,1,Image 1,S2P,1,525,
3810.56,,Spot,1,Image 1,S2P,1,526,
723.591,,Spot,1,Image 1,S2P,1,527,
847.41,,Spot,1,Image 1,S2P,1,528,
2654.83,,Spot,1,Image 1,S2P,1,529,
4946.88,,Spot,1,Image 1,S2P,1,530,
424.149,,Spot,1,Image 1,S2P,1,531,
154.66,,Spot,1,Image 1,S2P,1,532,
1908.79,,Spot,1,Image 1,S2P,1,533,
1583.34,,Spot,1,Image 1,S2P,1,534,
6978.84,,Spot,1,Image 1,S2P,1,535,
1478.99,,Spot,1,Image 1,S2P,1,536,
998.021,,Spot,1,Image 1,S2P,1,537,
2215.86,,Spot,1,Image 1,S2P,1,538,
745.812,,Spot,1,Image 1,S2P,1,539,
554.582,,Spot,1,Image 1,S2P,1,540,
2434.06,,Spot,1,Image 1,S2P,1,541,
2004.97,,Spot,1,Image 1,S2P,1,542,
2777.2,,Spot,1,Image 1,S2P,1,543,
8927.25,,Spot,1,Image 1,S2P,1,544,
4955.61,,Spot,1,Image 1,S2P,1,545,
1957.31,,Spot,1,Image 1,S2P,1,546,
10884.8,,Spot,1,Image 1,S2P,1,547,
1638.54,,Spot,1,Image 1,S2P,1,548,
2371.76,,Spot,1,Image 1,S2P,1,549,
1311.13,,Spot,1,Image 1,S2P,1,550,
404.673,,Spot,1,Image 1,S2P,1,551,
873.434,,Spot,1,Image 1,S2P,1,552,
2457.59,,Spot,1,Image 1,S2P,1,553,
658.89,,Spot,1,Image 1,S2P,1,554,
742.672,,Spot,1,Image 1,S2P,1,555,
769.131,,Spot,1,Image 1,S2P,1,556,
3933.92,,Spot,1,Image 1,S2P,1,557,
5562.26,,Spot,1,Image 1,S2P,1,558,
8.2928,,Spot,1,Image 1,S2P,1,559,
1097.47,,Spot,1,Image 1,S2P,1,560,
830.744,,Spot,1,Image 1,S2P,1,561,
3867.44,,Spot,1,Image 1,S2P,1,562,
4240.51,,Spot,1,Image 1,S2P,1,563,
4612.59,,Spot,1,Image 1,S2P,1,564,
1062.54,,Spot,1,Image 1,S2P,1,565,
6151.71,,Spot,1,Image 1,S2P,1,566,
847.258,,Spot,1,Image 1,S2P,1,567,
7278.94,,Spot,1,Image 1,S2P,1,568,
9956.55,,Spot,1,Image 1,S2P,1,569,
600.765,,Spot,1,Image 1,S2P,1,570,
2272.27,,Spot,1,Image 1,S2P,1,571,
5.929,,Spot,1,Image 1,S2P,1,572,
6872.12,,Spot,1,Image 1,S2P,1,573,
2290.39,,Spot,1,Image 1,S2P,1,574,
5369.34,,Spot,1,Image 1,S2P,1,575,
9313.72,,Spot,1,Image 1,S2P,1,576,
891.078,,Spot,1,Image 1,S2P,1,577,
1250.45,,Spot,1,Image 1,S2P,1,578,
1215.3,,Spot,1,Image 1,S2P,1,579,
155.874,,Spot,1,Image 1,S2P,1,580,
1102.9,,Spot,1,Image 1,S2P,1,581,
2221.7,,Spot,1,Image 1,S2P,1,582,
2141.48,,Spot,1,Image 1,S2P,1,583,
6596.16,,Spot,1,Image 1,S2P,1,584,
10105.1,,Spot,1,Image 1,S2P,1,585,
5707.29,,Spot,1,Image 1,S2P,1,586,
7327.53,,Spot,1,Image 1,S2P,1,587,
7807.56,,Spot,1,Image 1,S2P,1,588,
6256.52,,Spot,1,Image 1,S2P,1,589,
2157.63,,Spot,1,Image 1,S2P,1,590,
5.31637,,Spot,1,Image 1,S2P,1,591,
4741.87,,Spot,1,Image 1,S2P,1,592,
10956.3,,Spot,1,Image 1,S2P,1,593,
6.16988,,Spot,1,Image 1,S2P,1,594,
6547.21,,Spot,1,Image 1,S2P,1,595,
8779.16,,Spot,1,Image 1,S2P,1,596,
2412.88,,Spot,1,Image 1,S2P,1,597,
3050.48,,Spot,1,Image 1,S2P,1,598,
18948.8,,Spot,1,Image 1,S2P,1,599,
5082.96,,Spot,1,Image 1,S2P,1,600,
7465.8,,Spot,1,Image 1,S2P,1,601,
60.9927,,Spot,1,Image 1,S2P,1,602,
312.893,,Spot,1,Image 1,S2P,1,603,
7174.63,,Spot,1,Image 1,S2P,1,604,
4675.11,,Spot,1,Image 1,S2P,1,605,
432.207,,Spot,1,Image 1,S2P,1,606,
3565.49,,Spot,1,Image 1,S2P,1,607,
1377.02,,Spot,1,Image 1,S2P,1,608,
14391,,Spot,1,Image 1,S2P,1,609,
6110.9,,Spot,1,Image 1,S2P,1,610,
5022.29,,Spot,1,Image 1,S2P,1,611,
3145.68,,Spot,1,Image 1,S2P,1,612,
3595.47,,Spot,1,Image 1,S2P,1,613,
2547.67,,Spot,1,Image 1,S2P,1,614,
38509.4,,Spot,1,Image 1,S2P,1,615,
541.603,,Spot,1,Image 1,S2P,1,616,
9122.9,,Spot,1,Image 1,S2P,1,617,
4818.77,,Spot,1,Image 1,S2P,1,618,
2247.16,,Spot,1,Image 1,S2P,1,619,
3498.8,,Spot,1,Image 1,S2P,1,620,
1569.01,,Spot,1,Image 1,S2P,1,621,
1162.82,,Spot,1,Image 1,S2P,1,622,
6444.23,,Spot,1,Image 1,S2P,1,623,
4261.88,,Spot,1,Image 1,S2P,1,624,
115.144,,Spot,1,Image 1,S2P,1,625,
2990.43,,Spot,1,Image 1,S2P,1,626,
3088.36,,Spot,1,Image 1,S2P,1,627,
3890.58,,Spot,1,Image 1,S2P,1,628,
411.121,,Spot,1,Image 1,S2P,1,629,
9414.61,,Spot,1,Image 1,S2P,1,630,
758.247,,Spot,1,Image 1,S2P,1,631,
1500.43,,Spot,1,Image 1,S2P,1,632,
619.937,,Spot,1,Image 1,S2P,1,633,
7240.71,,Spot,1,Image 1,S2P,1,634,
1063.9,,Spot,1,Image 1,S2P,1,635,
2267.53,,Spot,1,Image 1,S2P,1,636,
610.605,,Spot,1,Image 1,S2P,1,637,
6921.89,,Spot,1,Image 1,S2P,1,638,
5679.77,,Spot,1,Image 1,S2P,1,639,
1273,,Spot,1,Image 1,S2P,1,640,
1362.55,,Spot,1,Image 1,S2P,1,641,
2289.11,,Spot,1,Image 1,S2P,1,642,
853.731,,Spot,1,Image 1,S2P,1,643,
1442.1,,Spot,1,Image 1,S2P,1,644,
11466.4,,Spot,1,Image 1,S2P,1,645,
839.081,,Spot,1,Image 1,S2P,1,646,
4713.65,,Spot,1,Image 1,S2P,1,647,
4451.53,,Spot,1,Image 1,S2P,1,648,
586.452,,Spot,1,Image 1,S2P,1,649,
5074.39,,Spot,1,Image 1,S2P,1,650,
1523.49,,Spot,1,Image 1,S2P,1,651,
3618.79,,Spot,1,Image 1,S2P,1,652,
1248.58,,Spot,1,Image 1,S2P,1,653,
1824.1,,Spot,1,Image 1,S2P,1,654,
4507.76,,Spot,1,Image 1,S2P,1,655,
14914.2,,Spot,1,Image 1,S2P,1,656,
2396.78,,Spot,1,Image 1,S2P,1,657,
4.14145,,Spot,1,Image 1,S2P,1,658,
4903.22,,Spot,1,Image 1,S2P,1,659,
2.01557,,Spot,1,Image 1,S2P,1,660,
7760.4,,Spot,1,Image 1,S2P,1,661,
5236.43,,Spot,1,Image 1,S2P,1,662,
1908.75,,Spot,1,Image 1,S2P,1,663,
988.805,,Spot,1,Image 1,S2P,1,664,
2179.31,,Spot,1,Image 1,S2P,1,665,
5467.09,,Spot,1,Image 1,S2P,1,666,
3591.13,,Spot,1,Image 1,S2P,1,667,
444.472,,Spot,1,Image 1,S2P,1,668,
1515.77,,Spot,1,Image 1,S2P,1,669,
5730.18,,Spot,1,Image 1,S2P,1,670,
10593.9,,Spot,1,Image 1,S2P,1,671,
8145.25,,Spot,1,Image 1,S2P,1,672,
9854.88,,Spot,1,Image 1,S2P,1,673,
2958.67,,Spot,1,Image 1,S2P,1,674,
7365.98,,Spot,1,Image 1,S2P,1,675,
1663.49,,Spot,1,Image 1,S2P,1,676,
5509.79,,Spot,1,Image 1,S2P,1,677,
2377.06,,Spot,1,Image 1,S2P,1,678,
5299.29,,Spot,1,Image 1,S2P,1,679,
966.225,,Spot,1,Image 1,S2P,1,680,
2840.24,,Spot,1,Image 1,S2P,1,681,
13292.9,,Spot,1,Image 1,S2P,1,682,
1054.67,,Spot,1,Image 1,S2P,1,683,
8485.87,,Spot,1,Image 1,S2P,1,684,
7393.92,,Spot,1,Image 1,S2P,1,685,
8334.06,,Spot,1,Image 1,S2P,1,686,
1180.56,,Spot,1,Image 1,S2P,1,687,
2505.77,,Spot,1,Image 1,S2P,1,688,
1341.36,,Spot,1,Image 1,S2P,1,689,
7131.47,,Spot,1,Image 1,S2P,1,690,
3227.38,,Spot,1,Image 1,S2P,1,691,
1273.01,,Spot,1,Image 1,S2P,1,692,
2653.92,,Spot,1,Image 1,S2P,1,693,
1189.29,,Spot,1,Image 1,S2P,1,694,
714.888,,Spot,1,Image 1,S2P,1,695,
1961.82,,Spot,1,Image 1,S2P,1,696,
2.61721,,Spot,1,Image 1,S2P,1,697,
938.783,,Spot,1,Image 1,S2P,1,698,
2351.9,,Spot,1,Image 1,S2P,1,699,
2887.79,,Spot,1,Image 1,S2P,1,700,
355.14,,Spot,1,Image 1,S2P,1,701,
341.13,,Spot,1,Image 1,S2P,1,702,
480.232,,Spot,1,Image 1,S2P,1,703,
922.137,,Spot,1,Image 1,S2P,1,704,
1304.82,,Spot,1,Image 1,S2P,1,705,
2715.82,,Spot,1,Image 1,S2P,1,706,
3900.74,,Spot,1,Image 1,S2P,1,707,
1378.71,,Spot,1,Image 1,S2P,1,708,
433.195,,Spot,1,Image 1,S2P,1,709,
1479.83,,Spot,1,Image 1,S2P,1,710,
473.361,,Spot,1,Image 1,S2P,1,711,
774.973,,Spot,1,Image 1,S2P,1,712,
1.25083,,Spot,1,Image 1,S2P,1,714,
2479.14,,Spot,1,Image 1,S2P,1,715,
3552.15,,Spot,1,Image 1,S2P,1,716,
4.10223,,Spot,1,Image 1,S2P,1,717,
7767.59,,Spot,1,Image 1,S2P,1,718,
1407.17,,Spot,1,Image 1,S2P,1,719,
452.225,,Spot,1,Image 1,S2P,1,720,
3594.52,,Spot,1,Image 1,S2P,1,721,
9243.38,,Spot,1,Image 1,S2P,1,722,
408.599,,Spot,1,Image 1,S2P,1,723,
556.779,,Spot,1,Image 1,S2P,1,724,
5707.41,,Spot,1,Image 1,S2P,1,725,
18544,,Spot,1,Image 1,S2P,1,726,
935.147,,Spot,1,Image 1,S2P,1,727,
3299.23,,Spot,1,Image 1,S2P,1,728,
1758.89,,Spot,1,Image 1,S2P,1,729,
1023.41,,Spot,1,Image 1,S2P,1,730,
1285.95,,Spot,1,Image 1,S2P,1,731,
4460.39,,Spot,1,Image 1,S2P,1,732,
634.535,,Spot,1,Image 1,S2P,1,733,
1.75484,,Spot,1,Image 1,S2P,1,734,
2147.71,,Spot,1,Image 1,S2P,1,735,
6958.64,,Spot,1,Image 1,S2P,1,736,
2859.91,,Spot,1,Image 1,S2P,1,737,
8161.77,,Spot,1,Image 1,S2P,1,738,
753.87,,Spot,1,Image 1,S2P,1,739,
1600.27,,Spot,1,Image 1,S2P,1,740,
7807.42,,Spot,1,Image 1,S2P,1,741,
1301.14,,Spot,1,Image 1,S2P,1,742,
1350.47,,Spot,1,Image 1,S2P,1,743,
1801.64,,Spot,1,Image 1,S2P,1,744,
435.537,,Spot,1,Image 1,S2P,1,745,
1879.12,,Spot,1,Image 1,S2P,1,746,
149.146,,Spot,1,Image 1,S2P,1,747,
1366.2,,Spot,1,Image 1,S2P,1,748,
667.016,,Spot,1,Image 1,S2P,1,749,
966.07,,Spot,1,Image 1,S2P,1,750,
917.109,,Spot,1,Image 1,S2P,1,751,
773.518,,Spot,1,Image 1,S2P,1,752,
597.225,,Spot,1,Image 1,S2P,1,753,
1634.59,,Spot,1,Image 1,S2P,1,754,
1675.5,,Spot,1,Image 1,S2P,1,755,
1130.45,,Spot,1,Image 1,S2P,1,756,
749.986,,Spot,1,Image 1,S2P,1,757,
5103.14,,Spot,1,Image 1,S2P,1,758,
10547.1,,Spot,1,Image 1,S2P,1,759,
3023.9,,Spot,1,Image 1,S2P,1,760,
1277.77,,Spot,1,Image 1,S2P,1,761,
1831.2,,Spot,1,Image 1,S2P,1,762,
1118.81,,Spot,1,Image 1,S2P,1,763,
15386,,Spot,1,Image 1,S2P,1,764,
554.238,,Spot,1,Image 1,S2P,1,765,
7142.11,,Spot,1,Image 1,S2P,1,766,
3.8061,,Spot,1,Image 1,S2P,1,767,
840.285,,Spot,1,Image 1,S2P,1,768,
988.036,,Spot,1,Image 1,S2P,1,769,
459.439,,Spot,1,Image 1,S2P,1,770,
123.646,,Spot,1,Image 1,S2P,1,771,
3.99196,,Spot,1,Image 1,S2P,1,772,
1303.64,,Spot,1,Image 1,S2P,1,773,
405.011,,Spot,1,Image 1,S2P,1,774,
1438.02,,Spot,1,Image 1,S2P,1,775,
364.094,,Spot,1,Image 1,S2P,1,776,
4169.03,,Spot,1,Image 1,S2P,1,777,
2.16757,,Spot,1,Image 1,S2P,1,778,
238.97,,Spot,1,Image 1,S2P,1,779,
1157.94,,Spot,1,Image 1,S2P,1,780,
4974.24,,Spot,1,Image 1,S2P,1,781,
1110.05,,Spot,1,Image 1,S2P,1,782,
810.106,,Spot,1,Image 1,S2P,1,783,
2415.55,,Spot,1,Image 1,S2P,1,784,
2.96649,,Spot,1,Image 1,S2P,1,785,
5710.84,,Spot,1,Image 1,S2P,1,786,
11947.4,,Spot,1,Image 1,S2P,1,787,
2049.52,,Spot,1,Image 1,S2P,1,788,
1254.9,,Spot,1,Image 1,S2P,1,789,
5126.28,,Spot,1,Image 1,S2P,1,790,
733.042,,Spot,1,Image 1,S2P,1,791,
864.8,,Spot,1,Image 1,S2P,1,792,
728.211,,Spot,1,Image 1,S2P,1,793,
2899.5,,Spot,1,Image 1,S2P,1,794,
586.766,,Spot,1,Image 1,S2P,1,795,
986.241,,Spot,1,Image 1,S2P,1,796,
933.835,,Spot,1,Image 1,S2P,1,797,
254.121,,Spot,1,Image 1,S2P,1,798,
672.484,,Spot,1,Image 1,S2P,1,799,
2.24559,,Spot,1,Image 1,S2P,1,800,
874.288,,Spot,1,Image 1,S2P,1,801,
1053.17,,Spot,1,Image 1,S2P,1,802,
478.651,,Spot,1,Image 1,S2P,1,803,
1983.07,,Spot,1,Image 1,S2P,1,804,
1815.71,,Spot,1,Image 1,S2P,1,805,
374.617,,Spot,1,Image 1,S2P,1,806,
2362.49,,Spot,1,Image 1,S2P,1,807,
1347.07,,Spot,1,Image 1,S2P,1,808,
1716.86,,Spot,1,Image 1,S2P,1,809,
688.159,,Spot,1,Image 1,S2P,1,810,
621.485,,Spot,1,Image 1,S2P,1,811,
2000.48,,Spot,1,Image 1,S2P,1,812,
1414.6,,Spot,1,Image 1,S2P,1,813,
787.104,,Spot,1,Image 1,S2P,1,814,
1750.43,,Spot,1,Image 1,S2P,1,815,
2192.05,,Spot,1,Image 1,S2P,1,816,
3930.5,,Spot,1,Image 1,S2P,1,817,
4012.54,,Spot,1,Image 1,S2P,1,818,
3441.98,,Spot,1,Image 1,S2P,1,819,
2289.59,,Spot,1,Image 1,S2P,1,820,
1296.2,,Spot,1,Image 1,S2P,1,821,
889.217,,Spot,1,Image 1,S2P,1,822,
5264.45,,Spot,1,Image 1,S2P,1,823,
3402.3,,Spot,1,Image 1,S2P,1,824,
1539.26,,Spot,1,Image 1,S2P,1,825,
436.853,,Spot,1,Image 1,S2P,1,826,
531.846,,Spot,1,Image 1,S2P,1,827,
1269.86,,Spot,1,Image 1,S2P,1,828,
11340.2,,Spot,1,Image 1,S2P,1,829,
792.295,,Spot,1,Image 1,S2P,1,830,
2.25909,,Spot,1,Image 1,S2P,1,831,
4.54221,,Spot,1,Image 1,S2P,1,832,
4471.72,,Spot,1,Image 1,S2P,1,833,
1028.55,,Spot,1,Image 1,S2P,1,834,
7887.99,,Spot,1,Image 1,S2P,1,835,
775.279,,Spot,1,Image 1,S2P,1,836,
5297.62,,Spot,1,Image 1,S2P,1,837,
1972.43,,Spot,1,Image 1,S2P,1,838,
2842.22,,Spot,1,Image 1,S2P,1,839,
845.013,,Spot,1,Image 1,S2P,1,840,
2.60612,,Spot,1,Image 1,S2P,1,841,
991.402,,Spot,1,Image 1,S2P,1,842,
409.735,,Spot,1,Image 1,S2P,1,843,
696.501,,Spot,1,Image 1,S2P,1,844,
301.745,,Spot,1,Image 1,S2P,1,845,
1037.94,,Spot,1,Image 1,S2P,1,846,
1176.51,,Spot,1,Image 1,S2P,1,847,
9300.44,,Spot,1,Image 1,S2P,1,848,
4788.81,,Spot,1,Image 1,S2P,1,849,
935.507,,Spot,1,Image 1,S2P,1,850,
723.169,,Spot,1,Image 1,S2P,1,851,
423.168,,Spot,1,Image 1,S2P,1,852,
1802.98,,Spot,1,Image 1,S2P,1,853,
12834.4,,Spot,1,Image 1,S2P,1,854,
5236.95,,Spot,1,Image 1,S2P,1,855,
3179.39,,Spot,1,Image 1,S2P,1,856,
717.686,,Spot,1,Image 1,S2P,1,857,
10482.3,,Spot,1,Image 1,S2P,1,858,
2.73038,,Spot,1,Image 1,S2P,1,859,
5936.09,,Spot,1,Image 1,S2P,1,860,
648.594,,Spot,1,Image 1,S2P,1,861,
463.302,,Spot,1,Image 1,S2P,1,862,
1150.11,,Spot,1,Image 1,S2P,1,863,
1286.95,,Spot,1,Image 1,S2P,1,864,
5.83181,,Spot,1,Image 1,S2P,1,865,
1330.54,,Spot,1,Image 1,S2P,1,866,
878.233,,Spot,1,Image 1,S2P,1,867,
1696.47,,Spot,1,Image 1,S2P,1,868,
1802.09,,Spot,1,Image 1,S2P,1,869,
752.894,,Spot,1,Image 1,S2P,1,870,
1531.75,,Spot,1,Image 1,S2P,1,871,
3451.78,,Spot,1,Image 1,S2P,1,872,
10329.9,,Spot,1,Image 1,S2P,1,873,
4174.69,,Spot,1,Image 1,S2P,1,874,
648.945,,Spot,1,Image 1,S2P,1,875,
8270.57,,Spot,1,Image 1,S2P,1,876,
2170.23,,Spot,1,Image 1,S2P,1,877,
1579.11,,Spot,1,Image 1,S2P,1,878,
326.811,,Spot,1,Image 1,S2P,1,879,
998.057,,Spot,1,Image 1,S2P,1,880,
627.693,,Spot,1,Image 1,S2P,1,881,
2.20721,,Spot,1,Image 1,S2P,1,882,
1814.09,,Spot,1,Image 1,S2P,1,883,
1719.68,,Spot,1,Image 1,S2P,1,884,
3.91085,,Spot,1,Image 1,S2P,1,885,
1105.92,,Spot,1,Image 1,S2P,1,886,
1369.77,,Spot,1,Image 1,S2P,1,887,
1431.81,,Spot,1,Image 1,S2P,1,888,
948.131,,Spot,1,Image 1,S2P,1,889,
4470.5,,Spot,1,Image 1,S2P,1,890,
387.882,,Spot,1,Image 1,S2P,1,891,
484.374,,Spot,1,Image 1,S2P,1,892,
5660.98,,Spot,1,Image 1,S2P,1,893,
780.071,,Spot,1,Image 1,S2P,1,894,
586.388,,Spot,1,Image 1,S2P,1,895,
8779.05,,Spot,1,Image 1,S2P,1,896,
936.554,,Spot,1,Image 1,S2P,1,897,
1767.92,,Spot,1,Image 1,S2P,1,898,
1301.08,,Spot,1,Image 1,S2P,1,899,
988.93,,Spot,1,Image 1,S2P,1,900,
1150.54,,Spot,1,Image 1,S2P,1,901,
268.304,,Spot,1,Image 1,S2P,1,902,
5596.01,,Spot,1,Image 1,S2P,1,903,
570.194,,Spot,1,Image 1,S2P,1,904,
633.113,,Spot,1,Image 1,S2P,1,905,
2214.75,,Spot,1,Image 1,S2P,1,906,
1057.31,,Spot,1,Image 1,S2P,1,907,
248.678,,Spot,1,Image 1,S2P,1,908,
3.36475,,Spot,1,Image 1,S2P,1,909,
2558.43,,Spot,1,Image 1,S2P,1,910,
17437.8,,Spot,1,Image 1,S2P,1,911,
3317.85,,Spot,1,Image 1,S2P,1,912,
4448.97,,Spot,1,Image 1,S2P,1,913,
3.27786,,Spot,1,Image 1,S2P,1,914,
547.487,,Spot,1,Image 1,S2P,1,915,
871.555,,Spot,1,Image 1,S2P,1,916,
618.148,,Spot,1,Image 1,S2P,1,917,
3267.13,,Spot,1,Image 1,S2P,1,918,
2398.76,,Spot,1,Image 1,S2P,1,919,
1543.1,,Spot,1,Image 1,S2P,1,920,
1480.35,,Spot,1,Image 1,S2P,1,921,
1743,,Spot,1,Image 1,S2P,1,922,
2991.03,,Spot,1,Image 1,S2P,1,923,
206.312,,Spot,1,Image 1,S2P,1,924,
1862.85,,Spot,1,Image 1,S2P,1,925,
898.114,,Spot,1,Image 1,S2P,1,926,
1378.81,,Spot,1,Image 1,S2P,1,927,
862.95,,Spot,1,Image 1,S2P,1,928,
1536.59,,Spot,1,Image 1,S2P,1,929,
17273.2,,Spot,1,Image 1,S2P,1,930,
190.327,,Spot,1,Image 1,S2P,1,931,
1089.48,,Spot,1,Image 1,S2P,1,932,
7413.99,,Spot,1,Image 1,S2P,1,933,
2287.35,,Spot,1,Image 1,S2P,1,934,
2316.07,,Spot,1,Image 1,S2P,1,935,
363.491,,Spot,1,Image 1,S2P,1,936,
2770.66,,Spot,1,Image 1,S2P,1,937,
353.045,,Spot,1,Image 1,S2P,1,938,
8398.87,,Spot,1,Image 1,S2P,1,939,
4.34883,,Spot,1,Image 1,S2P,1,940,
1174.23,,Spot,1,Image 1,S2P,1,941,
12021.1,,Spot,1,Image 1,S2P,1,942,
2021.59,,Spot,1,Image 1,S2P,1,943,
811.339,,Spot,1,Image 1,S2P,1,944,
908.154,,Spot,1,Image 1,S2P,1,945,
2.82059,,Spot,1,Image 1,S2P,1,946,
1724.78,,Spot,1,Image 1,S2P,1,947,
9.21219,,Spot,1,Image 1,S2P,1,948,
3.24252,,Spot,1,Image 1,S2P,1,949,
365.526,,Spot,1,Image 1,S2P,1,950,
5595.2,,Spot,1,Image 1,S2P,1,951,
672.683,,Spot,1,Image 1,S2P,1,952,
5736.66,,Spot,1,Image 1,S2P,1,953,
3451.67,,Spot,1,Image 1,S2P,1,954,
2391.82,,Spot,1,Image 1,S2P,1,955,
1922.76,,Spot,1,Image 1,S2P,1,956,
850.512,,Spot,1,Image 1,S2P,1,957,
743.044,,Spot,1,Image 1,S2P,1,958,
676.713,,Spot,1,Image 1,S2P,1,959,
9175.24,,Spot,1,Image 1,S2P,1,960,
1084.88,,Spot,1,Image 1,S2P,1,961,
902.688,,Spot,1,Image 1,S2P,1,962,
1230.58,,Spot,1,Image 1,S2P,1,963,
1059.29,,Spot,1,Image 1,S2P,1,964,
2424.95,,Spot,1,Image 1,S2P,1,965,
496.227,,Spot,1,Image 1,S2P,1,966,
2089.06,,Spot,1,Image 1,S2P,1,967,
899.028,,Spot,1,Image 1,S2P,1,968,
786.722,,Spot,1,Image 1,S2P,1,969,
1.92701,,Spot,1,Image 1,S2P,1,970,
1995.2,,Spot,1,Image 1,S2P,1,971,
5.65504,,Spot,1,Image 1,S2P,1,972,
17716.2,,Spot,1,Image 1,S2P,1,973,
1610.94,,Spot,1,Image 1,S2P,1,974,
1592.09,,Spot,1,Image 1,S2P,1,975,
3179,,Spot,1,Image 1,S2P,1,976,
1391.25,,Spot,1,Image 1,S2P,1,977,
543.715,,Spot,1,Image 1,S2P,1,978,
2064.96,,Spot,1,Image 1,S2P,1,979,
1030.71,,Spot,1,Image 1,S2P,1,980,
8007.43,,Spot,1,Image 1,S2P,1,981,
807.237,,Spot,1,Image 1,S2P,1,982,
5917.43,,Spot,1,Image 1,S2P,1,983,
7743.43,,Spot,1,Image 1,S2P,1,984,
867.703,,Spot,1,Image 1,S2P,1,985,
803.018,,Spot,1,Image 1,S2P,1,986,
2085.81,,Spot,1,Image 1,S2P,1,987,
2397.44,,Spot,1,Image 1,S2P,1,988,
659.082,,Spot,1,Image 1,S2P,1,989,
1317.08,,Spot,1,Image 1,S2P,1,990,
2442.48,,Spot,1,Image 1,S2P,1,991,
2086.7,,Spot,1,Image 1,S2P,1,992,
3760.98,,Spot,1,Image 1,S2P,1,993,
3009.77,,Spot,1,Image 1,S2P,1,994,
3857.29,,Spot,1,Image 1,S2P,1,995,
1062.49,,Spot,1,Image 1,S2P,1,996,
4212.73,,Spot,1,Image 1,S2P,1,997,
2592.74,,Spot,1,Image 1,S2P,1,998,
3458.3,,Spot,1,Image 1,S2P,1,999,
10030.9,,Spot,1,Image 1,S2P,1,1000,
1825.11,,Spot,1,Image 1,S2P,1,1001,
4.121,,Spot,1,Image 1,S2P,1,1002,
4.55359,,Spot,1,Image 1,S2P,1,1003,
16604.2,,Spot,1,Image 1,S2P,1,1004,
5642.17,,Spot,1,Image 1,S2P,1,1005,
555.121,,Spot,1,Image 1,S2P,1,1006,
2764.67,,Spot,1,Image 1,S2P,1,1007,
1585.15,,Spot,1,Image 1,S2P,1,1008,
2313.5,,Spot,1,Image 1,S2P,1,1009,
3467.87,,Spot,1,Image 1,S2P,1,1010,
1773.75,,Spot,1,Image 1,S2P,1,1011,
2.70464,,Spot,1,Image 1,S2P,1,1012,
1409.94,,Spot,1,Image 1,S2P,1,1013,
951.344,,Spot,1,Image 1,S2P,1,1014,
1973.87,,Spot,1,Image 1,S2P,1,1015,
968.77,,Spot,1,Image 1,S2P,1,1016,
6473.5,,Spot,1,Image 1,S2P,1,1017,
3580.56,,Spot,1,Image 1,S2P,1,1018,
1280.48,,Spot,1,Image 1,S2P,1,1019,
2439.59,,Spot,1,Image 1,S2P,1,1020,
2441.58,,Spot,1,Image 1,S2P,1,1021,
6609.03,,Spot,1,Image 1,S2P,1,1022,
4752.58,,Spot,1,Image 1,S2P,1,1023,
3534.74,,Spot,1,Image 1,S2P,1,1024,
1117.56,,Spot,1,Image 1,S2P,1,1025,
2357.75,,Spot,1,Image 1,S2P,1,1026,
1637.11,,Spot,1,Image 1,S2P,1,1027,
254.999,,Spot,1,Image 1,S2P,1,1028,
1654.43,,Spot,1,Image 1,S2P,1,1029,
1565.38,,Spot,1,Image 1,S2P,1,1030,
1543.5,,Spot,1,Image 1,S2P,1,1031,
3214.24,,Spot,1,Image 1,S2P,1,1032,
1072.02,,Spot,1,Image 1,S2P,1,1033,
7056.84,,Spot,1,Image 1,S2P,1,1034,
10550.8,,Spot,1,Image 1,S2P,1,1035,
12112.5,,Spot,1,Image 1,S2P,1,1036,
6360.56,,Spot,1,Image 1,S2P,1,1037,
5540.21,,Spot,1,Image 1,S2P,1,1038,
1876.98,,Spot,1,Image 1,S2P,1,1039,
2681.12,,Spot,1,Image 1,S2P,1,1040,
6673.35,,Spot,1,Image 1,S2P,1,1041,
1642.49,,Spot,1,Image 1,S2P,1,1042,
2371.01,,Spot,1,Image 1,S2P,1,1043,
3878.42,,Spot,1,Image 1,S2P,1,1044,
2567.98,,Spot,1,Image 1,S2P,1,1045,
332.421,,Spot,1,Image 1,S2P,1,1046,
5.40593,,Spot,1,Image 1,S2P,1,1047,
3400.89,,Spot,1,Image 1,S2P,1,1048,
15761.7,,Spot,1,Image 1,S2P,1,1049,
1243.42,,Spot,1,Image 1,S2P,1,1050,
911.399,,Spot,1,Image 1,S2P,1,1051,
9624.9,,Spot,1,Image 1,S2P,1,1052,
2461.8,,Spot,1,Image 1,S2P,1,1053,
745.42,,Spot,1,Image 1,S2P,1,1054,
4436.85,,Spot,1,Image 1,S2P,1,1055,
2770.25,,Spot,1,Image 1,S2P,1,1056,
4769.09,,Spot,1,Image 1,S2P,1,1057,
2752.56,,Spot,1,Image 1,S2P,1,1058,
3689.12,,Spot,1,Image 1,S2P,1,1059,
3231.99,,Spot,1,Image 1,S2P,1,1060,
1763.61,,Spot,1,Image 1,S2P,1,1061,
5544.39,,Spot,1,Image 1,S2P,1,1062,
5118.05,,Spot,1,Image 1,S2P,1,1063,
1592.92,,Spot,1,Image 1,S2P,1,1064,
1596.32,,Spot,1,Image 1,S2P,1,1065,
4479.41,,Spot,1,Image 1,S2P,1,1066,
1283.48,,Spot,1,Image 1,S2P,1,1067,
2370.25,,Spot,1,Image 1,S2P,1,1068,
11382.7,,Spot,1,Image 1,S2P,1,1069,
10069.8,,Spot,1,Image 1,S2P,1,1070,
597.657,,Spot,1,Image 1,S2P,1,1071,
8142.22,,Spot,1,Image 1,S2P,1,1072,
879.96,,Spot,1,Image 1,S2P,1,1073,
1329.67,,Spot,1,Image 1,S2P,1,1074,
2181.11,,Spot,1,Image 1,S2P,1,1075,
4196.67,,Spot,1,Image 1,S2P,1,1076,
3331.25,,Spot,1,Image 1,S2P,1,1077,
2197.39,,Spot,1,Image 1,S2P,1,1078,
12063,,Spot,1,Image 1,S2P,1,1079,
1386.98,,Spot,1,Image 1,S2P,1,1080,
1353.44,,Spot,1,Image 1,S2P,1,1081,
12172.4,,Spot,1,Image 1,S2P,1,1082,
3753.11,,Spot,1,Image 1,S2P,1,1083,
7465.62,,Spot,1,Image 1,S2P,1,1084,
1144.7,,Spot,1,Image 1,S2P,1,1085,
6900.34,,Spot,1,Image 1,S2P,1,1086,
1777.53,,Spot,1,Image 1,S2P,1,1087,
2689.53,,Spot,1,Image 1,S2P,1,1088,
2487.48,,Spot,1,Image 1,S2P,1,1089,
2441.72,,Spot,1,Image 1,S2P,1,1090,
6.93133,,Spot,1,Image 1,S2P,1,1091,
2.24002,,Spot,1,Image 1,S2P,1,1093,
11241.8,,Spot,1,Image 1,S2P,1,1094,
9138.83,,Spot,1,Image 1,S2P,1,1095,
3624.91,,Spot,1,Image 1,S2P,1,1096,
3961.44,,Spot,1,Image 1,S2P,1,1097,
4418.63,,Spot,1,Image 1,S2P,1,1098,
4755.89,,Spot,1,Image 1,S2P,1,1099,
5808.25,,Spot,1,Image 1,S2P,1,1100,
5229.28,,Spot,1,Image 1,S2P,1,1101,
13900,,Spot,1,Image 1,S2P,1,1102,
1542.74,,Spot,1,Image 1,S2P,1,1103,
2625.22,,Spot,1,Image 1,S2P,1,1104,
1534.9,,Spot,1,Image 1,S2P,1,1105,
1102.08,,Spot,1,Image 1,S2P,1,1106,
2436.34,,Spot,1,Image 1,S2P,1,1107,
1266.05,,Spot,1,Image 1,S2P,1,1108,
2458.44,,Spot,1,Image 1,S2P,1,1109,
841.558,,Spot,1,Image 1,S2P,1,1110,
4691.85,,Spot,1,Image 1,S2P,1,1111,
8691.08,,Spot,1,Image 1,S2P,1,1112,
8527.97,,Spot,1,Image 1,S2P,1,1113,
2283.67,,Spot,1,Image 1,S2P,1,1114,
133.509,,Spot,1,Image 1,S2P,1,1115,
1327.26,,Spot,1,Image 1,S2P,1,1116,
4516.62,,Spot,1,Image 1,S2P,1,1117,
514.344,,Spot,1,Image 1,S2P,1,1118,
3191.1,,Spot,1,Image 1,S2P,1,1120,
4047.5,,Spot,1,Image 1,S2P,1,1121,
9580.42,,Spot,1,Image 1,S2P,1,1122,
2641.3,,Spot,1,Image 1,S2P,1,1123,
3.27037,,Spot,1,Image 1,S2P,1,1124,
424.763,,Spot,1,Image 1,S2P,1,1125,
3248.86,,Spot,1,Image 1,S2P,1,1126,
3811.73,,Spot,1,Image 1,S2P,1,1127,
4434.67,,Spot,1,Image 1,S2P,1,1128,
1579.03,,Spot,1,Image 1,S2P,1,1129,
5771.48,,Spot,1,Image 1,S2P,1,1130,
4003.38,,Spot,1,Image 1,S2P,1,1131,
4.26329,,Spot,1,Image 1,S2P,1,1132,
2124.55,,Spot,1,Image 1,S2P,1,1133,
473.636,,Spot,1,Image 1,S2P,1,1134,
3833.61,,Spot,1,Image 1,S2P,1,1135,
1666.22,,Spot,1,Image 1,S2P,1,1136,
2621.36,,Spot,1,Image 1,S2P,1,1137,
2836.91,,Spot,1,Image 1,S2P,1,1138,
3415.97,,Spot,1,Image 1,S2P,1,1139,
1912.99,,Spot,1,Image 1,S2P,1,1140,
3194.91,,Spot,1,Image 1,S2P,1,1141,
4347.01,,Spot,1,Image 1,S2P,1,1142,
3346.43,,Spot,1,Image 1,S2P,1,1143,
1550.17,,Spot,1,Image 1,S2P,1,1144,
2633.62,,Spot,1,Image 1,S2P,1,1145,
5077.47,,Spot,1,Image 1,S2P,1,1146,
9547.55,,Spot,1,Image 1,S2P,1,1147,
4783.53,,Spot,1,Image 1,S2P,1,1148,
9037.98,,Spot,1,Image 1,S2P,1,1149,
4728.1,,Spot,1,Image 1,S2P,1,1150,
7748.88,,Spot,1,Image 1,S2P,1,1151,
8124.51,,Spot,1,Image 1,S2P,1,1152,
1416.88,,Spot,1,Image 1,S2P,1,1153,
823.827,,Spot,1,Image 1,S2P,1,1154,
499.816,,Spot,1,Image 1,S2P,1,1155,
938.271,,Spot,1,Image 1,S2P,1,1156,
8457.66,,Spot,1,Image 1,S2P,1,1157,
2686.96,,Spot,1,Image 1,S2P,1,1158,
3.19736,,Spot,1,Image 1,S2P,1,1159,
4575.64,,Spot,1,Image 1,S2P,1,1160,
1485.49,,Spot,1,Image 1,S2P,1,1161,
1374.96,,Spot,1,Image 1,S2P,1,1162,
3653.62,,Spot,1,Image 1,S2P,1,1163,
3357.64,,Spot,1,Image 1,S2P,1,1164,
1682.77,,Spot,1,Image 1,S2P,1,1165,
3088.01,,Spot,1,Image 1,S2P,1,1166,
3756.76,,Spot,1,Image 1,S2P,1,1167,
4445.86,,Spot,1,Image 1,S2P,1,1168,
5.41604,,Spot,1,Image 1,S2P,1,1169,
8006.72,,Spot,1,Image 1,S2P,1,1170,
957.427,,Spot,1,Image 1,S2P,1,1171,
1.44501,,Spot,1,Image 1,S2P,1,1172,
460.279,,Spot,1,Image 1,S2P,1,1173,
728.891,,Spot,1,Image 1,S2P,1,1174,
509.274,,Spot,1,Image 1,S2P,1,1175,
1109.26,,Spot,1,Image 1,S2P,1,1176,
3138.6,,Spot,1,Image 1,S2P,1,1177,
3357.58,,Spot,1,Image 1,S2P,1,1178,
3060.28,,Spot,1,Image 1,S2P,1,1179,
2805.73,,Spot,1,Image 1,S2P,1,1180,
2890.08,,Spot,1,Image 1,S2P,1,1181,
1353.02,,Spot,1,Image 1,S2P,1,1182,
1153.9,,Spot,1,Image 1,S2P,1,1183,
3.26609,,Spot,1,Image 1,S2P,1,1184,
1586.8,,Spot,1,Image 1,S2P,1,1185,
6132.36,,Spot,1,Image 1,S2P,1,1187,
608.657,,Spot,1,Image 1,S2P,1,1188,
426.305,,Spot,1,Image 1,S2P,1,1191,
104.333,,Spot,1,Image 1,S2P,1,1192,
12151.1,,Spot,1,Image 1,S2P,1,1193,
6337.4,,Spot,1,Image 1,S2P,1,1194,
8573.43,,Spot,1,Image 1,S2P,1,1195,
2918.22,,Spot,1,Image 1,S2P,1,1196,
3307.67,,Spot,1,Image 1,S2P,1,1197,
4160.63,,Spot,1,Image 1,S2P,1,1198,
19289.7,,Spot,1,Image 1,S2P,1,1199,
763.161,,Spot,1,Image 1,S2P,1,1200,
3779.36,,Spot,1,Image 1,S2P,1,1201,
10076.7,,Spot,1,Image 1,S2P,1,1202,
12742.3,,Spot,1,Image 1,S2P,1,1203,
1174.08,,Spot,1,Image 1,S2P,1,1204,
2087.99,,Spot,1,Image 1,S2P,1,1205,
7.17755,,Spot,1,Image 1,S2P,1,1206,
2007.31,,Spot,1,Image 1,S2P,1,1207,
1691.43,,Spot,1,Image 1,S2P,1,1208,
5029.07,,Spot,1,Image 1,S2P,1,1209,
6290.76,,Spot,1,Image 1,S2P,1,1210,
1192.67,,Spot,1,Image 1,S2P,1,1211,
63.1831,,Spot,1,Image 1,S2P,1,1212,
837.35,,Spot,1,Image 1,S2P,1,1213,
26148.9,,Spot,1,Image 1,S2P,1,1214,
1828.75,,Spot,1,Image 1,S2P,1,1215,
1106.27,,Spot,1,Image 1,S2P,1,1216,
2773.65,,Spot,1,Image 1,S2P,1,1217,
5805.76,,Spot,1,Image 1,S2P,1,1218,
8124.58,,Spot,1,Image 1,S2P,1,1219,
183.004,,Spot,1,Image 1,S2P,1,1220,
309.771,,Spot,1,Image 1,S2P,1,1221,
1286.31,,Spot,1,Image 1,S2P,1,1222,
4005.37,,Spot,1,Image 1,S2P,1,1223,
7227.09,,Spot,1,Image 1,S2P,1,1224,
12200.4,,Spot,1,Image 1,S2P,1,1225,
3067.73,,Spot,1,Image 1,S2P,1,1226,
8143.8,,Spot,1,Image 1,S2P,1,1227,
7411.93,,Spot,1,Image 1,S2P,1,1228,
130.091,,Spot,1,Image 1,S2P,1,1229,
4942.81,,Spot,1,Image 1,S2P,1,1230,
1102.65,,Spot,1,Image 1,S2P,1,1231,
4594.32,,Spot,1,Image 1,S2P,1,1232,
10170.4,,Spot,1,Image 1,S2P,1,1233,
2356.5,,Spot,1,Image 1,S2P,1,1234,
8036.43,,Spot,1,Image 1,S2P,1,1235,
180.052,,Spot,1,Image 1,S2P,1,1236,
2449.24,,Spot,1,Image 1,S2P,1,1237,
1595.09,,Spot,1,Image 1,S2P,1,1238,
3180.77,,Spot,1,Image 1,S2P,1,1239,
4121.53,,Spot,1,Image 1,S2P,1,1240,
6345.79,,Spot,1,Image 1,S2P,1,1241,
706.879,,Spot,1,Image 1,S2P,1,1242,
1285.51,,Spot,1,Image 1,S2P,1,1243,
5965.89,,Spot,1,Image 1,S2P,1,1244,
6372.26,,Spot,1,Image 1,S2P,1,1245,
2306.52,,Spot,1,Image 1,S2P,1,1246,
8428.73,,Spot,1,Image 1,S2P,1,1247,
3333.99,,Spot,1,Image 1,S2P,1,1248,
2648.23,,Spot,1,Image 1,S2P,1,1249,
1835,,Spot,1,Image 1,S2P,1,1250,
17797.1,,Spot,1,Image 1,S2P,1,1251,
1753.96,,Spot,1,Image 1,S2P,1,1252,
571.619,,Spot,1,Image 1,S2P,1,1253,
5147.6,,Spot,1,Image 1,S2P,1,1254,
3936.53,,Spot,1,Image 1,S2P,1,1255,
980.29,,Spot,1,Image 1,S2P,1,1256,
1101.66,,Spot,1,Image 1,S2P,1,1257,
5593.87,,Spot,1,Image 1,S2P,1,1258,
2766.04,,Spot,1,Image 1,S2P,1,1259,
4807.3,,Spot,1,Image 1,S2P,1,1260,
591.67,,Spot,1,Image 1,S2P,1,1261,
6189.24,,Spot,1,Image 1,S2P,1,1262,
560.542,,Spot,1,Image 1,S2P,1,1263,
2393.42,,Spot,1,Image 1,S2P,1,1264,
9.00507,,Spot,1,Image 1,S2P,1,1265,
863.971,,Spot,1,Image 1,S2P,1,1266,
17003.6,,Spot,1,Image 1,S2P,1,1267,
12300.1,,Spot,1,Image 1,S2P,1,1268,
3409.1,,Spot,1,Image 1,S2P,1,1269,
8512.11,,Spot,1,Image 1,S2P,1,1270,
3122.94,,Spot,1,Image 1,S2P,1,1271,
901.253,,Spot,1,Image 1,S2P,1,1272,
2726.49,,Spot,1,Image 1,S2P,1,1273,
1839.92,,Spot,1,Image 1,S2P,1,1274,
3856.15,,Spot,1,Image 1,S2P,1,1275,
2802.79,,Spot,1,Image 1,S2P,1,1276,
7920.31,,Spot,1,Image 1,S2P,1,1277,
4734.53,,Spot,1,Image 1,S2P,1,1278,
3836.31,,Spot,1,Image 1,S2P,1,1279,
8415.51,,Spot,1,Image 1,S2P,1,1280,
4.08305,,Spot,1,Image 1,S2P,1,1281,
1164.58,,Spot,1,Image 1,S2P,1,1282,
3092.07,,Spot,1,Image 1,S2P,1,1283,
2624.33,,Spot,1,Image 1,S2P,1,1284,
2714.54,,Spot,1,Image 1,S2P,1,1285,
7.26315,,Spot,1,Image 1,S2P,1,1286,
3750,,Spot,1,Image 1,S2P,1,1287,
7946.95,,Spot,1,Image 1,S2P,1,1288,
1201.68,,Spot,1,Image 1,S2P,1,1289,
5441.13,,Spot,1,Image 1,S2P,1,1290,
3253.75,,Spot,1,Image 1,S2P,1,1291,
9321.63,,Spot,1,Image 1,S2P,1,1292,
14430.9,,Spot,1,Image 1,S2P,1,1293,
5012.62,,Spot,1,Image 1,S2P,1,1294,
8.28909,,Spot,1,Image 1,S2P,1,1295,
3379.02,,Spot,1,Image 1,S2P,1,1296,
877.806,,Spot,1,Image 1,S2P,1,1297,
2018.75,,Spot,1,Image 1,S2P,1,1298,
8787.2,,Spot,1,Image 1,S2P,1,1299,
3347.77,,Spot,1,Image 1,S2P,1,1300,
15784.2,,Spot,1,Image 1,S2P,1,1301,
6209.9,,Spot,1,Image 1,S2P,1,1302,
5353.99,,Spot,1,Image 1,S2P,1,1303,
125.27,,Spot,1,Image 1,S2P,1,1304,
1805.47,,Spot,1,Image 1,S2P,1,1305,
2021.39,,Spot,1,Image 1,S2P,1,1306,
1493.64,,Spot,1,Image 1,S2P,1,1307,
4.67566,,Spot,1,Image 1,S2P,1,1308,
3778.92,,Spot,1,Image 1,S2P,1,1309,
10.432,,Spot,1,Image 1,S2P,1,1310,
1439.56,,Spot,1,Image 1,S2P,1,1311,
7101.24,,Spot,1,Image 1,S2P,1,1312,
1949.77,,Spot,1,Image 1,S2P,1,1313,
2868.92,,Spot,1,Image 1,S2P,1,1314,
6975.73,,Spot,1,Image 1,S2P,1,1315,
1680.34,,Spot,1,Image 1,S2P,1,1316,
2562.66,,Spot,1,Image 1,S2P,1,1317,
4658.74,,Spot,1,Image 1,S2P,1,1318,
2140.46,,Spot,1,Image 1,S2P,1,1319,
2009.34,,Spot,1,Image 1,S2P,1,1320,
1751.39,,Spot,1,Image 1,S2P,1,1321,
3.92297,,Spot,1,Image 1,S2P,1,1322,
1570.6,,Spot,1,Image 1,S2P,1,1323,
7563.63,,Spot,1,Image 1,S2P,1,1324,
9714.26,,Spot,1,Image 1,S2P,1,1325,
7293.3,,Spot,1,Image 1,S2P,1,1326,
3775.22,,Spot,1,Image 1,S2P,1,1327,
511.752,,Spot,1,Image 1,S2P,1,1328,
2960.7,,Spot,1,Image 1,S2P,1,1329,
2955.9,,Spot,1,Image 1,S2P,1,1330,
690.105,,Spot,1,Image 1,S2P,1,1331,
14067.6,,Spot,1,Image 1,S2P,1,1332,
581.985,,Spot,1,Image 1,S2P,1,1333,
4031.76,,Spot,1,Image 1,S2P,1,1334,
4724.87,,Spot,1,Image 1,S2P,1,1335,
4196.52,,Spot,1,Image 1,S2P,1,1336,
946.024,,Spot,1,Image 1,S2P,1,1337,
3816.54,,Spot,1,Image 1,S2P,1,1338,
2939.61,,Spot,1,Image 1,S2P,1,1339,
5379.45,,Spot,1,Image 1,S2P,1,1340,
7484.75,,Spot,1,Image 1,S2P,1,1341,
1521.33,,Spot,1,Image 1,S2P,1,1342,
2053.96,,Spot,1,Image 1,S2P,1,1343,
952.79,,Spot,1,Image 1,S2P,1,1344,
3611.98,,Spot,1,Image 1,S2P,1,1345,
2878.88,,Spot,1,Image 1,S2P,1,1346,
3.89845,,Spot,1,Image 1,S2P,1,1347,
1327.43,,Spot,1,Image 1,S2P,1,1348,
705.211,,Spot,1,Image 1,S2P,1,1349,
597.362,,Spot,1,Image 1,S2P,1,1350,
3032.07,,Spot,1,Image 1,S2P,1,1351,
3129.94,,Spot,1,Image 1,S2P,1,1352,
8001.17,,Spot,1,Image 1,S2P,1,1353,
2420.64,,Spot,1,Image 1,S2P,1,1354,
6309.82,,Spot,1,Image 1,S2P,1,1355,
3772.89,,Spot,1,Image 1,S2P,1,1356,
1606.89,,Spot,1,Image 1,S2P,1,1357,
2742.99,,Spot,1,Image 1,S2P,1,1358,
2129.09,,Spot,1,Image 1,S2P,1,1359,
2897.98,,Spot,1,Image 1,S2P,1,1360,
6853.79,,Spot,1,Image 1,S2P,1,1361,
3251.02,,Spot,1,Image 1,S2P,1,1362,
2167.81,,Spot,1,Image 1,S2P,1,1363,
3033.65,,Spot,1,Image 1,S2P,1,1364,
1153.68,,Spot,1,Image 1,S2P,1,1365,
3933.17,,Spot,1,Image 1,S2P,1,1366,
1937.89,,Spot,1,Image 1,S2P,1,1367,
1236.47,,Spot,1,Image 1,S2P,1,1368,
1957.69,,Spot,1,Image 1,S2P,1,1369,
1035.43,,Spot,1,Image 1,S2P,1,1370,
749.417,,Spot,1,Image 1,S2P,1,1371,
3798.27,,Spot,1,Image 1,S2P,1,1372,
3714.4,,Spot,1,Image 1,S2P,1,1373,
2243.59,,Spot,1,Image 1,S2P,1,1374,
2493.81,,Spot,1,Image 1,S2P,1,1375,
393.43,,Spot,1,Image 1,S2P,1,1376,
1193.52,,Spot,1,Image 1,S2P,1,1377,
3091.66,,Spot,1,Image 1,S2P,1,1378,
6548.21,,Spot,1,Image 1,S2P,1,1379,
2201.04,,Spot,1,Image 1,S2P,1,1380,
195.946,,Spot,1,Image 1,S2P,1,1381,
5040.6,,Spot,1,Image 1,S2P,1,1382,
1044.53,,Spot,1,Image 1,S2P,1,1383,
3790.89,,Spot,1,Image 1,S2P,1,1384,
1636.19,,Spot,1,Image 1,S2P,1,1385,
6986.32,,Spot,1,Image 1,S2P,1,1386,
0.66933,,Spot,1,Image 1,S2P,1,1387,
1774.65,,Spot,1,Image 1,S2P,1,1388,
2674.1,,Spot,1,Image 1,S2P,1,1389,
626.147,,Spot,1,Image 1,S2P,1,1390,
5164.33,,Spot,1,Image 1,S2P,1,1391,
4624.2,,Spot,1,Image 1,S2P,1,1392,
2397.6,,Spot,1,Image 1,S2P,1,1393,
489.556,,Spot,1,Image 1,S2P,1,1394,
2316.76,,Spot,1,Image 1,S2P,1,1395,
3488.19,,Spot,1,Image 1,S2P,1,1396,
1188.95,,Spot,1,Image 1,S2P,1,1397,
2505.55,,Spot,1,Image 1,S2P,1,1398,
3695.8,,Spot,1,Image 1,S2P,1,1399,
2753.49,,Spot,1,Image 1,S2P,1,1400,
1907.41,,Spot,1,Image 1,S2P,1,1401,
1869.37,,Spot,1,Image 1,S2P,1,1402,
2595.26,,Spot,1,Image 1,S2P,1,1403,
1396.29,,Spot,1,Image 1,S2P,1,1404,
135.182,,Spot,1,Image 1,S2P,1,1405,
2184.05,,Spot,1,Image 1,S2P,1,1407,
2411.6,,Spot,1,Image 1,S2P,1,1408,
1853.69,,Spot,1,Image 1,S2P,1,1409,
2001.71,,Spot,1,Image 1,S2P,1,1410,
4314.29,,Spot,1,Image 1,S2P,1,1411,
4530.95,,Spot,1,Image 1,S2P,1,1412,
8562.49,,Spot,1,Image 1,S2P,1,1413,
2042.63,,Spot,1,Image 1,S2P,1,1414,
3931.98,,Spot,1,Image 1,S2P,1,1415,
1367.24,,Spot,1,Image 1,S2P,1,1416,
1350.68,,Spot,1,Image 1,S2P,1,1417,
2107.96,,Spot,1,Image 1,S2P,1,1418,
2180.88,,Spot,1,Image 1,S2P,1,1419,
2767.99,,Spot,1,Image 1,S2P,1,1420,
1876.31,,Spot,1,Image 1,S2P,1,1421,
4730.85,,Spot,1,Image 1,S2P,1,1422,
7049.16,,Spot,1,Image 1,S2P,1,1423,
3471.82,,Spot,1,Image 1,S2P,1,1424,
3181.41,,Spot,1,Image 1,S2P,1,1425,
2705.39,,Spot,1,Image 1,S2P,1,1426,
319.67,,Spot,1,Image 1,S2P,1,1427,
1111.76,,Spot,1,Image 1,S2P,1,1428,
5066.69,,Spot,1,Image 1,S2P,1,1429,
3173.57,,Spot,1,Image 1,S2P,1,1430,
1364.19,,Spot,1,Image 1,S2P,1,1431,
895.66,,Spot,1,Image 1,S2P,1,1432,
2003.06,,Spot,1,Image 1,S2P,1,1433,
3010.73,,Spot,1,Image 1,S2P,1,1434,
5765.75,,Spot,1,Image 1,S2P,1,1435,
578.912,,Spot,1,Image 1,S2P,1,1436,
2388.34,,Spot,1,Image 1,S2P,1,1437,
284.301,,Spot,1,Image 1,S2P,1,1438,
3323.24,,Spot,1,Image 1,S2P,1,1439,
8298.69,,Spot,1,Image 1,S2P,1,1440,
3032.14,,Spot,1,Image 1,S2P,1,1442,
8295.78,,Spot,1,Image 1,S2P,1,1443,
1818.06,,Spot,1,Image 1,S2P,1,1444,
3382.85,,Spot,1,Image 1,S2P,1,1445,
4576.02,,Spot,1,Image 1,S2P,1,1446,
1112.55,,Spot,1,Image 1,S2P,1,1447,
1637.78,,Spot,1,Image 1,S2P,1,1448,
3566.7,,Spot,1,Image 1,S2P,1,1449,
4140.55,,Spot,1,Image 1,S2P,1,1450,
1015.47,,Spot,1,Image 1,S2P,1,1451,
2996.05,,Spot,1,Image 1,S2P,1,1452,
540.428,,Spot,1,Image 1,S2P,1,1453,
5225.34,,Spot,1,Image 1,S2P,1,1454,
715.058,,Spot,1,Image 1,S2P,1,1455,
1492.87,,Spot,1,Image 1,S2P,1,1456,
4716.05,,Spot,1,Image 1,S2P,1,1457,
843.377,,Spot,1,Image 1,S2P,1,1458,
10067.8,,Spot,1,Image 1,S2P,1,1459,
1987.47,,Spot,1,Image 1,S2P,1,1460,
1687.35,,Spot,1,Image 1,S2P,1,1461,
4714.78,,Spot,1,Image 1,S2P,1,1462,
3761.72,,Spot,1,Image 1,S2P,1,1463,
1249.57,,Spot,1,Image 1,S2P,1,1464,
3.13302,,Spot,1,Image 1,S2P,1,1465,
361.732,,Spot,1,Image 1,S2P,1,1466,
7371.15,,Spot,1,Image 1,S2P,1,1467,
780.246,,Spot,1,Image 1,S2P,1,1468,
4343.95,,Spot,1,Image 1,S2P,1,1470,
2899.87,,Spot,1,Image 1,S2P,1,1471,
7493.66,,Spot,1,Image 1,S2P,1,1472,
1994.02,,Spot,1,Image 1,S2P,1,1473,
885.189,,Spot,1,Image 1,S2P,1,1474,
4430.75,,Spot,1,Image 1,S2P,1,1475,
7.32549,,Spot,1,Image 1,S2P,1,1476,
5204.1,,Spot,1,Image 1,S2P,1,1477,
1895.64,,Spot,1,Image 1,S2P,1,1478,
1827.71,,Spot,1,Image 1,S2P,1,1479,
4243.78,,Spot,1,Image 1,S2P,1,1480,
9634.47,,Spot,1,Image 1,S2P,1,1481,
2032.99,,Spot,1,Image 1,S2P,1,1482,
8279.29,,Spot,1,Image 1,S2P,1,1483,
385.176,,Spot,1,Image 1,S2P,1,1484,
1842.81,,Spot,1,Image 1,S2P,1,1485,
865.439,,Spot,1,Image 1,S2P,1,1486,
17678.9,,Spot,1,Image 1,S2P,1,1487,
1656.61,,Spot,1,Image 1,S2P,1,1488,
536.642,,Spot,1,Image 1,S2P,1,1489,
15524,,Spot,1,Image 1,S2P,1,1490,
3652.73,,Spot,1,Image 1,S2P,1,1491,
2817.42,,Spot,1,Image 1,S2P,1,1492,
5835.76,,Spot,1,Image 1,S2P,1,1493,
4264.39,,Spot,1,Image 1,S2P,1,1494,
3315.14,,Spot,1,Image 1,S2P,1,1495,
2902.21,,Spot,1,Image 1,S2P,1,1496,
2392.11,,Spot,1,Image 1,S2P,1,1497,
5770.94,,Spot,1,Image 1,S2P,1,1498,
1451.25,,Spot,1,Image 1,S2P,1,1499,
2123.38,,Spot,1,Image 1,S2P,1,1500,
379.782,,Spot,1,Image 1,S2P,1,1501,
205.316,,Spot,1,Image 1,S2P,1,1502,
3014.7,,Spot,1,Image 1,S2P,1,1503,
696.308,,Spot,1,Image 1,S2P,1,1504,
12912.5,,Spot,1,Image 1,S2P,1,1505,
1972.67,,Spot,1,Image 1,S2P,1,1506,
10477.1,,Spot,1,Image 1,S2P,1,1507,
1350.15,,Spot,1,Image 1,S2P,1,1508,
7766.84,,Spot,1,Image 1,S2P,1,1509,
1127.34,,Spot,1,Image 1,S2P,1,1510,
982.326,,Spot,1,Image 1,S2P,1,1511,
3.96845,,Spot,1,Image 1,S2P,1,1512,
5433,,Spot,1,Image 1,S2P,1,1513,
2730.06,,Spot,1,Image 1,S2P,1,1514,
293.294,,Spot,1,Image 1,S2P,1,1515,
2346.36,,Spot,1,Image 1,S2P,1,1516,
207.607,,Spot,1,Image 1,S2P,1,1517,
788.38,,Spot,1,Image 1,S2P,1,1518,
2097.42,,Spot,1,Image 1,S2P,1,1519,
6750.15,,Spot,1,Image 1,S2P,1,1520,
6.33983,,Spot,1,Image 1,S2P,1,1521,
1539.97,,Spot,1,Image 1,S2P,1,1522,
2151.18,,Spot,1,Image 1,S2P,1,1523,
11325.3,,Spot,1,Image 1,S2P,1,1525,
2150.24,,Spot,1,Image 1,S2P,1,1526,
3895.93,,Spot,1,Image 1,S2P,1,1527,
2455.66,,Spot,1,Image 1,S2P,1,1528,
2143.22,,Spot,1,Image 1,S2P,1,1529,
1356.47,,Spot,1,Image 1,S2P,1,1530,
1866.17,,Spot,1,Image 1,S2P,1,1531,
1329.06,,Spot,1,Image 1,S2P,1,1532,
13041.3,,Spot,1,Image 1,S2P,1,1533,
1888.25,,Spot,1,Image 1,S2P,1,1535,
2761.22,,Spot,1,Image 1,S2P,1,1536,
2.73748,,Spot,1,Image 1,S2P,1,1537,
23952.5,,Spot,1,Image 1,S2P,1,1538,
923.164,,Spot,1,Image 1,S2P,1,1539,
1326.71,,Spot,1,Image 1,S2P,1,1540,
1167.5,,Spot,1,Image 1,S2P,1,1541,
1169.28,,Spot,1,Image 1,S2P,1,1542,
1693.94,,Spot,1,Image 1,S2P,1,1543,
6331.7,,Spot,1,Image 1,S2P,1,1544,
6406.83,,Spot,1,Image 1,S2P,1,1545,
509.04,,Spot,1,Image 1,S2P,1,1546,
586.502,,Spot,1,Image 1,S2P,1,1547,
2165.79,,Spot,1,Image 1,S2P,1,1548,
3339.28,,Spot,1,Image 1,S2P,1,1549,
1194.4,,Spot,1,Image 1,S2P,1,1550,
379.23,,Spot,1,Image 1,S2P,1,1551,
1008.44,,Spot,1,Image 1,S2P,1,1552,
1437.67,,Spot,1,Image 1,S2P,1,1553,
1272.02,,Spot,1,Image 1,S2P,1,1554,
1234.83,,Spot,1,Image 1,S2P,1,1555,
3257.94,,Spot,1,Image 1,S2P,1,1556,
2762.67,,Spot,1,Image 1,S2P,1,1557,
754.408,,Spot,1,Image 1,S2P,1,1558,
1191.77,,Spot,1,Image 1,S2P,1,1559,
1168.9,,Spot,1,Image 1,S2P,1,1560,
4.50607,,Spot,1,Image 1,S2P,1,1561,
1225.08,,Spot,1,Image 1,S2P,1,1562,
7164.22,,Spot,1,Image 1,S2P,1,1563,
3455.22,,Spot,1,Image 1,S2P,1,1564,
1896.33,,Spot,1,Image 1,S2P,1,1565,
5967.78,,Spot,1,Image 1,S2P,1,1566,
2.97456,,Spot,1,Image 1,S2P,1,1567,
3720.19,,Spot,1,Image 1,S2P,1,1568,
4095.74,,Spot,1,Image 1,S2P,1,1569,
4025.93,,Spot,1,Image 1,S2P,1,1570,
3064.1,,Spot,1,Image 1,S2P,1,1571,
2091.37,,Spot,1,Image 1,S2P,1,1572,
1929.83,,Spot,1,Image 1,S2P,1,1573,
7518.97,,Spot,1,Image 1,S2P,1,1574,
1588.1,,Spot,1,Image 1,S2P,1,1575,
4751.04,,Spot,1,Image 1,S2P,1,1576,
2200.8,,Spot,1,Image 1,S2P,1,1577,
1006.95,,Spot,1,Image 1,S2P,1,1578,
5897.35,,Spot,1,Image 1,S2P,1,1579,
636.829,,Spot,1,Image 1,S2P,1,1580,
656.743,,Spot,1,Image 1,S2P,1,1581,
1531.21,,Spot,1,Image 1,S2P,1,1582,
948.938,,Spot,1,Image 1,S2P,1,1583,
4443.14,,Spot,1,Image 1,S2P,1,1584,
2255.57,,Spot,1,Image 1,S2P,1,1585,
2166.58,,Spot,1,Image 1,S2P,1,1587,
1507.92,,Spot,1,Image 1,S2P,1,1588,
4075.01,,Spot,1,Image 1,S2P,1,1589,
5631.6,,Spot,1,Image 1,S2P,1,1590,
4.62428,,Spot,1,Image 1,S2P,1,1591,
4268.41,,Spot,1,Image 1,S2P,1,1592,
1628.85,,Spot,1,Image 1,S2P,1,1593,
2313.59,,Spot,1,Image 1,S2P,1,1594,
5624.11,,Spot,1,Image 1,S2P,1,1595,
465.723,,Spot,1,Image 1,S2P,1,1596,
1117.71,,Spot,1,Image 1,S2P,1,1597,
9002.33,,Spot,1,Image 1,S2P,1,1598,
7348.46,,Spot,1,Image 1,S2P,1,1599,
2.92709,,Spot,1,Image 1,S2P,1,1600,
3.22987,,Spot,1,Image 1,S2P,1,1601,
3389.97,,Spot,1,Image 1,S2P,1,1602,
4627.36,,Spot,1,Image 1,S2P,1,1603,
5586.78,,Spot,1,Image 1,S2P,1,1604,
116.938,,Spot,1,Image 1,S2P,1,1605,
9847.91,,Spot,1,Image 1,S2P,1,1606,
5895.67,,Spot,1,Image 1,S2P,1,1607,
874.142,,Spot,1,Image 1,S2P,1,1608,
6601.95,,Spot,1,Image 1,S2P,1,1609,
3900.55,,Spot,1,Image 1,S2P,1,1610,
3507.1,,Spot,1,Image 1,S2P,1,1611,
1817.77,,Spot,1,Image 1,S2P,1,1612,
989.77,,Spot,1,Image 1,S2P,1,1613,
8526.17,,Spot,1,Image 1,S2P,1,1614,
1228.37,,Spot,1,Image 1,S2P,1,1615,
1901.52,,Spot,1,Image 1,S2P,1,1616,
1534.39,,Spot,1,Image 1,S2P,1,1617,
1786.69,,Spot,1,Image 1,S2P,1,1618,
303.301,,Spot,1,Image 1,S2P,1,1619,
3777.02,,Spot,1,Image 1,S2P,1,1620,
805.878,,Spot,1,Image 1,S2P,1,1621,
3411.78,,Spot,1,Image 1,S2P,1,1622,
4045.43,,Spot,1,Image 1,S2P,1,1623,
2048.61,,Spot,1,Image 1,S2P,1,1624,
1679.12,,Spot,1,Image 1,S2P,1,1625,
2667.25,,Spot,1,Image 1,S2P,1,1626,
4.43218,,Spot,1,Image 1,S2P,1,1627,
3106.85,,Spot,1,Image 1,S2P,1,1628,
1060.78,,Spot,1,Image 1,S2P,1,1629,
1493.68,,Spot,1,Image 1,S2P,1,1630,
915.511,,Spot,1,Image 1,S2P,1,1631,
1498.14,,Spot,1,Image 1,S2P,1,1632,
6.79294,,Spot,1,Image 1,S2P,1,1633,
2180.46,,Spot,1,Image 1,S2P,1,1634,
2835.07,,Spot,1,Image 1,S2P,1,1635,
1716.55,,Spot,1,Image 1,S2P,1,1636,
4832.07,,Spot,1,Image 1,S2P,1,1637,
2809.48,,Spot,1,Image 1,S2P,1,1638,
3308.77,,Spot,1,Image 1,S2P,1,1639,
3353.68,,Spot,1,Image 1,S2P,1,1640,
1135.97,,Spot,1,Image 1,S2P,1,1641,
2419.34,,Spot,1,Image 1,S2P,1,1642,
662.305,,Spot,1,Image 1,S2P,1,1643,
6448.85,,Spot,1,Image 1,S2P,1,1644,
1712.35,,Spot,1,Image 1,S2P,1,1645,
2922.45,,Spot,1,Image 1,S2P,1,1646,
2064.28,,Spot,1,Image 1,S2P,1,1647,
7851.18,,Spot,1,Image 1,S2P,1,1648,
504.624,,Spot,1,Image 1,S2P,1,1649,
1344.54,,Spot,1,Image 1,S2P,1,1650,
5239.17,,Spot,1,Image 1,S2P,1,1651,
843.909,,Spot,1,Image 1,S2P,1,1652,
620.924,,Spot,1,Image 1,S2P,1,1653,
1874.68,,Spot,1,Image 1,S2P,1,1654,
3373.22,,Spot,1,Image 1,S2P,1,1655,
8.85681,,Spot,1,Image 1,S2P,1,1656,
9.65377,,Spot,1,Image 1,S2P,1,1657,
11212,,Spot,1,Image 1,S2P,1,1658,
2760.81,,Spot,1,Image 1,S2P,1,1659,
9287.68,,Spot,1,Image 1,S2P,1,1660,
808.739,,Spot,1,Image 1,S2P,1,1661,
1109.1,,Spot,1,Image 1,S2P,1,1662,
3669.67,,Spot,1,Image 1,S2P,1,1663,
1556.19,,Spot,1,Image 1,S2P,1,1664,
4135.93,,Spot,1,Image 1,S2P,1,1665,
5310.81,,Spot,1,Image 1,S2P,1,1666,
641.378,,Spot,1,Image 1,S2P,1,1667,
6124.44,,Spot,1,Image 1,S2P,1,1668,
8111.35,,Spot,1,Image 1,S2P,1,1669,
2329.06,,Spot,1,Image 1,S2P,1,1670,
596.822,,Spot,1,Image 1,S2P,1,1671,
380.398,,Spot,1,Image 1,S2P,1,1672,
997.71,,Spot,1,Image 1,S2P,1,1673,
1898.46,,Spot,1,Image 1,S2P,1,1674,
11093.1,,Spot,1,Image 1,S2P,1,1675,
1048.48,,Spot,1,Image 1,S2P,1,1676,
5918.38,,Spot,1,Image 1,S2P,1,1677,
163.899,,Spot,1,Image 1,S2P,1,1678,
1866.65,,Spot,1,Image 1,S2P,1,1679,
1849.29,,Spot,1,Image 1,S2P,1,1680,
2225.28,,Spot,1,Image 1,S2P,1,1681,
1000.22,,Spot,1,Image 1,S2P,1,1682,
883.714,,Spot,1,Image 1,S2P,1,1683,
2558.51,,Spot,1,Image 1,S2P,1,1684,
2906.24,,Spot,1,Image 1,S2P,1,1685,
4011.99,,Spot,1,Image 1,S2P,1,1686,
3431.16,,Spot,1,Image 1,S2P,1,1687,
1007.06,,Spot,1,Image 1,S2P,1,1688,
1747.61,,Spot,1,Image 1,S2P,1,1689,
1191.53,,Spot,1,Image 1,S2P,1,1690,
1393.99,,Spot,1,Image 1,S2P,1,1691,
1510.86,,Spot,1,Image 1,S2P,1,1692,
777.226,,Spot,1,Image 1,S2P,1,1693,
1471.65,,Spot,1,Image 1,S2P,1,1694,
14295.5,,Spot,1,Image 1,S2P,1,1695,
2751.97,,Spot,1,Image 1,S2P,1,1696,
1953.65,,Spot,1,Image 1,S2P,1,1697,
2961.88,,Spot,1,Image 1,S2P,1,1698,
742.659,,Spot,1,Image 1,S2P,1,1699,
2405.75,,Spot,1,Image 1,S2P,1,1700,
1673.97,,Spot,1,Image 1,S2P,1,1701,
3115.49,,Spot,1,Image 1,S2P,1,1702,
1010.75,,Spot,1,Image 1,S2P,1,1703,
1788.27,,Spot,1,Image 1,S2P,1,1704,
6130.43,,Spot,1,Image 1,S2P,1,1705,
3004.48,,Spot,1,Image 1,S2P,1,1706,
3157.85,,Spot,1,Image 1,S2P,1,1707,
3761.96,,Spot,1,Image 1,S2P,1,1708,
4821.99,,Spot,1,Image 1,S2P,1,1709,
1353.66,,Spot,1,Image 1,S2P,1,1710,
7361.97,,Spot,1,Image 1,S2P,1,1711,
892.681,,Spot,1,Image 1,S2P,1,1712,
1892.74,,Spot,1,Image 1,S2P,1,1713,
2955.44,,Spot,1,Image 1,S2P,1,1714,
3331,,Spot,1,Image 1,S2P,1,1715,
1753.03,,Spot,1,Image 1,S2P,1,1716,
4919.98,,Spot,1,Image 1,S2P,1,1717,
315.549,,Spot,1,Image 1,S2P,1,1718,
4029.7,,Spot,1,Image 1,S2P,1,1719,
517.296,,Spot,1,Image 1,S2P,1,1720,
1862.66,,Spot,1,Image 1,S2P,1,1721,
1542.07,,Spot,1,Image 1,S2P,1,1722,
6448.58,,Spot,1,Image 1,S2P,1,1723,
373.03,,Spot,1,Image 1,S2P,1,1724,
2857.65,,Spot,1,Image 1,S2P,1,1725,
3664,,Spot,1,Image 1,S2P,1,1726,
1328.67,,Spot,1,Image 1,S2P,1,1727,
2042.37,,Spot,1,Image 1,S2P,1,1728,
2035.3,,Spot,1,Image 1,S2P,1,1729,
5240.7,,Spot,1,Image 1,S2P,1,1730,
2345.55,,Spot,1,Image 1,S2P,1,1731,
1110.45,,Spot,1,Image 1,S2P,1,1732,
7.06805,,Spot,1,Image 1,S2P,1,1733,
2874.67,,Spot,1,Image 1,S2P,1,1734,
1776.62,,Spot,1,Image 1,S2P,1,1735,
11898.3,,Spot,1,Image 1,S2P,1,1736,
5545.26,,Spot,1,Image 1,S2P,1,1737,
3984.81,,Spot,1,Image 1,S2P,1,1738,
5.08121,,Spot,1,Image 1,S2P,1,1739,
284.949,,Spot,1,Image 1,S2P,1,1740,
2782.87,,Spot,1,Image 1,S2P,1,1741,
3641.89,,Spot,1,Image 1,S2P,1,1742,
823.63,,Spot,1,Image 1,S2P,1,1743,
2034.15,,Spot,1,Image 1,S2P,1,1744,
7356.33,,Spot,1,Image 1,S2P,1,1745,
2727.32,,Spot,1,Image 1,S2P,1,1746,
1649.54,,Spot,1,Image 1,S2P,1,1747,
1419.59,,Spot,1,Image 1,S2P,1,1748,
2134.25,,Spot,1,Image 1,S2P,1,1749,
4914.99,,Spot,1,Image 1,S2P,1,1750,
3241.6,,Spot,1,Image 1,S2P,1,1751,
2759.83,,Spot,1,Image 1,S2P,1,1752,
3500.06,,Spot,1,Image 1,S2P,1,1753,
1568.33,,Spot,1,Image 1,S2P,1,1754,
822.347,,Spot,1,Image 1,S2P,1,1755,
5315.54,,Spot,1,Image 1,S2P,1,1756,
3713.29,,Spot,1,Image 1,S2P,1,1757,
4294.63,,Spot,1,Image 1,S2P,1,1758,
1047.09,,Spot,1,Image 1,S2P,1,1759,
1049.18,,Spot,1,Image 1,S2P,1,1760,
1837.91,,Spot,1,Image 1,S2P,1,1761,
2933.22,,Spot,1,Image 1,S2P,1,1762,
706.697,,Spot,1,Image 1,S2P,1,1763,
2448.04,,Spot,1,Image 1,S2P,1,1764,
1481.49,,Spot,1,Image 1,S2P,1,1765,
988.355,,Spot,1,Image 1,S2P,1,1766,
6709.31,,Spot,1,Image 1,S2P,1,1767,
1857.12,,Spot,1,Image 1,S2P,1,1768,
3562.23,,Spot,1,Image 1,S2P,1,1769,
1130.84,,Spot,1,Image 1,S2P,1,1770,
660.886,,Spot,1,Image 1,S2P,1,1771,
2585.14,,Spot,1,Image 1,S2P,1,1772,
11083.8,,Spot,1,Image 1,S2P,1,1773,
1759.94,,Spot,1,Image 1,S2P,1,1774,
2202.33,,Spot,1,Image 1,S2P,1,1775,
3057.36,,Spot,1,Image 1,S2P,1,1776,
1498.21,,Spot,1,Image 1,S2P,1,1777,
3335.57,,Spot,1,Image 1,S2P,1,1778,
1643.25,,Spot,1,Image 1,S2P,1,1779,
3087.95,,Spot,1,Image 1,S2P,1,1780,
1668.98,,Spot,1,Image 1,S2P,1,1781,
13.1226,,Spot,1,Image 1,S2P,1,1782,
1896.84,,Spot,1,Image 1,S2P,1,1783,
1363.01,,Spot,1,Image 1,S2P,1,1784,
2515.62,,Spot,1,Image 1,S2P,1,1785,
1370.22,,Spot,1,Image 1,S2P,1,1786,
3171.7,,Spot,1,Image 1,S2P,1,1787,
2242.81,,Spot,1,Image 1,S2P,1,1788,
1341.26,,Spot,1,Image 1,S2P,1,1789,
3750.41,,Spot,1,Image 1,S2P,1,1790,
2699.4,,Spot,1,Image 1,S2P,1,1791,
546.055,,Spot,1,Image 1,S2P,1,1792,
7918.15,,Spot,1,Image 1,S2P,1,1793,
1.73515,,Spot,1,Image 1,S2P,1,1794,
37.7532,,Spot,1,Image 1,S2P,1,1795,
3587.96,,Spot,1,Image 1,S2P,1,1796,
1418.33,,Spot,1,Image 1,S2P,1,1797,
2216.23,,Spot,1,Image 1,S2P,1,1798,
1289.65,,Spot,1,Image 1,S2P,1,1800,
4822.17,,Spot,1,Image 1,S2P,1,1801,
1932.54,,Spot,1,Image 1,S2P,1,1802,
6286.46,,Spot,1,Image 1,S2P,1,1803,
5435.45,,Spot,1,Image 1,S2P,1,1804,
811.216,,Spot,1,Image 1,S2P,1,1805,
1822.06,,Spot,1,Image 1,S2P,1,1806,
4254.42,,Spot,1,Image 1,S2P,1,1807,
2044.5,,Spot,1,Image 1,S2P,1,1808,
2.61379,,Spot,1,Image 1,S2P,1,1809,
2923.5,,Spot,1,Image 1,S2P,1,1810,
4866.68,,Spot,1,Image 1,S2P,1,1811,
807.193,,Spot,1,Image 1,S2P,1,1812,
1167.78,,Spot,1,Image 1,S2P,1,1813,
2033.32,,Spot,1,Image 1,S2P,1,1814,
2134.11,,Spot,1,Image 1,S2P,1,1815,
3222.28,,Spot,1,Image 1,S2P,1,1816,
2953.4,,Spot,1,Image 1,S2P,1,1817,
6225.94,,Spot,1,Image 1,S2P,1,1818,
1352.78,,Spot,1,Image 1,S2P,1,1819,
4099.28,,Spot,1,Image 1,S2P,1,1820,
1847.07,,Spot,1,Image 1,S2P,1,1821,
1569.2,,Spot,1,Image 1,S2P,1,1822,
7765.48,,Spot,1,Image 1,S2P,1,1823,
3475.57,,Spot,1,Image 1,S2P,1,1824,
6291.74,,Spot,1,Image 1,S2P,1,1825,
2210.01,,Spot,1,Image 1,S2P,1,1826,
6594.55,,Spot,1,Image 1,S2P,1,1827,
11393.9,,Spot,1,Image 1,S2P,1,1828,
939.595,,Spot,1,Image 1,S2P,1,1829,
3874.49,,Spot,1,Image 1,S2P,1,1830,
3278.94,,Spot,1,Image 1,S2P,1,1831,
3244.9,,Spot,1,Image 1,S2P,1,1832,
2135.32,,Spot,1,Image 1,S2P,1,1833,
5194.03,,Spot,1,Image 1,S2P,1,1834,
1459.5,,Spot,1,Image 1,S2P,1,1835,
1663.5,,Spot,1,Image 1,S2P,1,1836,
6132.68,,Spot,1,Image 1,S2P,1,1837,
2197.69,,Spot,1,Image 1,S2P,1,1838,
3287.09,,Spot,1,Image 1,S2P,1,1839,
2153.67,,Spot,1,Image 1,S2P,1,1840,
1192.77,,Spot,1,Image 1,S2P,1,1841,
8771.27,,Spot,1,Image 1,S2P,1,1842,
3042.2,,Spot,1,Image 1,S2P,1,1843,
9387.46,,Spot,1,Image 1,S2P,1,1844,
1579.15,,Spot,1,Image 1,S2P,1,1845,
2684.13,,Spot,1,Image 1,S2P,1,1846,
1741.77,,Spot,1,Image 1,S2P,1,1847,
1450.17,,Spot,1,Image 1,S2P,1,1848,
7790.08,,Spot,1,Image 1,S2P,1,1849,
1992.86,,Spot,1,Image 1,S2P,1,1850,
3037.17,,Spot,1,Image 1,S2P,1,1851,
4319.37,,Spot,1,Image 1,S2P,1,1852,
8063.53,,Spot,1,Image 1,S2P,1,1853,
5704.59,,Spot,1,Image 1,S2P,1,1854,
6898.66,,Spot,1,Image 1,S2P,1,1855,
9189.63,,Spot,1,Image 1,S2P,1,1856,
1682.21,,Spot,1,Image 1,S2P,1,1857,
2998.78,,Spot,1,Image 1,S2P,1,1858,
5069.23,,Spot,1,Image 1,S2P,1,1859,
1947.87,,Spot,1,Image 1,S2P,1,1860,
2612.56,,Spot,1,Image 1,S2P,1,1861,
3079.08,,Spot,1,Image 1,S2P,1,1862,
2.9292,,Spot,1,Image 1,S2P,1,1863,
2.05987,,Spot,1,Image 1,S2P,1,1864,
1656.26,,Spot,1,Image 1,S2P,1,1865,
3326.71,,Spot,1,Image 1,S2P,1,1866,
689.329,,Spot,1,Image 1,S2P,1,1867,
3470.55,,Spot,1,Image 1,S2P,1,1868,
3973.34,,Spot,1,Image 1,S2P,1,1869,
1597.52,,Spot,1,Image 1,S2P,1,1870,
1532.94,,Spot,1,Image 1,S2P,1,1871,
915.807,,Spot,1,Image 1,S2P,1,1872,
6474.68,,Spot,1,Image 1,S2P,1,1873,
6728.02,,Spot,1,Image 1,S2P,1,1874,
2550.01,,Spot,1,Image 1,S2P,1,1875,
4417.32,,Spot,1,Image 1,S2P,1,1876,
1630.4,,Spot,1,Image 1,S2P,1,1877,
3518.73,,Spot,1,Image 1,S2P,1,1878,
1716.83,,Spot,1,Image 1,S2P,1,1879,
1937.97,,Spot,1,Image 1,S2P,1,1880,
427.464,,Spot,1,Image 1,S2P,1,1881,
9780.41,,Spot,1,Image 1,S2P,1,1882,
3807.12,,Spot,1,Image 1,S2P,1,1883,
1122.51,,Spot,1,Image 1,S2P,1,1884,
2178.72,,Spot,1,Image 1,S2P,1,1885,
2854.06,,Spot,1,Image 1,S2P,1,1886,
1231.64,,Spot,1,Image 1,S2P,1,1887,
2616.54,,Spot,1,Image 1,S2P,1,1888,
1612.14,,Spot,1,Image 1,S2P,1,1889,
6729.17,,Spot,1,Image 1,S2P,1,1890,
4144.21,,Spot,1,Image 1,S2P,1,1891,
1955.82,,Spot,1,Image 1,S2P,1,1892,
7337.7,,Spot,1,Image 1,S2P,1,1893,
6541.08,,Spot,1,Image 1,S2P,1,1894,
5766,,Spot,1,Image 1,S2P,1,1895,
9696.31,,Spot,1,Image 1,S2P,1,1896,
5211.71,,Spot,1,Image 1,S2P,1,1897,
17092.8,,Spot,1,Image 1,S2P,1,1898,
2.4587,,Spot,1,Image 1,S2P,1,1899,
1513.12,,Spot,1,Image 1,S2P,1,1900,
9326.47,,Spot,1,Image 1,S2P,1,1901,
1195.35,,Spot,1,Image 1,S2P,1,1902,
2912.99,,Spot,1,Image 1,S2P,1,1903,
6240.08,,Spot,1,Image 1,S2P,1,1904,
3907.36,,Spot,1,Image 1,S2P,1,1905,
13404.4,,Spot,1,Image 1,S2P,1,1906,
4353.83,,Spot,1,Image 1,S2P,1,1907,
3538.68,,Spot,1,Image 1,S2P,1,1908,
488.648,,Spot,1,Image 1,S2P,1,1909,
2925.28,,Spot,1,Image 1,S2P,1,1910,
2982.03,,Spot,1,Image 1,S2P,1,1911,
5884.81,,Spot,1,Image 1,S2P,1,1912,
10865.9,,Spot,1,Image 1,S2P,1,1913,
980.138,,Spot,1,Image 1,S2P,1,1914,
2011.33,,Spot,1,Image 1,S2P,1,1915,
1057.21,,Spot,1,Image 1,S2P,1,1916,
838.299,,Spot,1,Image 1,S2P,1,1917,
504.713,,Spot,1,Image 1,S2P,1,1918,
5033.08,,Spot,1,Image 1,S2P,1,1919,
19883.1,,Spot,1,Image 1,S2P,1,1920,
2916.18,,Spot,1,Image 1,S2P,1,1921,
14182.1,,Spot,1,Image 1,S2P,1,1922,
2602.12,,Spot,1,Image 1,S2P,1,1924,
14168.5,,Spot,1,Image 1,S2P,1,1925,
10985.4,,Spot,1,Image 1,S2P,1,1926,
5289.39,,Spot,1,Image 1,S2P,1,1927,
8155.18,,Spot,1,Image 1,S2P,1,1928,
2846.46,,Spot,1,Image 1,S2P,1,1929,
4.52478,,Spot,1,Image 1,S2P,1,1930,
989.815,,Spot,1,Image 1,S2P,1,1931,
5570.48,,Spot,1,Image 1,S2P,1,1932,
3525.62,,Spot,1,Image 1,S2P,1,1933,
1014.67,,Spot,1,Image 1,S2P,1,1934,
12243.5,,Spot,1,Image 1,S2P,1,1935,
1863.72,,Spot,1,Image 1,S2P,1,1936,
2109.47,,Spot,1,Image 1,S2P,1,1937,
2970.34,,Spot,1,Image 1,S2P,1,1938,
3970.08,,Spot,1,Image 1,S2P,1,1939,
2664.21,,Spot,1,Image 1,S2P,1,1940,
3583.64,,Spot,1,Image 1,S2P,1,1941,
3122.25,,Spot,1,Image 1,S2P,1,1942,
2997.64,,Spot,1,Image 1,S2P,1,1943,
4061.55,,Spot,1,Image 1,S2P,1,1944,
3250.13,,Spot,1,Image 1,S2P,1,1945,
1827.91,,Spot,1,Image 1,S2P,1,1946,
4125.22,,Spot,1,Image 1,S2P,1,1947,
4976.09,,Spot,1,Image 1,S2P,1,1948,
3443.25,,Spot,1,Image 1,S2P,1,1949,
354.036,,Spot,1,Image 1,S2P,1,1950,
1690.8,,Spot,1,Image 1,S2P,1,1951,
2048.14,,Spot,1,Image 1,S2P,1,1952,
4056.71,,Spot,1,Image 1,S2P,1,1953,
3224.76,,Spot,1,Image 1,S2P,1,1954,
2388.24,,Spot,1,Image 1,S2P,1,1955,
4432.09,,Spot,1,Image 1,S2P,1,1956,
6313.01,,Spot,1,Image 1,S2P,1,1957,
9772.7,,Spot,1,Image 1,S2P,1,1958,
26164.9,,Spot,1,Image 1,S2P,1,1959,
1198.03,,Spot,1,Image 1,S2P,1,1960,
17750.8,,Spot,1,Image 1,S2P,1,1961,
4732.1,,Spot,1,Image 1,S2P,1,1962,
2685.7,,Spot,1,Image 1,S2P,1,1963,
2195.06,,Spot,1,Image 1,S2P,1,1964,
12585.5,,Spot,1,Image 1,S2P,1,1965,
1779.55,,Spot,1,Image 1,S2P,1,1966,
553.585,,Spot,1,Image 1,S2P,1,1967,
4046.71,,Spot,1,Image 1,S2P,1,1968,
4077.45,,Spot,1,Image 1,S2P,1,1969,
2571.41,,Spot,1,Image 1,S2P,1,1970,
4900.75,,Spot,1,Image 1,S2P,1,1971,
4722.98,,Spot,1,Image 1,S2P,1,1972,
4456.28,,Spot,1,Image 1,S2P,1,1973,
2419.11,,Spot,1,Image 1,S2P,1,1974,
1675.8,,Spot,1,Image 1,S2P,1,1975,
7033.6,,Spot,1,Image 1,S2P,1,1976,
6251,,Spot,1,Image 1,S2P,1,1977,
3084.26,,Spot,1,Image 1,S2P,1,1978,
14434.6,,Spot,1,Image 1,S2P,1,1979,
3467.51,,Spot,1,Image 1,S2P,1,1980,
811.44,,Spot,1,Image 1,S2P,1,1981,
969.053,,Spot,1,Image 1,S2P,1,1982,
2020.15,,Spot,1,Image 1,S2P,1,1983,
5136.8,,Spot,1,Image 1,S2P,1,1984,
1235.27,,Spot,1,Image 1,S2P,1,1985,
17301.7,,Spot,1,Image 1,S2P,1,1986,
2838.27,,Spot,1,Image 1,S2P,1,1987,
236.266,,Spot,1,Image 1,S2P,1,1988,
7391.78,,Spot,1,Image 1,S2P,1,1989,
2010.2,,Spot,1,Image 1,S2P,1,1990,
1941.19,,Spot,1,Image 1,S2P,1,1991,
15184.4,,Spot,1,Image 1,S2P,1,1992,
2041.84,,Spot,1,Image 1,S2P,1,1993,
775.349,,Spot,1,Image 1,S2P,1,1994,
2599.85,,Spot,1,Image 1,S2P,1,1995,
8388.85,,Spot,1,Image 1,S2P,1,1996,
1040.98,,Spot,1,Image 1,S2P,1,1997,
1146.95,,Spot,1,Image 1,S2P,1,1998,
745.866,,Spot,1,Image 1,S2P,1,1999,
1741.25,,Spot,1,Image 1,S2P,1,2000,
4944.14,,Spot,1,Image 1,S2P,1,2001,
3454.22,,Spot,1,Image 1,S2P,1,2002,
1883.85,,Spot,1,Image 1,S2P,1,2003,
2601.92,,Spot,1,Image 1,S2P,1,2004,
9804.38,,Spot,1,Image 1,S2P,1,2005,
1665.7,,Spot,1,Image 1,S2P,1,2006,
6.20803,,Spot,1,Image 1,S2P,1,2007,
12533.2,,Spot,1,Image 1,S2P,1,2008,
4195.48,,Spot,1,Image 1,S2P,1,2009,
3106.09,,Spot,1,Image 1,S2P,1,2010,
5.40692,,Spot,1,Image 1,S2P,1,2011,
14476.4,,Spot,1,Image 1,S2P,1,2012,
976.791,,Spot,1,Image 1,S2P,1,2013,
6338.81,,Spot,1,Image 1,S2P,1,2014,
7673.06,,Spot,1,Image 1,S2P,1,2015,
3305.86,,Spot,1,Image 1,S2P,1,2016,
3395.2,,Spot,1,Image 1,S2P,1,2017,
3603.83,,Spot,1,Image 1,S2P,1,2018,
2039.3,,Spot,1,Image 1,S2P,1,2019,
1748.89,,Spot,1,Image 1,S2P,1,2020,
6083.26,,Spot,1,Image 1,S2P,1,2021,
3315.53,,Spot,1,Image 1,S2P,1,2022,
4707.73,,Spot,1,Image 1,S2P,1,2023,
4614.61,,Spot,1,Image 1,S2P,1,2024,
2954.25,,Spot,1,Image 1,S2P,1,2025,
6.73374,,Spot,1,Image 1,S2P,1,2026,
1119.61,,Spot,1,Image 1,S2P,1,2027,
3952.12,,Spot,1,Image 1,S2P,1,2028,
2160.27,,Spot,1,Image 1,S2P,1,2029,
2636.44,,Spot,1,Image 1,S2P,1,2030,
8611.03,,Spot,1,Image 1,S2P,1,2031,
4515.81,,Spot,1,Image 1,S2P,1,2032,
3735.55,,Spot,1,Image 1,S2P,1,2033,
4347.44,,Spot,1,Image 1,S2P,1,2034,
4.10228,,Spot,1,Image 1,S2P,1,2035,
4150.89,,Spot,1,Image 1,S2P,1,2036,
16604.1,,Spot,1,Image 1,S2P,1,2037,
5742.73,,Spot,1,Image 1,S2P,1,2038,
1759.11,,Spot,1,Image 1,S2P,1,2039,
2362.27,,Spot,1,Image 1,S2P,1,2040,
4480.45,,Spot,1,Image 1,S2P,1,2041,
3815.94,,Spot,1,Image 1,S2P,1,2042,
5739.48,,Spot,1,Image 1,S2P,1,2043,
1395.63,,Spot,1,Image 1,S2P,1,2044,
2877.5,,Spot,1,Image 1,S2P,1,2045,
345.561,,Spot,1,Image 1,S2P,1,2046,
3153.77,,Spot,1,Image 1,S2P,1,2047,
7532.49,,Spot,1,Image 1,S2P,1,2048,
7022.14,,Spot,1,Image 1,S2P,1,2049,
2801.37,,Spot,1,Image 1,S2P,1,2050,
560.227,,Spot,1,Image 1,S2P,1,2051,
2696.11,,Spot,1,Image 1,S2P,1,2052,
5848.71,,Spot,1,Image 1,S2P,1,2053,
1390.79,,Spot,1,Image 1,S2P,1,2054,
1423.26,,Spot,1,Image 1,S2P,1,2055,
5361.76,,Spot,1,Image 1,S2P,1,2056,
2774.4,,Spot,1,Image 1,S2P,1,2057,
7221.74,,Spot,1,Image 1,S2P,1,2058,
2855.68,,Spot,1,Image 1,S2P,1,2059,
1630.43,,Spot,1,Image 1,S2P,1,2060,
6248.18,,Spot,1,Image 1,S2P,1,2061,
3509.61,,Spot,1,Image 1,S2P,1,2062,
3150.46,,Spot,1,Image 1,S2P,1,2063,
8896.64,,Spot,1,Image 1,S2P,1,2064,
2860.54,,Spot,1,Image 1,S2P,1,2065,
5996.62,,Spot,1,Image 1,S2P,1,2066,
2.50894,,Spot,1,Image 1,S2P,1,2067,
8709.4,,Spot,1,Image 1,S2P,1,2068,
7618.7,,Spot,1,Image 1,S2P,1,2069,
1830.33,,Spot,1,Image 1,S2P,1,2070,
2551.34,,Spot,1,Image 1,S2P,1,2071,
5476.2,,Spot,1,Image 1,S2P,1,2072,
5938.31,,Spot,1,Image 1,S2P,1,2073,
3932,,Spot,1,Image 1,S2P,1,2074,
4703.84,,Spot,1,Image 1,S2P,1,2075,
907.834,,Spot,1,Image 1,S2P,1,2076,
2649.5,,Spot,1,Image 1,S2P,1,2077,
1693.44,,Spot,1,Image 1,S2P,1,2078,
739.323,,Spot,1,Image 1,S2P,1,2079,
1137.58,,Spot,1,Image 1,S2P,1,2080,
1353.6,,Spot,1,Image 1,S2P,1,2081,
5102.88,,Spot,1,Image 1,S2P,1,2082,
778.68,,Spot,1,Image 1,S2P,1,2083,
2346.26,,Spot,1,Image 1,S2P,1,2084,
3245.26,,Spot,1,Image 1,S2P,1,2085,
2384.34,,Spot,1,Image 1,S2P,1,2086,
1458.27,,Spot,1,Image 1,S2P,1,2087,
4328.43,,Spot,1,Image 1,S2P,1,2088,
4501.57,,Spot,1,Image 1,S2P,1,2089,
1279.29,,Spot,1,Image 1,S2P,1,2090,
3473.86,,Spot,1,Image 1,S2P,1,2091,
296.986,,Spot,1,Image 1,S2P,1,2092,
7623.56,,Spot,1,Image 1,S2P,1,2093,
3157.27,,Spot,1,Image 1,S2P,1,2094,
1717.44,,Spot,1,Image 1,S2P,1,2095,
5073.12,,Spot,1,Image 1,S2P,1,2096,
932.807,,Spot,1,Image 1,S2P,1,2097,
4194.47,,Spot,1,Image 1,S2P,1,2098,
1234.46,,Spot,1,Image 1,S2P,1,2099,
3558.55,,Spot,1,Image 1,S2P,1,2100,
3638.03,,Spot,1,Image 1,S2P,1,2101,
1675.91,,Spot,1,Image 1,S2P,1,2102,
2286.04,,Spot,1,Image 1,S2P,1,2103,
1137.99,,Spot,1,Image 1,S2P,1,2104,
874.504,,Spot,1,Image 1,S2P,1,2105,
2444.71,,Spot,1,Image 1,S2P,1,2106,
1080.54,,Spot,1,Image 1,S2P,1,2107,
1351.76,,Spot,1,Image 1,S2P,1,2108,
5525.65,,Spot,1,Image 1,S2P,1,2109,
772.592,,Spot,1,Image 1,S2P,1,2110,
6370.3,,Spot,1,Image 1,S2P,1,2111,
2012.04,,Spot,1,Image 1,S2P,1,2112,
2545.93,,Spot,1,Image 1,S2P,1,2113,
2353.87,,Spot,1,Image 1,S2P,1,2114,
3202.67,,Spot,1,Image 1,S2P,1,2115,
1714.69,,Spot,1,Image 1,S2P,1,2116,
6473.38,,Spot,1,Image 1,S2P,1,2117,
1923.98,,Spot,1,Image 1,S2P,1,2118,
6793.64,,Spot,1,Image 1,S2P,1,2119,
2499.37,,Spot,1,Image 1,S2P,1,2120,
1707.34,,Spot,1,Image 1,S2P,1,2121,
1685.92,,Spot,1,Image 1,S2P,1,2122,
420.537,,Spot,1,Image 1,S2P,1,2123,
5529.74,,Spot,1,Image 1,S2P,1,2124,
3747.53,,Spot,1,Image 1,S2P,1,2125,
2344.02,,Spot,1,Image 1,S2P,1,2126,
1449.79,,Spot,1,Image 1,S2P,1,2127,
825.505,,Spot,1,Image 1,S2P,1,2128,
446.951,,Spot,1,Image 1,S2P,1,2129,
5.67381,,Spot,1,Image 1,S2P,1,2130,
6678.57,,Spot,1,Image 1,S2P,1,2131,
496.316,,Spot,1,Image 1,S2P,1,2132,
476.429,,Spot,1,Image 1,S2P,1,2133,
2831.26,,Spot,1,Image 1,S2P,1,2134,
997.018,,Spot,1,Image 1,S2P,1,2135,
3273.63,,Spot,1,Image 1,S2P,1,2136,
6371.69,,Spot,1,Image 1,S2P,1,2137,
1814.55,,Spot,1,Image 1,S2P,1,2138,
2730.55,,Spot,1,Image 1,S2P,1,2139,
872.187,,Spot,1,Image 1,S2P,1,2140,
4829.26,,Spot,1,Image 1,S2P,1,2141,
2174.32,,Spot,1,Image 1,S2P,1,2142,
400.528,,Spot,1,Image 1,S2P,1,2143,
1376.36,,Spot,1,Image 1,S2P,1,2144,
800.992,,Spot,1,Image 1,S2P,1,2145,
630.379,,Spot,1,Image 1,S2P,1,2146,
2875.14,,Spot,1,Image 1,S2P,1,2147,
5613.77,,Spot,1,Image 1,S2P,1,2148,
3603.43,,Spot,1,Image 1,S2P,1,2149,
1219.53,,Spot,1,Image 1,S2P,1,2150,
1487.5,,Spot,1,Image 1,S2P,1,2151,
3086.91,,Spot,1,Image 1,S2P,1,2152,
5478.46,,Spot,1,Image 1,S2P,1,2153,
1881,,Spot,1,Image 1,S2P,1,2154,
1030.47,,Spot,1,Image 1,S2P,1,2155,
1421.36,,Spot,1,Image 1,S2P,1,2156,
3737.88,,Spot,1,Image 1,S2P,1,2157,
3285.73,,Spot,1,Image 1,S2P,1,2158,
3.25902,,Spot,1,Image 1,S2P,1,2159,
4.74755,,Spot,1,Image 1,S2P,1,2160,
4325.46,,Spot,1,Image 1,S2P,1,2161,
2326.6,,Spot,1,Image 1,S2P,1,2162,
1175.38,,Spot,1,Image 1,S2P,1,2163,
2687.63,,Spot,1,Image 1,S2P,1,2164,
4315.89,,Spot,1,Image 1,S2P,1,2165,
3.80509,,Spot,1,Image 1,S2P,1,2166,
1833.03,,Spot,1,Image 1,S2P,1,2167,
3632.5,,Spot,1,Image 1,S2P,1,2168,
3007.46,,Spot,1,Image 1,S2P,1,2169,
233.309,,Spot,1,Image 1,S2P,1,2170,
2332.05,,Spot,1,Image 1,S2P,1,2171,
950.859,,Spot,1,Image 1,S2P,1,2172,
3265.03,,Spot,1,Image 1,S2P,1,2173,
2345.09,,Spot,1,Image 1,S2P,1,2174,
1576.91,,Spot,1,Image 1,S2P,1,2175,
646.016,,Spot,1,Image 1,S2P,1,2176,
2343.4,,Spot,1,Image 1,S2P,1,2177,
7269.79,,Spot,1,Image 1,S2P,1,2178,
835.098,,Spot,1,Image 1,S2P,1,2179,
4395.83,,Spot,1,Image 1,S2P,1,2180,
2930.44,,Spot,1,Image 1,S2P,1,2181,
1444.1,,Spot,1,Image 1,S2P,1,2182,
933.079,,Spot,1,Image 1,S2P,1,2183,
3645,,Spot,1,Image 1,S2P,1,2184,
5.52595,,Spot,1,Image 1,S2P,1,2185,
1605.97,,Spot,1,Image 1,S2P,1,2186,
3965.35,,Spot,1,Image 1,S2P,1,2187,
4747.01,,Spot,1,Image 1,S2P,1,2188,
2841.65,,Spot,1,Image 1,S2P,1,2189,
3111.81,,Spot,1,Image 1,S2P,1,2190,
5666.65,,Spot,1,Image 1,S2P,1,2191,
2766.84,,Spot,1,Image 1,S2P,1,2192,
3234.91,,Spot,1,Image 1,S2P,1,2193,
772.827,,Spot,1,Image 1,S2P,1,2194,
7306.53,,Spot,1,Image 1,S2P,1,2195,
4059.19,,Spot,1,Image 1,S2P,1,2196,
9172.16,,Spot,1,Image 1,S2P,1,2197,
3476.08,,Spot,1,Image 1,S2P,1,2198,
10212.3,,Spot,1,Image 1,S2P,1,2199,
1671.23,,Spot,1,Image 1,S2P,1,2200,
1740.8,,Spot,1,Image 1,S2P,1,2201,
4664.46,,Spot,1,Image 1,S2P,1,2202,
6010.33,,Spot,1,Image 1,S2P,1,2203,
7470.13,,Spot,1,Image 1,S2P,1,2204,
2062.19,,Spot,1,Image 1,S2P,1,2205,
1565.83,,Spot,1,Image 1,S2P,1,2206,
10899.3,,Spot,1,Image 1,S2P,1,2207,
3162.71,,Spot,1,Image 1,S2P,1,2208,
4969.6,,Spot,1,Image 1,S2P,1,2209,
1163.91,,Spot,1,Image 1,S2P,1,2210,
2684.58,,Spot,1,Image 1,S2P,1,2211,
1155.62,,Spot,1,Image 1,S2P,1,2212,
1720.91,,Spot,1,Image 1,S2P,1,2213,
5310.81,,Spot,1,Image 1,S2P,1,2214,
5272.02,,Spot,1,Image 1,S2P,1,2215,
1553.55,,Spot,1,Image 1,S2P,1,2216,
5.59556,,Spot,1,Image 1,S2P,1,2217,
763.975,,Spot,1,Image 1,S2P,1,2218,
2202.76,,Spot,1,Image 1,S2P,1,2219,
3621,,Spot,1,Image 1,S2P,1,2220,
5308.39,,Spot,1,Image 1,S2P,1,2221,
5812.05,,Spot,1,Image 1,S2P,1,2222,
4270.24,,Spot,1,Image 1,S2P,1,2223,
559.011,,Spot,1,Image 1,S2P,1,2224,
6793.19,,Spot,1,Image 1,S2P,1,2225,
10766.8,,Spot,1,Image 1,S2P,1,2226,
2.89383,,Spot,1,Image 1,S2P,1,2227,
1220.05,,Spot,1,Image 1,S2P,1,2228,
2338.9,,Spot,1,Image 1,S2P,1,2229,
3115.19,,Spot,1,Image 1,S2P,1,2230,
1879.85,,Spot,1,Image 1,S2P,1,2231,
485.572,,Spot,1,Image 1,S2P,1,2232,
6432.48,,Spot,1,Image 1,S2P,1,2233,
17760.6,,Spot,1,Image 1,S2P,1,2234,
2942.74,,Spot,1,Image 1,S2P,1,2235,
1644.11,,Spot,1,Image 1,S2P,1,2236,
1864.54,,Spot,1,Image 1,S2P,1,2237,
3143.28,,Spot,1,Image 1,S2P,1,2238,
2794.45,,Spot,1,Image 1,S2P,1,2239,
2749.91,,Spot,1,Image 1,S2P,1,2240,
4913.9,,Spot,1,Image 1,S2P,1,2241,
3020.31,,Spot,1,Image 1,S2P,1,2242,
921.272,,Spot,1,Image 1,S2P,1,2243,
2543.84,,Spot,1,Image 1,S2P,1,2244,
2827.78,,Spot,1,Image 1,S2P,1,2245,
2677.21,,Spot,1,Image 1,S2P,1,2246,
1696.1,,Spot,1,Image 1,S2P,1,2247,
952.134,,Spot,1,Image 1,S2P,1,2248,
6107.02,,Spot,1,Image 1,S2P,1,2249,
3798.62,,Spot,1,Image 1,S2P,1,2250,
5404.41,,Spot,1,Image 1,S2P,1,2251,
13496.8,,Spot,1,Image 1,S2P,1,2252,
5575.86,,Spot,1,Image 1,S2P,1,2253,
1911.86,,Spot,1,Image 1,S2P,1,2254,
1027.78,,Spot,1,Image 1,S2P,1,2255,
3589.36,,Spot,1,Image 1,S2P,1,2256,
4068.24,,Spot,1,Image 1,S2P,1,2257,
6298.22,,Spot,1,Image 1,S2P,1,2258,
3186.71,,Spot,1,Image 1,S2P,1,2259,
2035.93,,Spot,1,Image 1,S2P,1,2260,
3808.41,,Spot,1,Image 1,S2P,1,2261,
4258.56,,Spot,1,Image 1,S2P,1,2262,
2714.8,,Spot,1,Image 1,S2P,1,2263,
12.5078,,Spot,1,Image 1,S2P,1,2264,
1429.73,,Spot,1,Image 1,S2P,1,2265,
7056.8,,Spot,1,Image 1,S2P,1,2266,
490.209,,Spot,1,Image 1,S2P,1,2267,
2650.61,,Spot,1,Image 1,S2P,1,2268,
2400.29,,Spot,1,Image 1,S2P,1,2269,
3411.37,,Spot,1,Image 1,S2P,1,2270,
372.306,,Spot,1,Image 1,S2P,1,2271,
595.007,,Spot,1,Image 1,S2P,1,2272,
1894.82,,Spot,1,Image 1,S2P,1,2273,
4619.18,,Spot,1,Image 1,S2P,1,2274,
7.70326,,Spot,1,Image 1,S2P,1,2275,
764.835,,Spot,1,Image 1,S2P,1,2276,
2.36027,,Spot,1,Image 1,S2P,1,2277,
3323.07,,Spot,1,Image 1,S2P,1,2278,
3132.21,,Spot,1,Image 1,S2P,1,2279,
463.838,,Spot,1,Image 1,S2P,1,2280,
846.24,,Spot,1,Image 1,S2P,1,2281,
5009.12,,Spot,1,Image 1,S2P,1,2282,
4776.36,,Spot,1,Image 1,S2P,1,2283,
2.47616,,Spot,1,Image 1,S2P,1,2284,
361.498,,Spot,1,Image 1,S2P,1,2286,
3190.54,,Spot,1,Image 1,S2P,1,2287,
2043.84,,Spot,1,Image 1,S2P,1,2288,
5437.55,,Spot,1,Image 1,S2P,1,2289,
310.45,,Spot,1,Image 1,S2P,1,2290,
2486.64,,Spot,1,Image 1,S2P,1,2291,
2.46707,,Spot,1,Image 1,S2P,1,2292,
5094.71,,Spot,1,Image 1,S2P,1,2293,
4581.43,,Spot,1,Image 1,S2P,1,2294,
5389.05,,Spot,1,Image 1,S2P,1,2295,
2104.82,,Spot,1,Image 1,S2P,1,2296,
2066.95,,Spot,1,Image 1,S2P,1,2297,
1514.27,,Spot,1,Image 1,S2P,1,2298,
2721.3,,Spot,1,Image 1,S2P,1,2299,
2.96275,,Spot,1,Image 1,S2P,1,2300,
2202.41,,Spot,1,Image 1,S2P,1,2301,
961.41,,Spot,1,Image 1,S2P,1,2302,
5149.93,,Spot,1,Image 1,S2P,1,2303,
2918.49,,Spot,1,Image 1,S2P,1,2304,
3470.64,,Spot,1,Image 1,S2P,1,2305,
2354.64,,Spot,1,Image 1,S2P,1,2306,
4968.19,,Spot,1,Image 1,S2P,1,2307,
5449.22,,Spot,1,Image 1,S2P,1,2308,
12278.1,,Spot,1,Image 1,S2P,1,2309,
1232.4,,Spot,1,Image 1,S2P,1,2310,
1359.7,,Spot,1,Image 1,S2P,1,2311,
2630.64,,Spot,1,Image 1,S2P,1,2312,
795.139,,Spot,1,Image 1,S2P,1,2313,
7368.78,,Spot,1,Image 1,S2P,1,2314,
2524.29,,Spot,1,Image 1,S2P,1,2315,
2740.41,,Spot,1,Image 1,S2P,1,2316,
4905.71,,Spot,1,Image 1,S2P,1,2317,
3062.62,,Spot,1,Image 1,S2P,1,2318,
496.508,,Spot,1,Image 1,S2P,1,2319,
1941.37,,Spot,1,Image 1,S2P,1,2320,
2873.76,,Spot,1,Image 1,S2P,1,2321,
1746.39,,Spot,1,Image 1,S2P,1,2322,
7725.42,,Spot,1,Image 1,S2P,1,2323,
2982.05,,Spot,1,Image 1,S2P,1,2324,
88.9166,,Spot,1,Image 1,S2P,1,2325,
515.84,,Spot,1,Image 1,S2P,1,2326,
2074.43,,Spot,1,Image 1,S2P,1,2327,
1746.72,,Spot,1,Image 1,S2P,1,2328,
3688.81,,Spot,1,Image 1,S2P,1,2329,
6061.61,,Spot,1,Image 1,S2P,1,2330,
4.1751,,Spot,1,Image 1,S2P,1,2331,
4289.56,,Spot,1,Image 1,S2P,1,2332,
1339.53,,Spot,1,Image 1,S2P,1,2333,
3367.1,,Spot,1,Image 1,S2P,1,2334,
2366.76,,Spot,1,Image 1,S2P,1,2335,
1963.28,,Spot,1,Image 1,S2P,1,2336,
8121.76,,Spot,1,Image 1,S2P,1,2337,
2764.47,,Spot,1,Image 1,S2P,1,2338,
2334.58,,Spot,1,Image 1,S2P,1,2339,
1306.71,,Spot,1,Image 1,S2P,1,2340,
5324.44,,Spot,1,Image 1,S2P,1,2341,
2654.78,,Spot,1,Image 1,S2P,1,2342,
1881.64,,Spot,1,Image 1,S2P,1,2343,
3103.17,,Spot,1,Image 1,S2P,1,2344,
982.24,,Spot,1,Image 1,S2P,1,2345,
8826.64,,Spot,1,Image 1,S2P,1,2346,
3966.83,,Spot,1,Image 1,S2P,1,2347,
4695.33,,Spot,1,Image 1,S2P,1,2348,
4352.26,,Spot,1,Image 1,S2P,1,2349,
1002.36,,Spot,1,Image 1,S2P,1,2350,
7651.88,,Spot,1,Image 1,S2P,1,2351,
1150.05,,Spot,1,Image 1,S2P,1,2352,
2422.62,,Spot,1,Image 1,S2P,1,2353,
2286.14,,Spot,1,Image 1,S2P,1,2354,
4471.48,,Spot,1,Image 1,S2P,1,2355,
7315.95,,Spot,1,Image 1,S2P,1,2356,
8677.57,,Spot,1,Image 1,S2P,1,2357,
2605.5,,Spot,1,Image 1,S2P,1,2358,
2058.84,,Spot,1,Image 1,S2P,1,2359,
4491.11,,Spot,1,Image 1,S2P,1,2360,
4129.98,,Spot,1,Image 1,S2P,1,2361,
8180.28,,Spot,1,Image 1,S2P,1,2362,
2771.43,,Spot,1,Image 1,S2P,1,2363,
673.734,,Spot,1,Image 1,S2P,1,2364,
4051.62,,Spot,1,Image 1,S2P,1,2365,
2659.8,,Spot,1,Image 1,S2P,1,2366,
4245.37,,Spot,1,Image 1,S2P,1,2367,
3386.55,,Spot,1,Image 1,S2P,1,2368,
5501.65,,Spot,1,Image 1,S2P,1,2369,
2055.69,,Spot,1,Image 1,S2P,1,2370,
2785.54,,Spot,1,Image 1,S2P,1,2371,
854.834,,Spot,1,Image 1,S2P,1,2372,
2686.19,,Spot,1,Image 1,S2P,1,2373,
3411.66,,Spot,1,Image 1,S2P,1,2374,
1749.69,,Spot,1,Image 1,S2P,1,2375,
4920.81,,Spot,1,Image 1,S2P,1,2376,
3717.7,,Spot,1,Image 1,S2P,1,2377,
9470.5,,Spot,1,Image 1,S2P,1,2378,
5208.99,,Spot,1,Image 1,S2P,1,2379,
7043.41,,Spot,1,Image 1,S2P,1,2380,
2104.05,,Spot,1,Image 1,S2P,1,2381,
6063.32,,Spot,1,Image 1,S2P,1,2382,
2585.68,,Spot,1,Image 1,S2P,1,2383,
2022.44,,Spot,1,Image 1,S2P,1,2384,
5556.96,,Spot,1,Image 1,S2P,1,2385,
8986.42,,Spot,1,Image 1,S2P,1,2386,
3494.34,,Spot,1,Image 1,S2P,1,2387,
4712.58,,Spot,1,Image 1,S2P,1,2388,
2691.24,,Spot,1,Image 1,S2P,1,2389,
588.583,,Spot,1,Image 1,S2P,1,2390,
771.936,,Spot,1,Image 1,S2P,1,2391,
11151.2,,Spot,1,Image 1,S2P,1,2392,
3044.28,,Spot,1,Image 1,S2P,1,2393,
957.58,,Spot,1,Image 1,S2P,1,2394,
2683.8,,Spot,1,Image 1,S2P,1,2395,
643.118,,Spot,1,Image 1,S2P,1,2396,
4512.74,,Spot,1,Image 1,S2P,1,2397,
6443.5,,Spot,1,Image 1,S2P,1,2398,
4537.59,,Spot,1,Image 1,S2P,1,2399,
6052.96,,Spot,1,Image 1,S2P,1,2400,
1973.2,,Spot,1,Image 1,S2P,1,2401,
15447.5,,Spot,1,Image 1,S2P,1,2402,
970.967,,Spot,1,Image 1,S2P,1,2403,
847.759,,Spot,1,Image 1,S2P,1,2404,
3621.8,,Spot,1,Image 1,S2P,1,2405,
2736.28,,Spot,1,Image 1,S2P,1,2406,
3502.38,,Spot,1,Image 1,S2P,1,2408,
6032.51,,Spot,1,Image 1,S2P,1,2409,
3820.12,,Spot,1,Image 1,S2P,1,2410,
2811.44,,Spot,1,Image 1,S2P,1,2411,
6826.94,,Spot,1,Image 1,S2P,1,2412,
4262.68,,Spot,1,Image 1,S2P,1,2413,
1611.35,,Spot,1,Image 1,S2P,1,2414,
2181.89,,Spot,1,Image 1,S2P,1,2415,
2741.8,,Spot,1,Image 1,S2P,1,2416,
3149.94,,Spot,1,Image 1,S2P,1,2417,
4.37161,,Spot,1,Image 1,S2P,1,2418,
1305.34,,Spot,1,Image 1,S2P,1,2419,
1214.22,,Spot,1,Image 1,S2P,1,2420,
887.353,,Spot,1,Image 1,S2P,1,2421,
3143.97,,Spot,1,Image 1,S2P,1,2422,
591.946,,Spot,1,Image 1,S2P,1,2423,
3761.69,,Spot,1,Image 1,S2P,1,2424,
6212.79,,Spot,1,Image 1,S2P,1,2425,
5721.23,,Spot,1,Image 1,S2P,1,2426,
4175.8,,Spot,1,Image 1,S2P,1,2427,
13053.7,,Spot,1,Image 1,S2P,1,2428,
6274.6,,Spot,1,Image 1,S2P,1,2429,
2.26105,,Spot,1,Image 1,S2P,1,2430,
3807.53,,Spot,1,Image 1,S2P,1,2431,
3378.8,,Spot,1,Image 1,S2P,1,2432,
10290.7,,Spot,1,Image 1,S2P,1,2433,
4.7773,,Spot,1,Image 1,S2P,1,2434,
4768.03,,Spot,1,Image 1,S2P,1,2435,
3989.35,,Spot,1,Image 1,S2P,1,2436,
899.622,,Spot,1,Image 1,S2P,1,2437,
4530.05,,Spot,1,Image 1,S2P,1,2438,
1817.61,,Spot,1,Image 1,S2P,1,2439,
8453.23,,Spot,1,Image 1,S2P,1,2440,
4608.82,,Spot,1,Image 1,S2P,1,2441,
2.78899,,Spot,1,Image 1,S2P,1,2442,
3653.79,,Spot,1,Image 1,S2P,1,2443,
2683.94,,Spot,1,Image 1,S2P,1,2444,
3107.3,,Spot,1,Image 1,S2P,1,2445,
343.206,,Spot,1,Image 1,S2P,1,2446,
1723.15,,Spot,1,Image 1,S2P,1,2447,
2439.26,,Spot,1,Image 1,S2P,1,2448,
884.99,,Spot,1,Image 1,S2P,1,2449,
6790.19,,Spot,1,Image 1,S2P,1,2450,
2618.37,,Spot,1,Image 1,S2P,1,2451,
2063.78,,Spot,1,Image 1,S2P,1,2452,
10924.6,,Spot,1,Image 1,S2P,1,2453,
3665.17,,Spot,1,Image 1,S2P,1,2455,
2635.82,,Spot,1,Image 1,S2P,1,2456,
2940.6,,Spot,1,Image 1,S2P,1,2457,
1676.5,,Spot,1,Image 1,S2P,1,2458,
2156.2,,Spot,1,Image 1,S2P,1,2459,
5002.9,,Spot,1,Image 1,S2P,1,2460,
2637.69,,Spot,1,Image 1,S2P,1,2461,
1567.23,,Spot,1,Image 1,S2P,1,2462,
2442.39,,Spot,1,Image 1,S2P,1,2463,
7932.02,,Spot,1,Image 1,S2P,1,2464,
2965.9,,Spot,1,Image 1,S2P,1,2465,
1933.61,,Spot,1,Image 1,S2P,1,2466,
8202.24,,Spot,1,Image 1,S2P,1,2467,
6529.92,,Spot,1,Image 1,S2P,1,2468,
3513.09,,Spot,1,Image 1,S2P,1,2469,
2526.4,,Spot,1,Image 1,S2P,1,2470,
5011.57,,Spot,1,Image 1,S2P,1,2471,
1315.88,,Spot,1,Image 1,S2P,1,2472,
6837.71,,Spot,1,Image 1,S2P,1,2473,
14823.3,,Spot,1,Image 1,S2P,1,2474,
521.16,,Spot,1,Image 1,S2P,1,2475,
4592.06,,Spot,1,Image 1,S2P,1,2476,
2546.56,,Spot,1,Image 1,S2P,1,2477,
4705.8,,Spot,1,Image 1,S2P,1,2478,
3552.42,,Spot,1,Image 1,S2P,1,2479,
13350,,Spot,1,Image 1,S2P,1,2480,
2989.73,,Spot,1,Image 1,S2P,1,2481,
2905.84,,Spot,1,Image 1,S2P,1,2482,
876.2,,Spot,1,Image 1,S2P,1,2483,
688.071,,Spot,1,Image 1,S2P,1,2484,
3126.65,,Spot,1,Image 1,S2P,1,2485,
8332.58,,Spot,1,Image 1,S2P,1,2486,
1346.75,,Spot,1,Image 1,S2P,1,2487,
3666.28,,Spot,1,Image 1,S2P,1,2488,
8528.39,,Spot,1,Image 1,S2P,1,2489,
2084.6,,Spot,1,Image 1,S2P,1,2490,
2541.15,,Spot,1,Image 1,S2P,1,2491,
8331.61,,Spot,1,Image 1,S2P,1,2492,
2716.32,,Spot,1,Image 1,S2P,1,2493,
2841.1,,Spot,1,Image 1,S2P,1,2494,
3943.99,,Spot,1,Image 1,S2P,1,2495,
2231.45,,Spot,1,Image 1,S2P,1,2496,
6416,,Spot,1,Image 1,S2P,1,2497,
2534.27,,Spot,1,Image 1,S2P,1,2498,
9835.5,,Spot,1,Image 1,S2P,1,2499,
2157.47,,Spot,1,Image 1,S2P,1,2500,
518.629,,Spot,1,Image 1,S2P,1,2501,
7361.41,,Spot,1,Image 1,S2P,1,2502,
2738.05,,Spot,1,Image 1,S2P,1,2503,
1622.14,,Spot,1,Image 1,S2P,1,2504,
6608.16,,Spot,1,Image 1,S2P,1,2505,
1233.63,,Spot,1,Image 1,S2P,1,2506,
4745.73,,Spot,1,Image 1,S2P,1,2507,
4506.1,,Spot,1,Image 1,S2P,1,2508,
2878.3,,Spot,1,Image 1,S2P,1,2509,
8589.57,,Spot,1,Image 1,S2P,1,2510,
2515.38,,Spot,1,Image 1,S2P,1,2511,
4208.09,,Spot,1,Image 1,S2P,1,2512,
1026.19,,Spot,1,Image 1,S2P,1,2513,
5887.23,,Spot,1,Image 1,S2P,1,2514,
5286.89,,Spot,1,Image 1,S2P,1,2515,
1838.72,,Spot,1,Image 1,S2P,1,2516,
946.451,,Spot,1,Image 1,S2P,1,2517,
4227.31,,Spot,1,Image 1,S2P,1,2518,
696.771,,Spot,1,Image 1,S2P,1,2519,
2231.07,,Spot,1,Image 1,S2P,1,2520,
2116.26,,Spot,1,Image 1,S2P,1,2521,
9284.99,,Spot,1,Image 1,S2P,1,2522,
2622.28,,Spot,1,Image 1,S2P,1,2523,
5994.2,,Spot,1,Image 1,S2P,1,2524,
3364.14,,Spot,1,Image 1,S2P,1,2525,
6388.51,,Spot,1,Image 1,S2P,1,2526,
7946.28,,Spot,1,Image 1,S2P,1,2527,
2984.56,,Spot,1,Image 1,S2P,1,2528,
808.806,,Spot,1,Image 1,S2P,1,2529,
2694.68,,Spot,1,Image 1,S2P,1,2530,
1967.89,,Spot,1,Image 1,S2P,1,2531,
1268.45,,Spot,1,Image 1,S2P,1,2532,
2538.17,,Spot,1,Image 1,S2P,1,2533,
5282.2,,Spot,1,Image 1,S2P,1,2534,
2292.28,,Spot,1,Image 1,S2P,1,2535,
5725.28,,Spot,1,Image 1,S2P,1,2536,
5125.96,,Spot,1,Image 1,S2P,1,2537,
482.453,,Spot,1,Image 1,S2P,1,2538,
4274.5,,Spot,1,Image 1,S2P,1,2539,
5056.84,,Spot,1,Image 1,S2P,1,2540,
3026.1,,Spot,1,Image 1,S2P,1,2541,
1536.13,,Spot,1,Image 1,S2P,1,2542,
6.01721,,Spot,1,Image 1,S2P,1,2543,
4700.29,,Spot,1,Image 1,S2P,1,2544,
742.199,,Spot,1,Image 1,S2P,1,2545,
4933.69,,Spot,1,Image 1,S2P,1,2546,
1623.07,,Spot,1,Image 1,S2P,1,2547,
4936.81,,Spot,1,Image 1,S2P,1,2548,
3931.22,,Spot,1,Image 1,S2P,1,2549,
1790.6,,Spot,1,Image 1,S2P,1,2550,
2625.28,,Spot,1,Image 1,S2P,1,2551,
1671.12,,Spot,1,Image 1,S2P,1,2552,
1.552,,Spot,1,Image 1,S2P,1,2553,
3017.06,,Spot,1,Image 1,S2P,1,2554,
5387.03,,Spot,1,Image 1,S2P,1,2555,
1800.45,,Spot,1,Image 1,S2P,1,2556,
4938.82,,Spot,1,Image 1,S2P,1,2557,
1150.46,,Spot,1,Image 1,S2P,1,2558,
2582.44,,Spot,1,Image 1,S2P,1,2559,
4373.79,,Spot,1,Image 1,S2P,1,2560,
3823.59,,Spot,1,Image 1,S2P,1,2561,
9947.43,,Spot,1,Image 1,S2P,1,2562,
6651.09,,Spot,1,Image 1,S2P,1,2563,
1999.07,,Spot,1,Image 1,S2P,1,2564,
6554.65,,Spot,1,Image 1,S2P,1,2565,
1420.41,,Spot,1,Image 1,S2P,1,2566,
1130.97,,Spot,1,Image 1,S2P,1,2567,
1139.99,,Spot,1,Image 1,S2P,1,2568,
4373.07,,Spot,1,Image 1,S2P,1,2569,
696.955,,Spot,1,Image 1,S2P,1,2570,
1199.79,,Spot,1,Image 1,S2P,1,2571,
914.103,,Spot,1,Image 1,S2P,1,2572,
3881.14,,Spot,1,Image 1,S2P,1,2573,
2.28173,,Spot,1,Image 1,S2P,1,2574,
6988.63,,Spot,1,Image 1,S2P,1,2575,
4060.7,,Spot,1,Image 1,S2P,1,2576,
4263.85,,Spot,1,Image 1,S2P,1,2577,
1103.46,,Spot,1,Image 1,S2P,1,2578,
2053.1,,Spot,1,Image 1,S2P,1,2579,
7199.67,,Spot,1,Image 1,S2P,1,2580,
984.963,,Spot,1,Image 1,S2P,1,2581,
3454.07,,Spot,1,Image 1,S2P,1,2582,
8194.68,,Spot,1,Image 1,S2P,1,2583,
1148.03,,Spot,1,Image 1,S2P,1,2584,
4311.2,,Spot,1,Image 1,S2P,1,2585,
1803.55,,Spot,1,Image 1,S2P,1,2586,
3527.53,,Spot,1,Image 1,S2P,1,2587,
8131.49,,Spot,1,Image 1,S2P,1,2588,
2513.9,,Spot,1,Image 1,S2P,1,2589,
1661.61,,Spot,1,Image 1,S2P,1,2590,
3968.87,,Spot,1,Image 1,S2P,1,2591,
2663.81,,Spot,1,Image 1,S2P,1,2592,
7580.55,,Spot,1,Image 1,S2P,1,2593,
1084.03,,Spot,1,Image 1,S2P,1,2594,
6467.2,,Spot,1,Image 1,S2P,1,2595,
