
Intensity Mean Ch=2 Img=1
 ==================== 
Intensity Mean,Unit,Category,Channel,Image,Surpass Object,Time,ID,
7.3109,,Surface,2,Image 1,Nucleus,1,0,
6.24396,,Spot,2,Image 1,Nucleus center of mass,1,0,
4.96141,,Spot,2,Image 1,S2P,1,1,
5.84677,,Spot,2,Image 1,S2P,1,2,
3.213,,Spot,2,Image 1,S2P,1,3,
4.57342,,Spot,2,Image 1,S2P,1,4,
5.58572,,Spot,2,Image 1,S2P,1,5,
5.21408,,Spot,2,Image 1,S2P,1,6,
4.67807,,Spot,2,Image 1,S2P,1,7,
3.17149,,Spot,2,Image 1,S2P,1,8,
4.09092,,Spot,2,Image 1,S2P,1,9,
5.64329,,Spot,2,Image 1,S2P,1,10,
4.74525,,Spot,2,Image 1,S2P,1,11,
5.78617,,Spot,2,Image 1,S2P,1,12,
6.92601,,Spot,2,Image 1,S2P,1,13,
7.8907,,Spot,2,Image 1,S2P,1,14,
7.65727,,Spot,2,Image 1,S2P,1,15,
3.81988,,Spot,2,Image 1,S2P,1,16,
12.9031,,Spot,2,Image 1,S2P,1,17,
0.672754,,Spot,2,Image 1,S2P,1,18,
3.78027,,Spot,2,Image 1,S2P,1,19,
7.99748,,Spot,2,Image 1,S2P,1,20,
5.07038,,Spot,2,Image 1,S2P,1,21,
13.2042,,Spot,2,Image 1,S2P,1,22,
11.5122,,Spot,2,Image 1,S2P,1,23,
6.32715,,Spot,2,Image 1,S2P,1,24,
7.23046,,Spot,2,Image 1,S2P,1,25,
3.75552,,Spot,2,Image 1,S2P,1,26,
2.74576,,Spot,2,Image 1,S2P,1,27,
4.81523,,Spot,2,Image 1,S2P,1,28,
1.92873,,Spot,2,Image 1,S2P,1,29,
4.14208,,Spot,2,Image 1,S2P,1,30,
2.3201,,Spot,2,Image 1,S2P,1,31,
5.38561,,Spot,2,Image 1,S2P,1,32,
5.40989,,Spot,2,Image 1,S2P,1,33,
3.16412,,Spot,2,Image 1,S2P,1,35,
18.5108,,Spot,2,Image 1,S2P,1,36,
5.4704,,Spot,2,Image 1,S2P,1,38,
6.49829,,Spot,2,Image 1,S2P,1,39,
8.66022,,Spot,2,Image 1,S2P,1,40,
5.53862,,Spot,2,Image 1,S2P,1,41,
4.19527,,Spot,2,Image 1,S2P,1,42,
5.27351,,Spot,2,Image 1,S2P,1,43,
6.55909,,Spot,2,Image 1,S2P,1,44,
7.48254,,Spot,2,Image 1,S2P,1,45,
18.2774,,Spot,2,Image 1,S2P,1,46,
10.772,,Spot,2,Image 1,S2P,1,47,
8.67058,,Spot,2,Image 1,S2P,1,48,
5.77413,,Spot,2,Image 1,S2P,1,49,
9.9174,,Spot,2,Image 1,S2P,1,50,
11.648,,Spot,2,Image 1,S2P,1,51,
6.80211,,Spot,2,Image 1,S2P,1,53,
10.9389,,Spot,2,Image 1,S2P,1,54,
5.41902,,Spot,2,Image 1,S2P,1,55,
7.59024,,Spot,2,Image 1,S2P,1,56,
10.3222,,Spot,2,Image 1,S2P,1,57,
8.81917,,Spot,2,Image 1,S2P,1,58,
8.99789,,Spot,2,Image 1,S2P,1,59,
13.5142,,Spot,2,Image 1,S2P,1,60,
13.7506,,Spot,2,Image 1,S2P,1,61,
13.5144,,Spot,2,Image 1,S2P,1,62,
4.21686,,Spot,2,Image 1,S2P,1,63,
4.60005,,Spot,2,Image 1,S2P,1,64,
5.65688,,Spot,2,Image 1,S2P,1,65,
8.06036,,Spot,2,Image 1,S2P,1,66,
13.3341,,Spot,2,Image 1,S2P,1,67,
7.65162,,Spot,2,Image 1,S2P,1,68,
3.22715,,Spot,2,Image 1,S2P,1,69,
6.43735,,Spot,2,Image 1,S2P,1,70,
13.7344,,Spot,2,Image 1,S2P,1,71,
4.13951,,Spot,2,Image 1,S2P,1,72,
7.38004,,Spot,2,Image 1,S2P,1,73,
10.7429,,Spot,2,Image 1,S2P,1,74,
10.8923,,Spot,2,Image 1,S2P,1,75,
8.63331,,Spot,2,Image 1,S2P,1,76,
14.8102,,Spot,2,Image 1,S2P,1,77,
14.3207,,Spot,2,Image 1,S2P,1,78,
5.26767,,Spot,2,Image 1,S2P,1,79,
6.07841,,Spot,2,Image 1,S2P,1,80,
4.90915,,Spot,2,Image 1,S2P,1,81,
3.03188,,Spot,2,Image 1,S2P,1,83,
3.63085,,Spot,2,Image 1,S2P,1,84,
2.34302,,Spot,2,Image 1,S2P,1,85,
3.38064,,Spot,2,Image 1,S2P,1,86,
4.65344,,Spot,2,Image 1,S2P,1,87,
11.6668,,Spot,2,Image 1,S2P,1,88,
16.6007,,Spot,2,Image 1,S2P,1,89,
15.2729,,Spot,2,Image 1,S2P,1,90,
12.4023,,Spot,2,Image 1,S2P,1,91,
12.7448,,Spot,2,Image 1,S2P,1,92,
5.67763,,Spot,2,Image 1,S2P,1,93,
12.6912,,Spot,2,Image 1,S2P,1,94,
11.9898,,Spot,2,Image 1,S2P,1,95,
17.9342,,Spot,2,Image 1,S2P,1,96,
3.73294,,Spot,2,Image 1,S2P,1,97,
3.05398,,Spot,2,Image 1,S2P,1,98,
2.46279,,Spot,2,Image 1,S2P,1,99,
3.12682,,Spot,2,Image 1,S2P,1,100,
4.38915,,Spot,2,Image 1,S2P,1,101,
3.39056,,Spot,2,Image 1,S2P,1,102,
1.7882,,Spot,2,Image 1,S2P,1,103,
4.22324,,Spot,2,Image 1,S2P,1,104,
4.91055,,Spot,2,Image 1,S2P,1,105,
2.73181,,Spot,2,Image 1,S2P,1,106,
2.63685,,Spot,2,Image 1,S2P,1,107,
3.77891,,Spot,2,Image 1,S2P,1,108,
4.37939,,Spot,2,Image 1,S2P,1,109,
5.76071,,Spot,2,Image 1,S2P,1,110,
1.96107,,Spot,2,Image 1,S2P,1,111,
6.2282,,Spot,2,Image 1,S2P,1,112,
3.63622,,Spot,2,Image 1,S2P,1,113,
8.69903,,Spot,2,Image 1,S2P,1,114,
1.53608,,Spot,2,Image 1,S2P,1,115,
3.14685,,Spot,2,Image 1,S2P,1,116,
4.28198,,Spot,2,Image 1,S2P,1,117,
3.06012,,Spot,2,Image 1,S2P,1,118,
4.92721,,Spot,2,Image 1,S2P,1,119,
1.97011,,Spot,2,Image 1,S2P,1,120,
2.79036,,Spot,2,Image 1,S2P,1,121,
3.81026,,Spot,2,Image 1,S2P,1,122,
3.01562,,Spot,2,Image 1,S2P,1,123,
3.13315,,Spot,2,Image 1,S2P,1,124,
1.80214,,Spot,2,Image 1,S2P,1,125,
4.10684,,Spot,2,Image 1,S2P,1,126,
5.52396,,Spot,2,Image 1,S2P,1,127,
12.2233,,Spot,2,Image 1,S2P,1,128,
4.67127,,Spot,2,Image 1,S2P,1,129,
4.86217,,Spot,2,Image 1,S2P,1,130,
13.2376,,Spot,2,Image 1,S2P,1,131,
7.59598,,Spot,2,Image 1,S2P,1,132,
14.8244,,Spot,2,Image 1,S2P,1,133,
2.76656,,Spot,2,Image 1,S2P,1,134,
4.61941,,Spot,2,Image 1,S2P,1,135,
9.9452,,Spot,2,Image 1,S2P,1,136,
12.7333,,Spot,2,Image 1,S2P,1,137,
8.7155,,Spot,2,Image 1,S2P,1,138,
9.72579,,Spot,2,Image 1,S2P,1,139,
8.92972,,Spot,2,Image 1,S2P,1,140,
8.53153,,Spot,2,Image 1,S2P,1,141,
12.1297,,Spot,2,Image 1,S2P,1,142,
1.59212,,Spot,2,Image 1,S2P,1,143,
16.1529,,Spot,2,Image 1,S2P,1,144,
1.94928,,Spot,2,Image 1,S2P,1,145,
1.74509,,Spot,2,Image 1,S2P,1,146,
1.86532,,Spot,2,Image 1,S2P,1,147,
2.01606,,Spot,2,Image 1,S2P,1,148,
2.52422,,Spot,2,Image 1,S2P,1,149,
3.52316,,Spot,2,Image 1,S2P,1,150,
1.35684,,Spot,2,Image 1,S2P,1,151,
1.76155,,Spot,2,Image 1,S2P,1,152,
1.53869,,Spot,2,Image 1,S2P,1,154,
2.67585,,Spot,2,Image 1,S2P,1,155,
2.61501,,Spot,2,Image 1,S2P,1,157,
4.90264,,Spot,2,Image 1,S2P,1,158,
3.95997,,Spot,2,Image 1,S2P,1,159,
5.5326,,Spot,2,Image 1,S2P,1,160,
4.59318,,Spot,2,Image 1,S2P,1,161,
3.73689,,Spot,2,Image 1,S2P,1,162,
3.04208,,Spot,2,Image 1,S2P,1,163,
1.72715,,Spot,2,Image 1,S2P,1,164,
16.7188,,Spot,2,Image 1,S2P,1,165,
12.988,,Spot,2,Image 1,S2P,1,166,
1.30985,,Spot,2,Image 1,S2P,1,167,
2.63211,,Spot,2,Image 1,S2P,1,168,
11.0565,,Spot,2,Image 1,S2P,1,169,
2.13487,,Spot,2,Image 1,S2P,1,170,
1.96551,,Spot,2,Image 1,S2P,1,171,
1.51759,,Spot,2,Image 1,S2P,1,172,
9.46562,,Spot,2,Image 1,S2P,1,173,
5.72851,,Spot,2,Image 1,S2P,1,174,
4.68603,,Spot,2,Image 1,S2P,1,175,
2.20849,,Spot,2,Image 1,S2P,1,176,
5.83636,,Spot,2,Image 1,S2P,1,177,
3.291,,Spot,2,Image 1,S2P,1,178,
2.67325,,Spot,2,Image 1,S2P,1,179,
3.04436,,Spot,2,Image 1,S2P,1,180,
11.8638,,Spot,2,Image 1,S2P,1,181,
3.66755,,Spot,2,Image 1,S2P,1,182,
10.3212,,Spot,2,Image 1,S2P,1,183,
1.47628,,Spot,2,Image 1,S2P,1,185,
2.78048,,Spot,2,Image 1,S2P,1,186,
14.9408,,Spot,2,Image 1,S2P,1,187,
15.0762,,Spot,2,Image 1,S2P,1,188,
1.40558,,Spot,2,Image 1,S2P,1,189,
4.36845,,Spot,2,Image 1,S2P,1,190,
1.7884,,Spot,2,Image 1,S2P,1,191,
1.80518,,Spot,2,Image 1,S2P,1,192,
1.82117,,Spot,2,Image 1,S2P,1,193,
15.3148,,Spot,2,Image 1,S2P,1,194,
1.7446,,Spot,2,Image 1,S2P,1,195,
3.7588,,Spot,2,Image 1,S2P,1,196,
3.71588,,Spot,2,Image 1,S2P,1,197,
2.61668,,Spot,2,Image 1,S2P,1,198,
3.98077,,Spot,2,Image 1,S2P,1,199,
2.71338,,Spot,2,Image 1,S2P,1,200,
3.90012,,Spot,2,Image 1,S2P,1,201,
2.21228,,Spot,2,Image 1,S2P,1,202,
2.26048,,Spot,2,Image 1,S2P,1,203,
1.79163,,Spot,2,Image 1,S2P,1,204,
1.44772,,Spot,2,Image 1,S2P,1,206,
1.32681,,Spot,2,Image 1,S2P,1,207,
1.99526,,Spot,2,Image 1,S2P,1,208,
2.87845,,Spot,2,Image 1,S2P,1,209,
2.1557,,Spot,2,Image 1,S2P,1,210,
5.52095,,Spot,2,Image 1,S2P,1,211,
1.73604,,Spot,2,Image 1,S2P,1,212,
4.53576,,Spot,2,Image 1,S2P,1,213,
4.12177,,Spot,2,Image 1,S2P,1,214,
3.68292,,Spot,2,Image 1,S2P,1,215,
3.959,,Spot,2,Image 1,S2P,1,216,
8.64765,,Spot,2,Image 1,S2P,1,217,
6.24137,,Spot,2,Image 1,S2P,1,218,
3.59531,,Spot,2,Image 1,S2P,1,219,
3.3866,,Spot,2,Image 1,S2P,1,220,
1.72257,,Spot,2,Image 1,S2P,1,221,
1.40854,,Spot,2,Image 1,S2P,1,222,
1.88943,,Spot,2,Image 1,S2P,1,223,
1.65121,,Spot,2,Image 1,S2P,1,224,
2.86094,,Spot,2,Image 1,S2P,1,225,
2.13426,,Spot,2,Image 1,S2P,1,226,
4.39366,,Spot,2,Image 1,S2P,1,227,
5.21799,,Spot,2,Image 1,S2P,1,228,
8.31419,,Spot,2,Image 1,S2P,1,229,
3.43256,,Spot,2,Image 1,S2P,1,230,
5.00085,,Spot,2,Image 1,S2P,1,231,
5.54559,,Spot,2,Image 1,S2P,1,232,
2.63063,,Spot,2,Image 1,S2P,1,233,
4.95697,,Spot,2,Image 1,S2P,1,234,
2.1363,,Spot,2,Image 1,S2P,1,235,
4.04709,,Spot,2,Image 1,S2P,1,236,
4.38942,,Spot,2,Image 1,S2P,1,237,
1.79116,,Spot,2,Image 1,S2P,1,238,
2.68743,,Spot,2,Image 1,S2P,1,239,
2.82357,,Spot,2,Image 1,S2P,1,240,
3.21989,,Spot,2,Image 1,S2P,1,241,
3.206,,Spot,2,Image 1,S2P,1,242,
17.0037,,Spot,2,Image 1,S2P,1,243,
14.2266,,Spot,2,Image 1,S2P,1,244,
2.67223,,Spot,2,Image 1,S2P,1,245,
4.87252,,Spot,2,Image 1,S2P,1,246,
6.20664,,Spot,2,Image 1,S2P,1,247,
2.89143,,Spot,2,Image 1,S2P,1,248,
7.96993,,Spot,2,Image 1,S2P,1,249,
3.93574,,Spot,2,Image 1,S2P,1,250,
5.45204,,Spot,2,Image 1,S2P,1,251,
3.09458,,Spot,2,Image 1,S2P,1,252,
13.9804,,Spot,2,Image 1,S2P,1,253,
1.52336,,Spot,2,Image 1,S2P,1,254,
2.31377,,Spot,2,Image 1,S2P,1,255,
3.55972,,Spot,2,Image 1,S2P,1,256,
5.28086,,Spot,2,Image 1,S2P,1,257,
2.65328,,Spot,2,Image 1,S2P,1,258,
5.13897,,Spot,2,Image 1,S2P,1,259,
4.85704,,Spot,2,Image 1,S2P,1,260,
4.02733,,Spot,2,Image 1,S2P,1,261,
6.82978,,Spot,2,Image 1,S2P,1,262,
3.16916,,Spot,2,Image 1,S2P,1,263,
7.29743,,Spot,2,Image 1,S2P,1,264,
2.27133,,Spot,2,Image 1,S2P,1,265,
2.52911,,Spot,2,Image 1,S2P,1,266,
2.79965,,Spot,2,Image 1,S2P,1,267,
2.66092,,Spot,2,Image 1,S2P,1,268,
3.02287,,Spot,2,Image 1,S2P,1,269,
3.28173,,Spot,2,Image 1,S2P,1,270,
2.55825,,Spot,2,Image 1,S2P,1,271,
1.68908,,Spot,2,Image 1,S2P,1,272,
5.12206,,Spot,2,Image 1,S2P,1,273,
6.92305,,Spot,2,Image 1,S2P,1,274,
3.43713,,Spot,2,Image 1,S2P,1,275,
5.89885,,Spot,2,Image 1,S2P,1,276,
3.34656,,Spot,2,Image 1,S2P,1,277,
5.83819,,Spot,2,Image 1,S2P,1,278,
2.58121,,Spot,2,Image 1,S2P,1,279,
2.69569,,Spot,2,Image 1,S2P,1,280,
3.8786,,Spot,2,Image 1,S2P,1,281,
5.07645,,Spot,2,Image 1,S2P,1,282,
2.45318,,Spot,2,Image 1,S2P,1,283,
3.76383,,Spot,2,Image 1,S2P,1,284,
11.333,,Spot,2,Image 1,S2P,1,285,
3.37303,,Spot,2,Image 1,S2P,1,286,
2.73695,,Spot,2,Image 1,S2P,1,287,
11.88,,Spot,2,Image 1,S2P,1,288,
2.05701,,Spot,2,Image 1,S2P,1,289,
8.29614,,Spot,2,Image 1,S2P,1,290,
4.34384,,Spot,2,Image 1,S2P,1,291,
6.37859,,Spot,2,Image 1,S2P,1,292,
5.31492,,Spot,2,Image 1,S2P,1,293,
6.9392,,Spot,2,Image 1,S2P,1,294,
6.8301,,Spot,2,Image 1,S2P,1,295,
3.23687,,Spot,2,Image 1,S2P,1,296,
3.94227,,Spot,2,Image 1,S2P,1,297,
3.60449,,Spot,2,Image 1,S2P,1,298,
2.46244,,Spot,2,Image 1,S2P,1,299,
2.4759,,Spot,2,Image 1,S2P,1,300,
2.95865,,Spot,2,Image 1,S2P,1,301,
8.82938,,Spot,2,Image 1,S2P,1,302,
11.5468,,Spot,2,Image 1,S2P,1,303,
4.89545,,Spot,2,Image 1,S2P,1,304,
3.47438,,Spot,2,Image 1,S2P,1,305,
5.75791,,Spot,2,Image 1,S2P,1,306,
3.00487,,Spot,2,Image 1,S2P,1,307,
3.6906,,Spot,2,Image 1,S2P,1,308,
5.08974,,Spot,2,Image 1,S2P,1,309,
7.48197,,Spot,2,Image 1,S2P,1,310,
2.37529,,Spot,2,Image 1,S2P,1,311,
2.69265,,Spot,2,Image 1,S2P,1,312,
2.83232,,Spot,2,Image 1,S2P,1,313,
4.13602,,Spot,2,Image 1,S2P,1,314,
3.99048,,Spot,2,Image 1,S2P,1,315,
2.63413,,Spot,2,Image 1,S2P,1,316,
5.55846,,Spot,2,Image 1,S2P,1,317,
4.12182,,Spot,2,Image 1,S2P,1,318,
2.31834,,Spot,2,Image 1,S2P,1,319,
3.39987,,Spot,2,Image 1,S2P,1,320,
3.18164,,Spot,2,Image 1,S2P,1,321,
3.31273,,Spot,2,Image 1,S2P,1,322,
2.37074,,Spot,2,Image 1,S2P,1,323,
5.62165,,Spot,2,Image 1,S2P,1,324,
10.2974,,Spot,2,Image 1,S2P,1,325,
3.94926,,Spot,2,Image 1,S2P,1,326,
6.37687,,Spot,2,Image 1,S2P,1,327,
7.77394,,Spot,2,Image 1,S2P,1,328,
3.06306,,Spot,2,Image 1,S2P,1,329,
3.02043,,Spot,2,Image 1,S2P,1,330,
3.22177,,Spot,2,Image 1,S2P,1,331,
4.96313,,Spot,2,Image 1,S2P,1,332,
3.70102,,Spot,2,Image 1,S2P,1,333,
5.55706,,Spot,2,Image 1,S2P,1,334,
3.93437,,Spot,2,Image 1,S2P,1,335,
2.97905,,Spot,2,Image 1,S2P,1,336,
2.83662,,Spot,2,Image 1,S2P,1,337,
3.07662,,Spot,2,Image 1,S2P,1,338,
3.11832,,Spot,2,Image 1,S2P,1,339,
3.99648,,Spot,2,Image 1,S2P,1,340,
9.34039,,Spot,2,Image 1,S2P,1,341,
6.18154,,Spot,2,Image 1,S2P,1,342,
7.47987,,Spot,2,Image 1,S2P,1,343,
12.5501,,Spot,2,Image 1,S2P,1,344,
12.1215,,Spot,2,Image 1,S2P,1,345,
3.0602,,Spot,2,Image 1,S2P,1,346,
3.33235,,Spot,2,Image 1,S2P,1,347,
5.0685,,Spot,2,Image 1,S2P,1,348,
4.4166,,Spot,2,Image 1,S2P,1,349,
3.27747,,Spot,2,Image 1,S2P,1,350,
2.83385,,Spot,2,Image 1,S2P,1,351,
3.17832,,Spot,2,Image 1,S2P,1,352,
5.62106,,Spot,2,Image 1,S2P,1,353,
3.24016,,Spot,2,Image 1,S2P,1,354,
3.26096,,Spot,2,Image 1,S2P,1,355,
3.07339,,Spot,2,Image 1,S2P,1,356,
3.74283,,Spot,2,Image 1,S2P,1,357,
4.29551,,Spot,2,Image 1,S2P,1,358,
2.85438,,Spot,2,Image 1,S2P,1,359,
3.20367,,Spot,2,Image 1,S2P,1,360,
3.77701,,Spot,2,Image 1,S2P,1,361,
3.90927,,Spot,2,Image 1,S2P,1,362,
3.57407,,Spot,2,Image 1,S2P,1,363,
3.12115,,Spot,2,Image 1,S2P,1,364,
2.54948,,Spot,2,Image 1,S2P,1,365,
3.32176,,Spot,2,Image 1,S2P,1,366,
3.36518,,Spot,2,Image 1,S2P,1,367,
4.15173,,Spot,2,Image 1,S2P,1,368,
4.17648,,Spot,2,Image 1,S2P,1,369,
14.9469,,Spot,2,Image 1,S2P,1,370,
5.74971,,Spot,2,Image 1,S2P,1,371,
1.6857,,Spot,2,Image 1,S2P,1,372,
10.5274,,Spot,2,Image 1,S2P,1,373,
5.90956,,Spot,2,Image 1,S2P,1,374,
3.40079,,Spot,2,Image 1,S2P,1,375,
4.36318,,Spot,2,Image 1,S2P,1,376,
9.62247,,Spot,2,Image 1,S2P,1,377,
3.18233,,Spot,2,Image 1,S2P,1,378,
2.83819,,Spot,2,Image 1,S2P,1,379,
7.69886,,Spot,2,Image 1,S2P,1,380,
5.3878,,Spot,2,Image 1,S2P,1,381,
3.1779,,Spot,2,Image 1,S2P,1,382,
3.95779,,Spot,2,Image 1,S2P,1,383,
3.1433,,Spot,2,Image 1,S2P,1,384,
4.34349,,Spot,2,Image 1,S2P,1,385,
3.24084,,Spot,2,Image 1,S2P,1,386,
3.21676,,Spot,2,Image 1,S2P,1,387,
3.27049,,Spot,2,Image 1,S2P,1,388,
3.17728,,Spot,2,Image 1,S2P,1,389,
3.54088,,Spot,2,Image 1,S2P,1,390,
3.84016,,Spot,2,Image 1,S2P,1,391,
4.32887,,Spot,2,Image 1,S2P,1,392,
3.84495,,Spot,2,Image 1,S2P,1,393,
10.7089,,Spot,2,Image 1,S2P,1,394,
3.82343,,Spot,2,Image 1,S2P,1,395,
14.6828,,Spot,2,Image 1,S2P,1,396,
14.3177,,Spot,2,Image 1,S2P,1,397,
6.80577,,Spot,2,Image 1,S2P,1,398,
3.40557,,Spot,2,Image 1,S2P,1,399,
9.3207,,Spot,2,Image 1,S2P,1,400,
3.2849,,Spot,2,Image 1,S2P,1,401,
4.81372,,Spot,2,Image 1,S2P,1,402,
2.9675,,Spot,2,Image 1,S2P,1,403,
2.80123,,Spot,2,Image 1,S2P,1,404,
2.99796,,Spot,2,Image 1,S2P,1,405,
2.68069,,Spot,2,Image 1,S2P,1,406,
3.27893,,Spot,2,Image 1,S2P,1,407,
2.8338,,Spot,2,Image 1,S2P,1,408,
3.61822,,Spot,2,Image 1,S2P,1,409,
8.47056,,Spot,2,Image 1,S2P,1,410,
5.91254,,Spot,2,Image 1,S2P,1,411,
3.3041,,Spot,2,Image 1,S2P,1,412,
5.86489,,Spot,2,Image 1,S2P,1,413,
4.19912,,Spot,2,Image 1,S2P,1,414,
3.82318,,Spot,2,Image 1,S2P,1,415,
3.19523,,Spot,2,Image 1,S2P,1,416,
4.2062,,Spot,2,Image 1,S2P,1,417,
3.60165,,Spot,2,Image 1,S2P,1,418,
3.85844,,Spot,2,Image 1,S2P,1,419,
4.42828,,Spot,2,Image 1,S2P,1,420,
8.11527,,Spot,2,Image 1,S2P,1,421,
12.1865,,Spot,2,Image 1,S2P,1,422,
5.21644,,Spot,2,Image 1,S2P,1,423,
14.1242,,Spot,2,Image 1,S2P,1,424,
9.83648,,Spot,2,Image 1,S2P,1,425,
15.2959,,Spot,2,Image 1,S2P,1,426,
15.1601,,Spot,2,Image 1,S2P,1,427,
13.4359,,Spot,2,Image 1,S2P,1,428,
14.0599,,Spot,2,Image 1,S2P,1,429,
17.7002,,Spot,2,Image 1,S2P,1,430,
17.1489,,Spot,2,Image 1,S2P,1,431,
1.65714,,Spot,2,Image 1,S2P,1,432,
11.5604,,Spot,2,Image 1,S2P,1,433,
13.7654,,Spot,2,Image 1,S2P,1,434,
14.5158,,Spot,2,Image 1,S2P,1,435,
8.96787,,Spot,2,Image 1,S2P,1,436,
16.6388,,Spot,2,Image 1,S2P,1,437,
10.3979,,Spot,2,Image 1,S2P,1,438,
15.0777,,Spot,2,Image 1,S2P,1,439,
15.396,,Spot,2,Image 1,S2P,1,440,
9.15391,,Spot,2,Image 1,S2P,1,441,
10.5206,,Spot,2,Image 1,S2P,1,442,
15.6411,,Spot,2,Image 1,S2P,1,443,
10.8849,,Spot,2,Image 1,S2P,1,444,
12.11,,Spot,2,Image 1,S2P,1,445,
10.0467,,Spot,2,Image 1,S2P,1,446,
10.1707,,Spot,2,Image 1,S2P,1,447,
12.8253,,Spot,2,Image 1,S2P,1,448,
13.2893,,Spot,2,Image 1,S2P,1,449,
16.104,,Spot,2,Image 1,S2P,1,450,
18.4335,,Spot,2,Image 1,S2P,1,451,
12.0081,,Spot,2,Image 1,S2P,1,452,
10.3881,,Spot,2,Image 1,S2P,1,453,
11.4221,,Spot,2,Image 1,S2P,1,454,
8.32855,,Spot,2,Image 1,S2P,1,455,
12.1573,,Spot,2,Image 1,S2P,1,456,
15.408,,Spot,2,Image 1,S2P,1,457,
14.6367,,Spot,2,Image 1,S2P,1,458,
12.9825,,Spot,2,Image 1,S2P,1,459,
13.6653,,Spot,2,Image 1,S2P,1,460,
8.55182,,Spot,2,Image 1,S2P,1,461,
17.3872,,Spot,2,Image 1,S2P,1,462,
10.7587,,Spot,2,Image 1,S2P,1,463,
17.4952,,Spot,2,Image 1,S2P,1,464,
15.5277,,Spot,2,Image 1,S2P,1,465,
11.9941,,Spot,2,Image 1,S2P,1,466,
10.6965,,Spot,2,Image 1,S2P,1,467,
14.1106,,Spot,2,Image 1,S2P,1,468,
10.3275,,Spot,2,Image 1,S2P,1,469,
12.489,,Spot,2,Image 1,S2P,1,470,
16.3236,,Spot,2,Image 1,S2P,1,471,
11.8394,,Spot,2,Image 1,S2P,1,472,
11.9871,,Spot,2,Image 1,S2P,1,473,
14.3723,,Spot,2,Image 1,S2P,1,474,
11.9356,,Spot,2,Image 1,S2P,1,475,
13.297,,Spot,2,Image 1,S2P,1,476,
13.5466,,Spot,2,Image 1,S2P,1,477,
11.4141,,Spot,2,Image 1,S2P,1,478,
10.5853,,Spot,2,Image 1,S2P,1,479,
13.3969,,Spot,2,Image 1,S2P,1,480,
15.1734,,Spot,2,Image 1,S2P,1,481,
9.78057,,Spot,2,Image 1,S2P,1,482,
10.6028,,Spot,2,Image 1,S2P,1,483,
8.54859,,Spot,2,Image 1,S2P,1,484,
12.6379,,Spot,2,Image 1,S2P,1,485,
10.6081,,Spot,2,Image 1,S2P,1,486,
12.7363,,Spot,2,Image 1,S2P,1,487,
13.0019,,Spot,2,Image 1,S2P,1,488,
14.1093,,Spot,2,Image 1,S2P,1,489,
12.2431,,Spot,2,Image 1,S2P,1,490,
11.3269,,Spot,2,Image 1,S2P,1,491,
8.45718,,Spot,2,Image 1,S2P,1,492,
16.481,,Spot,2,Image 1,S2P,1,493,
7.27347,,Spot,2,Image 1,S2P,1,494,
13.3656,,Spot,2,Image 1,S2P,1,495,
10.5441,,Spot,2,Image 1,S2P,1,496,
13.653,,Spot,2,Image 1,S2P,1,497,
13.4798,,Spot,2,Image 1,S2P,1,498,
8.23689,,Spot,2,Image 1,S2P,1,499,
10.1207,,Spot,2,Image 1,S2P,1,500,
11.4285,,Spot,2,Image 1,S2P,1,501,
13.0695,,Spot,2,Image 1,S2P,1,502,
12.3066,,Spot,2,Image 1,S2P,1,503,
8.68851,,Spot,2,Image 1,S2P,1,504,
11.1378,,Spot,2,Image 1,S2P,1,505,
13.439,,Spot,2,Image 1,S2P,1,506,
18.3806,,Spot,2,Image 1,S2P,1,507,
17.5077,,Spot,2,Image 1,S2P,1,508,
11.1557,,Spot,2,Image 1,S2P,1,509,
12.8735,,Spot,2,Image 1,S2P,1,510,
11.5777,,Spot,2,Image 1,S2P,1,511,
5.66196,,Spot,2,Image 1,S2P,1,512,
5.99531,,Spot,2,Image 1,S2P,1,513,
2.59344,,Spot,2,Image 1,S2P,1,514,
2.2842,,Spot,2,Image 1,S2P,1,515,
2.76704,,Spot,2,Image 1,S2P,1,516,
1.98634,,Spot,2,Image 1,S2P,1,517,
6.10648,,Spot,2,Image 1,S2P,1,518,
2.92118,,Spot,2,Image 1,S2P,1,520,
1.68889,,Spot,2,Image 1,S2P,1,521,
17.6774,,Spot,2,Image 1,S2P,1,522,
19.1543,,Spot,2,Image 1,S2P,1,523,
1.53661,,Spot,2,Image 1,S2P,1,524,
1.62636,,Spot,2,Image 1,S2P,1,525,
9.88678,,Spot,2,Image 1,S2P,1,526,
2.71222,,Spot,2,Image 1,S2P,1,527,
2.9068,,Spot,2,Image 1,S2P,1,528,
3.98634,,Spot,2,Image 1,S2P,1,529,
15.9519,,Spot,2,Image 1,S2P,1,530,
3.88059,,Spot,2,Image 1,S2P,1,531,
3.08413,,Spot,2,Image 1,S2P,1,532,
3.98992,,Spot,2,Image 1,S2P,1,533,
2.58461,,Spot,2,Image 1,S2P,1,534,
11.2373,,Spot,2,Image 1,S2P,1,535,
2.42115,,Spot,2,Image 1,S2P,1,536,
6.68482,,Spot,2,Image 1,S2P,1,537,
5.54731,,Spot,2,Image 1,S2P,1,538,
2.96045,,Spot,2,Image 1,S2P,1,539,
2.53444,,Spot,2,Image 1,S2P,1,540,
2.51013,,Spot,2,Image 1,S2P,1,541,
5.87321,,Spot,2,Image 1,S2P,1,542,
2.12401,,Spot,2,Image 1,S2P,1,543,
2.4439,,Spot,2,Image 1,S2P,1,544,
11.3413,,Spot,2,Image 1,S2P,1,545,
15.4707,,Spot,2,Image 1,S2P,1,546,
14.9046,,Spot,2,Image 1,S2P,1,547,
12.8418,,Spot,2,Image 1,S2P,1,548,
13.2735,,Spot,2,Image 1,S2P,1,549,
9.74639,,Spot,2,Image 1,S2P,1,550,
2.62197,,Spot,2,Image 1,S2P,1,551,
8.31851,,Spot,2,Image 1,S2P,1,552,
2.11147,,Spot,2,Image 1,S2P,1,553,
4.05907,,Spot,2,Image 1,S2P,1,554,
3.8865,,Spot,2,Image 1,S2P,1,555,
1.53108,,Spot,2,Image 1,S2P,1,556,
2.01442,,Spot,2,Image 1,S2P,1,557,
16.9546,,Spot,2,Image 1,S2P,1,558,
19.97,,Spot,2,Image 1,S2P,1,559,
2.4175,,Spot,2,Image 1,S2P,1,560,
8.32996,,Spot,2,Image 1,S2P,1,561,
10.6184,,Spot,2,Image 1,S2P,1,562,
2.71259,,Spot,2,Image 1,S2P,1,563,
14.8328,,Spot,2,Image 1,S2P,1,564,
6.94472,,Spot,2,Image 1,S2P,1,565,
8.84116,,Spot,2,Image 1,S2P,1,566,
4.05168,,Spot,2,Image 1,S2P,1,567,
12.5634,,Spot,2,Image 1,S2P,1,568,
13.5704,,Spot,2,Image 1,S2P,1,569,
2.64011,,Spot,2,Image 1,S2P,1,570,
5.33301,,Spot,2,Image 1,S2P,1,571,
5.30895,,Spot,2,Image 1,S2P,1,572,
10.2769,,Spot,2,Image 1,S2P,1,573,
3.72008,,Spot,2,Image 1,S2P,1,574,
13.9179,,Spot,2,Image 1,S2P,1,575,
13.8799,,Spot,2,Image 1,S2P,1,576,
1.90879,,Spot,2,Image 1,S2P,1,577,
2.00154,,Spot,2,Image 1,S2P,1,578,
3.57192,,Spot,2,Image 1,S2P,1,579,
1.30959,,Spot,2,Image 1,S2P,1,580,
3.75116,,Spot,2,Image 1,S2P,1,581,
2.34054,,Spot,2,Image 1,S2P,1,582,
18.5382,,Spot,2,Image 1,S2P,1,583,
15.4452,,Spot,2,Image 1,S2P,1,584,
11.2498,,Spot,2,Image 1,S2P,1,585,
13.7356,,Spot,2,Image 1,S2P,1,586,
13.4768,,Spot,2,Image 1,S2P,1,587,
13.779,,Spot,2,Image 1,S2P,1,588,
13.3625,,Spot,2,Image 1,S2P,1,589,
15.5752,,Spot,2,Image 1,S2P,1,590,
10.2132,,Spot,2,Image 1,S2P,1,591,
14.7869,,Spot,2,Image 1,S2P,1,592,
11.6629,,Spot,2,Image 1,S2P,1,593,
18.6114,,Spot,2,Image 1,S2P,1,594,
12.6403,,Spot,2,Image 1,S2P,1,595,
11.3625,,Spot,2,Image 1,S2P,1,596,
14.5763,,Spot,2,Image 1,S2P,1,597,
16.8625,,Spot,2,Image 1,S2P,1,598,
13.941,,Spot,2,Image 1,S2P,1,599,
12.156,,Spot,2,Image 1,S2P,1,600,
9.59634,,Spot,2,Image 1,S2P,1,601,
1.46305,,Spot,2,Image 1,S2P,1,602,
2.44842,,Spot,2,Image 1,S2P,1,603,
10.9601,,Spot,2,Image 1,S2P,1,604,
13.5842,,Spot,2,Image 1,S2P,1,605,
9.49887,,Spot,2,Image 1,S2P,1,606,
6.20689,,Spot,2,Image 1,S2P,1,607,
3.59652,,Spot,2,Image 1,S2P,1,608,
12.6386,,Spot,2,Image 1,S2P,1,609,
13.1467,,Spot,2,Image 1,S2P,1,610,
8.19577,,Spot,2,Image 1,S2P,1,611,
9.81867,,Spot,2,Image 1,S2P,1,612,
4.96617,,Spot,2,Image 1,S2P,1,613,
14.0241,,Spot,2,Image 1,S2P,1,614,
13.5931,,Spot,2,Image 1,S2P,1,615,
2.3616,,Spot,2,Image 1,S2P,1,616,
14.9804,,Spot,2,Image 1,S2P,1,617,
14.5811,,Spot,2,Image 1,S2P,1,618,
3.71828,,Spot,2,Image 1,S2P,1,619,
6.0811,,Spot,2,Image 1,S2P,1,620,
2.66105,,Spot,2,Image 1,S2P,1,621,
4.19946,,Spot,2,Image 1,S2P,1,622,
9.43364,,Spot,2,Image 1,S2P,1,623,
10.3749,,Spot,2,Image 1,S2P,1,624,
1.93263,,Spot,2,Image 1,S2P,1,625,
2.80663,,Spot,2,Image 1,S2P,1,626,
2.28363,,Spot,2,Image 1,S2P,1,627,
11.2153,,Spot,2,Image 1,S2P,1,628,
2.51444,,Spot,2,Image 1,S2P,1,629,
13.6004,,Spot,2,Image 1,S2P,1,630,
9.5079,,Spot,2,Image 1,S2P,1,631,
2.51602,,Spot,2,Image 1,S2P,1,632,
5.60845,,Spot,2,Image 1,S2P,1,633,
12.0141,,Spot,2,Image 1,S2P,1,634,
4.95668,,Spot,2,Image 1,S2P,1,635,
11.9439,,Spot,2,Image 1,S2P,1,636,
3.2345,,Spot,2,Image 1,S2P,1,637,
11.0409,,Spot,2,Image 1,S2P,1,638,
10.0517,,Spot,2,Image 1,S2P,1,639,
13.2206,,Spot,2,Image 1,S2P,1,640,
9.84827,,Spot,2,Image 1,S2P,1,641,
15.2128,,Spot,2,Image 1,S2P,1,642,
10.8189,,Spot,2,Image 1,S2P,1,643,
10.3379,,Spot,2,Image 1,S2P,1,644,
10.7749,,Spot,2,Image 1,S2P,1,645,
6.23519,,Spot,2,Image 1,S2P,1,646,
11.9625,,Spot,2,Image 1,S2P,1,647,
14.3715,,Spot,2,Image 1,S2P,1,648,
13.3925,,Spot,2,Image 1,S2P,1,649,
13.5594,,Spot,2,Image 1,S2P,1,650,
14.4759,,Spot,2,Image 1,S2P,1,651,
7.39138,,Spot,2,Image 1,S2P,1,652,
6.01361,,Spot,2,Image 1,S2P,1,653,
9.42436,,Spot,2,Image 1,S2P,1,654,
10.7778,,Spot,2,Image 1,S2P,1,655,
13.2838,,Spot,2,Image 1,S2P,1,656,
9.03087,,Spot,2,Image 1,S2P,1,657,
16.9511,,Spot,2,Image 1,S2P,1,658,
11.7634,,Spot,2,Image 1,S2P,1,659,
16.6673,,Spot,2,Image 1,S2P,1,660,
12.2316,,Spot,2,Image 1,S2P,1,661,
7.56059,,Spot,2,Image 1,S2P,1,662,
12.7767,,Spot,2,Image 1,S2P,1,663,
13.0371,,Spot,2,Image 1,S2P,1,664,
11.6847,,Spot,2,Image 1,S2P,1,665,
9.06061,,Spot,2,Image 1,S2P,1,666,
12.4347,,Spot,2,Image 1,S2P,1,667,
10.2451,,Spot,2,Image 1,S2P,1,668,
14.9214,,Spot,2,Image 1,S2P,1,669,
7.35055,,Spot,2,Image 1,S2P,1,670,
10.9365,,Spot,2,Image 1,S2P,1,671,
15.2995,,Spot,2,Image 1,S2P,1,672,
12.8486,,Spot,2,Image 1,S2P,1,673,
11.407,,Spot,2,Image 1,S2P,1,674,
12.426,,Spot,2,Image 1,S2P,1,675,
13.5516,,Spot,2,Image 1,S2P,1,676,
16.8425,,Spot,2,Image 1,S2P,1,677,
11.3681,,Spot,2,Image 1,S2P,1,678,
12.4251,,Spot,2,Image 1,S2P,1,679,
11.9749,,Spot,2,Image 1,S2P,1,680,
4.88672,,Spot,2,Image 1,S2P,1,681,
10.6117,,Spot,2,Image 1,S2P,1,682,
12.358,,Spot,2,Image 1,S2P,1,683,
17.9291,,Spot,2,Image 1,S2P,1,684,
6.89623,,Spot,2,Image 1,S2P,1,685,
9.27317,,Spot,2,Image 1,S2P,1,686,
9.32078,,Spot,2,Image 1,S2P,1,687,
12.8568,,Spot,2,Image 1,S2P,1,688,
11.1836,,Spot,2,Image 1,S2P,1,689,
19.6708,,Spot,2,Image 1,S2P,1,690,
4.12544,,Spot,2,Image 1,S2P,1,691,
3.34055,,Spot,2,Image 1,S2P,1,692,
6.34083,,Spot,2,Image 1,S2P,1,693,
2.65295,,Spot,2,Image 1,S2P,1,694,
2.51394,,Spot,2,Image 1,S2P,1,695,
4.86976,,Spot,2,Image 1,S2P,1,696,
4.69063,,Spot,2,Image 1,S2P,1,697,
2.31094,,Spot,2,Image 1,S2P,1,698,
5.02285,,Spot,2,Image 1,S2P,1,699,
3.52307,,Spot,2,Image 1,S2P,1,700,
2.53989,,Spot,2,Image 1,S2P,1,701,
6.67414,,Spot,2,Image 1,S2P,1,702,
1.7574,,Spot,2,Image 1,S2P,1,703,
4.65655,,Spot,2,Image 1,S2P,1,704,
2.34846,,Spot,2,Image 1,S2P,1,705,
7.7061,,Spot,2,Image 1,S2P,1,706,
2.19284,,Spot,2,Image 1,S2P,1,707,
4.22925,,Spot,2,Image 1,S2P,1,708,
4.30143,,Spot,2,Image 1,S2P,1,709,
4.46513,,Spot,2,Image 1,S2P,1,710,
1.83498,,Spot,2,Image 1,S2P,1,711,
3.85494,,Spot,2,Image 1,S2P,1,712,
3.00523,,Spot,2,Image 1,S2P,1,714,
9.67443,,Spot,2,Image 1,S2P,1,715,
3.24379,,Spot,2,Image 1,S2P,1,716,
3.49261,,Spot,2,Image 1,S2P,1,717,
9.46192,,Spot,2,Image 1,S2P,1,718,
1.52106,,Spot,2,Image 1,S2P,1,719,
4.84805,,Spot,2,Image 1,S2P,1,720,
9.69195,,Spot,2,Image 1,S2P,1,721,
11.2309,,Spot,2,Image 1,S2P,1,722,
3.04467,,Spot,2,Image 1,S2P,1,723,
3.98194,,Spot,2,Image 1,S2P,1,724,
7.45313,,Spot,2,Image 1,S2P,1,725,
9.28822,,Spot,2,Image 1,S2P,1,726,
5.39057,,Spot,2,Image 1,S2P,1,727,
3.74368,,Spot,2,Image 1,S2P,1,728,
2.85306,,Spot,2,Image 1,S2P,1,729,
6.00245,,Spot,2,Image 1,S2P,1,730,
1.66225,,Spot,2,Image 1,S2P,1,731,
4.52528,,Spot,2,Image 1,S2P,1,732,
2.28531,,Spot,2,Image 1,S2P,1,733,
3.89877,,Spot,2,Image 1,S2P,1,734,
3.88092,,Spot,2,Image 1,S2P,1,735,
3.45567,,Spot,2,Image 1,S2P,1,736,
4.86727,,Spot,2,Image 1,S2P,1,737,
10.494,,Spot,2,Image 1,S2P,1,738,
3.45493,,Spot,2,Image 1,S2P,1,739,
1.53571,,Spot,2,Image 1,S2P,1,740,
8.26595,,Spot,2,Image 1,S2P,1,741,
13.7495,,Spot,2,Image 1,S2P,1,742,
4.97555,,Spot,2,Image 1,S2P,1,743,
3.88625,,Spot,2,Image 1,S2P,1,744,
3.77964,,Spot,2,Image 1,S2P,1,745,
6.20757,,Spot,2,Image 1,S2P,1,746,
3.56814,,Spot,2,Image 1,S2P,1,747,
7.09393,,Spot,2,Image 1,S2P,1,748,
3.47194,,Spot,2,Image 1,S2P,1,749,
3.01525,,Spot,2,Image 1,S2P,1,750,
3.78925,,Spot,2,Image 1,S2P,1,751,
3.4281,,Spot,2,Image 1,S2P,1,752,
3.40236,,Spot,2,Image 1,S2P,1,753,
3.01234,,Spot,2,Image 1,S2P,1,754,
4.06527,,Spot,2,Image 1,S2P,1,755,
3.31871,,Spot,2,Image 1,S2P,1,756,
3.3898,,Spot,2,Image 1,S2P,1,757,
3.8861,,Spot,2,Image 1,S2P,1,758,
4.40477,,Spot,2,Image 1,S2P,1,759,
4.62436,,Spot,2,Image 1,S2P,1,760,
3.51801,,Spot,2,Image 1,S2P,1,761,
4.25231,,Spot,2,Image 1,S2P,1,762,
7.95981,,Spot,2,Image 1,S2P,1,763,
12.5835,,Spot,2,Image 1,S2P,1,764,
3.75333,,Spot,2,Image 1,S2P,1,765,
12.316,,Spot,2,Image 1,S2P,1,766,
3.67523,,Spot,2,Image 1,S2P,1,767,
4.81321,,Spot,2,Image 1,S2P,1,768,
3.3517,,Spot,2,Image 1,S2P,1,769,
3.7679,,Spot,2,Image 1,S2P,1,770,
6.38608,,Spot,2,Image 1,S2P,1,771,
3.90998,,Spot,2,Image 1,S2P,1,772,
3.68511,,Spot,2,Image 1,S2P,1,773,
3.36841,,Spot,2,Image 1,S2P,1,774,
3.76027,,Spot,2,Image 1,S2P,1,775,
3.57709,,Spot,2,Image 1,S2P,1,776,
4.958,,Spot,2,Image 1,S2P,1,777,
3.49622,,Spot,2,Image 1,S2P,1,778,
3.60588,,Spot,2,Image 1,S2P,1,779,
4.24277,,Spot,2,Image 1,S2P,1,780,
3.98521,,Spot,2,Image 1,S2P,1,781,
4.68084,,Spot,2,Image 1,S2P,1,782,
4.33136,,Spot,2,Image 1,S2P,1,783,
4.35316,,Spot,2,Image 1,S2P,1,784,
5.76168,,Spot,2,Image 1,S2P,1,785,
13.8621,,Spot,2,Image 1,S2P,1,786,
10.1728,,Spot,2,Image 1,S2P,1,787,
10.4904,,Spot,2,Image 1,S2P,1,788,
13.1049,,Spot,2,Image 1,S2P,1,789,
9.87237,,Spot,2,Image 1,S2P,1,790,
5.29553,,Spot,2,Image 1,S2P,1,791,
3.5855,,Spot,2,Image 1,S2P,1,792,
4.34574,,Spot,2,Image 1,S2P,1,793,
3.34008,,Spot,2,Image 1,S2P,1,794,
3.8173,,Spot,2,Image 1,S2P,1,795,
3.78981,,Spot,2,Image 1,S2P,1,796,
4.53845,,Spot,2,Image 1,S2P,1,797,
3.0974,,Spot,2,Image 1,S2P,1,798,
3.8105,,Spot,2,Image 1,S2P,1,799,
4.03432,,Spot,2,Image 1,S2P,1,800,
3.74981,,Spot,2,Image 1,S2P,1,801,
3.13011,,Spot,2,Image 1,S2P,1,802,
3.16057,,Spot,2,Image 1,S2P,1,803,
5.71736,,Spot,2,Image 1,S2P,1,804,
3.63325,,Spot,2,Image 1,S2P,1,805,
5.82613,,Spot,2,Image 1,S2P,1,806,
3.93981,,Spot,2,Image 1,S2P,1,807,
3.4829,,Spot,2,Image 1,S2P,1,808,
3.90151,,Spot,2,Image 1,S2P,1,809,
3.74101,,Spot,2,Image 1,S2P,1,810,
4.89417,,Spot,2,Image 1,S2P,1,811,
4.05856,,Spot,2,Image 1,S2P,1,812,
3.62789,,Spot,2,Image 1,S2P,1,813,
4.80244,,Spot,2,Image 1,S2P,1,814,
2.67846,,Spot,2,Image 1,S2P,1,815,
7.7528,,Spot,2,Image 1,S2P,1,816,
12.2156,,Spot,2,Image 1,S2P,1,817,
9.3832,,Spot,2,Image 1,S2P,1,818,
8.77305,,Spot,2,Image 1,S2P,1,819,
4.37432,,Spot,2,Image 1,S2P,1,820,
4.40159,,Spot,2,Image 1,S2P,1,821,
4.82967,,Spot,2,Image 1,S2P,1,822,
13.5696,,Spot,2,Image 1,S2P,1,823,
11.3148,,Spot,2,Image 1,S2P,1,824,
3.74743,,Spot,2,Image 1,S2P,1,825,
3.40398,,Spot,2,Image 1,S2P,1,826,
3.62225,,Spot,2,Image 1,S2P,1,827,
10.078,,Spot,2,Image 1,S2P,1,828,
9.16814,,Spot,2,Image 1,S2P,1,829,
3.82034,,Spot,2,Image 1,S2P,1,830,
4.19791,,Spot,2,Image 1,S2P,1,831,
4.55398,,Spot,2,Image 1,S2P,1,832,
3.93614,,Spot,2,Image 1,S2P,1,833,
8.62232,,Spot,2,Image 1,S2P,1,834,
13.1823,,Spot,2,Image 1,S2P,1,835,
8.64855,,Spot,2,Image 1,S2P,1,836,
8.41543,,Spot,2,Image 1,S2P,1,837,
9.52056,,Spot,2,Image 1,S2P,1,838,
10.8546,,Spot,2,Image 1,S2P,1,839,
4.05153,,Spot,2,Image 1,S2P,1,840,
4.69616,,Spot,2,Image 1,S2P,1,841,
3.79942,,Spot,2,Image 1,S2P,1,842,
3.51284,,Spot,2,Image 1,S2P,1,843,
3.90157,,Spot,2,Image 1,S2P,1,844,
4.06904,,Spot,2,Image 1,S2P,1,845,
3.69017,,Spot,2,Image 1,S2P,1,846,
3.79027,,Spot,2,Image 1,S2P,1,847,
8.69382,,Spot,2,Image 1,S2P,1,848,
6.02482,,Spot,2,Image 1,S2P,1,849,
3.9974,,Spot,2,Image 1,S2P,1,850,
3.63798,,Spot,2,Image 1,S2P,1,851,
6.4667,,Spot,2,Image 1,S2P,1,852,
4.22183,,Spot,2,Image 1,S2P,1,853,
12.0756,,Spot,2,Image 1,S2P,1,854,
15.5216,,Spot,2,Image 1,S2P,1,855,
9.26774,,Spot,2,Image 1,S2P,1,856,
9.55088,,Spot,2,Image 1,S2P,1,857,
10.0569,,Spot,2,Image 1,S2P,1,858,
13.1538,,Spot,2,Image 1,S2P,1,859,
12.4616,,Spot,2,Image 1,S2P,1,860,
4.21859,,Spot,2,Image 1,S2P,1,861,
4.162,,Spot,2,Image 1,S2P,1,862,
4.67046,,Spot,2,Image 1,S2P,1,863,
3.52285,,Spot,2,Image 1,S2P,1,864,
7.32904,,Spot,2,Image 1,S2P,1,865,
4.01008,,Spot,2,Image 1,S2P,1,866,
3.48913,,Spot,2,Image 1,S2P,1,867,
5.67519,,Spot,2,Image 1,S2P,1,868,
4.82307,,Spot,2,Image 1,S2P,1,869,
5.18111,,Spot,2,Image 1,S2P,1,870,
5.38514,,Spot,2,Image 1,S2P,1,871,
3.77032,,Spot,2,Image 1,S2P,1,872,
15.0507,,Spot,2,Image 1,S2P,1,873,
12.1823,,Spot,2,Image 1,S2P,1,874,
7.42063,,Spot,2,Image 1,S2P,1,875,
12.8905,,Spot,2,Image 1,S2P,1,876,
4.26033,,Spot,2,Image 1,S2P,1,877,
4.09596,,Spot,2,Image 1,S2P,1,878,
4.97262,,Spot,2,Image 1,S2P,1,879,
4.04492,,Spot,2,Image 1,S2P,1,880,
3.77491,,Spot,2,Image 1,S2P,1,881,
4.20018,,Spot,2,Image 1,S2P,1,882,
4.7442,,Spot,2,Image 1,S2P,1,883,
11.1601,,Spot,2,Image 1,S2P,1,884,
5.61571,,Spot,2,Image 1,S2P,1,885,
3.77986,,Spot,2,Image 1,S2P,1,886,
5.31333,,Spot,2,Image 1,S2P,1,887,
4.77613,,Spot,2,Image 1,S2P,1,888,
7.65535,,Spot,2,Image 1,S2P,1,889,
4.10077,,Spot,2,Image 1,S2P,1,890,
4.50351,,Spot,2,Image 1,S2P,1,891,
3.98539,,Spot,2,Image 1,S2P,1,892,
21.0482,,Spot,2,Image 1,S2P,1,893,
4.5873,,Spot,2,Image 1,S2P,1,894,
4.06482,,Spot,2,Image 1,S2P,1,895,
11.0511,,Spot,2,Image 1,S2P,1,896,
4.49957,,Spot,2,Image 1,S2P,1,897,
4.33776,,Spot,2,Image 1,S2P,1,898,
3.83223,,Spot,2,Image 1,S2P,1,899,
3.60566,,Spot,2,Image 1,S2P,1,900,
3.33421,,Spot,2,Image 1,S2P,1,901,
4.52717,,Spot,2,Image 1,S2P,1,902,
9.61214,,Spot,2,Image 1,S2P,1,903,
4.26794,,Spot,2,Image 1,S2P,1,904,
4.54298,,Spot,2,Image 1,S2P,1,905,
7.83307,,Spot,2,Image 1,S2P,1,906,
5.46885,,Spot,2,Image 1,S2P,1,907,
4.68684,,Spot,2,Image 1,S2P,1,908,
16.2768,,Spot,2,Image 1,S2P,1,909,
3.65359,,Spot,2,Image 1,S2P,1,910,
12.6212,,Spot,2,Image 1,S2P,1,911,
5.9765,,Spot,2,Image 1,S2P,1,912,
11.5969,,Spot,2,Image 1,S2P,1,913,
5.07918,,Spot,2,Image 1,S2P,1,914,
4.53915,,Spot,2,Image 1,S2P,1,915,
5.39141,,Spot,2,Image 1,S2P,1,916,
4.81466,,Spot,2,Image 1,S2P,1,917,
10.525,,Spot,2,Image 1,S2P,1,918,
4.15388,,Spot,2,Image 1,S2P,1,919,
4.1316,,Spot,2,Image 1,S2P,1,920,
4.41931,,Spot,2,Image 1,S2P,1,921,
9.67039,,Spot,2,Image 1,S2P,1,922,
4.39517,,Spot,2,Image 1,S2P,1,923,
4.61154,,Spot,2,Image 1,S2P,1,924,
4.39384,,Spot,2,Image 1,S2P,1,925,
5.14292,,Spot,2,Image 1,S2P,1,926,
5.3262,,Spot,2,Image 1,S2P,1,927,
6.15767,,Spot,2,Image 1,S2P,1,928,
5.68247,,Spot,2,Image 1,S2P,1,929,
9.88624,,Spot,2,Image 1,S2P,1,930,
6.41519,,Spot,2,Image 1,S2P,1,931,
6.96727,,Spot,2,Image 1,S2P,1,932,
14.4083,,Spot,2,Image 1,S2P,1,933,
6.19439,,Spot,2,Image 1,S2P,1,934,
4.24477,,Spot,2,Image 1,S2P,1,935,
4.51313,,Spot,2,Image 1,S2P,1,936,
5.92463,,Spot,2,Image 1,S2P,1,937,
4.08169,,Spot,2,Image 1,S2P,1,938,
11.0407,,Spot,2,Image 1,S2P,1,939,
6.28083,,Spot,2,Image 1,S2P,1,940,
5.19673,,Spot,2,Image 1,S2P,1,941,
10.6023,,Spot,2,Image 1,S2P,1,942,
6.24633,,Spot,2,Image 1,S2P,1,943,
4.86781,,Spot,2,Image 1,S2P,1,944,
4.90572,,Spot,2,Image 1,S2P,1,945,
4.83082,,Spot,2,Image 1,S2P,1,946,
5.18494,,Spot,2,Image 1,S2P,1,947,
10.4793,,Spot,2,Image 1,S2P,1,948,
18.6158,,Spot,2,Image 1,S2P,1,949,
11.8775,,Spot,2,Image 1,S2P,1,950,
11.9088,,Spot,2,Image 1,S2P,1,951,
9.38718,,Spot,2,Image 1,S2P,1,952,
11.4038,,Spot,2,Image 1,S2P,1,953,
12.0498,,Spot,2,Image 1,S2P,1,954,
10.1756,,Spot,2,Image 1,S2P,1,955,
10.6107,,Spot,2,Image 1,S2P,1,956,
5.53605,,Spot,2,Image 1,S2P,1,957,
4.76947,,Spot,2,Image 1,S2P,1,958,
4.7338,,Spot,2,Image 1,S2P,1,959,
12.4505,,Spot,2,Image 1,S2P,1,960,
4.61698,,Spot,2,Image 1,S2P,1,961,
4.98968,,Spot,2,Image 1,S2P,1,962,
4.28024,,Spot,2,Image 1,S2P,1,963,
4.32158,,Spot,2,Image 1,S2P,1,964,
4.74128,,Spot,2,Image 1,S2P,1,965,
5.91395,,Spot,2,Image 1,S2P,1,966,
8.0734,,Spot,2,Image 1,S2P,1,967,
5.41202,,Spot,2,Image 1,S2P,1,968,
5.45007,,Spot,2,Image 1,S2P,1,969,
4.95463,,Spot,2,Image 1,S2P,1,970,
8.66101,,Spot,2,Image 1,S2P,1,971,
11.9718,,Spot,2,Image 1,S2P,1,972,
12.8823,,Spot,2,Image 1,S2P,1,973,
10.5038,,Spot,2,Image 1,S2P,1,974,
10.2311,,Spot,2,Image 1,S2P,1,975,
7.55457,,Spot,2,Image 1,S2P,1,976,
11.7299,,Spot,2,Image 1,S2P,1,977,
15.4494,,Spot,2,Image 1,S2P,1,978,
7.43183,,Spot,2,Image 1,S2P,1,979,
4.86885,,Spot,2,Image 1,S2P,1,980,
11.094,,Spot,2,Image 1,S2P,1,981,
3.98843,,Spot,2,Image 1,S2P,1,982,
12.7381,,Spot,2,Image 1,S2P,1,983,
14.1665,,Spot,2,Image 1,S2P,1,984,
6.051,,Spot,2,Image 1,S2P,1,985,
4.78898,,Spot,2,Image 1,S2P,1,986,
6.74664,,Spot,2,Image 1,S2P,1,987,
12.1677,,Spot,2,Image 1,S2P,1,988,
5.71548,,Spot,2,Image 1,S2P,1,989,
14.9076,,Spot,2,Image 1,S2P,1,990,
5.1078,,Spot,2,Image 1,S2P,1,991,
9.41509,,Spot,2,Image 1,S2P,1,992,
4.29852,,Spot,2,Image 1,S2P,1,993,
11.0572,,Spot,2,Image 1,S2P,1,994,
12.4535,,Spot,2,Image 1,S2P,1,995,
5.68377,,Spot,2,Image 1,S2P,1,996,
12.2144,,Spot,2,Image 1,S2P,1,997,
12.2199,,Spot,2,Image 1,S2P,1,998,
8.77412,,Spot,2,Image 1,S2P,1,999,
14.8324,,Spot,2,Image 1,S2P,1,1000,
10.5054,,Spot,2,Image 1,S2P,1,1001,
11.8605,,Spot,2,Image 1,S2P,1,1002,
11.9195,,Spot,2,Image 1,S2P,1,1003,
11.2488,,Spot,2,Image 1,S2P,1,1004,
10.2885,,Spot,2,Image 1,S2P,1,1005,
5.98833,,Spot,2,Image 1,S2P,1,1006,
12.2687,,Spot,2,Image 1,S2P,1,1007,
6.62403,,Spot,2,Image 1,S2P,1,1008,
11.2718,,Spot,2,Image 1,S2P,1,1009,
5.96685,,Spot,2,Image 1,S2P,1,1010,
9.79028,,Spot,2,Image 1,S2P,1,1011,
5.33836,,Spot,2,Image 1,S2P,1,1012,
4.95563,,Spot,2,Image 1,S2P,1,1013,
5.52778,,Spot,2,Image 1,S2P,1,1014,
4.91574,,Spot,2,Image 1,S2P,1,1015,
6.04778,,Spot,2,Image 1,S2P,1,1016,
7.66461,,Spot,2,Image 1,S2P,1,1017,
5.97079,,Spot,2,Image 1,S2P,1,1018,
7.35009,,Spot,2,Image 1,S2P,1,1019,
7.62626,,Spot,2,Image 1,S2P,1,1020,
10.9686,,Spot,2,Image 1,S2P,1,1021,
11.8578,,Spot,2,Image 1,S2P,1,1022,
11.2693,,Spot,2,Image 1,S2P,1,1023,
14.0416,,Spot,2,Image 1,S2P,1,1024,
9.38393,,Spot,2,Image 1,S2P,1,1025,
6.89156,,Spot,2,Image 1,S2P,1,1026,
5.58833,,Spot,2,Image 1,S2P,1,1027,
4.53691,,Spot,2,Image 1,S2P,1,1028,
9.46621,,Spot,2,Image 1,S2P,1,1029,
6.36799,,Spot,2,Image 1,S2P,1,1030,
9.09122,,Spot,2,Image 1,S2P,1,1031,
10.601,,Spot,2,Image 1,S2P,1,1032,
7.04366,,Spot,2,Image 1,S2P,1,1033,
11.8355,,Spot,2,Image 1,S2P,1,1034,
14.6535,,Spot,2,Image 1,S2P,1,1035,
10.0878,,Spot,2,Image 1,S2P,1,1036,
11.5874,,Spot,2,Image 1,S2P,1,1037,
11.7632,,Spot,2,Image 1,S2P,1,1038,
12.2177,,Spot,2,Image 1,S2P,1,1039,
8.44109,,Spot,2,Image 1,S2P,1,1040,
11.1634,,Spot,2,Image 1,S2P,1,1041,
10.6993,,Spot,2,Image 1,S2P,1,1042,
5.81459,,Spot,2,Image 1,S2P,1,1043,
13.4364,,Spot,2,Image 1,S2P,1,1044,
5.7171,,Spot,2,Image 1,S2P,1,1045,
6.1769,,Spot,2,Image 1,S2P,1,1046,
6.38474,,Spot,2,Image 1,S2P,1,1047,
7.99737,,Spot,2,Image 1,S2P,1,1048,
11.3175,,Spot,2,Image 1,S2P,1,1049,
8.53886,,Spot,2,Image 1,S2P,1,1050,
9.45404,,Spot,2,Image 1,S2P,1,1051,
13.7904,,Spot,2,Image 1,S2P,1,1052,
8.87327,,Spot,2,Image 1,S2P,1,1053,
12.9589,,Spot,2,Image 1,S2P,1,1054,
14.376,,Spot,2,Image 1,S2P,1,1055,
10.3517,,Spot,2,Image 1,S2P,1,1056,
15.2067,,Spot,2,Image 1,S2P,1,1057,
11.2189,,Spot,2,Image 1,S2P,1,1058,
12.5455,,Spot,2,Image 1,S2P,1,1059,
11.0701,,Spot,2,Image 1,S2P,1,1060,
9.29291,,Spot,2,Image 1,S2P,1,1061,
14.0889,,Spot,2,Image 1,S2P,1,1062,
13.2358,,Spot,2,Image 1,S2P,1,1063,
8.20918,,Spot,2,Image 1,S2P,1,1064,
13.0818,,Spot,2,Image 1,S2P,1,1065,
12.6823,,Spot,2,Image 1,S2P,1,1066,
8.44507,,Spot,2,Image 1,S2P,1,1067,
11.7605,,Spot,2,Image 1,S2P,1,1068,
10.4028,,Spot,2,Image 1,S2P,1,1069,
8.68442,,Spot,2,Image 1,S2P,1,1070,
9.01545,,Spot,2,Image 1,S2P,1,1071,
7.40054,,Spot,2,Image 1,S2P,1,1072,
12.6448,,Spot,2,Image 1,S2P,1,1073,
12.1825,,Spot,2,Image 1,S2P,1,1074,
10.615,,Spot,2,Image 1,S2P,1,1075,
13.3088,,Spot,2,Image 1,S2P,1,1076,
6.25247,,Spot,2,Image 1,S2P,1,1077,
14.1365,,Spot,2,Image 1,S2P,1,1078,
11.8045,,Spot,2,Image 1,S2P,1,1079,
11.4881,,Spot,2,Image 1,S2P,1,1080,
9.1421,,Spot,2,Image 1,S2P,1,1081,
16.2883,,Spot,2,Image 1,S2P,1,1082,
11.0669,,Spot,2,Image 1,S2P,1,1083,
15.017,,Spot,2,Image 1,S2P,1,1084,
9.27992,,Spot,2,Image 1,S2P,1,1085,
12.0033,,Spot,2,Image 1,S2P,1,1086,
8.72412,,Spot,2,Image 1,S2P,1,1087,
12.5487,,Spot,2,Image 1,S2P,1,1088,
11.6321,,Spot,2,Image 1,S2P,1,1089,
11.0899,,Spot,2,Image 1,S2P,1,1090,
15.0863,,Spot,2,Image 1,S2P,1,1091,
13.5274,,Spot,2,Image 1,S2P,1,1093,
10.6353,,Spot,2,Image 1,S2P,1,1094,
13.5213,,Spot,2,Image 1,S2P,1,1095,
14.1819,,Spot,2,Image 1,S2P,1,1096,
12.2121,,Spot,2,Image 1,S2P,1,1097,
15.328,,Spot,2,Image 1,S2P,1,1098,
11.3374,,Spot,2,Image 1,S2P,1,1099,
8.4255,,Spot,2,Image 1,S2P,1,1100,
10.9796,,Spot,2,Image 1,S2P,1,1101,
14.7109,,Spot,2,Image 1,S2P,1,1102,
12.1799,,Spot,2,Image 1,S2P,1,1103,
10.4426,,Spot,2,Image 1,S2P,1,1104,
11.6865,,Spot,2,Image 1,S2P,1,1105,
8.60452,,Spot,2,Image 1,S2P,1,1106,
12.0161,,Spot,2,Image 1,S2P,1,1107,
12.0496,,Spot,2,Image 1,S2P,1,1108,
10.1816,,Spot,2,Image 1,S2P,1,1109,
11.7876,,Spot,2,Image 1,S2P,1,1110,
11.1899,,Spot,2,Image 1,S2P,1,1111,
9.81512,,Spot,2,Image 1,S2P,1,1112,
12.4279,,Spot,2,Image 1,S2P,1,1113,
10.7277,,Spot,2,Image 1,S2P,1,1114,
6.4555,,Spot,2,Image 1,S2P,1,1115,
10.2563,,Spot,2,Image 1,S2P,1,1116,
10.9429,,Spot,2,Image 1,S2P,1,1117,
9.71525,,Spot,2,Image 1,S2P,1,1118,
14.6289,,Spot,2,Image 1,S2P,1,1120,
13.145,,Spot,2,Image 1,S2P,1,1121,
5.49212,,Spot,2,Image 1,S2P,1,1122,
10.9076,,Spot,2,Image 1,S2P,1,1123,
13.5753,,Spot,2,Image 1,S2P,1,1124,
8.91589,,Spot,2,Image 1,S2P,1,1125,
6.35864,,Spot,2,Image 1,S2P,1,1126,
10.8799,,Spot,2,Image 1,S2P,1,1127,
10.9233,,Spot,2,Image 1,S2P,1,1128,
10.9519,,Spot,2,Image 1,S2P,1,1129,
10.7928,,Spot,2,Image 1,S2P,1,1130,
12.1133,,Spot,2,Image 1,S2P,1,1131,
13.1606,,Spot,2,Image 1,S2P,1,1132,
8.76384,,Spot,2,Image 1,S2P,1,1133,
8.79338,,Spot,2,Image 1,S2P,1,1134,
10.7026,,Spot,2,Image 1,S2P,1,1135,
9.08661,,Spot,2,Image 1,S2P,1,1136,
9.04529,,Spot,2,Image 1,S2P,1,1137,
10.8175,,Spot,2,Image 1,S2P,1,1138,
13.1735,,Spot,2,Image 1,S2P,1,1139,
10.2115,,Spot,2,Image 1,S2P,1,1140,
11.6187,,Spot,2,Image 1,S2P,1,1141,
6.21493,,Spot,2,Image 1,S2P,1,1142,
10.8198,,Spot,2,Image 1,S2P,1,1143,
6.2784,,Spot,2,Image 1,S2P,1,1144,
11.183,,Spot,2,Image 1,S2P,1,1145,
10.0344,,Spot,2,Image 1,S2P,1,1146,
4.45515,,Spot,2,Image 1,S2P,1,1147,
13.1086,,Spot,2,Image 1,S2P,1,1148,
13.6169,,Spot,2,Image 1,S2P,1,1149,
14.7315,,Spot,2,Image 1,S2P,1,1150,
13.2846,,Spot,2,Image 1,S2P,1,1151,
9.37359,,Spot,2,Image 1,S2P,1,1152,
11.2081,,Spot,2,Image 1,S2P,1,1153,
9.30638,,Spot,2,Image 1,S2P,1,1154,
9.90794,,Spot,2,Image 1,S2P,1,1155,
10.9997,,Spot,2,Image 1,S2P,1,1156,
9.12302,,Spot,2,Image 1,S2P,1,1157,
11.119,,Spot,2,Image 1,S2P,1,1158,
8.84966,,Spot,2,Image 1,S2P,1,1159,
9.69163,,Spot,2,Image 1,S2P,1,1160,
10.0692,,Spot,2,Image 1,S2P,1,1161,
11.521,,Spot,2,Image 1,S2P,1,1162,
9.44028,,Spot,2,Image 1,S2P,1,1163,
10.3453,,Spot,2,Image 1,S2P,1,1164,
12.6453,,Spot,2,Image 1,S2P,1,1165,
10.4084,,Spot,2,Image 1,S2P,1,1166,
13.0356,,Spot,2,Image 1,S2P,1,1167,
4.14793,,Spot,2,Image 1,S2P,1,1168,
13.1317,,Spot,2,Image 1,S2P,1,1169,
8.0924,,Spot,2,Image 1,S2P,1,1170,
9.59915,,Spot,2,Image 1,S2P,1,1171,
11.474,,Spot,2,Image 1,S2P,1,1172,
7.94615,,Spot,2,Image 1,S2P,1,1173,
9.77972,,Spot,2,Image 1,S2P,1,1174,
10.436,,Spot,2,Image 1,S2P,1,1175,
7.50559,,Spot,2,Image 1,S2P,1,1176,
15.2419,,Spot,2,Image 1,S2P,1,1177,
11.8919,,Spot,2,Image 1,S2P,1,1178,
9.95405,,Spot,2,Image 1,S2P,1,1179,
9.02889,,Spot,2,Image 1,S2P,1,1180,
9.80757,,Spot,2,Image 1,S2P,1,1181,
10.3818,,Spot,2,Image 1,S2P,1,1182,
10.8592,,Spot,2,Image 1,S2P,1,1183,
3.20142,,Spot,2,Image 1,S2P,1,1184,
1.81335,,Spot,2,Image 1,S2P,1,1185,
13.9628,,Spot,2,Image 1,S2P,1,1187,
11.0475,,Spot,2,Image 1,S2P,1,1188,
1.99947,,Spot,2,Image 1,S2P,1,1191,
1.78782,,Spot,2,Image 1,S2P,1,1192,
14.442,,Spot,2,Image 1,S2P,1,1193,
3.62614,,Spot,2,Image 1,S2P,1,1194,
5.9117,,Spot,2,Image 1,S2P,1,1195,
11.66,,Spot,2,Image 1,S2P,1,1196,
5.43289,,Spot,2,Image 1,S2P,1,1197,
13.6272,,Spot,2,Image 1,S2P,1,1198,
15.9799,,Spot,2,Image 1,S2P,1,1199,
2.0509,,Spot,2,Image 1,S2P,1,1200,
11.9574,,Spot,2,Image 1,S2P,1,1201,
15.5001,,Spot,2,Image 1,S2P,1,1202,
14.6163,,Spot,2,Image 1,S2P,1,1203,
11.0492,,Spot,2,Image 1,S2P,1,1204,
17.1705,,Spot,2,Image 1,S2P,1,1205,
15.4966,,Spot,2,Image 1,S2P,1,1206,
2.40625,,Spot,2,Image 1,S2P,1,1207,
13.6742,,Spot,2,Image 1,S2P,1,1208,
13.586,,Spot,2,Image 1,S2P,1,1209,
16.9846,,Spot,2,Image 1,S2P,1,1210,
14.5054,,Spot,2,Image 1,S2P,1,1211,
2.28022,,Spot,2,Image 1,S2P,1,1212,
3.6806,,Spot,2,Image 1,S2P,1,1213,
15.0294,,Spot,2,Image 1,S2P,1,1214,
2.09453,,Spot,2,Image 1,S2P,1,1215,
5.89152,,Spot,2,Image 1,S2P,1,1216,
11.2579,,Spot,2,Image 1,S2P,1,1217,
11.7178,,Spot,2,Image 1,S2P,1,1218,
17.0596,,Spot,2,Image 1,S2P,1,1219,
2.07739,,Spot,2,Image 1,S2P,1,1220,
2.59653,,Spot,2,Image 1,S2P,1,1221,
6.13579,,Spot,2,Image 1,S2P,1,1222,
12.3628,,Spot,2,Image 1,S2P,1,1223,
15.649,,Spot,2,Image 1,S2P,1,1224,
12.3968,,Spot,2,Image 1,S2P,1,1225,
2.60373,,Spot,2,Image 1,S2P,1,1226,
14.0152,,Spot,2,Image 1,S2P,1,1227,
8.09558,,Spot,2,Image 1,S2P,1,1228,
2.17023,,Spot,2,Image 1,S2P,1,1229,
5.77874,,Spot,2,Image 1,S2P,1,1230,
2.11794,,Spot,2,Image 1,S2P,1,1231,
3.29663,,Spot,2,Image 1,S2P,1,1232,
6.82755,,Spot,2,Image 1,S2P,1,1233,
20.0867,,Spot,2,Image 1,S2P,1,1234,
11.0859,,Spot,2,Image 1,S2P,1,1235,
2.311,,Spot,2,Image 1,S2P,1,1236,
13.0669,,Spot,2,Image 1,S2P,1,1237,
11.9236,,Spot,2,Image 1,S2P,1,1238,
13.6128,,Spot,2,Image 1,S2P,1,1239,
11.1227,,Spot,2,Image 1,S2P,1,1240,
15.0552,,Spot,2,Image 1,S2P,1,1241,
2.22502,,Spot,2,Image 1,S2P,1,1242,
4.12486,,Spot,2,Image 1,S2P,1,1243,
11.8473,,Spot,2,Image 1,S2P,1,1244,
16.506,,Spot,2,Image 1,S2P,1,1245,
6.66226,,Spot,2,Image 1,S2P,1,1246,
12.4492,,Spot,2,Image 1,S2P,1,1247,
14.787,,Spot,2,Image 1,S2P,1,1248,
4.31699,,Spot,2,Image 1,S2P,1,1249,
14.1626,,Spot,2,Image 1,S2P,1,1250,
13.417,,Spot,2,Image 1,S2P,1,1251,
19.468,,Spot,2,Image 1,S2P,1,1252,
12.7955,,Spot,2,Image 1,S2P,1,1253,
10.7924,,Spot,2,Image 1,S2P,1,1254,
13.8899,,Spot,2,Image 1,S2P,1,1255,
5.72617,,Spot,2,Image 1,S2P,1,1256,
10.7518,,Spot,2,Image 1,S2P,1,1257,
16.3374,,Spot,2,Image 1,S2P,1,1258,
3.84146,,Spot,2,Image 1,S2P,1,1259,
11.8411,,Spot,2,Image 1,S2P,1,1260,
10.504,,Spot,2,Image 1,S2P,1,1261,
13.6749,,Spot,2,Image 1,S2P,1,1262,
10.2743,,Spot,2,Image 1,S2P,1,1263,
3.22247,,Spot,2,Image 1,S2P,1,1264,
11.1465,,Spot,2,Image 1,S2P,1,1265,
14.3243,,Spot,2,Image 1,S2P,1,1266,
15.9835,,Spot,2,Image 1,S2P,1,1267,
10.6393,,Spot,2,Image 1,S2P,1,1268,
15.1988,,Spot,2,Image 1,S2P,1,1269,
15.2079,,Spot,2,Image 1,S2P,1,1270,
10.9142,,Spot,2,Image 1,S2P,1,1271,
9.86926,,Spot,2,Image 1,S2P,1,1272,
14.8053,,Spot,2,Image 1,S2P,1,1273,
9.62209,,Spot,2,Image 1,S2P,1,1274,
12.8758,,Spot,2,Image 1,S2P,1,1275,
15.2418,,Spot,2,Image 1,S2P,1,1276,
10.3416,,Spot,2,Image 1,S2P,1,1277,
15.6012,,Spot,2,Image 1,S2P,1,1278,
9.60428,,Spot,2,Image 1,S2P,1,1279,
13.8073,,Spot,2,Image 1,S2P,1,1280,
16.2383,,Spot,2,Image 1,S2P,1,1281,
8.33717,,Spot,2,Image 1,S2P,1,1282,
12.7335,,Spot,2,Image 1,S2P,1,1283,
11.7555,,Spot,2,Image 1,S2P,1,1284,
10.4428,,Spot,2,Image 1,S2P,1,1285,
18.0941,,Spot,2,Image 1,S2P,1,1286,
15.3868,,Spot,2,Image 1,S2P,1,1287,
12.208,,Spot,2,Image 1,S2P,1,1288,
8.42358,,Spot,2,Image 1,S2P,1,1289,
15.1854,,Spot,2,Image 1,S2P,1,1290,
11.055,,Spot,2,Image 1,S2P,1,1291,
14.4369,,Spot,2,Image 1,S2P,1,1292,
8.68306,,Spot,2,Image 1,S2P,1,1293,
13.9345,,Spot,2,Image 1,S2P,1,1294,
10.3217,,Spot,2,Image 1,S2P,1,1295,
8.61107,,Spot,2,Image 1,S2P,1,1296,
12.8757,,Spot,2,Image 1,S2P,1,1297,
9.91418,,Spot,2,Image 1,S2P,1,1298,
11.3359,,Spot,2,Image 1,S2P,1,1299,
8.08683,,Spot,2,Image 1,S2P,1,1300,
10.8966,,Spot,2,Image 1,S2P,1,1301,
11.7321,,Spot,2,Image 1,S2P,1,1302,
14.8501,,Spot,2,Image 1,S2P,1,1303,
7.31949,,Spot,2,Image 1,S2P,1,1304,
5.7553,,Spot,2,Image 1,S2P,1,1305,
9.81514,,Spot,2,Image 1,S2P,1,1306,
7.75642,,Spot,2,Image 1,S2P,1,1307,
16.7561,,Spot,2,Image 1,S2P,1,1308,
14.4783,,Spot,2,Image 1,S2P,1,1309,
14.7255,,Spot,2,Image 1,S2P,1,1310,
8.68262,,Spot,2,Image 1,S2P,1,1311,
10.1223,,Spot,2,Image 1,S2P,1,1312,
11.3066,,Spot,2,Image 1,S2P,1,1313,
7.89539,,Spot,2,Image 1,S2P,1,1314,
9.07644,,Spot,2,Image 1,S2P,1,1315,
9.16616,,Spot,2,Image 1,S2P,1,1316,
4.1349,,Spot,2,Image 1,S2P,1,1317,
4.91849,,Spot,2,Image 1,S2P,1,1318,
4.8545,,Spot,2,Image 1,S2P,1,1319,
8.93383,,Spot,2,Image 1,S2P,1,1320,
12.765,,Spot,2,Image 1,S2P,1,1321,
13.2438,,Spot,2,Image 1,S2P,1,1322,
8.95628,,Spot,2,Image 1,S2P,1,1323,
12.805,,Spot,2,Image 1,S2P,1,1324,
9.96083,,Spot,2,Image 1,S2P,1,1325,
11.5992,,Spot,2,Image 1,S2P,1,1326,
12.2614,,Spot,2,Image 1,S2P,1,1327,
6.73874,,Spot,2,Image 1,S2P,1,1328,
7.4561,,Spot,2,Image 1,S2P,1,1329,
10.5037,,Spot,2,Image 1,S2P,1,1330,
13.393,,Spot,2,Image 1,S2P,1,1331,
9.04307,,Spot,2,Image 1,S2P,1,1332,
11.8888,,Spot,2,Image 1,S2P,1,1333,
13.7519,,Spot,2,Image 1,S2P,1,1334,
13.2384,,Spot,2,Image 1,S2P,1,1335,
12.0052,,Spot,2,Image 1,S2P,1,1336,
9.22358,,Spot,2,Image 1,S2P,1,1337,
11.7444,,Spot,2,Image 1,S2P,1,1338,
4.17028,,Spot,2,Image 1,S2P,1,1339,
9.2158,,Spot,2,Image 1,S2P,1,1340,
9.18449,,Spot,2,Image 1,S2P,1,1341,
13.2925,,Spot,2,Image 1,S2P,1,1342,
8.20961,,Spot,2,Image 1,S2P,1,1343,
12.2172,,Spot,2,Image 1,S2P,1,1344,
9.4707,,Spot,2,Image 1,S2P,1,1345,
13.0756,,Spot,2,Image 1,S2P,1,1346,
11.5311,,Spot,2,Image 1,S2P,1,1347,
11.6395,,Spot,2,Image 1,S2P,1,1348,
9.76377,,Spot,2,Image 1,S2P,1,1349,
6.47182,,Spot,2,Image 1,S2P,1,1350,
11.7067,,Spot,2,Image 1,S2P,1,1351,
11.3361,,Spot,2,Image 1,S2P,1,1352,
11.539,,Spot,2,Image 1,S2P,1,1353,
11.3149,,Spot,2,Image 1,S2P,1,1354,
7.56216,,Spot,2,Image 1,S2P,1,1355,
13.0119,,Spot,2,Image 1,S2P,1,1356,
9.99418,,Spot,2,Image 1,S2P,1,1357,
11.0461,,Spot,2,Image 1,S2P,1,1358,
7.43571,,Spot,2,Image 1,S2P,1,1359,
12.1987,,Spot,2,Image 1,S2P,1,1360,
9.2618,,Spot,2,Image 1,S2P,1,1361,
9.0903,,Spot,2,Image 1,S2P,1,1362,
11.7514,,Spot,2,Image 1,S2P,1,1363,
3.92297,,Spot,2,Image 1,S2P,1,1364,
10.6439,,Spot,2,Image 1,S2P,1,1365,
5.63316,,Spot,2,Image 1,S2P,1,1366,
9.65853,,Spot,2,Image 1,S2P,1,1367,
12.8031,,Spot,2,Image 1,S2P,1,1368,
11.309,,Spot,2,Image 1,S2P,1,1369,
12.1009,,Spot,2,Image 1,S2P,1,1370,
10.6194,,Spot,2,Image 1,S2P,1,1371,
9.7292,,Spot,2,Image 1,S2P,1,1372,
11.9547,,Spot,2,Image 1,S2P,1,1373,
11.3526,,Spot,2,Image 1,S2P,1,1374,
10.9535,,Spot,2,Image 1,S2P,1,1375,
11.2935,,Spot,2,Image 1,S2P,1,1376,
11.4739,,Spot,2,Image 1,S2P,1,1377,
13.1214,,Spot,2,Image 1,S2P,1,1378,
7.7272,,Spot,2,Image 1,S2P,1,1379,
11.7664,,Spot,2,Image 1,S2P,1,1380,
10.2254,,Spot,2,Image 1,S2P,1,1381,
12.3917,,Spot,2,Image 1,S2P,1,1382,
10.442,,Spot,2,Image 1,S2P,1,1383,
6.70902,,Spot,2,Image 1,S2P,1,1384,
12.4649,,Spot,2,Image 1,S2P,1,1385,
9.86346,,Spot,2,Image 1,S2P,1,1386,
13.3932,,Spot,2,Image 1,S2P,1,1387,
9.13603,,Spot,2,Image 1,S2P,1,1388,
12.9011,,Spot,2,Image 1,S2P,1,1389,
11.0062,,Spot,2,Image 1,S2P,1,1390,
8.98912,,Spot,2,Image 1,S2P,1,1391,
6.65809,,Spot,2,Image 1,S2P,1,1392,
8.64314,,Spot,2,Image 1,S2P,1,1393,
8.63575,,Spot,2,Image 1,S2P,1,1394,
9.18614,,Spot,2,Image 1,S2P,1,1395,
12.5823,,Spot,2,Image 1,S2P,1,1396,
10.068,,Spot,2,Image 1,S2P,1,1397,
10.479,,Spot,2,Image 1,S2P,1,1398,
9.72584,,Spot,2,Image 1,S2P,1,1399,
10.0599,,Spot,2,Image 1,S2P,1,1400,
12.0742,,Spot,2,Image 1,S2P,1,1401,
8.43896,,Spot,2,Image 1,S2P,1,1402,
10.7209,,Spot,2,Image 1,S2P,1,1403,
10.7027,,Spot,2,Image 1,S2P,1,1404,
9.54513,,Spot,2,Image 1,S2P,1,1405,
11.5943,,Spot,2,Image 1,S2P,1,1407,
8.236,,Spot,2,Image 1,S2P,1,1408,
8.98814,,Spot,2,Image 1,S2P,1,1409,
9.32511,,Spot,2,Image 1,S2P,1,1410,
9.43052,,Spot,2,Image 1,S2P,1,1411,
7.37484,,Spot,2,Image 1,S2P,1,1412,
6.61664,,Spot,2,Image 1,S2P,1,1413,
11.7679,,Spot,2,Image 1,S2P,1,1414,
11.7155,,Spot,2,Image 1,S2P,1,1415,
7.98595,,Spot,2,Image 1,S2P,1,1416,
12.4239,,Spot,2,Image 1,S2P,1,1417,
7.43192,,Spot,2,Image 1,S2P,1,1418,
8.18642,,Spot,2,Image 1,S2P,1,1419,
4.08067,,Spot,2,Image 1,S2P,1,1420,
8.92981,,Spot,2,Image 1,S2P,1,1421,
14.9833,,Spot,2,Image 1,S2P,1,1422,
5.36472,,Spot,2,Image 1,S2P,1,1423,
10.7452,,Spot,2,Image 1,S2P,1,1424,
10.0705,,Spot,2,Image 1,S2P,1,1425,
9.99749,,Spot,2,Image 1,S2P,1,1426,
7.60359,,Spot,2,Image 1,S2P,1,1427,
9.26665,,Spot,2,Image 1,S2P,1,1428,
12.5889,,Spot,2,Image 1,S2P,1,1429,
5.99855,,Spot,2,Image 1,S2P,1,1430,
10.9603,,Spot,2,Image 1,S2P,1,1431,
9.60692,,Spot,2,Image 1,S2P,1,1432,
10.7679,,Spot,2,Image 1,S2P,1,1433,
6.073,,Spot,2,Image 1,S2P,1,1434,
4.79677,,Spot,2,Image 1,S2P,1,1435,
7.77348,,Spot,2,Image 1,S2P,1,1436,
5.18149,,Spot,2,Image 1,S2P,1,1437,
8.4445,,Spot,2,Image 1,S2P,1,1438,
6.82682,,Spot,2,Image 1,S2P,1,1439,
10.1675,,Spot,2,Image 1,S2P,1,1440,
9.35223,,Spot,2,Image 1,S2P,1,1442,
7.68238,,Spot,2,Image 1,S2P,1,1443,
9.50527,,Spot,2,Image 1,S2P,1,1444,
5.31644,,Spot,2,Image 1,S2P,1,1445,
6.44396,,Spot,2,Image 1,S2P,1,1446,
7.32333,,Spot,2,Image 1,S2P,1,1447,
9.05127,,Spot,2,Image 1,S2P,1,1448,
11.2909,,Spot,2,Image 1,S2P,1,1449,
3.27677,,Spot,2,Image 1,S2P,1,1450,
6.14541,,Spot,2,Image 1,S2P,1,1451,
2.95699,,Spot,2,Image 1,S2P,1,1452,
2.5021,,Spot,2,Image 1,S2P,1,1453,
12.2187,,Spot,2,Image 1,S2P,1,1454,
6.0776,,Spot,2,Image 1,S2P,1,1455,
5.45675,,Spot,2,Image 1,S2P,1,1456,
10.9052,,Spot,2,Image 1,S2P,1,1457,
3.75881,,Spot,2,Image 1,S2P,1,1458,
10.5186,,Spot,2,Image 1,S2P,1,1459,
4.3784,,Spot,2,Image 1,S2P,1,1460,
3.71003,,Spot,2,Image 1,S2P,1,1461,
9.72042,,Spot,2,Image 1,S2P,1,1462,
11.964,,Spot,2,Image 1,S2P,1,1463,
6.80596,,Spot,2,Image 1,S2P,1,1464,
11.2098,,Spot,2,Image 1,S2P,1,1465,
3.49843,,Spot,2,Image 1,S2P,1,1466,
10.7637,,Spot,2,Image 1,S2P,1,1467,
6.81599,,Spot,2,Image 1,S2P,1,1468,
11.5795,,Spot,2,Image 1,S2P,1,1470,
7.60424,,Spot,2,Image 1,S2P,1,1471,
11.2487,,Spot,2,Image 1,S2P,1,1472,
10.6865,,Spot,2,Image 1,S2P,1,1473,
9.56256,,Spot,2,Image 1,S2P,1,1474,
11.5957,,Spot,2,Image 1,S2P,1,1475,
14.0924,,Spot,2,Image 1,S2P,1,1476,
9.68951,,Spot,2,Image 1,S2P,1,1477,
11.088,,Spot,2,Image 1,S2P,1,1478,
9.19962,,Spot,2,Image 1,S2P,1,1479,
11.3336,,Spot,2,Image 1,S2P,1,1480,
7.76494,,Spot,2,Image 1,S2P,1,1481,
11.2398,,Spot,2,Image 1,S2P,1,1482,
10.4244,,Spot,2,Image 1,S2P,1,1483,
8.79082,,Spot,2,Image 1,S2P,1,1484,
9.96711,,Spot,2,Image 1,S2P,1,1485,
9.13399,,Spot,2,Image 1,S2P,1,1486,
10.2465,,Spot,2,Image 1,S2P,1,1487,
14.2165,,Spot,2,Image 1,S2P,1,1488,
2.41592,,Spot,2,Image 1,S2P,1,1489,
8.41494,,Spot,2,Image 1,S2P,1,1490,
3.69631,,Spot,2,Image 1,S2P,1,1491,
6.67785,,Spot,2,Image 1,S2P,1,1492,
8.53662,,Spot,2,Image 1,S2P,1,1493,
12.1644,,Spot,2,Image 1,S2P,1,1494,
10.1269,,Spot,2,Image 1,S2P,1,1495,
2.70421,,Spot,2,Image 1,S2P,1,1496,
11.214,,Spot,2,Image 1,S2P,1,1497,
6.55314,,Spot,2,Image 1,S2P,1,1498,
10.8826,,Spot,2,Image 1,S2P,1,1499,
11.147,,Spot,2,Image 1,S2P,1,1500,
7.99585,,Spot,2,Image 1,S2P,1,1501,
8.26609,,Spot,2,Image 1,S2P,1,1502,
10.39,,Spot,2,Image 1,S2P,1,1503,
8.54741,,Spot,2,Image 1,S2P,1,1504,
8.25095,,Spot,2,Image 1,S2P,1,1505,
7.26786,,Spot,2,Image 1,S2P,1,1506,
7.62068,,Spot,2,Image 1,S2P,1,1507,
11.6928,,Spot,2,Image 1,S2P,1,1508,
5.95615,,Spot,2,Image 1,S2P,1,1509,
9.63506,,Spot,2,Image 1,S2P,1,1510,
9.08726,,Spot,2,Image 1,S2P,1,1511,
15.8957,,Spot,2,Image 1,S2P,1,1512,
10.2997,,Spot,2,Image 1,S2P,1,1513,
9.09811,,Spot,2,Image 1,S2P,1,1514,
10.2379,,Spot,2,Image 1,S2P,1,1515,
10.257,,Spot,2,Image 1,S2P,1,1516,
7.20505,,Spot,2,Image 1,S2P,1,1517,
8.61488,,Spot,2,Image 1,S2P,1,1518,
14.3881,,Spot,2,Image 1,S2P,1,1519,
10.6255,,Spot,2,Image 1,S2P,1,1520,
11.1629,,Spot,2,Image 1,S2P,1,1521,
10.8706,,Spot,2,Image 1,S2P,1,1522,
6.12999,,Spot,2,Image 1,S2P,1,1523,
8.51004,,Spot,2,Image 1,S2P,1,1525,
3.81517,,Spot,2,Image 1,S2P,1,1526,
6.82813,,Spot,2,Image 1,S2P,1,1527,
9.15969,,Spot,2,Image 1,S2P,1,1528,
12.7386,,Spot,2,Image 1,S2P,1,1529,
4.10413,,Spot,2,Image 1,S2P,1,1530,
12.3956,,Spot,2,Image 1,S2P,1,1531,
8.54431,,Spot,2,Image 1,S2P,1,1532,
5.66874,,Spot,2,Image 1,S2P,1,1533,
10.4521,,Spot,2,Image 1,S2P,1,1535,
6.05019,,Spot,2,Image 1,S2P,1,1536,
7.0535,,Spot,2,Image 1,S2P,1,1537,
7.22263,,Spot,2,Image 1,S2P,1,1538,
13.1047,,Spot,2,Image 1,S2P,1,1539,
14.0065,,Spot,2,Image 1,S2P,1,1540,
13.7171,,Spot,2,Image 1,S2P,1,1541,
8.89455,,Spot,2,Image 1,S2P,1,1542,
13.46,,Spot,2,Image 1,S2P,1,1543,
9.76368,,Spot,2,Image 1,S2P,1,1544,
9.52563,,Spot,2,Image 1,S2P,1,1545,
9.04502,,Spot,2,Image 1,S2P,1,1546,
10.1046,,Spot,2,Image 1,S2P,1,1547,
12.0495,,Spot,2,Image 1,S2P,1,1548,
9.96138,,Spot,2,Image 1,S2P,1,1549,
8.81922,,Spot,2,Image 1,S2P,1,1550,
5.06435,,Spot,2,Image 1,S2P,1,1551,
4.97182,,Spot,2,Image 1,S2P,1,1552,
5.56804,,Spot,2,Image 1,S2P,1,1553,
8.6721,,Spot,2,Image 1,S2P,1,1554,
12.1478,,Spot,2,Image 1,S2P,1,1555,
11.126,,Spot,2,Image 1,S2P,1,1556,
5.99954,,Spot,2,Image 1,S2P,1,1557,
10.8065,,Spot,2,Image 1,S2P,1,1558,
10.7313,,Spot,2,Image 1,S2P,1,1559,
11.0087,,Spot,2,Image 1,S2P,1,1560,
6.30502,,Spot,2,Image 1,S2P,1,1561,
5.88233,,Spot,2,Image 1,S2P,1,1562,
7.73488,,Spot,2,Image 1,S2P,1,1563,
10.6608,,Spot,2,Image 1,S2P,1,1564,
8.37132,,Spot,2,Image 1,S2P,1,1565,
12.5304,,Spot,2,Image 1,S2P,1,1566,
5.05071,,Spot,2,Image 1,S2P,1,1567,
14.1131,,Spot,2,Image 1,S2P,1,1568,
9.06263,,Spot,2,Image 1,S2P,1,1569,
11.7591,,Spot,2,Image 1,S2P,1,1570,
9.82114,,Spot,2,Image 1,S2P,1,1571,
8.75457,,Spot,2,Image 1,S2P,1,1572,
14.8413,,Spot,2,Image 1,S2P,1,1573,
11.1277,,Spot,2,Image 1,S2P,1,1574,
10.6996,,Spot,2,Image 1,S2P,1,1575,
14.1395,,Spot,2,Image 1,S2P,1,1576,
9.3321,,Spot,2,Image 1,S2P,1,1577,
9.50251,,Spot,2,Image 1,S2P,1,1578,
11.7367,,Spot,2,Image 1,S2P,1,1579,
6.63,,Spot,2,Image 1,S2P,1,1580,
9.64598,,Spot,2,Image 1,S2P,1,1581,
7.2651,,Spot,2,Image 1,S2P,1,1582,
6.26567,,Spot,2,Image 1,S2P,1,1583,
11.9595,,Spot,2,Image 1,S2P,1,1584,
7.86823,,Spot,2,Image 1,S2P,1,1585,
8.1701,,Spot,2,Image 1,S2P,1,1587,
10.1264,,Spot,2,Image 1,S2P,1,1588,
14.1587,,Spot,2,Image 1,S2P,1,1589,
15.4347,,Spot,2,Image 1,S2P,1,1590,
13.9679,,Spot,2,Image 1,S2P,1,1591,
11.1592,,Spot,2,Image 1,S2P,1,1592,
10.8302,,Spot,2,Image 1,S2P,1,1593,
9.06647,,Spot,2,Image 1,S2P,1,1594,
11.7724,,Spot,2,Image 1,S2P,1,1595,
8.75287,,Spot,2,Image 1,S2P,1,1596,
9.41141,,Spot,2,Image 1,S2P,1,1597,
9.81731,,Spot,2,Image 1,S2P,1,1598,
11.9248,,Spot,2,Image 1,S2P,1,1599,
11.8392,,Spot,2,Image 1,S2P,1,1600,
17.1767,,Spot,2,Image 1,S2P,1,1601,
10.635,,Spot,2,Image 1,S2P,1,1602,
11.8002,,Spot,2,Image 1,S2P,1,1603,
11.2985,,Spot,2,Image 1,S2P,1,1604,
6.2428,,Spot,2,Image 1,S2P,1,1605,
10.0648,,Spot,2,Image 1,S2P,1,1606,
9.06734,,Spot,2,Image 1,S2P,1,1607,
10.4162,,Spot,2,Image 1,S2P,1,1608,
10.4604,,Spot,2,Image 1,S2P,1,1609,
16.0684,,Spot,2,Image 1,S2P,1,1610,
12.7883,,Spot,2,Image 1,S2P,1,1611,
10.2938,,Spot,2,Image 1,S2P,1,1612,
9.15502,,Spot,2,Image 1,S2P,1,1613,
13.2048,,Spot,2,Image 1,S2P,1,1614,
8.82186,,Spot,2,Image 1,S2P,1,1615,
8.81359,,Spot,2,Image 1,S2P,1,1616,
8.91821,,Spot,2,Image 1,S2P,1,1617,
13.9864,,Spot,2,Image 1,S2P,1,1618,
8.84698,,Spot,2,Image 1,S2P,1,1619,
7.36329,,Spot,2,Image 1,S2P,1,1620,
10.2731,,Spot,2,Image 1,S2P,1,1621,
10.449,,Spot,2,Image 1,S2P,1,1622,
12.3186,,Spot,2,Image 1,S2P,1,1623,
12.4695,,Spot,2,Image 1,S2P,1,1624,
9.76497,,Spot,2,Image 1,S2P,1,1625,
9.9135,,Spot,2,Image 1,S2P,1,1626,
9.67719,,Spot,2,Image 1,S2P,1,1627,
11.2528,,Spot,2,Image 1,S2P,1,1628,
12.2462,,Spot,2,Image 1,S2P,1,1629,
8.09918,,Spot,2,Image 1,S2P,1,1630,
9.54851,,Spot,2,Image 1,S2P,1,1631,
10.3327,,Spot,2,Image 1,S2P,1,1632,
9.79425,,Spot,2,Image 1,S2P,1,1633,
9.54941,,Spot,2,Image 1,S2P,1,1634,
12.9353,,Spot,2,Image 1,S2P,1,1635,
12.592,,Spot,2,Image 1,S2P,1,1636,
9.16611,,Spot,2,Image 1,S2P,1,1637,
9.77256,,Spot,2,Image 1,S2P,1,1638,
10.2688,,Spot,2,Image 1,S2P,1,1639,
7.88219,,Spot,2,Image 1,S2P,1,1640,
9.95315,,Spot,2,Image 1,S2P,1,1641,
8.69244,,Spot,2,Image 1,S2P,1,1642,
10.3849,,Spot,2,Image 1,S2P,1,1643,
12.6099,,Spot,2,Image 1,S2P,1,1644,
8.75169,,Spot,2,Image 1,S2P,1,1645,
11.4202,,Spot,2,Image 1,S2P,1,1646,
9.63473,,Spot,2,Image 1,S2P,1,1647,
12.5587,,Spot,2,Image 1,S2P,1,1648,
7.7736,,Spot,2,Image 1,S2P,1,1649,
7.61622,,Spot,2,Image 1,S2P,1,1650,
10.9858,,Spot,2,Image 1,S2P,1,1651,
6.2809,,Spot,2,Image 1,S2P,1,1652,
8.78679,,Spot,2,Image 1,S2P,1,1653,
8.55642,,Spot,2,Image 1,S2P,1,1654,
11.1493,,Spot,2,Image 1,S2P,1,1655,
16.8451,,Spot,2,Image 1,S2P,1,1656,
16.7323,,Spot,2,Image 1,S2P,1,1657,
9.4976,,Spot,2,Image 1,S2P,1,1658,
9.43387,,Spot,2,Image 1,S2P,1,1659,
13.5171,,Spot,2,Image 1,S2P,1,1660,
8.88665,,Spot,2,Image 1,S2P,1,1661,
10.2162,,Spot,2,Image 1,S2P,1,1662,
10.802,,Spot,2,Image 1,S2P,1,1663,
8.33867,,Spot,2,Image 1,S2P,1,1664,
9.41155,,Spot,2,Image 1,S2P,1,1665,
8.44753,,Spot,2,Image 1,S2P,1,1666,
9.33987,,Spot,2,Image 1,S2P,1,1667,
10.1361,,Spot,2,Image 1,S2P,1,1668,
10.8252,,Spot,2,Image 1,S2P,1,1669,
13.8759,,Spot,2,Image 1,S2P,1,1670,
13.319,,Spot,2,Image 1,S2P,1,1671,
12.575,,Spot,2,Image 1,S2P,1,1672,
10.7315,,Spot,2,Image 1,S2P,1,1673,
7.85285,,Spot,2,Image 1,S2P,1,1674,
11.4897,,Spot,2,Image 1,S2P,1,1675,
11.0837,,Spot,2,Image 1,S2P,1,1676,
8.65386,,Spot,2,Image 1,S2P,1,1677,
6.88606,,Spot,2,Image 1,S2P,1,1678,
9.51625,,Spot,2,Image 1,S2P,1,1679,
9.35571,,Spot,2,Image 1,S2P,1,1680,
9.16238,,Spot,2,Image 1,S2P,1,1681,
9.50365,,Spot,2,Image 1,S2P,1,1682,
7.70408,,Spot,2,Image 1,S2P,1,1683,
9.63771,,Spot,2,Image 1,S2P,1,1684,
9.18433,,Spot,2,Image 1,S2P,1,1685,
9.48851,,Spot,2,Image 1,S2P,1,1686,
12.6154,,Spot,2,Image 1,S2P,1,1687,
10.2217,,Spot,2,Image 1,S2P,1,1688,
11.1843,,Spot,2,Image 1,S2P,1,1689,
9.94411,,Spot,2,Image 1,S2P,1,1690,
9.16293,,Spot,2,Image 1,S2P,1,1691,
6.75021,,Spot,2,Image 1,S2P,1,1692,
8.73519,,Spot,2,Image 1,S2P,1,1693,
9.27666,,Spot,2,Image 1,S2P,1,1694,
12.0096,,Spot,2,Image 1,S2P,1,1695,
9.82419,,Spot,2,Image 1,S2P,1,1696,
9.36523,,Spot,2,Image 1,S2P,1,1697,
14.1267,,Spot,2,Image 1,S2P,1,1698,
8.11765,,Spot,2,Image 1,S2P,1,1699,
9.86064,,Spot,2,Image 1,S2P,1,1700,
11.5922,,Spot,2,Image 1,S2P,1,1701,
13.0853,,Spot,2,Image 1,S2P,1,1702,
7.86635,,Spot,2,Image 1,S2P,1,1703,
9.93674,,Spot,2,Image 1,S2P,1,1704,
11.0952,,Spot,2,Image 1,S2P,1,1705,
11.8516,,Spot,2,Image 1,S2P,1,1706,
13.8525,,Spot,2,Image 1,S2P,1,1707,
8.73747,,Spot,2,Image 1,S2P,1,1708,
13.0524,,Spot,2,Image 1,S2P,1,1709,
10.2798,,Spot,2,Image 1,S2P,1,1710,
10.5699,,Spot,2,Image 1,S2P,1,1711,
8.05159,,Spot,2,Image 1,S2P,1,1712,
9.38622,,Spot,2,Image 1,S2P,1,1713,
11.2002,,Spot,2,Image 1,S2P,1,1714,
13.1954,,Spot,2,Image 1,S2P,1,1715,
9.04346,,Spot,2,Image 1,S2P,1,1716,
10.8158,,Spot,2,Image 1,S2P,1,1717,
8.43972,,Spot,2,Image 1,S2P,1,1718,
9.9049,,Spot,2,Image 1,S2P,1,1719,
9.73792,,Spot,2,Image 1,S2P,1,1720,
11.8052,,Spot,2,Image 1,S2P,1,1721,
9.71428,,Spot,2,Image 1,S2P,1,1722,
13.3609,,Spot,2,Image 1,S2P,1,1723,
6.40131,,Spot,2,Image 1,S2P,1,1724,
9.81548,,Spot,2,Image 1,S2P,1,1725,
12.9387,,Spot,2,Image 1,S2P,1,1726,
9.41897,,Spot,2,Image 1,S2P,1,1727,
14.4539,,Spot,2,Image 1,S2P,1,1728,
14.2216,,Spot,2,Image 1,S2P,1,1729,
14.3697,,Spot,2,Image 1,S2P,1,1730,
11.8345,,Spot,2,Image 1,S2P,1,1731,
10.246,,Spot,2,Image 1,S2P,1,1732,
10.0168,,Spot,2,Image 1,S2P,1,1733,
9.57049,,Spot,2,Image 1,S2P,1,1734,
12.3501,,Spot,2,Image 1,S2P,1,1735,
10.8705,,Spot,2,Image 1,S2P,1,1736,
11.9519,,Spot,2,Image 1,S2P,1,1737,
10.6495,,Spot,2,Image 1,S2P,1,1738,
7.64432,,Spot,2,Image 1,S2P,1,1739,
6.96097,,Spot,2,Image 1,S2P,1,1740,
11.6631,,Spot,2,Image 1,S2P,1,1741,
10.6077,,Spot,2,Image 1,S2P,1,1742,
8.85128,,Spot,2,Image 1,S2P,1,1743,
14.8847,,Spot,2,Image 1,S2P,1,1744,
12.5853,,Spot,2,Image 1,S2P,1,1745,
7.89661,,Spot,2,Image 1,S2P,1,1746,
9.05093,,Spot,2,Image 1,S2P,1,1747,
8.54848,,Spot,2,Image 1,S2P,1,1748,
11.3021,,Spot,2,Image 1,S2P,1,1749,
9.52974,,Spot,2,Image 1,S2P,1,1750,
7.42398,,Spot,2,Image 1,S2P,1,1751,
10.8111,,Spot,2,Image 1,S2P,1,1752,
13.159,,Spot,2,Image 1,S2P,1,1753,
7.15539,,Spot,2,Image 1,S2P,1,1754,
11.536,,Spot,2,Image 1,S2P,1,1755,
11.1901,,Spot,2,Image 1,S2P,1,1756,
12.8785,,Spot,2,Image 1,S2P,1,1757,
11.8509,,Spot,2,Image 1,S2P,1,1758,
13.6124,,Spot,2,Image 1,S2P,1,1759,
11.5834,,Spot,2,Image 1,S2P,1,1760,
13.2198,,Spot,2,Image 1,S2P,1,1761,
8.99366,,Spot,2,Image 1,S2P,1,1762,
7.87151,,Spot,2,Image 1,S2P,1,1763,
10.0044,,Spot,2,Image 1,S2P,1,1764,
10.3404,,Spot,2,Image 1,S2P,1,1765,
9.0885,,Spot,2,Image 1,S2P,1,1766,
10.2253,,Spot,2,Image 1,S2P,1,1767,
11.4289,,Spot,2,Image 1,S2P,1,1768,
10.1954,,Spot,2,Image 1,S2P,1,1769,
8.83467,,Spot,2,Image 1,S2P,1,1770,
11.9804,,Spot,2,Image 1,S2P,1,1771,
11.0266,,Spot,2,Image 1,S2P,1,1772,
9.84323,,Spot,2,Image 1,S2P,1,1773,
10.1668,,Spot,2,Image 1,S2P,1,1774,
10.1185,,Spot,2,Image 1,S2P,1,1775,
10.6263,,Spot,2,Image 1,S2P,1,1776,
9.08619,,Spot,2,Image 1,S2P,1,1777,
11.4683,,Spot,2,Image 1,S2P,1,1778,
10.8876,,Spot,2,Image 1,S2P,1,1779,
8.45542,,Spot,2,Image 1,S2P,1,1780,
9.4025,,Spot,2,Image 1,S2P,1,1781,
6.4383,,Spot,2,Image 1,S2P,1,1782,
10.2156,,Spot,2,Image 1,S2P,1,1783,
15.1217,,Spot,2,Image 1,S2P,1,1784,
11.5061,,Spot,2,Image 1,S2P,1,1785,
12.4849,,Spot,2,Image 1,S2P,1,1786,
11.5654,,Spot,2,Image 1,S2P,1,1787,
9.15073,,Spot,2,Image 1,S2P,1,1788,
8.30406,,Spot,2,Image 1,S2P,1,1789,
8.07278,,Spot,2,Image 1,S2P,1,1790,
8.41716,,Spot,2,Image 1,S2P,1,1791,
11.4061,,Spot,2,Image 1,S2P,1,1792,
9.27615,,Spot,2,Image 1,S2P,1,1793,
10.3558,,Spot,2,Image 1,S2P,1,1794,
7.30891,,Spot,2,Image 1,S2P,1,1795,
11.6229,,Spot,2,Image 1,S2P,1,1796,
13.167,,Spot,2,Image 1,S2P,1,1797,
9.33522,,Spot,2,Image 1,S2P,1,1798,
10.6591,,Spot,2,Image 1,S2P,1,1800,
5.96607,,Spot,2,Image 1,S2P,1,1801,
10.9773,,Spot,2,Image 1,S2P,1,1802,
12.7587,,Spot,2,Image 1,S2P,1,1803,
11.9319,,Spot,2,Image 1,S2P,1,1804,
12.0573,,Spot,2,Image 1,S2P,1,1805,
11.3589,,Spot,2,Image 1,S2P,1,1806,
12.2502,,Spot,2,Image 1,S2P,1,1807,
11.5031,,Spot,2,Image 1,S2P,1,1808,
6.73067,,Spot,2,Image 1,S2P,1,1809,
9.63539,,Spot,2,Image 1,S2P,1,1810,
10.2996,,Spot,2,Image 1,S2P,1,1811,
10.6772,,Spot,2,Image 1,S2P,1,1812,
10.7305,,Spot,2,Image 1,S2P,1,1813,
9.75989,,Spot,2,Image 1,S2P,1,1814,
9.02136,,Spot,2,Image 1,S2P,1,1815,
8.55421,,Spot,2,Image 1,S2P,1,1816,
10.1554,,Spot,2,Image 1,S2P,1,1817,
14.0829,,Spot,2,Image 1,S2P,1,1818,
9.81086,,Spot,2,Image 1,S2P,1,1819,
8.44119,,Spot,2,Image 1,S2P,1,1820,
10.5466,,Spot,2,Image 1,S2P,1,1821,
4.03976,,Spot,2,Image 1,S2P,1,1822,
7.48594,,Spot,2,Image 1,S2P,1,1823,
6.3189,,Spot,2,Image 1,S2P,1,1824,
7.08524,,Spot,2,Image 1,S2P,1,1825,
14.1285,,Spot,2,Image 1,S2P,1,1826,
11.1523,,Spot,2,Image 1,S2P,1,1827,
7.48576,,Spot,2,Image 1,S2P,1,1828,
8.64187,,Spot,2,Image 1,S2P,1,1829,
9.68279,,Spot,2,Image 1,S2P,1,1830,
11.1336,,Spot,2,Image 1,S2P,1,1831,
9.50471,,Spot,2,Image 1,S2P,1,1832,
9.6999,,Spot,2,Image 1,S2P,1,1833,
12.2956,,Spot,2,Image 1,S2P,1,1834,
7.96489,,Spot,2,Image 1,S2P,1,1835,
8.74452,,Spot,2,Image 1,S2P,1,1836,
11.8248,,Spot,2,Image 1,S2P,1,1837,
8.84417,,Spot,2,Image 1,S2P,1,1838,
7.97618,,Spot,2,Image 1,S2P,1,1839,
10.0905,,Spot,2,Image 1,S2P,1,1840,
7.75475,,Spot,2,Image 1,S2P,1,1841,
6.01573,,Spot,2,Image 1,S2P,1,1842,
10.5361,,Spot,2,Image 1,S2P,1,1843,
8.1076,,Spot,2,Image 1,S2P,1,1844,
13.1534,,Spot,2,Image 1,S2P,1,1845,
4.18177,,Spot,2,Image 1,S2P,1,1846,
10.7855,,Spot,2,Image 1,S2P,1,1847,
13.7747,,Spot,2,Image 1,S2P,1,1848,
10.7525,,Spot,2,Image 1,S2P,1,1849,
5.46233,,Spot,2,Image 1,S2P,1,1850,
11.3006,,Spot,2,Image 1,S2P,1,1851,
8.73152,,Spot,2,Image 1,S2P,1,1852,
8.57718,,Spot,2,Image 1,S2P,1,1853,
10.0551,,Spot,2,Image 1,S2P,1,1854,
7.33226,,Spot,2,Image 1,S2P,1,1855,
12.9758,,Spot,2,Image 1,S2P,1,1856,
7.7623,,Spot,2,Image 1,S2P,1,1857,
9.28713,,Spot,2,Image 1,S2P,1,1858,
7.77425,,Spot,2,Image 1,S2P,1,1859,
9.58438,,Spot,2,Image 1,S2P,1,1860,
8.36289,,Spot,2,Image 1,S2P,1,1861,
10.174,,Spot,2,Image 1,S2P,1,1862,
12.2133,,Spot,2,Image 1,S2P,1,1863,
12.2083,,Spot,2,Image 1,S2P,1,1864,
11.565,,Spot,2,Image 1,S2P,1,1865,
8.09463,,Spot,2,Image 1,S2P,1,1866,
10.7016,,Spot,2,Image 1,S2P,1,1867,
11.8634,,Spot,2,Image 1,S2P,1,1868,
9.75663,,Spot,2,Image 1,S2P,1,1869,
9.60353,,Spot,2,Image 1,S2P,1,1870,
7.4709,,Spot,2,Image 1,S2P,1,1871,
7.44722,,Spot,2,Image 1,S2P,1,1872,
8.55025,,Spot,2,Image 1,S2P,1,1873,
10.8057,,Spot,2,Image 1,S2P,1,1874,
7.50604,,Spot,2,Image 1,S2P,1,1875,
10.9532,,Spot,2,Image 1,S2P,1,1876,
9.30049,,Spot,2,Image 1,S2P,1,1877,
8.3312,,Spot,2,Image 1,S2P,1,1878,
13.9042,,Spot,2,Image 1,S2P,1,1879,
10.6637,,Spot,2,Image 1,S2P,1,1880,
9.26122,,Spot,2,Image 1,S2P,1,1881,
7.6411,,Spot,2,Image 1,S2P,1,1882,
9.38879,,Spot,2,Image 1,S2P,1,1883,
10.2525,,Spot,2,Image 1,S2P,1,1884,
6.39226,,Spot,2,Image 1,S2P,1,1885,
11.6655,,Spot,2,Image 1,S2P,1,1886,
10.3393,,Spot,2,Image 1,S2P,1,1887,
7.30002,,Spot,2,Image 1,S2P,1,1888,
9.28609,,Spot,2,Image 1,S2P,1,1889,
5.49212,,Spot,2,Image 1,S2P,1,1890,
4.54187,,Spot,2,Image 1,S2P,1,1891,
7.04091,,Spot,2,Image 1,S2P,1,1892,
10.5903,,Spot,2,Image 1,S2P,1,1893,
8.11554,,Spot,2,Image 1,S2P,1,1894,
2.94236,,Spot,2,Image 1,S2P,1,1895,
12.1977,,Spot,2,Image 1,S2P,1,1896,
8.98749,,Spot,2,Image 1,S2P,1,1897,
9.81795,,Spot,2,Image 1,S2P,1,1898,
13.9458,,Spot,2,Image 1,S2P,1,1899,
11.1926,,Spot,2,Image 1,S2P,1,1900,
13.93,,Spot,2,Image 1,S2P,1,1901,
11.94,,Spot,2,Image 1,S2P,1,1902,
13.2908,,Spot,2,Image 1,S2P,1,1903,
14.5157,,Spot,2,Image 1,S2P,1,1904,
15.4959,,Spot,2,Image 1,S2P,1,1905,
14.8528,,Spot,2,Image 1,S2P,1,1906,
9.59611,,Spot,2,Image 1,S2P,1,1907,
10.2703,,Spot,2,Image 1,S2P,1,1908,
10.5522,,Spot,2,Image 1,S2P,1,1909,
12.5536,,Spot,2,Image 1,S2P,1,1910,
14.3405,,Spot,2,Image 1,S2P,1,1911,
12.1989,,Spot,2,Image 1,S2P,1,1912,
11.8999,,Spot,2,Image 1,S2P,1,1913,
10.0777,,Spot,2,Image 1,S2P,1,1914,
11.0377,,Spot,2,Image 1,S2P,1,1915,
10.8902,,Spot,2,Image 1,S2P,1,1916,
11.4455,,Spot,2,Image 1,S2P,1,1917,
11.4886,,Spot,2,Image 1,S2P,1,1918,
12.3547,,Spot,2,Image 1,S2P,1,1919,
11.6388,,Spot,2,Image 1,S2P,1,1920,
15.3683,,Spot,2,Image 1,S2P,1,1921,
11.1707,,Spot,2,Image 1,S2P,1,1922,
10.3576,,Spot,2,Image 1,S2P,1,1924,
14.6515,,Spot,2,Image 1,S2P,1,1925,
13.7812,,Spot,2,Image 1,S2P,1,1926,
8.30835,,Spot,2,Image 1,S2P,1,1927,
8.57593,,Spot,2,Image 1,S2P,1,1928,
11.7756,,Spot,2,Image 1,S2P,1,1929,
15.5019,,Spot,2,Image 1,S2P,1,1930,
12.594,,Spot,2,Image 1,S2P,1,1931,
12.2879,,Spot,2,Image 1,S2P,1,1932,
11.4505,,Spot,2,Image 1,S2P,1,1933,
13.467,,Spot,2,Image 1,S2P,1,1934,
12.3688,,Spot,2,Image 1,S2P,1,1935,
10.2215,,Spot,2,Image 1,S2P,1,1936,
12.7644,,Spot,2,Image 1,S2P,1,1937,
11.1695,,Spot,2,Image 1,S2P,1,1938,
12.7847,,Spot,2,Image 1,S2P,1,1939,
14.6554,,Spot,2,Image 1,S2P,1,1940,
12.1214,,Spot,2,Image 1,S2P,1,1941,
14.9709,,Spot,2,Image 1,S2P,1,1942,
15.3286,,Spot,2,Image 1,S2P,1,1943,
15.7512,,Spot,2,Image 1,S2P,1,1944,
9.77902,,Spot,2,Image 1,S2P,1,1945,
14.5155,,Spot,2,Image 1,S2P,1,1946,
12.619,,Spot,2,Image 1,S2P,1,1947,
15.87,,Spot,2,Image 1,S2P,1,1948,
10.8264,,Spot,2,Image 1,S2P,1,1949,
8.04331,,Spot,2,Image 1,S2P,1,1950,
14.5602,,Spot,2,Image 1,S2P,1,1951,
9.69195,,Spot,2,Image 1,S2P,1,1952,
11.3315,,Spot,2,Image 1,S2P,1,1953,
10.2517,,Spot,2,Image 1,S2P,1,1954,
10.0716,,Spot,2,Image 1,S2P,1,1955,
11.8831,,Spot,2,Image 1,S2P,1,1956,
13.8673,,Spot,2,Image 1,S2P,1,1957,
9.03552,,Spot,2,Image 1,S2P,1,1958,
12.5774,,Spot,2,Image 1,S2P,1,1959,
9.58871,,Spot,2,Image 1,S2P,1,1960,
14.6948,,Spot,2,Image 1,S2P,1,1961,
8.27369,,Spot,2,Image 1,S2P,1,1962,
12.1186,,Spot,2,Image 1,S2P,1,1963,
16.8036,,Spot,2,Image 1,S2P,1,1964,
8.39057,,Spot,2,Image 1,S2P,1,1965,
12.6415,,Spot,2,Image 1,S2P,1,1966,
14.957,,Spot,2,Image 1,S2P,1,1967,
13.2623,,Spot,2,Image 1,S2P,1,1968,
12.3626,,Spot,2,Image 1,S2P,1,1969,
7.52398,,Spot,2,Image 1,S2P,1,1970,
12.2241,,Spot,2,Image 1,S2P,1,1971,
11.6492,,Spot,2,Image 1,S2P,1,1972,
9.76191,,Spot,2,Image 1,S2P,1,1973,
11.9182,,Spot,2,Image 1,S2P,1,1974,
11.7039,,Spot,2,Image 1,S2P,1,1975,
12.981,,Spot,2,Image 1,S2P,1,1976,
12.5292,,Spot,2,Image 1,S2P,1,1977,
14.9894,,Spot,2,Image 1,S2P,1,1978,
12.7223,,Spot,2,Image 1,S2P,1,1979,
12.0383,,Spot,2,Image 1,S2P,1,1980,
8.16903,,Spot,2,Image 1,S2P,1,1981,
12.8072,,Spot,2,Image 1,S2P,1,1982,
11.9075,,Spot,2,Image 1,S2P,1,1983,
13.8811,,Spot,2,Image 1,S2P,1,1984,
10.779,,Spot,2,Image 1,S2P,1,1985,
7.65158,,Spot,2,Image 1,S2P,1,1986,
10.0172,,Spot,2,Image 1,S2P,1,1987,
8.23989,,Spot,2,Image 1,S2P,1,1988,
11.638,,Spot,2,Image 1,S2P,1,1989,
10.1894,,Spot,2,Image 1,S2P,1,1990,
13.3993,,Spot,2,Image 1,S2P,1,1991,
14.008,,Spot,2,Image 1,S2P,1,1992,
12.018,,Spot,2,Image 1,S2P,1,1993,
9.07581,,Spot,2,Image 1,S2P,1,1994,
12.6863,,Spot,2,Image 1,S2P,1,1995,
10.5852,,Spot,2,Image 1,S2P,1,1996,
8.94888,,Spot,2,Image 1,S2P,1,1997,
10.5665,,Spot,2,Image 1,S2P,1,1998,
8.23741,,Spot,2,Image 1,S2P,1,1999,
14.2157,,Spot,2,Image 1,S2P,1,2000,
7.72845,,Spot,2,Image 1,S2P,1,2001,
9.08917,,Spot,2,Image 1,S2P,1,2002,
9.08151,,Spot,2,Image 1,S2P,1,2003,
9.6797,,Spot,2,Image 1,S2P,1,2004,
11.833,,Spot,2,Image 1,S2P,1,2005,
10.2849,,Spot,2,Image 1,S2P,1,2006,
14.2213,,Spot,2,Image 1,S2P,1,2007,
11.071,,Spot,2,Image 1,S2P,1,2008,
9.27558,,Spot,2,Image 1,S2P,1,2009,
9.92617,,Spot,2,Image 1,S2P,1,2010,
10.7202,,Spot,2,Image 1,S2P,1,2011,
11.6707,,Spot,2,Image 1,S2P,1,2012,
11.4889,,Spot,2,Image 1,S2P,1,2013,
13.4189,,Spot,2,Image 1,S2P,1,2014,
12.9205,,Spot,2,Image 1,S2P,1,2015,
14.5106,,Spot,2,Image 1,S2P,1,2016,
11.828,,Spot,2,Image 1,S2P,1,2017,
9.0162,,Spot,2,Image 1,S2P,1,2018,
8.26941,,Spot,2,Image 1,S2P,1,2019,
8.22732,,Spot,2,Image 1,S2P,1,2020,
9.28135,,Spot,2,Image 1,S2P,1,2021,
12.0572,,Spot,2,Image 1,S2P,1,2022,
10.8145,,Spot,2,Image 1,S2P,1,2023,
6.22836,,Spot,2,Image 1,S2P,1,2024,
6.78166,,Spot,2,Image 1,S2P,1,2025,
15.6001,,Spot,2,Image 1,S2P,1,2026,
8.7239,,Spot,2,Image 1,S2P,1,2027,
7.30341,,Spot,2,Image 1,S2P,1,2028,
8.56964,,Spot,2,Image 1,S2P,1,2029,
9.87279,,Spot,2,Image 1,S2P,1,2030,
10.4897,,Spot,2,Image 1,S2P,1,2031,
8.98438,,Spot,2,Image 1,S2P,1,2032,
9.99515,,Spot,2,Image 1,S2P,1,2033,
6.34495,,Spot,2,Image 1,S2P,1,2034,
12.274,,Spot,2,Image 1,S2P,1,2035,
10.1292,,Spot,2,Image 1,S2P,1,2036,
8.15018,,Spot,2,Image 1,S2P,1,2037,
12.5283,,Spot,2,Image 1,S2P,1,2038,
8.21085,,Spot,2,Image 1,S2P,1,2039,
7.18088,,Spot,2,Image 1,S2P,1,2040,
8.29701,,Spot,2,Image 1,S2P,1,2041,
3.55605,,Spot,2,Image 1,S2P,1,2042,
8.64807,,Spot,2,Image 1,S2P,1,2043,
6.69187,,Spot,2,Image 1,S2P,1,2044,
6.89938,,Spot,2,Image 1,S2P,1,2045,
6.57721,,Spot,2,Image 1,S2P,1,2046,
11.881,,Spot,2,Image 1,S2P,1,2047,
6.36461,,Spot,2,Image 1,S2P,1,2048,
7.12425,,Spot,2,Image 1,S2P,1,2049,
8.57725,,Spot,2,Image 1,S2P,1,2050,
12.0013,,Spot,2,Image 1,S2P,1,2051,
7.40722,,Spot,2,Image 1,S2P,1,2052,
4.07624,,Spot,2,Image 1,S2P,1,2053,
8.91357,,Spot,2,Image 1,S2P,1,2054,
6.00906,,Spot,2,Image 1,S2P,1,2055,
7.9467,,Spot,2,Image 1,S2P,1,2056,
2.72213,,Spot,2,Image 1,S2P,1,2057,
8.81448,,Spot,2,Image 1,S2P,1,2058,
4.64107,,Spot,2,Image 1,S2P,1,2059,
10.684,,Spot,2,Image 1,S2P,1,2060,
5.46013,,Spot,2,Image 1,S2P,1,2061,
5.77452,,Spot,2,Image 1,S2P,1,2062,
3.85761,,Spot,2,Image 1,S2P,1,2063,
9.41739,,Spot,2,Image 1,S2P,1,2064,
4.92681,,Spot,2,Image 1,S2P,1,2065,
2.01196,,Spot,2,Image 1,S2P,1,2066,
15.0606,,Spot,2,Image 1,S2P,1,2067,
9.37956,,Spot,2,Image 1,S2P,1,2068,
6.0056,,Spot,2,Image 1,S2P,1,2069,
7.6177,,Spot,2,Image 1,S2P,1,2070,
6.70752,,Spot,2,Image 1,S2P,1,2071,
7.1011,,Spot,2,Image 1,S2P,1,2072,
4.85334,,Spot,2,Image 1,S2P,1,2073,
9.32948,,Spot,2,Image 1,S2P,1,2074,
6.05348,,Spot,2,Image 1,S2P,1,2075,
12.1381,,Spot,2,Image 1,S2P,1,2076,
7.87023,,Spot,2,Image 1,S2P,1,2077,
8.25576,,Spot,2,Image 1,S2P,1,2078,
4.91696,,Spot,2,Image 1,S2P,1,2079,
4.92259,,Spot,2,Image 1,S2P,1,2080,
3.43897,,Spot,2,Image 1,S2P,1,2081,
8.10826,,Spot,2,Image 1,S2P,1,2082,
4.40434,,Spot,2,Image 1,S2P,1,2083,
9.04917,,Spot,2,Image 1,S2P,1,2084,
9.32082,,Spot,2,Image 1,S2P,1,2085,
5.55795,,Spot,2,Image 1,S2P,1,2086,
11.7971,,Spot,2,Image 1,S2P,1,2087,
6.62032,,Spot,2,Image 1,S2P,1,2088,
6.64099,,Spot,2,Image 1,S2P,1,2089,
14.6932,,Spot,2,Image 1,S2P,1,2090,
9.74418,,Spot,2,Image 1,S2P,1,2091,
11.1448,,Spot,2,Image 1,S2P,1,2092,
6.10843,,Spot,2,Image 1,S2P,1,2093,
8.36902,,Spot,2,Image 1,S2P,1,2094,
5.78577,,Spot,2,Image 1,S2P,1,2095,
3.81994,,Spot,2,Image 1,S2P,1,2096,
6.69408,,Spot,2,Image 1,S2P,1,2097,
9.89478,,Spot,2,Image 1,S2P,1,2098,
3.40821,,Spot,2,Image 1,S2P,1,2099,
2.82288,,Spot,2,Image 1,S2P,1,2100,
5.64711,,Spot,2,Image 1,S2P,1,2101,
9.64606,,Spot,2,Image 1,S2P,1,2102,
10.9319,,Spot,2,Image 1,S2P,1,2103,
3.84857,,Spot,2,Image 1,S2P,1,2104,
4.04054,,Spot,2,Image 1,S2P,1,2105,
7.89708,,Spot,2,Image 1,S2P,1,2106,
6.5754,,Spot,2,Image 1,S2P,1,2107,
5.59069,,Spot,2,Image 1,S2P,1,2108,
5.99073,,Spot,2,Image 1,S2P,1,2109,
3.31929,,Spot,2,Image 1,S2P,1,2110,
5.51141,,Spot,2,Image 1,S2P,1,2111,
8.06335,,Spot,2,Image 1,S2P,1,2112,
8.83265,,Spot,2,Image 1,S2P,1,2113,
1.66838,,Spot,2,Image 1,S2P,1,2114,
6.73691,,Spot,2,Image 1,S2P,1,2115,
2.63857,,Spot,2,Image 1,S2P,1,2116,
4.43757,,Spot,2,Image 1,S2P,1,2117,
2.73736,,Spot,2,Image 1,S2P,1,2118,
2.50443,,Spot,2,Image 1,S2P,1,2119,
4.62666,,Spot,2,Image 1,S2P,1,2120,
4.40383,,Spot,2,Image 1,S2P,1,2121,
5.17232,,Spot,2,Image 1,S2P,1,2122,
9.43846,,Spot,2,Image 1,S2P,1,2123,
12.5177,,Spot,2,Image 1,S2P,1,2124,
7.92766,,Spot,2,Image 1,S2P,1,2125,
11.3832,,Spot,2,Image 1,S2P,1,2126,
6.91908,,Spot,2,Image 1,S2P,1,2127,
7.18448,,Spot,2,Image 1,S2P,1,2128,
6.96656,,Spot,2,Image 1,S2P,1,2129,
12.0185,,Spot,2,Image 1,S2P,1,2130,
11.5385,,Spot,2,Image 1,S2P,1,2131,
11.714,,Spot,2,Image 1,S2P,1,2132,
11.9223,,Spot,2,Image 1,S2P,1,2133,
12.0187,,Spot,2,Image 1,S2P,1,2134,
7.91314,,Spot,2,Image 1,S2P,1,2135,
12.3899,,Spot,2,Image 1,S2P,1,2136,
8.93999,,Spot,2,Image 1,S2P,1,2137,
8.43072,,Spot,2,Image 1,S2P,1,2138,
10.0024,,Spot,2,Image 1,S2P,1,2139,
6.35966,,Spot,2,Image 1,S2P,1,2140,
10.1266,,Spot,2,Image 1,S2P,1,2141,
8.89429,,Spot,2,Image 1,S2P,1,2142,
7.17514,,Spot,2,Image 1,S2P,1,2143,
9.08422,,Spot,2,Image 1,S2P,1,2144,
7.75808,,Spot,2,Image 1,S2P,1,2145,
8.76052,,Spot,2,Image 1,S2P,1,2146,
9.72548,,Spot,2,Image 1,S2P,1,2147,
12.3997,,Spot,2,Image 1,S2P,1,2148,
9.58638,,Spot,2,Image 1,S2P,1,2149,
8.13126,,Spot,2,Image 1,S2P,1,2150,
8.84392,,Spot,2,Image 1,S2P,1,2151,
9.38208,,Spot,2,Image 1,S2P,1,2152,
10.7857,,Spot,2,Image 1,S2P,1,2153,
13.2299,,Spot,2,Image 1,S2P,1,2154,
12.636,,Spot,2,Image 1,S2P,1,2155,
7.93511,,Spot,2,Image 1,S2P,1,2156,
11.092,,Spot,2,Image 1,S2P,1,2157,
11.3814,,Spot,2,Image 1,S2P,1,2158,
14.9677,,Spot,2,Image 1,S2P,1,2159,
12.225,,Spot,2,Image 1,S2P,1,2160,
9.32132,,Spot,2,Image 1,S2P,1,2161,
12.0072,,Spot,2,Image 1,S2P,1,2162,
6.55434,,Spot,2,Image 1,S2P,1,2163,
7.27501,,Spot,2,Image 1,S2P,1,2164,
8.38117,,Spot,2,Image 1,S2P,1,2165,
7.70056,,Spot,2,Image 1,S2P,1,2166,
10.1869,,Spot,2,Image 1,S2P,1,2167,
9.66471,,Spot,2,Image 1,S2P,1,2168,
9.65685,,Spot,2,Image 1,S2P,1,2169,
8.58212,,Spot,2,Image 1,S2P,1,2170,
10.7073,,Spot,2,Image 1,S2P,1,2171,
12.8662,,Spot,2,Image 1,S2P,1,2172,
10.3645,,Spot,2,Image 1,S2P,1,2173,
13.5422,,Spot,2,Image 1,S2P,1,2174,
11.2839,,Spot,2,Image 1,S2P,1,2175,
9.86176,,Spot,2,Image 1,S2P,1,2176,
9.88454,,Spot,2,Image 1,S2P,1,2177,
11.1752,,Spot,2,Image 1,S2P,1,2178,
10.9398,,Spot,2,Image 1,S2P,1,2179,
10.4331,,Spot,2,Image 1,S2P,1,2180,
11.1779,,Spot,2,Image 1,S2P,1,2181,
7.06477,,Spot,2,Image 1,S2P,1,2182,
13.3674,,Spot,2,Image 1,S2P,1,2183,
9.9932,,Spot,2,Image 1,S2P,1,2184,
17.0477,,Spot,2,Image 1,S2P,1,2185,
9.53764,,Spot,2,Image 1,S2P,1,2186,
12.6478,,Spot,2,Image 1,S2P,1,2187,
9.97043,,Spot,2,Image 1,S2P,1,2188,
7.13619,,Spot,2,Image 1,S2P,1,2189,
8.47561,,Spot,2,Image 1,S2P,1,2190,
12.4652,,Spot,2,Image 1,S2P,1,2191,
12.0918,,Spot,2,Image 1,S2P,1,2192,
10.1509,,Spot,2,Image 1,S2P,1,2193,
8.63617,,Spot,2,Image 1,S2P,1,2194,
11.6475,,Spot,2,Image 1,S2P,1,2195,
12.5066,,Spot,2,Image 1,S2P,1,2196,
9.75615,,Spot,2,Image 1,S2P,1,2197,
3.97187,,Spot,2,Image 1,S2P,1,2198,
9.82461,,Spot,2,Image 1,S2P,1,2199,
9.70494,,Spot,2,Image 1,S2P,1,2200,
12.4596,,Spot,2,Image 1,S2P,1,2201,
11.9421,,Spot,2,Image 1,S2P,1,2202,
10.271,,Spot,2,Image 1,S2P,1,2203,
10.4326,,Spot,2,Image 1,S2P,1,2204,
11.4778,,Spot,2,Image 1,S2P,1,2205,
8.34597,,Spot,2,Image 1,S2P,1,2206,
14.1263,,Spot,2,Image 1,S2P,1,2207,
9.63977,,Spot,2,Image 1,S2P,1,2208,
11.9155,,Spot,2,Image 1,S2P,1,2209,
10.2272,,Spot,2,Image 1,S2P,1,2210,
8.19797,,Spot,2,Image 1,S2P,1,2211,
5.3503,,Spot,2,Image 1,S2P,1,2212,
6.87902,,Spot,2,Image 1,S2P,1,2213,
8.37123,,Spot,2,Image 1,S2P,1,2214,
8.81914,,Spot,2,Image 1,S2P,1,2215,
10.1881,,Spot,2,Image 1,S2P,1,2216,
13.8534,,Spot,2,Image 1,S2P,1,2217,
9.96864,,Spot,2,Image 1,S2P,1,2218,
11.5974,,Spot,2,Image 1,S2P,1,2219,
12.482,,Spot,2,Image 1,S2P,1,2220,
9.21533,,Spot,2,Image 1,S2P,1,2221,
9.30297,,Spot,2,Image 1,S2P,1,2222,
9.29912,,Spot,2,Image 1,S2P,1,2223,
6.88623,,Spot,2,Image 1,S2P,1,2224,
5.34701,,Spot,2,Image 1,S2P,1,2225,
6.6214,,Spot,2,Image 1,S2P,1,2226,
5.81806,,Spot,2,Image 1,S2P,1,2227,
6.8425,,Spot,2,Image 1,S2P,1,2228,
7.93521,,Spot,2,Image 1,S2P,1,2229,
12.9594,,Spot,2,Image 1,S2P,1,2230,
12.6933,,Spot,2,Image 1,S2P,1,2231,
7.53445,,Spot,2,Image 1,S2P,1,2232,
7.91025,,Spot,2,Image 1,S2P,1,2233,
6.52265,,Spot,2,Image 1,S2P,1,2234,
9.40236,,Spot,2,Image 1,S2P,1,2235,
8.02153,,Spot,2,Image 1,S2P,1,2236,
9.46165,,Spot,2,Image 1,S2P,1,2237,
7.63349,,Spot,2,Image 1,S2P,1,2238,
11.9544,,Spot,2,Image 1,S2P,1,2239,
7.46618,,Spot,2,Image 1,S2P,1,2240,
13.5282,,Spot,2,Image 1,S2P,1,2241,
8.60628,,Spot,2,Image 1,S2P,1,2242,
14.3715,,Spot,2,Image 1,S2P,1,2243,
8.12677,,Spot,2,Image 1,S2P,1,2244,
10.8612,,Spot,2,Image 1,S2P,1,2245,
7.87516,,Spot,2,Image 1,S2P,1,2246,
12.2108,,Spot,2,Image 1,S2P,1,2247,
11.8167,,Spot,2,Image 1,S2P,1,2248,
5.86779,,Spot,2,Image 1,S2P,1,2249,
4.16818,,Spot,2,Image 1,S2P,1,2250,
8.6291,,Spot,2,Image 1,S2P,1,2251,
7.20804,,Spot,2,Image 1,S2P,1,2252,
12.5271,,Spot,2,Image 1,S2P,1,2253,
12.5223,,Spot,2,Image 1,S2P,1,2254,
8.33858,,Spot,2,Image 1,S2P,1,2255,
8.02629,,Spot,2,Image 1,S2P,1,2256,
9.35802,,Spot,2,Image 1,S2P,1,2257,
11.0811,,Spot,2,Image 1,S2P,1,2258,
10.0991,,Spot,2,Image 1,S2P,1,2259,
13.0424,,Spot,2,Image 1,S2P,1,2260,
8.36351,,Spot,2,Image 1,S2P,1,2261,
8.74869,,Spot,2,Image 1,S2P,1,2262,
9.98574,,Spot,2,Image 1,S2P,1,2263,
7.01853,,Spot,2,Image 1,S2P,1,2264,
7.78327,,Spot,2,Image 1,S2P,1,2265,
11.1437,,Spot,2,Image 1,S2P,1,2266,
7.49208,,Spot,2,Image 1,S2P,1,2267,
7.75779,,Spot,2,Image 1,S2P,1,2268,
9.23226,,Spot,2,Image 1,S2P,1,2269,
9.35257,,Spot,2,Image 1,S2P,1,2270,
10.3315,,Spot,2,Image 1,S2P,1,2271,
7.44686,,Spot,2,Image 1,S2P,1,2272,
9.8556,,Spot,2,Image 1,S2P,1,2273,
9.99222,,Spot,2,Image 1,S2P,1,2274,
4.71238,,Spot,2,Image 1,S2P,1,2275,
4.77335,,Spot,2,Image 1,S2P,1,2276,
7.14335,,Spot,2,Image 1,S2P,1,2277,
6.74902,,Spot,2,Image 1,S2P,1,2278,
10.0443,,Spot,2,Image 1,S2P,1,2279,
6.81378,,Spot,2,Image 1,S2P,1,2280,
4.77078,,Spot,2,Image 1,S2P,1,2281,
10.6034,,Spot,2,Image 1,S2P,1,2282,
12.3523,,Spot,2,Image 1,S2P,1,2283,
9.76031,,Spot,2,Image 1,S2P,1,2284,
10.0068,,Spot,2,Image 1,S2P,1,2286,
7.09698,,Spot,2,Image 1,S2P,1,2287,
8.56102,,Spot,2,Image 1,S2P,1,2288,
7.0556,,Spot,2,Image 1,S2P,1,2289,
4.13538,,Spot,2,Image 1,S2P,1,2290,
4.82204,,Spot,2,Image 1,S2P,1,2291,
5.11075,,Spot,2,Image 1,S2P,1,2292,
6.26018,,Spot,2,Image 1,S2P,1,2293,
8.00872,,Spot,2,Image 1,S2P,1,2294,
3.80723,,Spot,2,Image 1,S2P,1,2295,
9.83126,,Spot,2,Image 1,S2P,1,2296,
10.3574,,Spot,2,Image 1,S2P,1,2297,
7.8784,,Spot,2,Image 1,S2P,1,2298,
13.6569,,Spot,2,Image 1,S2P,1,2299,
10.3995,,Spot,2,Image 1,S2P,1,2300,
11.8183,,Spot,2,Image 1,S2P,1,2301,
6.99141,,Spot,2,Image 1,S2P,1,2302,
12.2008,,Spot,2,Image 1,S2P,1,2303,
9.11076,,Spot,2,Image 1,S2P,1,2304,
8.13292,,Spot,2,Image 1,S2P,1,2305,
9.0645,,Spot,2,Image 1,S2P,1,2306,
3.39072,,Spot,2,Image 1,S2P,1,2307,
3.42204,,Spot,2,Image 1,S2P,1,2308,
5.62757,,Spot,2,Image 1,S2P,1,2309,
4.78808,,Spot,2,Image 1,S2P,1,2310,
4.99675,,Spot,2,Image 1,S2P,1,2311,
8.24025,,Spot,2,Image 1,S2P,1,2312,
12.8241,,Spot,2,Image 1,S2P,1,2313,
11.6124,,Spot,2,Image 1,S2P,1,2314,
8.17364,,Spot,2,Image 1,S2P,1,2315,
8.97971,,Spot,2,Image 1,S2P,1,2316,
5.17422,,Spot,2,Image 1,S2P,1,2317,
6.91941,,Spot,2,Image 1,S2P,1,2318,
6.79844,,Spot,2,Image 1,S2P,1,2319,
6.9635,,Spot,2,Image 1,S2P,1,2320,
10.2248,,Spot,2,Image 1,S2P,1,2321,
9.04024,,Spot,2,Image 1,S2P,1,2322,
10.4645,,Spot,2,Image 1,S2P,1,2323,
5.95702,,Spot,2,Image 1,S2P,1,2324,
7.63596,,Spot,2,Image 1,S2P,1,2325,
5.86514,,Spot,2,Image 1,S2P,1,2326,
8.73871,,Spot,2,Image 1,S2P,1,2327,
9.98954,,Spot,2,Image 1,S2P,1,2328,
3.9559,,Spot,2,Image 1,S2P,1,2329,
3.47822,,Spot,2,Image 1,S2P,1,2330,
10.571,,Spot,2,Image 1,S2P,1,2331,
5.2701,,Spot,2,Image 1,S2P,1,2332,
4.65503,,Spot,2,Image 1,S2P,1,2333,
5.15434,,Spot,2,Image 1,S2P,1,2334,
11.4379,,Spot,2,Image 1,S2P,1,2335,
8.76023,,Spot,2,Image 1,S2P,1,2336,
7.19504,,Spot,2,Image 1,S2P,1,2337,
8.52272,,Spot,2,Image 1,S2P,1,2338,
6.3288,,Spot,2,Image 1,S2P,1,2339,
9.79993,,Spot,2,Image 1,S2P,1,2340,
5.23533,,Spot,2,Image 1,S2P,1,2341,
10.441,,Spot,2,Image 1,S2P,1,2342,
9.97589,,Spot,2,Image 1,S2P,1,2343,
5.85314,,Spot,2,Image 1,S2P,1,2344,
8.70685,,Spot,2,Image 1,S2P,1,2345,
5.89976,,Spot,2,Image 1,S2P,1,2346,
7.32498,,Spot,2,Image 1,S2P,1,2347,
11.769,,Spot,2,Image 1,S2P,1,2348,
4.76582,,Spot,2,Image 1,S2P,1,2349,
4.02054,,Spot,2,Image 1,S2P,1,2350,
11.0914,,Spot,2,Image 1,S2P,1,2351,
3.70742,,Spot,2,Image 1,S2P,1,2352,
7.10752,,Spot,2,Image 1,S2P,1,2353,
5.45938,,Spot,2,Image 1,S2P,1,2354,
3.65122,,Spot,2,Image 1,S2P,1,2355,
9.61194,,Spot,2,Image 1,S2P,1,2356,
8.5691,,Spot,2,Image 1,S2P,1,2357,
9.181,,Spot,2,Image 1,S2P,1,2358,
8.24904,,Spot,2,Image 1,S2P,1,2359,
5.8315,,Spot,2,Image 1,S2P,1,2360,
9.26802,,Spot,2,Image 1,S2P,1,2361,
6.11292,,Spot,2,Image 1,S2P,1,2362,
6.60474,,Spot,2,Image 1,S2P,1,2363,
6.05245,,Spot,2,Image 1,S2P,1,2364,
8.71491,,Spot,2,Image 1,S2P,1,2365,
6.72014,,Spot,2,Image 1,S2P,1,2366,
4.46554,,Spot,2,Image 1,S2P,1,2367,
3.87654,,Spot,2,Image 1,S2P,1,2368,
4.06967,,Spot,2,Image 1,S2P,1,2369,
6.36598,,Spot,2,Image 1,S2P,1,2370,
5.76527,,Spot,2,Image 1,S2P,1,2371,
9.38406,,Spot,2,Image 1,S2P,1,2372,
3.79194,,Spot,2,Image 1,S2P,1,2373,
5.36823,,Spot,2,Image 1,S2P,1,2374,
5.70672,,Spot,2,Image 1,S2P,1,2375,
7.09656,,Spot,2,Image 1,S2P,1,2376,
3.5714,,Spot,2,Image 1,S2P,1,2377,
2.97476,,Spot,2,Image 1,S2P,1,2378,
4.52153,,Spot,2,Image 1,S2P,1,2379,
6.11582,,Spot,2,Image 1,S2P,1,2380,
9.27004,,Spot,2,Image 1,S2P,1,2381,
8.58738,,Spot,2,Image 1,S2P,1,2382,
10.1633,,Spot,2,Image 1,S2P,1,2383,
10.9019,,Spot,2,Image 1,S2P,1,2384,
10.391,,Spot,2,Image 1,S2P,1,2385,
13.732,,Spot,2,Image 1,S2P,1,2386,
13.9829,,Spot,2,Image 1,S2P,1,2387,
10.3046,,Spot,2,Image 1,S2P,1,2388,
12.9462,,Spot,2,Image 1,S2P,1,2389,
11.8465,,Spot,2,Image 1,S2P,1,2390,
10.6675,,Spot,2,Image 1,S2P,1,2391,
9.51586,,Spot,2,Image 1,S2P,1,2392,
11.7907,,Spot,2,Image 1,S2P,1,2393,
11.9885,,Spot,2,Image 1,S2P,1,2394,
9.25307,,Spot,2,Image 1,S2P,1,2395,
9.27829,,Spot,2,Image 1,S2P,1,2396,
10.1513,,Spot,2,Image 1,S2P,1,2397,
9.95722,,Spot,2,Image 1,S2P,1,2398,
10.6779,,Spot,2,Image 1,S2P,1,2399,
9.57747,,Spot,2,Image 1,S2P,1,2400,
10.2509,,Spot,2,Image 1,S2P,1,2401,
10.5262,,Spot,2,Image 1,S2P,1,2402,
9.0055,,Spot,2,Image 1,S2P,1,2403,
9.82684,,Spot,2,Image 1,S2P,1,2404,
11.355,,Spot,2,Image 1,S2P,1,2405,
8.85508,,Spot,2,Image 1,S2P,1,2406,
9.62319,,Spot,2,Image 1,S2P,1,2408,
11.6056,,Spot,2,Image 1,S2P,1,2409,
11.0847,,Spot,2,Image 1,S2P,1,2410,
14.3065,,Spot,2,Image 1,S2P,1,2411,
12.3603,,Spot,2,Image 1,S2P,1,2412,
13.315,,Spot,2,Image 1,S2P,1,2413,
10.1662,,Spot,2,Image 1,S2P,1,2414,
11.3001,,Spot,2,Image 1,S2P,1,2415,
8.31284,,Spot,2,Image 1,S2P,1,2416,
10.7474,,Spot,2,Image 1,S2P,1,2417,
15.2975,,Spot,2,Image 1,S2P,1,2418,
11.7184,,Spot,2,Image 1,S2P,1,2419,
10.4804,,Spot,2,Image 1,S2P,1,2420,
14.2624,,Spot,2,Image 1,S2P,1,2421,
7.14883,,Spot,2,Image 1,S2P,1,2422,
9.87667,,Spot,2,Image 1,S2P,1,2423,
8.29849,,Spot,2,Image 1,S2P,1,2424,
11.123,,Spot,2,Image 1,S2P,1,2425,
7.25675,,Spot,2,Image 1,S2P,1,2426,
11.4307,,Spot,2,Image 1,S2P,1,2427,
9.53645,,Spot,2,Image 1,S2P,1,2428,
7.44424,,Spot,2,Image 1,S2P,1,2429,
9.73515,,Spot,2,Image 1,S2P,1,2430,
10.1697,,Spot,2,Image 1,S2P,1,2431,
11.274,,Spot,2,Image 1,S2P,1,2432,
9.7151,,Spot,2,Image 1,S2P,1,2433,
13.1669,,Spot,2,Image 1,S2P,1,2434,
13.0698,,Spot,2,Image 1,S2P,1,2435,
8.85371,,Spot,2,Image 1,S2P,1,2436,
9.8002,,Spot,2,Image 1,S2P,1,2437,
9.04233,,Spot,2,Image 1,S2P,1,2438,
10.0216,,Spot,2,Image 1,S2P,1,2439,
7.06174,,Spot,2,Image 1,S2P,1,2440,
9.28097,,Spot,2,Image 1,S2P,1,2441,
15.8362,,Spot,2,Image 1,S2P,1,2442,
9.76245,,Spot,2,Image 1,S2P,1,2443,
9.61966,,Spot,2,Image 1,S2P,1,2444,
12.0636,,Spot,2,Image 1,S2P,1,2445,
7.74573,,Spot,2,Image 1,S2P,1,2446,
12.8527,,Spot,2,Image 1,S2P,1,2447,
6.74821,,Spot,2,Image 1,S2P,1,2448,
15.7356,,Spot,2,Image 1,S2P,1,2449,
9.98038,,Spot,2,Image 1,S2P,1,2450,
12.0895,,Spot,2,Image 1,S2P,1,2451,
9.72554,,Spot,2,Image 1,S2P,1,2452,
6.67905,,Spot,2,Image 1,S2P,1,2453,
8.71753,,Spot,2,Image 1,S2P,1,2455,
9.77659,,Spot,2,Image 1,S2P,1,2456,
7.73802,,Spot,2,Image 1,S2P,1,2457,
7.36311,,Spot,2,Image 1,S2P,1,2458,
7.33604,,Spot,2,Image 1,S2P,1,2459,
10.9264,,Spot,2,Image 1,S2P,1,2460,
8.53129,,Spot,2,Image 1,S2P,1,2461,
7.03254,,Spot,2,Image 1,S2P,1,2462,
11.9795,,Spot,2,Image 1,S2P,1,2463,
8.95103,,Spot,2,Image 1,S2P,1,2464,
10.7764,,Spot,2,Image 1,S2P,1,2465,
7.01548,,Spot,2,Image 1,S2P,1,2466,
12.0924,,Spot,2,Image 1,S2P,1,2467,
9.50978,,Spot,2,Image 1,S2P,1,2468,
8.77281,,Spot,2,Image 1,S2P,1,2469,
5.13579,,Spot,2,Image 1,S2P,1,2470,
8.86777,,Spot,2,Image 1,S2P,1,2471,
5.22058,,Spot,2,Image 1,S2P,1,2472,
8.55714,,Spot,2,Image 1,S2P,1,2473,
8.5841,,Spot,2,Image 1,S2P,1,2474,
9.44589,,Spot,2,Image 1,S2P,1,2475,
6.34668,,Spot,2,Image 1,S2P,1,2476,
5.82917,,Spot,2,Image 1,S2P,1,2477,
8.48757,,Spot,2,Image 1,S2P,1,2478,
7.34547,,Spot,2,Image 1,S2P,1,2479,
6.48835,,Spot,2,Image 1,S2P,1,2480,
13.6752,,Spot,2,Image 1,S2P,1,2481,
7.5734,,Spot,2,Image 1,S2P,1,2482,
7.71962,,Spot,2,Image 1,S2P,1,2483,
12.477,,Spot,2,Image 1,S2P,1,2484,
10.4228,,Spot,2,Image 1,S2P,1,2485,
8.8006,,Spot,2,Image 1,S2P,1,2486,
4.63964,,Spot,2,Image 1,S2P,1,2487,
9.80854,,Spot,2,Image 1,S2P,1,2488,
5.69459,,Spot,2,Image 1,S2P,1,2489,
4.27932,,Spot,2,Image 1,S2P,1,2490,
6.4095,,Spot,2,Image 1,S2P,1,2491,
10.8877,,Spot,2,Image 1,S2P,1,2492,
8.87127,,Spot,2,Image 1,S2P,1,2493,
7.2749,,Spot,2,Image 1,S2P,1,2494,
7.46464,,Spot,2,Image 1,S2P,1,2495,
3.0937,,Spot,2,Image 1,S2P,1,2496,
10.1274,,Spot,2,Image 1,S2P,1,2497,
8.63198,,Spot,2,Image 1,S2P,1,2498,
10.1507,,Spot,2,Image 1,S2P,1,2499,
6.95039,,Spot,2,Image 1,S2P,1,2500,
3.38241,,Spot,2,Image 1,S2P,1,2501,
4.79142,,Spot,2,Image 1,S2P,1,2502,
3.35651,,Spot,2,Image 1,S2P,1,2503,
8.82455,,Spot,2,Image 1,S2P,1,2504,
5.23994,,Spot,2,Image 1,S2P,1,2505,
8.73384,,Spot,2,Image 1,S2P,1,2506,
3.27388,,Spot,2,Image 1,S2P,1,2507,
6.15082,,Spot,2,Image 1,S2P,1,2508,
4.39998,,Spot,2,Image 1,S2P,1,2509,
5.46043,,Spot,2,Image 1,S2P,1,2510,
7.57396,,Spot,2,Image 1,S2P,1,2511,
8.14664,,Spot,2,Image 1,S2P,1,2512,
6.67746,,Spot,2,Image 1,S2P,1,2513,
6.96285,,Spot,2,Image 1,S2P,1,2514,
6.54988,,Spot,2,Image 1,S2P,1,2515,
9.29561,,Spot,2,Image 1,S2P,1,2516,
10.372,,Spot,2,Image 1,S2P,1,2517,
10.3802,,Spot,2,Image 1,S2P,1,2518,
9.99815,,Spot,2,Image 1,S2P,1,2519,
8.8893,,Spot,2,Image 1,S2P,1,2520,
5.55595,,Spot,2,Image 1,S2P,1,2521,
4.22567,,Spot,2,Image 1,S2P,1,2522,
9.43368,,Spot,2,Image 1,S2P,1,2523,
8.54881,,Spot,2,Image 1,S2P,1,2524,
5.5813,,Spot,2,Image 1,S2P,1,2525,
5.84523,,Spot,2,Image 1,S2P,1,2526,
7.76247,,Spot,2,Image 1,S2P,1,2527,
6.31175,,Spot,2,Image 1,S2P,1,2528,
6.34239,,Spot,2,Image 1,S2P,1,2529,
7.52152,,Spot,2,Image 1,S2P,1,2530,
9.47214,,Spot,2,Image 1,S2P,1,2531,
9.23112,,Spot,2,Image 1,S2P,1,2532,
5.89288,,Spot,2,Image 1,S2P,1,2533,
6.07665,,Spot,2,Image 1,S2P,1,2534,
3.40697,,Spot,2,Image 1,S2P,1,2535,
8.6975,,Spot,2,Image 1,S2P,1,2536,
11.8007,,Spot,2,Image 1,S2P,1,2537,
7.64694,,Spot,2,Image 1,S2P,1,2538,
6.72884,,Spot,2,Image 1,S2P,1,2539,
6.188,,Spot,2,Image 1,S2P,1,2540,
9.43689,,Spot,2,Image 1,S2P,1,2541,
8.86456,,Spot,2,Image 1,S2P,1,2542,
10.563,,Spot,2,Image 1,S2P,1,2543,
6.44244,,Spot,2,Image 1,S2P,1,2544,
3.48944,,Spot,2,Image 1,S2P,1,2545,
8.06673,,Spot,2,Image 1,S2P,1,2546,
5.18052,,Spot,2,Image 1,S2P,1,2547,
4.33228,,Spot,2,Image 1,S2P,1,2548,
4.75593,,Spot,2,Image 1,S2P,1,2549,
4.10683,,Spot,2,Image 1,S2P,1,2550,
8.48563,,Spot,2,Image 1,S2P,1,2551,
8.60414,,Spot,2,Image 1,S2P,1,2552,
5.89022,,Spot,2,Image 1,S2P,1,2553,
6.70454,,Spot,2,Image 1,S2P,1,2554,
3.23115,,Spot,2,Image 1,S2P,1,2555,
3.89958,,Spot,2,Image 1,S2P,1,2556,
5.75482,,Spot,2,Image 1,S2P,1,2557,
1.37249,,Spot,2,Image 1,S2P,1,2558,
5.0541,,Spot,2,Image 1,S2P,1,2559,
4.10023,,Spot,2,Image 1,S2P,1,2560,
4.64904,,Spot,2,Image 1,S2P,1,2561,
6.74476,,Spot,2,Image 1,S2P,1,2562,
7.80144,,Spot,2,Image 1,S2P,1,2563,
2.50341,,Spot,2,Image 1,S2P,1,2564,
9.03057,,Spot,2,Image 1,S2P,1,2565,
2.00986,,Spot,2,Image 1,S2P,1,2566,
2.8102,,Spot,2,Image 1,S2P,1,2567,
2.56208,,Spot,2,Image 1,S2P,1,2568,
5.70021,,Spot,2,Image 1,S2P,1,2569,
2.4531,,Spot,2,Image 1,S2P,1,2570,
4.996,,Spot,2,Image 1,S2P,1,2571,
9.45758,,Spot,2,Image 1,S2P,1,2572,
10.6852,,Spot,2,Image 1,S2P,1,2573,
6.31665,,Spot,2,Image 1,S2P,1,2574,
7.05549,,Spot,2,Image 1,S2P,1,2575,
4.63361,,Spot,2,Image 1,S2P,1,2576,
3.25139,,Spot,2,Image 1,S2P,1,2577,
2.30936,,Spot,2,Image 1,S2P,1,2578,
8.1344,,Spot,2,Image 1,S2P,1,2579,
5.52829,,Spot,2,Image 1,S2P,1,2580,
3.0899,,Spot,2,Image 1,S2P,1,2581,
2.1868,,Spot,2,Image 1,S2P,1,2582,
3.94094,,Spot,2,Image 1,S2P,1,2583,
2.08492,,Spot,2,Image 1,S2P,1,2584,
7.45403,,Spot,2,Image 1,S2P,1,2585,
8.34969,,Spot,2,Image 1,S2P,1,2586,
8.84419,,Spot,2,Image 1,S2P,1,2587,
5.54065,,Spot,2,Image 1,S2P,1,2588,
5.74708,,Spot,2,Image 1,S2P,1,2589,
3.27576,,Spot,2,Image 1,S2P,1,2590,
6.17099,,Spot,2,Image 1,S2P,1,2591,
5.25239,,Spot,2,Image 1,S2P,1,2592,
3.50119,,Spot,2,Image 1,S2P,1,2593,
2.98069,,Spot,2,Image 1,S2P,1,2594,
1.51693,,Spot,2,Image 1,S2P,1,2595,
