
Shortest Distance to Surfaces Surfaces=Nucleus
 ==================== 
Shortest Distance to Surfaces,Unit,Category,Surfaces,Surpass Object,Time,ID,
0.0117958,um,Spot,Nucleus,S2P,1,0,
-0.00791323,um,Spot,Nucleus,S2P,1,1,
-0.0112581,um,Spot,Nucleus,S2P,1,2,
-0.00217522,um,Spot,Nucleus,S2P,1,3,
-0.0100214,um,Spot,Nucleus,S2P,1,4,
-0.0296284,um,Spot,Nucleus,S2P,1,5,
-0.0480406,um,Spot,Nucleus,S2P,1,6,
-0.00964727,um,Spot,Nucleus,S2P,1,7,
-0.00790108,um,Spot,Nucleus,S2P,1,8,
-0.0969056,um,Spot,Nucleus,S2P,1,9,
-0.0381157,um,Spot,Nucleus,S2P,1,10,
-0.058079,um,Spot,Nucleus,S2P,1,11,
-0.236386,um,Spot,Nucleus,S2P,1,12,
-0.175314,um,Spot,Nucleus,S2P,1,13,
-0.326628,um,Spot,Nucleus,S2P,1,14,
-0.118133,um,Spot,Nucleus,S2P,1,15,
-0.00503051,um,Spot,Nucleus,S2P,1,16,
-0.454368,um,Spot,Nucleus,S2P,1,17,
0.0266711,um,Spot,Nucleus,S2P,1,18,
-0.0377426,um,Spot,Nucleus,S2P,1,19,
-0.317314,um,Spot,Nucleus,S2P,1,20,
-0.290767,um,Spot,Nucleus,S2P,1,21,
-0.626429,um,Spot,Nucleus,S2P,1,22,
-0.447622,um,Spot,Nucleus,S2P,1,23,
-0.0552874,um,Spot,Nucleus,S2P,1,24,
-0.252507,um,Spot,Nucleus,S2P,1,25,
-0.0270958,um,Spot,Nucleus,S2P,1,26,
0.0185458,um,Spot,Nucleus,S2P,1,27,
-0.126973,um,Spot,Nucleus,S2P,1,28,
0.00593031,um,Spot,Nucleus,S2P,1,29,
0.0035715,um,Spot,Nucleus,S2P,1,30,
0.00546506,um,Spot,Nucleus,S2P,1,31,
-0.134677,um,Spot,Nucleus,S2P,1,32,
-0.105211,um,Spot,Nucleus,S2P,1,33,
-0.00556541,um,Spot,Nucleus,S2P,1,34,
-0.0490856,um,Spot,Nucleus,S2P,1,35,
-0.753174,um,Spot,Nucleus,S2P,1,36,
-0.0300522,um,Spot,Nucleus,S2P,1,37,
-0.111291,um,Spot,Nucleus,S2P,1,38,
-0.0154297,um,Spot,Nucleus,S2P,1,39,
-0.0174141,um,Spot,Nucleus,S2P,1,40,
-0.0549306,um,Spot,Nucleus,S2P,1,41,
0.00042091,um,Spot,Nucleus,S2P,1,42,
-0.0551508,um,Spot,Nucleus,S2P,1,43,
-0.0356163,um,Spot,Nucleus,S2P,1,44,
-0.046104,um,Spot,Nucleus,S2P,1,45,
-0.0847727,um,Spot,Nucleus,S2P,1,46,
-0.17638,um,Spot,Nucleus,S2P,1,47,
-0.234756,um,Spot,Nucleus,S2P,1,48,
-0.100934,um,Spot,Nucleus,S2P,1,49,
-0.27032,um,Spot,Nucleus,S2P,1,50,
-0.239615,um,Spot,Nucleus,S2P,1,51,
-0.0095663,um,Spot,Nucleus,S2P,1,52,
-0.203332,um,Spot,Nucleus,S2P,1,53,
-0.328442,um,Spot,Nucleus,S2P,1,54,
-0.0756131,um,Spot,Nucleus,S2P,1,55,
-0.222378,um,Spot,Nucleus,S2P,1,56,
-0.427241,um,Spot,Nucleus,S2P,1,57,
-0.365907,um,Spot,Nucleus,S2P,1,58,
-0.166109,um,Spot,Nucleus,S2P,1,59,
-0.477482,um,Spot,Nucleus,S2P,1,60,
-0.535643,um,Spot,Nucleus,S2P,1,61,
-0.521495,um,Spot,Nucleus,S2P,1,62,
-0.0277137,um,Spot,Nucleus,S2P,1,63,
-0.0318868,um,Spot,Nucleus,S2P,1,64,
-0.106036,um,Spot,Nucleus,S2P,1,65,
-0.372573,um,Spot,Nucleus,S2P,1,66,
-0.598096,um,Spot,Nucleus,S2P,1,67,
-0.160233,um,Spot,Nucleus,S2P,1,68,
0.00601833,um,Spot,Nucleus,S2P,1,69,
-0.241176,um,Spot,Nucleus,S2P,1,70,
-0.707226,um,Spot,Nucleus,S2P,1,71,
-0.0756994,um,Spot,Nucleus,S2P,1,72,
-0.221967,um,Spot,Nucleus,S2P,1,73,
-0.310941,um,Spot,Nucleus,S2P,1,74,
-0.740218,um,Spot,Nucleus,S2P,1,75,
-0.2008,um,Spot,Nucleus,S2P,1,76,
-0.703506,um,Spot,Nucleus,S2P,1,77,
-0.587999,um,Spot,Nucleus,S2P,1,78,
-0.0729128,um,Spot,Nucleus,S2P,1,79,
-0.122391,um,Spot,Nucleus,S2P,1,80,
-0.0994595,um,Spot,Nucleus,S2P,1,81,
-0.00656225,um,Spot,Nucleus,S2P,1,82,
-0.0209989,um,Spot,Nucleus,S2P,1,83,
-0.12856,um,Spot,Nucleus,S2P,1,84,
-0.0412924,um,Spot,Nucleus,S2P,1,85,
-0.0710504,um,Spot,Nucleus,S2P,1,86,
-0.0575573,um,Spot,Nucleus,S2P,1,87,
-0.0498567,um,Spot,Nucleus,S2P,1,88,
-0.257189,um,Spot,Nucleus,S2P,1,89,
-0.293403,um,Spot,Nucleus,S2P,1,90,
-0.374089,um,Spot,Nucleus,S2P,1,91,
-0.146747,um,Spot,Nucleus,S2P,1,92,
-0.0791391,um,Spot,Nucleus,S2P,1,93,
-0.556399,um,Spot,Nucleus,S2P,1,94,
-0.0836002,um,Spot,Nucleus,S2P,1,95,
-0.264975,um,Spot,Nucleus,S2P,1,96,
-0.0545431,um,Spot,Nucleus,S2P,1,97,
-0.0460994,um,Spot,Nucleus,S2P,1,98,
-0.035471,um,Spot,Nucleus,S2P,1,99,
-0.0356365,um,Spot,Nucleus,S2P,1,100,
-0.0983785,um,Spot,Nucleus,S2P,1,101,
-0.0911818,um,Spot,Nucleus,S2P,1,102,
-0.0326822,um,Spot,Nucleus,S2P,1,103,
-0.186886,um,Spot,Nucleus,S2P,1,104,
-0.243184,um,Spot,Nucleus,S2P,1,105,
-0.150077,um,Spot,Nucleus,S2P,1,106,
-0.0262952,um,Spot,Nucleus,S2P,1,107,
-0.0980346,um,Spot,Nucleus,S2P,1,108,
-0.176232,um,Spot,Nucleus,S2P,1,109,
-0.11621,um,Spot,Nucleus,S2P,1,110,
-0.0317533,um,Spot,Nucleus,S2P,1,111,
-0.394263,um,Spot,Nucleus,S2P,1,112,
-0.136059,um,Spot,Nucleus,S2P,1,113,
-0.526072,um,Spot,Nucleus,S2P,1,114,
-0.0111847,um,Spot,Nucleus,S2P,1,115,
-0.097493,um,Spot,Nucleus,S2P,1,116,
-0.0742955,um,Spot,Nucleus,S2P,1,117,
-0.15403,um,Spot,Nucleus,S2P,1,118,
-0.481519,um,Spot,Nucleus,S2P,1,119,
-0.0286267,um,Spot,Nucleus,S2P,1,120,
-0.0584349,um,Spot,Nucleus,S2P,1,121,
-0.160048,um,Spot,Nucleus,S2P,1,122,
-0.0385095,um,Spot,Nucleus,S2P,1,123,
-0.0763093,um,Spot,Nucleus,S2P,1,124,
0.00180783,um,Spot,Nucleus,S2P,1,125,
-0.197785,um,Spot,Nucleus,S2P,1,126,
-0.452583,um,Spot,Nucleus,S2P,1,127,
-0.867977,um,Spot,Nucleus,S2P,1,128,
-0.284132,um,Spot,Nucleus,S2P,1,129,
-0.200933,um,Spot,Nucleus,S2P,1,130,
-0.837182,um,Spot,Nucleus,S2P,1,131,
-0.420374,um,Spot,Nucleus,S2P,1,132,
-0.81459,um,Spot,Nucleus,S2P,1,133,
0.0101965,um,Spot,Nucleus,S2P,1,134,
-0.0294479,um,Spot,Nucleus,S2P,1,135,
-0.57908,um,Spot,Nucleus,S2P,1,136,
-0.383622,um,Spot,Nucleus,S2P,1,137,
-0.404472,um,Spot,Nucleus,S2P,1,138,
-0.348849,um,Spot,Nucleus,S2P,1,139,
-0.215474,um,Spot,Nucleus,S2P,1,140,
-0.271521,um,Spot,Nucleus,S2P,1,141,
-0.828881,um,Spot,Nucleus,S2P,1,142,
0.0254341,um,Spot,Nucleus,S2P,1,143,
-0.540256,um,Spot,Nucleus,S2P,1,144,
-0.0245149,um,Spot,Nucleus,S2P,1,145,
0.0173643,um,Spot,Nucleus,S2P,1,146,
-0.00525122,um,Spot,Nucleus,S2P,1,147,
-0.0668688,um,Spot,Nucleus,S2P,1,148,
-0.227621,um,Spot,Nucleus,S2P,1,149,
-0.118538,um,Spot,Nucleus,S2P,1,150,
0.0224624,um,Spot,Nucleus,S2P,1,151,
-0.0272254,um,Spot,Nucleus,S2P,1,152,
-0.0316281,um,Spot,Nucleus,S2P,1,153,
0.00634838,um,Spot,Nucleus,S2P,1,154,
-0.160506,um,Spot,Nucleus,S2P,1,155,
0.00215677,um,Spot,Nucleus,S2P,1,156,
-0.0379407,um,Spot,Nucleus,S2P,1,157,
-0.488011,um,Spot,Nucleus,S2P,1,158,
-0.359357,um,Spot,Nucleus,S2P,1,159,
-0.534998,um,Spot,Nucleus,S2P,1,160,
-0.205105,um,Spot,Nucleus,S2P,1,161,
-0.242202,um,Spot,Nucleus,S2P,1,162,
-0.0608189,um,Spot,Nucleus,S2P,1,163,
-0.00710355,um,Spot,Nucleus,S2P,1,164,
-0.686574,um,Spot,Nucleus,S2P,1,165,
-0.480431,um,Spot,Nucleus,S2P,1,166,
0.00595615,um,Spot,Nucleus,S2P,1,167,
-0.0734826,um,Spot,Nucleus,S2P,1,168,
-0.727023,um,Spot,Nucleus,S2P,1,169,
-0.0134623,um,Spot,Nucleus,S2P,1,170,
-0.0685927,um,Spot,Nucleus,S2P,1,171,
-0.0147086,um,Spot,Nucleus,S2P,1,172,
-0.673727,um,Spot,Nucleus,S2P,1,173,
-0.335592,um,Spot,Nucleus,S2P,1,174,
-0.160815,um,Spot,Nucleus,S2P,1,175,
-0.121219,um,Spot,Nucleus,S2P,1,176,
-0.237573,um,Spot,Nucleus,S2P,1,177,
-0.00322705,um,Spot,Nucleus,S2P,1,178,
-0.111171,um,Spot,Nucleus,S2P,1,179,
-0.185441,um,Spot,Nucleus,S2P,1,180,
-0.684861,um,Spot,Nucleus,S2P,1,181,
-0.0309948,um,Spot,Nucleus,S2P,1,182,
-0.777895,um,Spot,Nucleus,S2P,1,183,
0.00131288,um,Spot,Nucleus,S2P,1,184,
-0.0295894,um,Spot,Nucleus,S2P,1,185,
-0.236065,um,Spot,Nucleus,S2P,1,186,
-1.01358,um,Spot,Nucleus,S2P,1,187,
-0.715211,um,Spot,Nucleus,S2P,1,188,
-0.0702524,um,Spot,Nucleus,S2P,1,189,
-0.199625,um,Spot,Nucleus,S2P,1,190,
-0.0650819,um,Spot,Nucleus,S2P,1,191,
-0.0258876,um,Spot,Nucleus,S2P,1,192,
-0.045416,um,Spot,Nucleus,S2P,1,193,
-0.721515,um,Spot,Nucleus,S2P,1,194,
-0.0342409,um,Spot,Nucleus,S2P,1,195,
-0.1305,um,Spot,Nucleus,S2P,1,196,
-0.221222,um,Spot,Nucleus,S2P,1,197,
-0.0344501,um,Spot,Nucleus,S2P,1,198,
-0.0743684,um,Spot,Nucleus,S2P,1,199,
-0.13616,um,Spot,Nucleus,S2P,1,200,
-0.115142,um,Spot,Nucleus,S2P,1,201,
-0.0654731,um,Spot,Nucleus,S2P,1,202,
-0.0160852,um,Spot,Nucleus,S2P,1,203,
-0.117171,um,Spot,Nucleus,S2P,1,204,
-0.00397703,um,Spot,Nucleus,S2P,1,205,
-0.00527347,um,Spot,Nucleus,S2P,1,206,
-0.0692657,um,Spot,Nucleus,S2P,1,207,
-0.118539,um,Spot,Nucleus,S2P,1,208,
-0.282882,um,Spot,Nucleus,S2P,1,209,
-0.160425,um,Spot,Nucleus,S2P,1,210,
-0.472924,um,Spot,Nucleus,S2P,1,211,
-0.0380482,um,Spot,Nucleus,S2P,1,212,
-0.131428,um,Spot,Nucleus,S2P,1,213,
-0.293619,um,Spot,Nucleus,S2P,1,214,
-0.314096,um,Spot,Nucleus,S2P,1,215,
-0.0960364,um,Spot,Nucleus,S2P,1,216,
-0.508495,um,Spot,Nucleus,S2P,1,217,
-0.483776,um,Spot,Nucleus,S2P,1,218,
-0.402587,um,Spot,Nucleus,S2P,1,219,
-0.0858497,um,Spot,Nucleus,S2P,1,220,
-0.0205917,um,Spot,Nucleus,S2P,1,221,
-0.165858,um,Spot,Nucleus,S2P,1,222,
-0.079197,um,Spot,Nucleus,S2P,1,223,
-0.0516799,um,Spot,Nucleus,S2P,1,224,
-0.321214,um,Spot,Nucleus,S2P,1,225,
-0.129244,um,Spot,Nucleus,S2P,1,226,
-0.216726,um,Spot,Nucleus,S2P,1,227,
-0.274017,um,Spot,Nucleus,S2P,1,228,
-0.659326,um,Spot,Nucleus,S2P,1,229,
-0.0860178,um,Spot,Nucleus,S2P,1,230,
-0.235335,um,Spot,Nucleus,S2P,1,231,
-0.194465,um,Spot,Nucleus,S2P,1,232,
-0.0749176,um,Spot,Nucleus,S2P,1,233,
-0.21691,um,Spot,Nucleus,S2P,1,234,
-0.459936,um,Spot,Nucleus,S2P,1,235,
-0.576303,um,Spot,Nucleus,S2P,1,236,
-0.514711,um,Spot,Nucleus,S2P,1,237,
-0.114462,um,Spot,Nucleus,S2P,1,238,
-0.272952,um,Spot,Nucleus,S2P,1,239,
-0.414232,um,Spot,Nucleus,S2P,1,240,
-0.309914,um,Spot,Nucleus,S2P,1,241,
-0.307132,um,Spot,Nucleus,S2P,1,242,
-1.14706,um,Spot,Nucleus,S2P,1,243,
-0.842035,um,Spot,Nucleus,S2P,1,244,
-0.0337685,um,Spot,Nucleus,S2P,1,245,
-0.263544,um,Spot,Nucleus,S2P,1,246,
-0.407922,um,Spot,Nucleus,S2P,1,247,
-0.101113,um,Spot,Nucleus,S2P,1,248,
-0.757547,um,Spot,Nucleus,S2P,1,249,
-0.185244,um,Spot,Nucleus,S2P,1,250,
-0.352724,um,Spot,Nucleus,S2P,1,251,
-0.233109,um,Spot,Nucleus,S2P,1,252,
-0.964464,um,Spot,Nucleus,S2P,1,253,
-0.0719132,um,Spot,Nucleus,S2P,1,254,
-0.465058,um,Spot,Nucleus,S2P,1,255,
-0.535599,um,Spot,Nucleus,S2P,1,256,
-0.47189,um,Spot,Nucleus,S2P,1,257,
-0.0140953,um,Spot,Nucleus,S2P,1,258,
-0.274704,um,Spot,Nucleus,S2P,1,259,
-0.466757,um,Spot,Nucleus,S2P,1,260,
-0.527446,um,Spot,Nucleus,S2P,1,261,
-0.411143,um,Spot,Nucleus,S2P,1,262,
-0.540653,um,Spot,Nucleus,S2P,1,263,
-0.422327,um,Spot,Nucleus,S2P,1,264,
-0.565781,um,Spot,Nucleus,S2P,1,265,
-0.172554,um,Spot,Nucleus,S2P,1,266,
-0.382854,um,Spot,Nucleus,S2P,1,267,
-0.331674,um,Spot,Nucleus,S2P,1,268,
-0.0656332,um,Spot,Nucleus,S2P,1,269,
-0.420469,um,Spot,Nucleus,S2P,1,270,
-0.56878,um,Spot,Nucleus,S2P,1,271,
0.023052,um,Spot,Nucleus,S2P,1,272,
-0.381704,um,Spot,Nucleus,S2P,1,273,
-0.358424,um,Spot,Nucleus,S2P,1,274,
-0.6463,um,Spot,Nucleus,S2P,1,275,
-0.576644,um,Spot,Nucleus,S2P,1,276,
-0.177114,um,Spot,Nucleus,S2P,1,277,
-0.512947,um,Spot,Nucleus,S2P,1,278,
-0.734879,um,Spot,Nucleus,S2P,1,279,
-0.733352,um,Spot,Nucleus,S2P,1,280,
-0.314469,um,Spot,Nucleus,S2P,1,281,
-0.496436,um,Spot,Nucleus,S2P,1,282,
-0.179676,um,Spot,Nucleus,S2P,1,283,
-0.392886,um,Spot,Nucleus,S2P,1,284,
-1.15166,um,Spot,Nucleus,S2P,1,285,
-0.440412,um,Spot,Nucleus,S2P,1,286,
-0.445977,um,Spot,Nucleus,S2P,1,287,
-1.11034,um,Spot,Nucleus,S2P,1,288,
-0.259852,um,Spot,Nucleus,S2P,1,289,
-0.842264,um,Spot,Nucleus,S2P,1,290,
-0.820422,um,Spot,Nucleus,S2P,1,291,
-0.626643,um,Spot,Nucleus,S2P,1,292,
-0.316508,um,Spot,Nucleus,S2P,1,293,
-0.445293,um,Spot,Nucleus,S2P,1,294,
-0.526283,um,Spot,Nucleus,S2P,1,295,
-0.912783,um,Spot,Nucleus,S2P,1,296,
-0.339035,um,Spot,Nucleus,S2P,1,297,
-0.284234,um,Spot,Nucleus,S2P,1,298,
-0.780488,um,Spot,Nucleus,S2P,1,299,
-0.718866,um,Spot,Nucleus,S2P,1,300,
-0.771528,um,Spot,Nucleus,S2P,1,301,
-0.99678,um,Spot,Nucleus,S2P,1,302,
-0.818887,um,Spot,Nucleus,S2P,1,303,
-0.296518,um,Spot,Nucleus,S2P,1,304,
-0.727295,um,Spot,Nucleus,S2P,1,305,
-0.390304,um,Spot,Nucleus,S2P,1,306,
-0.958008,um,Spot,Nucleus,S2P,1,307,
-0.807655,um,Spot,Nucleus,S2P,1,308,
-0.43921,um,Spot,Nucleus,S2P,1,309,
-0.664929,um,Spot,Nucleus,S2P,1,310,
-0.821591,um,Spot,Nucleus,S2P,1,311,
-0.942931,um,Spot,Nucleus,S2P,1,312,
-0.567382,um,Spot,Nucleus,S2P,1,313,
-0.48834,um,Spot,Nucleus,S2P,1,314,
-0.893306,um,Spot,Nucleus,S2P,1,315,
-0.919821,um,Spot,Nucleus,S2P,1,316,
-0.64458,um,Spot,Nucleus,S2P,1,317,
-0.445899,um,Spot,Nucleus,S2P,1,318,
-0.874613,um,Spot,Nucleus,S2P,1,319,
-0.743621,um,Spot,Nucleus,S2P,1,320,
-0.796528,um,Spot,Nucleus,S2P,1,321,
-1.05775,um,Spot,Nucleus,S2P,1,322,
-0.13315,um,Spot,Nucleus,S2P,1,323,
-0.464929,um,Spot,Nucleus,S2P,1,324,
-0.871193,um,Spot,Nucleus,S2P,1,325,
-1.04651,um,Spot,Nucleus,S2P,1,326,
-1.10083,um,Spot,Nucleus,S2P,1,327,
-0.630621,um,Spot,Nucleus,S2P,1,328,
-0.962389,um,Spot,Nucleus,S2P,1,329,
-1.22072,um,Spot,Nucleus,S2P,1,330,
-1.19894,um,Spot,Nucleus,S2P,1,331,
-0.600393,um,Spot,Nucleus,S2P,1,332,
-1.26034,um,Spot,Nucleus,S2P,1,333,
-0.515486,um,Spot,Nucleus,S2P,1,334,
-0.764524,um,Spot,Nucleus,S2P,1,335,
-1.05005,um,Spot,Nucleus,S2P,1,336,
-1.00244,um,Spot,Nucleus,S2P,1,337,
-1.00695,um,Spot,Nucleus,S2P,1,338,
-0.97278,um,Spot,Nucleus,S2P,1,339,
-0.610882,um,Spot,Nucleus,S2P,1,340,
-1.23432,um,Spot,Nucleus,S2P,1,341,
-0.324495,um,Spot,Nucleus,S2P,1,342,
-0.674831,um,Spot,Nucleus,S2P,1,343,
-1.04178,um,Spot,Nucleus,S2P,1,344,
-1.07736,um,Spot,Nucleus,S2P,1,345,
-1.10399,um,Spot,Nucleus,S2P,1,346,
-1.15379,um,Spot,Nucleus,S2P,1,347,
-0.968294,um,Spot,Nucleus,S2P,1,348,
-1.47203,um,Spot,Nucleus,S2P,1,349,
-1.39448,um,Spot,Nucleus,S2P,1,350,
-1.01911,um,Spot,Nucleus,S2P,1,351,
-1.1743,um,Spot,Nucleus,S2P,1,352,
-0.871808,um,Spot,Nucleus,S2P,1,353,
-1.18672,um,Spot,Nucleus,S2P,1,354,
-1.26266,um,Spot,Nucleus,S2P,1,355,
-1.17317,um,Spot,Nucleus,S2P,1,356,
-1.22699,um,Spot,Nucleus,S2P,1,357,
-0.916246,um,Spot,Nucleus,S2P,1,358,
-0.999496,um,Spot,Nucleus,S2P,1,359,
-1.09322,um,Spot,Nucleus,S2P,1,360,
-0.688958,um,Spot,Nucleus,S2P,1,361,
-1.19437,um,Spot,Nucleus,S2P,1,362,
-0.911491,um,Spot,Nucleus,S2P,1,363,
-1.14163,um,Spot,Nucleus,S2P,1,364,
-0.13066,um,Spot,Nucleus,S2P,1,365,
-1.18057,um,Spot,Nucleus,S2P,1,366,
-1.12191,um,Spot,Nucleus,S2P,1,367,
-0.269596,um,Spot,Nucleus,S2P,1,368,
-0.342619,um,Spot,Nucleus,S2P,1,369,
-1.46262,um,Spot,Nucleus,S2P,1,370,
-0.374213,um,Spot,Nucleus,S2P,1,371,
-0.0101503,um,Spot,Nucleus,S2P,1,372,
-0.875729,um,Spot,Nucleus,S2P,1,373,
-1.32486,um,Spot,Nucleus,S2P,1,374,
-1.11218,um,Spot,Nucleus,S2P,1,375,
-1.30492,um,Spot,Nucleus,S2P,1,376,
-0.885123,um,Spot,Nucleus,S2P,1,377,
-1.24736,um,Spot,Nucleus,S2P,1,378,
-1.2175,um,Spot,Nucleus,S2P,1,379,
-0.97946,um,Spot,Nucleus,S2P,1,380,
-0.773821,um,Spot,Nucleus,S2P,1,381,
-1.11487,um,Spot,Nucleus,S2P,1,382,
-1.5309,um,Spot,Nucleus,S2P,1,383,
-1.10105,um,Spot,Nucleus,S2P,1,384,
-0.991367,um,Spot,Nucleus,S2P,1,385,
-1.17497,um,Spot,Nucleus,S2P,1,386,
-1.27895,um,Spot,Nucleus,S2P,1,387,
-1.17597,um,Spot,Nucleus,S2P,1,388,
-1.08437,um,Spot,Nucleus,S2P,1,389,
-1.20936,um,Spot,Nucleus,S2P,1,390,
-1.27561,um,Spot,Nucleus,S2P,1,391,
-1.35902,um,Spot,Nucleus,S2P,1,392,
-1.16065,um,Spot,Nucleus,S2P,1,393,
-1.60969,um,Spot,Nucleus,S2P,1,394,
-0.132722,um,Spot,Nucleus,S2P,1,395,
-1.05409,um,Spot,Nucleus,S2P,1,396,
-1.19878,um,Spot,Nucleus,S2P,1,397,
-1.10978,um,Spot,Nucleus,S2P,1,398,
-1.19906,um,Spot,Nucleus,S2P,1,399,
-1.08965,um,Spot,Nucleus,S2P,1,400,
-1.47486,um,Spot,Nucleus,S2P,1,401,
-1.09663,um,Spot,Nucleus,S2P,1,402,
-1.15121,um,Spot,Nucleus,S2P,1,403,
-1.24614,um,Spot,Nucleus,S2P,1,404,
-1.26463,um,Spot,Nucleus,S2P,1,405,
-1.23164,um,Spot,Nucleus,S2P,1,406,
-1.33895,um,Spot,Nucleus,S2P,1,407,
-1.22831,um,Spot,Nucleus,S2P,1,408,
-1.17317,um,Spot,Nucleus,S2P,1,409,
-0.875285,um,Spot,Nucleus,S2P,1,410,
-1.73324,um,Spot,Nucleus,S2P,1,411,
-1.41547,um,Spot,Nucleus,S2P,1,412,
-1.68225,um,Spot,Nucleus,S2P,1,413,
-1.58754,um,Spot,Nucleus,S2P,1,414,
-1.4466,um,Spot,Nucleus,S2P,1,415,
-1.23943,um,Spot,Nucleus,S2P,1,416,
-1.54811,um,Spot,Nucleus,S2P,1,417,
-1.37766,um,Spot,Nucleus,S2P,1,418,
-0.164521,um,Spot,Nucleus,S2P,1,419,
-0.117794,um,Spot,Nucleus,S2P,1,420,
-0.29937,um,Spot,Nucleus,S2P,1,421,
-0.804114,um,Spot,Nucleus,S2P,1,422,
-0.13236,um,Spot,Nucleus,S2P,1,423,
-0.812939,um,Spot,Nucleus,S2P,1,424,
-0.324471,um,Spot,Nucleus,S2P,1,425,
-0.934575,um,Spot,Nucleus,S2P,1,426,
-0.954351,um,Spot,Nucleus,S2P,1,427,
-0.238916,um,Spot,Nucleus,S2P,1,428,
-0.979479,um,Spot,Nucleus,S2P,1,429,
-0.686372,um,Spot,Nucleus,S2P,1,430,
-0.91382,um,Spot,Nucleus,S2P,1,431,
-0.0109381,um,Spot,Nucleus,S2P,1,432,
-1.03008,um,Spot,Nucleus,S2P,1,433,
-0.640247,um,Spot,Nucleus,S2P,1,434,
-0.377834,um,Spot,Nucleus,S2P,1,435,
-0.36058,um,Spot,Nucleus,S2P,1,436,
-0.800327,um,Spot,Nucleus,S2P,1,437,
-0.651937,um,Spot,Nucleus,S2P,1,438,
-0.948376,um,Spot,Nucleus,S2P,1,439,
-0.865584,um,Spot,Nucleus,S2P,1,440,
-0.23141,um,Spot,Nucleus,S2P,1,441,
-0.952269,um,Spot,Nucleus,S2P,1,442,
-1.16197,um,Spot,Nucleus,S2P,1,443,
-0.243259,um,Spot,Nucleus,S2P,1,444,
-0.73292,um,Spot,Nucleus,S2P,1,445,
-1.08925,um,Spot,Nucleus,S2P,1,446,
-0.649688,um,Spot,Nucleus,S2P,1,447,
-0.579373,um,Spot,Nucleus,S2P,1,448,
-0.876879,um,Spot,Nucleus,S2P,1,449,
-1.15598,um,Spot,Nucleus,S2P,1,450,
-1.14741,um,Spot,Nucleus,S2P,1,451,
-0.675835,um,Spot,Nucleus,S2P,1,452,
-0.364157,um,Spot,Nucleus,S2P,1,453,
-0.989826,um,Spot,Nucleus,S2P,1,454,
-0.269216,um,Spot,Nucleus,S2P,1,455,
-0.51847,um,Spot,Nucleus,S2P,1,456,
-0.833696,um,Spot,Nucleus,S2P,1,457,
-1.16765,um,Spot,Nucleus,S2P,1,458,
-1.09683,um,Spot,Nucleus,S2P,1,459,
-0.690156,um,Spot,Nucleus,S2P,1,460,
-0.98318,um,Spot,Nucleus,S2P,1,461,
-0.774488,um,Spot,Nucleus,S2P,1,462,
-0.475959,um,Spot,Nucleus,S2P,1,463,
-1.00062,um,Spot,Nucleus,S2P,1,464,
-1.41187,um,Spot,Nucleus,S2P,1,465,
-0.382893,um,Spot,Nucleus,S2P,1,466,
-1.48223,um,Spot,Nucleus,S2P,1,467,
-1.36793,um,Spot,Nucleus,S2P,1,468,
-1.3338,um,Spot,Nucleus,S2P,1,469,
-1.26177,um,Spot,Nucleus,S2P,1,470,
-1.48446,um,Spot,Nucleus,S2P,1,471,
-0.749193,um,Spot,Nucleus,S2P,1,472,
-0.645442,um,Spot,Nucleus,S2P,1,473,
-0.54785,um,Spot,Nucleus,S2P,1,474,
-0.321909,um,Spot,Nucleus,S2P,1,475,
-0.534921,um,Spot,Nucleus,S2P,1,476,
-1.4159,um,Spot,Nucleus,S2P,1,477,
-0.267376,um,Spot,Nucleus,S2P,1,478,
-0.334376,um,Spot,Nucleus,S2P,1,479,
-0.842757,um,Spot,Nucleus,S2P,1,480,
-0.961994,um,Spot,Nucleus,S2P,1,481,
-0.268717,um,Spot,Nucleus,S2P,1,482,
-0.442022,um,Spot,Nucleus,S2P,1,483,
-0.207165,um,Spot,Nucleus,S2P,1,484,
-1.01313,um,Spot,Nucleus,S2P,1,485,
-0.40166,um,Spot,Nucleus,S2P,1,486,
-0.602539,um,Spot,Nucleus,S2P,1,487,
-0.872928,um,Spot,Nucleus,S2P,1,488,
-0.51688,um,Spot,Nucleus,S2P,1,489,
-0.586906,um,Spot,Nucleus,S2P,1,490,
-0.2356,um,Spot,Nucleus,S2P,1,491,
-0.255805,um,Spot,Nucleus,S2P,1,492,
-1.55185,um,Spot,Nucleus,S2P,1,493,
-0.16383,um,Spot,Nucleus,S2P,1,494,
-1.32376,um,Spot,Nucleus,S2P,1,495,
-0.408533,um,Spot,Nucleus,S2P,1,496,
-0.511629,um,Spot,Nucleus,S2P,1,497,
-0.573954,um,Spot,Nucleus,S2P,1,498,
-0.223311,um,Spot,Nucleus,S2P,1,499,
-1.04882,um,Spot,Nucleus,S2P,1,500,
-0.440387,um,Spot,Nucleus,S2P,1,501,
-0.946278,um,Spot,Nucleus,S2P,1,502,
-0.731802,um,Spot,Nucleus,S2P,1,503,
-0.227037,um,Spot,Nucleus,S2P,1,504,
-0.313129,um,Spot,Nucleus,S2P,1,505,
-0.800056,um,Spot,Nucleus,S2P,1,506,
-1.07413,um,Spot,Nucleus,S2P,1,507,
-0.963001,um,Spot,Nucleus,S2P,1,508,
-1.5503,um,Spot,Nucleus,S2P,1,509,
-0.805738,um,Spot,Nucleus,S2P,1,510,
-1.17174,um,Spot,Nucleus,S2P,1,511,
-0.270378,um,Spot,Nucleus,S2P,1,512,
-0.296062,um,Spot,Nucleus,S2P,1,513,
-0.0634186,um,Spot,Nucleus,S2P,1,514,
-0.061075,um,Spot,Nucleus,S2P,1,515,
-0.0745503,um,Spot,Nucleus,S2P,1,516,
-0.0306104,um,Spot,Nucleus,S2P,1,517,
-0.310091,um,Spot,Nucleus,S2P,1,518,
-0.00868776,um,Spot,Nucleus,S2P,1,519,
-0.0683977,um,Spot,Nucleus,S2P,1,520,
-0.0118903,um,Spot,Nucleus,S2P,1,521,
-0.715233,um,Spot,Nucleus,S2P,1,522,
-0.72633,um,Spot,Nucleus,S2P,1,523,
-0.0328477,um,Spot,Nucleus,S2P,1,524,
-0.0261925,um,Spot,Nucleus,S2P,1,525,
-0.65321,um,Spot,Nucleus,S2P,1,526,
-0.0780133,um,Spot,Nucleus,S2P,1,527,
-0.173098,um,Spot,Nucleus,S2P,1,528,
-0.289452,um,Spot,Nucleus,S2P,1,529,
-0.910931,um,Spot,Nucleus,S2P,1,530,
-0.353664,um,Spot,Nucleus,S2P,1,531,
-0.277773,um,Spot,Nucleus,S2P,1,532,
-0.357623,um,Spot,Nucleus,S2P,1,533,
-0.0779227,um,Spot,Nucleus,S2P,1,534,
-0.735276,um,Spot,Nucleus,S2P,1,535,
-0.253002,um,Spot,Nucleus,S2P,1,536,
-0.522523,um,Spot,Nucleus,S2P,1,537,
-0.305776,um,Spot,Nucleus,S2P,1,538,
-0.185577,um,Spot,Nucleus,S2P,1,539,
-0.0606943,um,Spot,Nucleus,S2P,1,540,
-0.29803,um,Spot,Nucleus,S2P,1,541,
-0.577526,um,Spot,Nucleus,S2P,1,542,
-0.144628,um,Spot,Nucleus,S2P,1,543,
-0.0774607,um,Spot,Nucleus,S2P,1,544,
-0.939683,um,Spot,Nucleus,S2P,1,545,
-0.885443,um,Spot,Nucleus,S2P,1,546,
-0.821633,um,Spot,Nucleus,S2P,1,547,
-1.00344,um,Spot,Nucleus,S2P,1,548,
-1.15095,um,Spot,Nucleus,S2P,1,549,
-0.918466,um,Spot,Nucleus,S2P,1,550,
-0.241429,um,Spot,Nucleus,S2P,1,551,
-0.739082,um,Spot,Nucleus,S2P,1,552,
-0.164771,um,Spot,Nucleus,S2P,1,553,
-0.425082,um,Spot,Nucleus,S2P,1,554,
-0.358592,um,Spot,Nucleus,S2P,1,555,
-0.0459297,um,Spot,Nucleus,S2P,1,556,
-0.109815,um,Spot,Nucleus,S2P,1,557,
-1.1457,um,Spot,Nucleus,S2P,1,558,
-0.798574,um,Spot,Nucleus,S2P,1,559,
-0.108477,um,Spot,Nucleus,S2P,1,560,
-0.755982,um,Spot,Nucleus,S2P,1,561,
-1.1062,um,Spot,Nucleus,S2P,1,562,
-0.16866,um,Spot,Nucleus,S2P,1,563,
-1.04873,um,Spot,Nucleus,S2P,1,564,
-0.732172,um,Spot,Nucleus,S2P,1,565,
-0.68202,um,Spot,Nucleus,S2P,1,566,
-0.276065,um,Spot,Nucleus,S2P,1,567,
-0.619288,um,Spot,Nucleus,S2P,1,568,
-1.10182,um,Spot,Nucleus,S2P,1,569,
-0.0521375,um,Spot,Nucleus,S2P,1,570,
-0.314949,um,Spot,Nucleus,S2P,1,571,
-0.213633,um,Spot,Nucleus,S2P,1,572,
-0.532588,um,Spot,Nucleus,S2P,1,573,
-0.118842,um,Spot,Nucleus,S2P,1,574,
-1.33174,um,Spot,Nucleus,S2P,1,575,
-0.982764,um,Spot,Nucleus,S2P,1,576,
-0.0227294,um,Spot,Nucleus,S2P,1,577,
-0.00240145,um,Spot,Nucleus,S2P,1,578,
-0.176674,um,Spot,Nucleus,S2P,1,579,
0.0240218,um,Spot,Nucleus,S2P,1,580,
-0.111272,um,Spot,Nucleus,S2P,1,581,
-0.0251382,um,Spot,Nucleus,S2P,1,582,
-0.661466,um,Spot,Nucleus,S2P,1,583,
-0.723536,um,Spot,Nucleus,S2P,1,584,
-0.218449,um,Spot,Nucleus,S2P,1,585,
-0.395582,um,Spot,Nucleus,S2P,1,586,
-0.270173,um,Spot,Nucleus,S2P,1,587,
-0.490171,um,Spot,Nucleus,S2P,1,588,
-0.740681,um,Spot,Nucleus,S2P,1,589,
-0.720763,um,Spot,Nucleus,S2P,1,590,
-0.516027,um,Spot,Nucleus,S2P,1,591,
-0.39547,um,Spot,Nucleus,S2P,1,592,
-0.459132,um,Spot,Nucleus,S2P,1,593,
-0.882774,um,Spot,Nucleus,S2P,1,594,
-0.825581,um,Spot,Nucleus,S2P,1,595,
-0.348095,um,Spot,Nucleus,S2P,1,596,
-0.967985,um,Spot,Nucleus,S2P,1,597,
-0.447457,um,Spot,Nucleus,S2P,1,598,
-0.316845,um,Spot,Nucleus,S2P,1,599,
-0.465392,um,Spot,Nucleus,S2P,1,600,
-0.21811,um,Spot,Nucleus,S2P,1,601,
0.0236092,um,Spot,Nucleus,S2P,1,602,
0.000157909,um,Spot,Nucleus,S2P,1,603,
-0.549057,um,Spot,Nucleus,S2P,1,604,
-0.865826,um,Spot,Nucleus,S2P,1,605,
-0.573928,um,Spot,Nucleus,S2P,1,606,
-0.279121,um,Spot,Nucleus,S2P,1,607,
-0.0655405,um,Spot,Nucleus,S2P,1,608,
-0.6008,um,Spot,Nucleus,S2P,1,609,
-0.715261,um,Spot,Nucleus,S2P,1,610,
-0.550782,um,Spot,Nucleus,S2P,1,611,
-0.84512,um,Spot,Nucleus,S2P,1,612,
-0.186589,um,Spot,Nucleus,S2P,1,613,
-0.741894,um,Spot,Nucleus,S2P,1,614,
-0.977579,um,Spot,Nucleus,S2P,1,615,
0.00436466,um,Spot,Nucleus,S2P,1,616,
-0.750061,um,Spot,Nucleus,S2P,1,617,
-0.812199,um,Spot,Nucleus,S2P,1,618,
-0.104715,um,Spot,Nucleus,S2P,1,619,
-0.2344,um,Spot,Nucleus,S2P,1,620,
-0.0109351,um,Spot,Nucleus,S2P,1,621,
-0.0824311,um,Spot,Nucleus,S2P,1,622,
-0.450969,um,Spot,Nucleus,S2P,1,623,
-0.591961,um,Spot,Nucleus,S2P,1,624,
0.0167409,um,Spot,Nucleus,S2P,1,625,
-0.00451901,um,Spot,Nucleus,S2P,1,626,
-0.0544655,um,Spot,Nucleus,S2P,1,627,
-1.14253,um,Spot,Nucleus,S2P,1,628,
-0.0677289,um,Spot,Nucleus,S2P,1,629,
-0.643838,um,Spot,Nucleus,S2P,1,630,
-0.85137,um,Spot,Nucleus,S2P,1,631,
-0.0354417,um,Spot,Nucleus,S2P,1,632,
-0.351959,um,Spot,Nucleus,S2P,1,633,
-0.566232,um,Spot,Nucleus,S2P,1,634,
-0.269644,um,Spot,Nucleus,S2P,1,635,
-0.992306,um,Spot,Nucleus,S2P,1,636,
-0.0476109,um,Spot,Nucleus,S2P,1,637,
-0.582851,um,Spot,Nucleus,S2P,1,638,
-0.594787,um,Spot,Nucleus,S2P,1,639,
-0.790159,um,Spot,Nucleus,S2P,1,640,
-1.00823,um,Spot,Nucleus,S2P,1,641,
-0.903442,um,Spot,Nucleus,S2P,1,642,
-1.14939,um,Spot,Nucleus,S2P,1,643,
-0.510877,um,Spot,Nucleus,S2P,1,644,
-0.35705,um,Spot,Nucleus,S2P,1,645,
-0.239436,um,Spot,Nucleus,S2P,1,646,
-0.889231,um,Spot,Nucleus,S2P,1,647,
-0.748428,um,Spot,Nucleus,S2P,1,648,
-0.818641,um,Spot,Nucleus,S2P,1,649,
-0.719994,um,Spot,Nucleus,S2P,1,650,
-0.960772,um,Spot,Nucleus,S2P,1,651,
-0.210225,um,Spot,Nucleus,S2P,1,652,
-0.199472,um,Spot,Nucleus,S2P,1,653,
-1.15833,um,Spot,Nucleus,S2P,1,654,
-0.644747,um,Spot,Nucleus,S2P,1,655,
-0.660834,um,Spot,Nucleus,S2P,1,656,
-0.609371,um,Spot,Nucleus,S2P,1,657,
-0.569509,um,Spot,Nucleus,S2P,1,658,
-1.19035,um,Spot,Nucleus,S2P,1,659,
-0.943466,um,Spot,Nucleus,S2P,1,660,
-0.515225,um,Spot,Nucleus,S2P,1,661,
-0.302266,um,Spot,Nucleus,S2P,1,662,
-0.628197,um,Spot,Nucleus,S2P,1,663,
-0.999964,um,Spot,Nucleus,S2P,1,664,
-0.465072,um,Spot,Nucleus,S2P,1,665,
-0.319192,um,Spot,Nucleus,S2P,1,666,
-0.618898,um,Spot,Nucleus,S2P,1,667,
-0.44147,um,Spot,Nucleus,S2P,1,668,
-0.974808,um,Spot,Nucleus,S2P,1,669,
-0.175918,um,Spot,Nucleus,S2P,1,670,
-0.330641,um,Spot,Nucleus,S2P,1,671,
-0.650768,um,Spot,Nucleus,S2P,1,672,
-0.356393,um,Spot,Nucleus,S2P,1,673,
-0.36726,um,Spot,Nucleus,S2P,1,674,
-0.458611,um,Spot,Nucleus,S2P,1,675,
-0.725067,um,Spot,Nucleus,S2P,1,676,
-0.403541,um,Spot,Nucleus,S2P,1,677,
-0.439097,um,Spot,Nucleus,S2P,1,678,
-0.996176,um,Spot,Nucleus,S2P,1,679,
-0.445731,um,Spot,Nucleus,S2P,1,680,
-0.155853,um,Spot,Nucleus,S2P,1,681,
-0.449658,um,Spot,Nucleus,S2P,1,682,
-0.739294,um,Spot,Nucleus,S2P,1,683,
-0.322328,um,Spot,Nucleus,S2P,1,684,
-0.290333,um,Spot,Nucleus,S2P,1,685,
-0.297824,um,Spot,Nucleus,S2P,1,686,
-1.02919,um,Spot,Nucleus,S2P,1,687,
-0.882225,um,Spot,Nucleus,S2P,1,688,
-0.623107,um,Spot,Nucleus,S2P,1,689,
-0.432785,um,Spot,Nucleus,S2P,1,690,
-0.269157,um,Spot,Nucleus,S2P,1,691,
-0.224673,um,Spot,Nucleus,S2P,1,692,
-0.503494,um,Spot,Nucleus,S2P,1,693,
-0.05077,um,Spot,Nucleus,S2P,1,694,
-0.0497585,um,Spot,Nucleus,S2P,1,695,
-0.231615,um,Spot,Nucleus,S2P,1,696,
-0.255371,um,Spot,Nucleus,S2P,1,697,
-0.0361328,um,Spot,Nucleus,S2P,1,698,
-0.254171,um,Spot,Nucleus,S2P,1,699,
-0.18997,um,Spot,Nucleus,S2P,1,700,
-0.0493284,um,Spot,Nucleus,S2P,1,701,
-0.393186,um,Spot,Nucleus,S2P,1,702,
-0.0128202,um,Spot,Nucleus,S2P,1,703,
-0.275181,um,Spot,Nucleus,S2P,1,704,
-0.0517877,um,Spot,Nucleus,S2P,1,705,
-0.640937,um,Spot,Nucleus,S2P,1,706,
-0.0435362,um,Spot,Nucleus,S2P,1,707,
-0.225685,um,Spot,Nucleus,S2P,1,708,
-0.289434,um,Spot,Nucleus,S2P,1,709,
-0.252333,um,Spot,Nucleus,S2P,1,710,
-0.0261444,um,Spot,Nucleus,S2P,1,711,
-0.231613,um,Spot,Nucleus,S2P,1,712,
-0.0399421,um,Spot,Nucleus,S2P,1,713,
-0.0235728,um,Spot,Nucleus,S2P,1,714,
-0.666547,um,Spot,Nucleus,S2P,1,715,
-0.183342,um,Spot,Nucleus,S2P,1,716,
-0.232136,um,Spot,Nucleus,S2P,1,717,
-0.730201,um,Spot,Nucleus,S2P,1,718,
-0.0415655,um,Spot,Nucleus,S2P,1,719,
-0.37576,um,Spot,Nucleus,S2P,1,720,
-0.771564,um,Spot,Nucleus,S2P,1,721,
-0.823687,um,Spot,Nucleus,S2P,1,722,
-0.179218,um,Spot,Nucleus,S2P,1,723,
-0.357451,um,Spot,Nucleus,S2P,1,724,
-0.480329,um,Spot,Nucleus,S2P,1,725,
-0.750393,um,Spot,Nucleus,S2P,1,726,
-0.506044,um,Spot,Nucleus,S2P,1,727,
-0.277108,um,Spot,Nucleus,S2P,1,728,
-0.174606,um,Spot,Nucleus,S2P,1,729,
-0.559411,um,Spot,Nucleus,S2P,1,730,
-0.023607,um,Spot,Nucleus,S2P,1,731,
-0.260186,um,Spot,Nucleus,S2P,1,732,
-0.0153191,um,Spot,Nucleus,S2P,1,733,
-0.454517,um,Spot,Nucleus,S2P,1,734,
-0.406532,um,Spot,Nucleus,S2P,1,735,
-0.303166,um,Spot,Nucleus,S2P,1,736,
-0.547774,um,Spot,Nucleus,S2P,1,737,
-0.908224,um,Spot,Nucleus,S2P,1,738,
-0.30516,um,Spot,Nucleus,S2P,1,739,
-0.0363751,um,Spot,Nucleus,S2P,1,740,
-0.705629,um,Spot,Nucleus,S2P,1,741,
-0.886536,um,Spot,Nucleus,S2P,1,742,
-1.28924,um,Spot,Nucleus,S2P,1,743,
-1.41747,um,Spot,Nucleus,S2P,1,744,
-1.43871,um,Spot,Nucleus,S2P,1,745,
-0.911521,um,Spot,Nucleus,S2P,1,746,
-1.418,um,Spot,Nucleus,S2P,1,747,
-1.01109,um,Spot,Nucleus,S2P,1,748,
-1.53021,um,Spot,Nucleus,S2P,1,749,
-1.37397,um,Spot,Nucleus,S2P,1,750,
-1.55098,um,Spot,Nucleus,S2P,1,751,
-1.29893,um,Spot,Nucleus,S2P,1,752,
-1.38944,um,Spot,Nucleus,S2P,1,753,
-1.27292,um,Spot,Nucleus,S2P,1,754,
-1.60688,um,Spot,Nucleus,S2P,1,755,
-1.28994,um,Spot,Nucleus,S2P,1,756,
-1.43889,um,Spot,Nucleus,S2P,1,757,
-0.919933,um,Spot,Nucleus,S2P,1,758,
-0.407417,um,Spot,Nucleus,S2P,1,759,
-0.607365,um,Spot,Nucleus,S2P,1,760,
-0.187217,um,Spot,Nucleus,S2P,1,761,
-0.934272,um,Spot,Nucleus,S2P,1,762,
-1.58998,um,Spot,Nucleus,S2P,1,763,
-0.889964,um,Spot,Nucleus,S2P,1,764,
-1.35845,um,Spot,Nucleus,S2P,1,765,
-1.19364,um,Spot,Nucleus,S2P,1,766,
-1.42963,um,Spot,Nucleus,S2P,1,767,
-1.27297,um,Spot,Nucleus,S2P,1,768,
-1.52404,um,Spot,Nucleus,S2P,1,769,
-1.75785,um,Spot,Nucleus,S2P,1,770,
-1.02934,um,Spot,Nucleus,S2P,1,771,
-1.52381,um,Spot,Nucleus,S2P,1,772,
-1.59933,um,Spot,Nucleus,S2P,1,773,
-1.3925,um,Spot,Nucleus,S2P,1,774,
-1.3114,um,Spot,Nucleus,S2P,1,775,
-1.31047,um,Spot,Nucleus,S2P,1,776,
-1.85933,um,Spot,Nucleus,S2P,1,777,
-1.48159,um,Spot,Nucleus,S2P,1,778,
-1.2723,um,Spot,Nucleus,S2P,1,779,
-0.399007,um,Spot,Nucleus,S2P,1,780,
-0.925064,um,Spot,Nucleus,S2P,1,781,
-0.369081,um,Spot,Nucleus,S2P,1,782,
-0.798703,um,Spot,Nucleus,S2P,1,783,
-1.60319,um,Spot,Nucleus,S2P,1,784,
-1.62712,um,Spot,Nucleus,S2P,1,785,
-1.16808,um,Spot,Nucleus,S2P,1,786,
-1.01778,um,Spot,Nucleus,S2P,1,787,
-1.0777,um,Spot,Nucleus,S2P,1,788,
-0.976892,um,Spot,Nucleus,S2P,1,789,
-1.55955,um,Spot,Nucleus,S2P,1,790,
-1.3424,um,Spot,Nucleus,S2P,1,791,
-1.44669,um,Spot,Nucleus,S2P,1,792,
-1.76172,um,Spot,Nucleus,S2P,1,793,
-1.4575,um,Spot,Nucleus,S2P,1,794,
-1.5734,um,Spot,Nucleus,S2P,1,795,
-1.66576,um,Spot,Nucleus,S2P,1,796,
-1.91714,um,Spot,Nucleus,S2P,1,797,
-1.51726,um,Spot,Nucleus,S2P,1,798,
-1.74336,um,Spot,Nucleus,S2P,1,799,
-1.56276,um,Spot,Nucleus,S2P,1,800,
-1.34224,um,Spot,Nucleus,S2P,1,801,
-1.53583,um,Spot,Nucleus,S2P,1,802,
-1.53024,um,Spot,Nucleus,S2P,1,803,
-1.92784,um,Spot,Nucleus,S2P,1,804,
-1.63704,um,Spot,Nucleus,S2P,1,805,
-1.866,um,Spot,Nucleus,S2P,1,806,
-1.18223,um,Spot,Nucleus,S2P,1,807,
-1.57673,um,Spot,Nucleus,S2P,1,808,
-1.59863,um,Spot,Nucleus,S2P,1,809,
-1.44615,um,Spot,Nucleus,S2P,1,810,
-1.81706,um,Spot,Nucleus,S2P,1,811,
-1.63397,um,Spot,Nucleus,S2P,1,812,
-1.41123,um,Spot,Nucleus,S2P,1,813,
-1.76549,um,Spot,Nucleus,S2P,1,814,
-0.12585,um,Spot,Nucleus,S2P,1,815,
-1.52745,um,Spot,Nucleus,S2P,1,816,
-1.25567,um,Spot,Nucleus,S2P,1,817,
-0.856966,um,Spot,Nucleus,S2P,1,818,
-1.72839,um,Spot,Nucleus,S2P,1,819,
-1.63118,um,Spot,Nucleus,S2P,1,820,
-1.6284,um,Spot,Nucleus,S2P,1,821,
-1.72753,um,Spot,Nucleus,S2P,1,822,
-0.809036,um,Spot,Nucleus,S2P,1,823,
-1.03132,um,Spot,Nucleus,S2P,1,824,
-1.70173,um,Spot,Nucleus,S2P,1,825,
-1.64873,um,Spot,Nucleus,S2P,1,826,
-1.58616,um,Spot,Nucleus,S2P,1,827,
-0.984826,um,Spot,Nucleus,S2P,1,828,
-0.920417,um,Spot,Nucleus,S2P,1,829,
-1.74423,um,Spot,Nucleus,S2P,1,830,
-1.68867,um,Spot,Nucleus,S2P,1,831,
-1.79164,um,Spot,Nucleus,S2P,1,832,
-1.32904,um,Spot,Nucleus,S2P,1,833,
-1.92013,um,Spot,Nucleus,S2P,1,834,
-1.68931,um,Spot,Nucleus,S2P,1,835,
-0.453348,um,Spot,Nucleus,S2P,1,836,
-0.542505,um,Spot,Nucleus,S2P,1,837,
-1.55122,um,Spot,Nucleus,S2P,1,838,
-1.18703,um,Spot,Nucleus,S2P,1,839,
-1.73838,um,Spot,Nucleus,S2P,1,840,
-1.70251,um,Spot,Nucleus,S2P,1,841,
-1.76347,um,Spot,Nucleus,S2P,1,842,
-1.72638,um,Spot,Nucleus,S2P,1,843,
-1.94713,um,Spot,Nucleus,S2P,1,844,
-1.98077,um,Spot,Nucleus,S2P,1,845,
-1.69698,um,Spot,Nucleus,S2P,1,846,
-1.8562,um,Spot,Nucleus,S2P,1,847,
-1.30255,um,Spot,Nucleus,S2P,1,848,
-2.03675,um,Spot,Nucleus,S2P,1,849,
-1.36989,um,Spot,Nucleus,S2P,1,850,
-1.64508,um,Spot,Nucleus,S2P,1,851,
-0.669885,um,Spot,Nucleus,S2P,1,852,
-1.8555,um,Spot,Nucleus,S2P,1,853,
-1.64726,um,Spot,Nucleus,S2P,1,854,
-1.17417,um,Spot,Nucleus,S2P,1,855,
-0.685392,um,Spot,Nucleus,S2P,1,856,
-1.0742,um,Spot,Nucleus,S2P,1,857,
-0.647674,um,Spot,Nucleus,S2P,1,858,
-0.761327,um,Spot,Nucleus,S2P,1,859,
-1.21918,um,Spot,Nucleus,S2P,1,860,
-1.73979,um,Spot,Nucleus,S2P,1,861,
-2.05351,um,Spot,Nucleus,S2P,1,862,
-2.13874,um,Spot,Nucleus,S2P,1,863,
-1.84453,um,Spot,Nucleus,S2P,1,864,
-2.10946,um,Spot,Nucleus,S2P,1,865,
-1.95357,um,Spot,Nucleus,S2P,1,866,
-1.85813,um,Spot,Nucleus,S2P,1,867,
-2.07508,um,Spot,Nucleus,S2P,1,868,
-1.32642,um,Spot,Nucleus,S2P,1,869,
-0.928694,um,Spot,Nucleus,S2P,1,870,
-1.00289,um,Spot,Nucleus,S2P,1,871,
-0.296248,um,Spot,Nucleus,S2P,1,872,
-1.30511,um,Spot,Nucleus,S2P,1,873,
-0.923767,um,Spot,Nucleus,S2P,1,874,
-1.77573,um,Spot,Nucleus,S2P,1,875,
-1.42467,um,Spot,Nucleus,S2P,1,876,
-1.86827,um,Spot,Nucleus,S2P,1,877,
-2.05885,um,Spot,Nucleus,S2P,1,878,
-1.75015,um,Spot,Nucleus,S2P,1,879,
-1.95986,um,Spot,Nucleus,S2P,1,880,
-2.04551,um,Spot,Nucleus,S2P,1,881,
-1.9731,um,Spot,Nucleus,S2P,1,882,
-2.10396,um,Spot,Nucleus,S2P,1,883,
-0.968187,um,Spot,Nucleus,S2P,1,884,
-1.58273,um,Spot,Nucleus,S2P,1,885,
-1.92857,um,Spot,Nucleus,S2P,1,886,
-2.1528,um,Spot,Nucleus,S2P,1,887,
-1.56121,um,Spot,Nucleus,S2P,1,888,
-0.693617,um,Spot,Nucleus,S2P,1,889,
-1.83205,um,Spot,Nucleus,S2P,1,890,
-2.01071,um,Spot,Nucleus,S2P,1,891,
-1.53199,um,Spot,Nucleus,S2P,1,892,
-1.18814,um,Spot,Nucleus,S2P,1,893,
-1.89173,um,Spot,Nucleus,S2P,1,894,
-2.04934,um,Spot,Nucleus,S2P,1,895,
-0.922241,um,Spot,Nucleus,S2P,1,896,
-2.1007,um,Spot,Nucleus,S2P,1,897,
-1.86761,um,Spot,Nucleus,S2P,1,898,
-2.00766,um,Spot,Nucleus,S2P,1,899,
-1.93959,um,Spot,Nucleus,S2P,1,900,
-2.04095,um,Spot,Nucleus,S2P,1,901,
-2.23514,um,Spot,Nucleus,S2P,1,902,
-1.11438,um,Spot,Nucleus,S2P,1,903,
-1.42584,um,Spot,Nucleus,S2P,1,904,
-1.82714,um,Spot,Nucleus,S2P,1,905,
-0.893003,um,Spot,Nucleus,S2P,1,906,
-2.18552,um,Spot,Nucleus,S2P,1,907,
-2.06129,um,Spot,Nucleus,S2P,1,908,
-1.72851,um,Spot,Nucleus,S2P,1,909,
-0.33827,um,Spot,Nucleus,S2P,1,910,
-0.718441,um,Spot,Nucleus,S2P,1,911,
-1.8889,um,Spot,Nucleus,S2P,1,912,
-1.88764,um,Spot,Nucleus,S2P,1,913,
-1.95787,um,Spot,Nucleus,S2P,1,914,
-1.93456,um,Spot,Nucleus,S2P,1,915,
-2.15069,um,Spot,Nucleus,S2P,1,916,
-1.79644,um,Spot,Nucleus,S2P,1,917,
-1.2985,um,Spot,Nucleus,S2P,1,918,
-1.94357,um,Spot,Nucleus,S2P,1,919,
-2.06845,um,Spot,Nucleus,S2P,1,920,
-2.08196,um,Spot,Nucleus,S2P,1,921,
-1.23255,um,Spot,Nucleus,S2P,1,922,
-1.87059,um,Spot,Nucleus,S2P,1,923,
-1.33984,um,Spot,Nucleus,S2P,1,924,
-1.90229,um,Spot,Nucleus,S2P,1,925,
-1.50908,um,Spot,Nucleus,S2P,1,926,
-2.29764,um,Spot,Nucleus,S2P,1,927,
-2.05791,um,Spot,Nucleus,S2P,1,928,
-1.85839,um,Spot,Nucleus,S2P,1,929,
-0.914809,um,Spot,Nucleus,S2P,1,930,
-1.49791,um,Spot,Nucleus,S2P,1,931,
-1.51222,um,Spot,Nucleus,S2P,1,932,
-1.03836,um,Spot,Nucleus,S2P,1,933,
-2.28674,um,Spot,Nucleus,S2P,1,934,
-2.11436,um,Spot,Nucleus,S2P,1,935,
-2.21627,um,Spot,Nucleus,S2P,1,936,
-2.04568,um,Spot,Nucleus,S2P,1,937,
-1.72276,um,Spot,Nucleus,S2P,1,938,
-1.10754,um,Spot,Nucleus,S2P,1,939,
-2.35947,um,Spot,Nucleus,S2P,1,940,
-1.79453,um,Spot,Nucleus,S2P,1,941,
-1.03957,um,Spot,Nucleus,S2P,1,942,
-1.59127,um,Spot,Nucleus,S2P,1,943,
-2.27799,um,Spot,Nucleus,S2P,1,944,
-2.09557,um,Spot,Nucleus,S2P,1,945,
-1.91498,um,Spot,Nucleus,S2P,1,946,
-1.88669,um,Spot,Nucleus,S2P,1,947,
-1.57126,um,Spot,Nucleus,S2P,1,948,
-1.12048,um,Spot,Nucleus,S2P,1,949,
-1.09427,um,Spot,Nucleus,S2P,1,950,
-1.25019,um,Spot,Nucleus,S2P,1,951,
-1.59933,um,Spot,Nucleus,S2P,1,952,
-1.16649,um,Spot,Nucleus,S2P,1,953,
-0.679038,um,Spot,Nucleus,S2P,1,954,
-1.29326,um,Spot,Nucleus,S2P,1,955,
-1.99174,um,Spot,Nucleus,S2P,1,956,
-1.89206,um,Spot,Nucleus,S2P,1,957,
-2.34042,um,Spot,Nucleus,S2P,1,958,
-2.10429,um,Spot,Nucleus,S2P,1,959,
-1.04263,um,Spot,Nucleus,S2P,1,960,
-2.38588,um,Spot,Nucleus,S2P,1,961,
-2.43955,um,Spot,Nucleus,S2P,1,962,
-2.20253,um,Spot,Nucleus,S2P,1,963,
-2.35993,um,Spot,Nucleus,S2P,1,964,
-1.66797,um,Spot,Nucleus,S2P,1,965,
-1.6709,um,Spot,Nucleus,S2P,1,966,
-0.975842,um,Spot,Nucleus,S2P,1,967,
-2.11363,um,Spot,Nucleus,S2P,1,968,
-2.02207,um,Spot,Nucleus,S2P,1,969,
-0.466847,um,Spot,Nucleus,S2P,1,970,
-1.71588,um,Spot,Nucleus,S2P,1,971,
-1.06013,um,Spot,Nucleus,S2P,1,972,
-1.18087,um,Spot,Nucleus,S2P,1,973,
-0.989174,um,Spot,Nucleus,S2P,1,974,
-1.59689,um,Spot,Nucleus,S2P,1,975,
-1.71886,um,Spot,Nucleus,S2P,1,976,
-1.29207,um,Spot,Nucleus,S2P,1,977,
-1.01871,um,Spot,Nucleus,S2P,1,978,
-1.81585,um,Spot,Nucleus,S2P,1,979,
-2.15665,um,Spot,Nucleus,S2P,1,980,
-1.68368,um,Spot,Nucleus,S2P,1,981,
-2.39409,um,Spot,Nucleus,S2P,1,982,
-1.66397,um,Spot,Nucleus,S2P,1,983,
-1.14966,um,Spot,Nucleus,S2P,1,984,
-2.05417,um,Spot,Nucleus,S2P,1,985,
-2.2534,um,Spot,Nucleus,S2P,1,986,
-2.52648,um,Spot,Nucleus,S2P,1,987,
-1.20761,um,Spot,Nucleus,S2P,1,988,
-2.56843,um,Spot,Nucleus,S2P,1,989,
-1.21881,um,Spot,Nucleus,S2P,1,990,
-2.16488,um,Spot,Nucleus,S2P,1,991,
-1.98679,um,Spot,Nucleus,S2P,1,992,
-2.44434,um,Spot,Nucleus,S2P,1,993,
-1.89582,um,Spot,Nucleus,S2P,1,994,
-1.11581,um,Spot,Nucleus,S2P,1,995,
-0.537687,um,Spot,Nucleus,S2P,1,996,
-1.87308,um,Spot,Nucleus,S2P,1,997,
-1.46747,um,Spot,Nucleus,S2P,1,998,
-1.82932,um,Spot,Nucleus,S2P,1,999,
-0.945882,um,Spot,Nucleus,S2P,1,1000,
-2.09445,um,Spot,Nucleus,S2P,1,1001,
-1.56011,um,Spot,Nucleus,S2P,1,1002,
-2.18622,um,Spot,Nucleus,S2P,1,1003,
-1.96435,um,Spot,Nucleus,S2P,1,1004,
-1.56135,um,Spot,Nucleus,S2P,1,1005,
-2.28022,um,Spot,Nucleus,S2P,1,1006,
-1.13682,um,Spot,Nucleus,S2P,1,1007,
-2.1999,um,Spot,Nucleus,S2P,1,1008,
-1.98725,um,Spot,Nucleus,S2P,1,1009,
-2.44386,um,Spot,Nucleus,S2P,1,1010,
-1.57962,um,Spot,Nucleus,S2P,1,1011,
-2.1214,um,Spot,Nucleus,S2P,1,1012,
-2.08178,um,Spot,Nucleus,S2P,1,1013,
-2.00399,um,Spot,Nucleus,S2P,1,1014,
-2.60068,um,Spot,Nucleus,S2P,1,1015,
-2.16467,um,Spot,Nucleus,S2P,1,1016,
-1.56877,um,Spot,Nucleus,S2P,1,1017,
-2.38411,um,Spot,Nucleus,S2P,1,1018,
-1.95985,um,Spot,Nucleus,S2P,1,1019,
-0.947978,um,Spot,Nucleus,S2P,1,1020,
-1.55123,um,Spot,Nucleus,S2P,1,1021,
-1.04168,um,Spot,Nucleus,S2P,1,1022,
-1.47164,um,Spot,Nucleus,S2P,1,1023,
-1.13454,um,Spot,Nucleus,S2P,1,1024,
-2.02257,um,Spot,Nucleus,S2P,1,1025,
-2.20463,um,Spot,Nucleus,S2P,1,1026,
-2.66016,um,Spot,Nucleus,S2P,1,1027,
-2.47551,um,Spot,Nucleus,S2P,1,1028,
-1.4413,um,Spot,Nucleus,S2P,1,1029,
-2.40855,um,Spot,Nucleus,S2P,1,1030,
-1.75013,um,Spot,Nucleus,S2P,1,1031,
-1.75977,um,Spot,Nucleus,S2P,1,1032,
-1.58466,um,Spot,Nucleus,S2P,1,1033,
-1.26749,um,Spot,Nucleus,S2P,1,1034,
-1.61436,um,Spot,Nucleus,S2P,1,1035,
-0.843638,um,Spot,Nucleus,S2P,1,1036,
-1.07021,um,Spot,Nucleus,S2P,1,1037,
-1.6443,um,Spot,Nucleus,S2P,1,1038,
-1.37591,um,Spot,Nucleus,S2P,1,1039,
-1.92776,um,Spot,Nucleus,S2P,1,1040,
-1.95614,um,Spot,Nucleus,S2P,1,1041,
-1.5409,um,Spot,Nucleus,S2P,1,1042,
-2.47929,um,Spot,Nucleus,S2P,1,1043,
-1.38697,um,Spot,Nucleus,S2P,1,1044,
-1.94379,um,Spot,Nucleus,S2P,1,1045,
-2.23056,um,Spot,Nucleus,S2P,1,1046,
-1.98343,um,Spot,Nucleus,S2P,1,1047,
-2.43559,um,Spot,Nucleus,S2P,1,1048,
-1.00254,um,Spot,Nucleus,S2P,1,1049,
-1.95172,um,Spot,Nucleus,S2P,1,1050,
-1.77169,um,Spot,Nucleus,S2P,1,1051,
-2.12513,um,Spot,Nucleus,S2P,1,1052,
-0.841024,um,Spot,Nucleus,S2P,1,1053,
-1.97243,um,Spot,Nucleus,S2P,1,1054,
-1.37877,um,Spot,Nucleus,S2P,1,1055,
-1.05047,um,Spot,Nucleus,S2P,1,1056,
-0.904985,um,Spot,Nucleus,S2P,1,1057,
-0.315113,um,Spot,Nucleus,S2P,1,1058,
-1.55909,um,Spot,Nucleus,S2P,1,1059,
-0.411089,um,Spot,Nucleus,S2P,1,1060,
-0.940016,um,Spot,Nucleus,S2P,1,1061,
-1.10789,um,Spot,Nucleus,S2P,1,1062,
-0.75037,um,Spot,Nucleus,S2P,1,1063,
-1.30332,um,Spot,Nucleus,S2P,1,1064,
-0.680818,um,Spot,Nucleus,S2P,1,1065,
-1.04281,um,Spot,Nucleus,S2P,1,1066,
-1.4665,um,Spot,Nucleus,S2P,1,1067,
-1.32472,um,Spot,Nucleus,S2P,1,1068,
-0.661877,um,Spot,Nucleus,S2P,1,1069,
-0.273998,um,Spot,Nucleus,S2P,1,1070,
-0.57814,um,Spot,Nucleus,S2P,1,1071,
-0.283071,um,Spot,Nucleus,S2P,1,1072,
-0.828078,um,Spot,Nucleus,S2P,1,1073,
-1.48461,um,Spot,Nucleus,S2P,1,1074,
-1.66419,um,Spot,Nucleus,S2P,1,1075,
-1.49738,um,Spot,Nucleus,S2P,1,1076,
-0.18845,um,Spot,Nucleus,S2P,1,1077,
-1.15357,um,Spot,Nucleus,S2P,1,1078,
-1.59092,um,Spot,Nucleus,S2P,1,1079,
-0.551229,um,Spot,Nucleus,S2P,1,1080,
-0.259426,um,Spot,Nucleus,S2P,1,1081,
-1.23798,um,Spot,Nucleus,S2P,1,1082,
-1.58277,um,Spot,Nucleus,S2P,1,1083,
-0.730737,um,Spot,Nucleus,S2P,1,1084,
-1.15013,um,Spot,Nucleus,S2P,1,1085,
-0.751693,um,Spot,Nucleus,S2P,1,1086,
-0.37855,um,Spot,Nucleus,S2P,1,1087,
-0.860204,um,Spot,Nucleus,S2P,1,1088,
-0.730368,um,Spot,Nucleus,S2P,1,1089,
-0.34313,um,Spot,Nucleus,S2P,1,1090,
-1.6881,um,Spot,Nucleus,S2P,1,1091,
-0.944731,um,Spot,Nucleus,S2P,1,1092,
-1.47705,um,Spot,Nucleus,S2P,1,1093,
-1.04586,um,Spot,Nucleus,S2P,1,1094,
-1.70049,um,Spot,Nucleus,S2P,1,1095,
-1.00248,um,Spot,Nucleus,S2P,1,1096,
-0.998909,um,Spot,Nucleus,S2P,1,1097,
-0.773666,um,Spot,Nucleus,S2P,1,1098,
-1.41457,um,Spot,Nucleus,S2P,1,1099,
-0.450526,um,Spot,Nucleus,S2P,1,1100,
-0.551892,um,Spot,Nucleus,S2P,1,1101,
-0.445092,um,Spot,Nucleus,S2P,1,1102,
-0.977566,um,Spot,Nucleus,S2P,1,1103,
-1.19475,um,Spot,Nucleus,S2P,1,1104,
-0.917334,um,Spot,Nucleus,S2P,1,1105,
-0.623994,um,Spot,Nucleus,S2P,1,1106,
-0.758387,um,Spot,Nucleus,S2P,1,1107,
-0.560642,um,Spot,Nucleus,S2P,1,1108,
-0.253284,um,Spot,Nucleus,S2P,1,1109,
-1.22806,um,Spot,Nucleus,S2P,1,1110,
-0.948454,um,Spot,Nucleus,S2P,1,1111,
-0.416006,um,Spot,Nucleus,S2P,1,1112,
-1.14592,um,Spot,Nucleus,S2P,1,1113,
-0.690183,um,Spot,Nucleus,S2P,1,1114,
-1.52397,um,Spot,Nucleus,S2P,1,1115,
-1.35003,um,Spot,Nucleus,S2P,1,1116,
-1.69151,um,Spot,Nucleus,S2P,1,1117,
-0.745718,um,Spot,Nucleus,S2P,1,1118,
-1.57263,um,Spot,Nucleus,S2P,1,1120,
-0.632119,um,Spot,Nucleus,S2P,1,1121,
-0.168464,um,Spot,Nucleus,S2P,1,1122,
-1.15834,um,Spot,Nucleus,S2P,1,1123,
-0.186197,um,Spot,Nucleus,S2P,1,1124,
-1.60394,um,Spot,Nucleus,S2P,1,1125,
-0.319342,um,Spot,Nucleus,S2P,1,1126,
-0.992305,um,Spot,Nucleus,S2P,1,1127,
-1.3003,um,Spot,Nucleus,S2P,1,1128,
-1.38696,um,Spot,Nucleus,S2P,1,1129,
-1.66778,um,Spot,Nucleus,S2P,1,1130,
-1.02002,um,Spot,Nucleus,S2P,1,1131,
-1.23751,um,Spot,Nucleus,S2P,1,1132,
-1.58471,um,Spot,Nucleus,S2P,1,1133,
-0.46503,um,Spot,Nucleus,S2P,1,1134,
-1.31862,um,Spot,Nucleus,S2P,1,1135,
-1.83083,um,Spot,Nucleus,S2P,1,1136,
-0.668137,um,Spot,Nucleus,S2P,1,1137,
-1.44442,um,Spot,Nucleus,S2P,1,1138,
-1.5858,um,Spot,Nucleus,S2P,1,1139,
-0.514777,um,Spot,Nucleus,S2P,1,1140,
-1.10356,um,Spot,Nucleus,S2P,1,1141,
-0.171382,um,Spot,Nucleus,S2P,1,1142,
-1.73275,um,Spot,Nucleus,S2P,1,1143,
-0.22631,um,Spot,Nucleus,S2P,1,1144,
-0.672083,um,Spot,Nucleus,S2P,1,1145,
-1.87172,um,Spot,Nucleus,S2P,1,1146,
-0.27966,um,Spot,Nucleus,S2P,1,1147,
-0.971508,um,Spot,Nucleus,S2P,1,1148,
-1.34601,um,Spot,Nucleus,S2P,1,1149,
-0.659906,um,Spot,Nucleus,S2P,1,1150,
-0.861284,um,Spot,Nucleus,S2P,1,1151,
-0.609004,um,Spot,Nucleus,S2P,1,1152,
-0.920172,um,Spot,Nucleus,S2P,1,1153,
-1.08128,um,Spot,Nucleus,S2P,1,1154,
-0.884184,um,Spot,Nucleus,S2P,1,1155,
-1.42875,um,Spot,Nucleus,S2P,1,1156,
-0.592278,um,Spot,Nucleus,S2P,1,1157,
-0.762213,um,Spot,Nucleus,S2P,1,1158,
-0.929274,um,Spot,Nucleus,S2P,1,1159,
-0.282061,um,Spot,Nucleus,S2P,1,1160,
-1.37229,um,Spot,Nucleus,S2P,1,1161,
-1.65903,um,Spot,Nucleus,S2P,1,1162,
-0.711646,um,Spot,Nucleus,S2P,1,1163,
-1.30733,um,Spot,Nucleus,S2P,1,1164,
-1.17237,um,Spot,Nucleus,S2P,1,1165,
-1.37924,um,Spot,Nucleus,S2P,1,1166,
-1.45126,um,Spot,Nucleus,S2P,1,1167,
-0.220215,um,Spot,Nucleus,S2P,1,1168,
-1.40031,um,Spot,Nucleus,S2P,1,1169,
-0.327759,um,Spot,Nucleus,S2P,1,1170,
-0.983692,um,Spot,Nucleus,S2P,1,1171,
-0.395055,um,Spot,Nucleus,S2P,1,1172,
-0.868818,um,Spot,Nucleus,S2P,1,1173,
-1.30563,um,Spot,Nucleus,S2P,1,1174,
-0.93264,um,Spot,Nucleus,S2P,1,1175,
-1.01834,um,Spot,Nucleus,S2P,1,1176,
-0.664087,um,Spot,Nucleus,S2P,1,1177,
-1.09108,um,Spot,Nucleus,S2P,1,1178,
-1.3514,um,Spot,Nucleus,S2P,1,1179,
-0.67076,um,Spot,Nucleus,S2P,1,1180,
-0.805129,um,Spot,Nucleus,S2P,1,1181,
-1.11414,um,Spot,Nucleus,S2P,1,1182,
-0.380114,um,Spot,Nucleus,S2P,1,1183,
-0.061632,um,Spot,Nucleus,S2P,1,1184,
-0.0704675,um,Spot,Nucleus,S2P,1,1185,
-0.0134935,um,Spot,Nucleus,S2P,1,1186,
-1.49939,um,Spot,Nucleus,S2P,1,1187,
-0.834901,um,Spot,Nucleus,S2P,1,1188,
-0.00224076,um,Spot,Nucleus,S2P,1,1189,
-0.0492787,um,Spot,Nucleus,S2P,1,1190,
-0.0431573,um,Spot,Nucleus,S2P,1,1191,
-0.00888088,um,Spot,Nucleus,S2P,1,1192,
-0.778197,um,Spot,Nucleus,S2P,1,1193,
-0.102097,um,Spot,Nucleus,S2P,1,1194,
-0.46748,um,Spot,Nucleus,S2P,1,1195,
-1.3204,um,Spot,Nucleus,S2P,1,1196,
-0.292421,um,Spot,Nucleus,S2P,1,1197,
-0.606928,um,Spot,Nucleus,S2P,1,1198,
-0.817167,um,Spot,Nucleus,S2P,1,1199,
-0.042409,um,Spot,Nucleus,S2P,1,1200,
-1.05455,um,Spot,Nucleus,S2P,1,1201,
-0.873995,um,Spot,Nucleus,S2P,1,1202,
-0.610624,um,Spot,Nucleus,S2P,1,1203,
-1.05586,um,Spot,Nucleus,S2P,1,1204,
-0.717832,um,Spot,Nucleus,S2P,1,1205,
-1.418,um,Spot,Nucleus,S2P,1,1206,
-0.109493,um,Spot,Nucleus,S2P,1,1207,
-1.48704,um,Spot,Nucleus,S2P,1,1208,
-1.38785,um,Spot,Nucleus,S2P,1,1209,
-0.849649,um,Spot,Nucleus,S2P,1,1210,
-0.906501,um,Spot,Nucleus,S2P,1,1211,
-0.0063178,um,Spot,Nucleus,S2P,1,1212,
-0.262145,um,Spot,Nucleus,S2P,1,1213,
-0.768775,um,Spot,Nucleus,S2P,1,1214,
-0.025482,um,Spot,Nucleus,S2P,1,1215,
-0.394123,um,Spot,Nucleus,S2P,1,1216,
-0.558989,um,Spot,Nucleus,S2P,1,1217,
-1.50545,um,Spot,Nucleus,S2P,1,1218,
-1.01589,um,Spot,Nucleus,S2P,1,1219,
-0.0302388,um,Spot,Nucleus,S2P,1,1220,
-0.034744,um,Spot,Nucleus,S2P,1,1221,
-0.279937,um,Spot,Nucleus,S2P,1,1222,
-0.730379,um,Spot,Nucleus,S2P,1,1223,
-0.90875,um,Spot,Nucleus,S2P,1,1224,
-0.604365,um,Spot,Nucleus,S2P,1,1225,
-0.0593332,um,Spot,Nucleus,S2P,1,1226,
-1.09372,um,Spot,Nucleus,S2P,1,1227,
-0.397809,um,Spot,Nucleus,S2P,1,1228,
-0.0168318,um,Spot,Nucleus,S2P,1,1229,
-0.55643,um,Spot,Nucleus,S2P,1,1230,
-0.115209,um,Spot,Nucleus,S2P,1,1231,
-0.208785,um,Spot,Nucleus,S2P,1,1232,
-0.438225,um,Spot,Nucleus,S2P,1,1233,
-1.12321,um,Spot,Nucleus,S2P,1,1234,
-0.752474,um,Spot,Nucleus,S2P,1,1235,
-0.0368287,um,Spot,Nucleus,S2P,1,1236,
-1.48302,um,Spot,Nucleus,S2P,1,1237,
-1.55777,um,Spot,Nucleus,S2P,1,1238,
-1.35974,um,Spot,Nucleus,S2P,1,1239,
-1.63238,um,Spot,Nucleus,S2P,1,1240,
-1.02385,um,Spot,Nucleus,S2P,1,1241,
-0.0441748,um,Spot,Nucleus,S2P,1,1242,
-0.171136,um,Spot,Nucleus,S2P,1,1243,
-0.345865,um,Spot,Nucleus,S2P,1,1244,
-0.306701,um,Spot,Nucleus,S2P,1,1245,
-0.450327,um,Spot,Nucleus,S2P,1,1246,
-1.20243,um,Spot,Nucleus,S2P,1,1247,
-1.0619,um,Spot,Nucleus,S2P,1,1248,
-0.256895,um,Spot,Nucleus,S2P,1,1249,
-0.473369,um,Spot,Nucleus,S2P,1,1250,
-0.304129,um,Spot,Nucleus,S2P,1,1251,
-1.30884,um,Spot,Nucleus,S2P,1,1252,
-1.37078,um,Spot,Nucleus,S2P,1,1253,
-1.64648,um,Spot,Nucleus,S2P,1,1254,
-1.38672,um,Spot,Nucleus,S2P,1,1255,
-0.277248,um,Spot,Nucleus,S2P,1,1256,
-0.634647,um,Spot,Nucleus,S2P,1,1257,
-1.03377,um,Spot,Nucleus,S2P,1,1258,
-0.201676,um,Spot,Nucleus,S2P,1,1259,
-1.09519,um,Spot,Nucleus,S2P,1,1260,
-1.87401,um,Spot,Nucleus,S2P,1,1261,
-1.19158,um,Spot,Nucleus,S2P,1,1262,
-1.73933,um,Spot,Nucleus,S2P,1,1263,
-0.324207,um,Spot,Nucleus,S2P,1,1264,
-1.64198,um,Spot,Nucleus,S2P,1,1265,
-1.26717,um,Spot,Nucleus,S2P,1,1266,
-0.854959,um,Spot,Nucleus,S2P,1,1267,
-0.487674,um,Spot,Nucleus,S2P,1,1268,
-1.43509,um,Spot,Nucleus,S2P,1,1269,
-1.4285,um,Spot,Nucleus,S2P,1,1270,
-0.799276,um,Spot,Nucleus,S2P,1,1271,
-1.37625,um,Spot,Nucleus,S2P,1,1272,
-1.19282,um,Spot,Nucleus,S2P,1,1273,
-0.812941,um,Spot,Nucleus,S2P,1,1274,
-0.293192,um,Spot,Nucleus,S2P,1,1275,
-1.16004,um,Spot,Nucleus,S2P,1,1276,
-0.204296,um,Spot,Nucleus,S2P,1,1277,
-0.561334,um,Spot,Nucleus,S2P,1,1278,
-0.200802,um,Spot,Nucleus,S2P,1,1279,
-1.15422,um,Spot,Nucleus,S2P,1,1280,
-0.494231,um,Spot,Nucleus,S2P,1,1281,
-0.783357,um,Spot,Nucleus,S2P,1,1282,
-0.31662,um,Spot,Nucleus,S2P,1,1283,
-0.448697,um,Spot,Nucleus,S2P,1,1284,
-0.224631,um,Spot,Nucleus,S2P,1,1285,
-1.15879,um,Spot,Nucleus,S2P,1,1286,
-1.05576,um,Spot,Nucleus,S2P,1,1287,
-0.526497,um,Spot,Nucleus,S2P,1,1288,
-0.564605,um,Spot,Nucleus,S2P,1,1289,
-1.29768,um,Spot,Nucleus,S2P,1,1290,
-0.853595,um,Spot,Nucleus,S2P,1,1291,
-0.63422,um,Spot,Nucleus,S2P,1,1292,
-0.308918,um,Spot,Nucleus,S2P,1,1293,
-0.275416,um,Spot,Nucleus,S2P,1,1294,
-0.733744,um,Spot,Nucleus,S2P,1,1295,
-0.276258,um,Spot,Nucleus,S2P,1,1296,
-0.684746,um,Spot,Nucleus,S2P,1,1297,
-0.645017,um,Spot,Nucleus,S2P,1,1298,
-0.240396,um,Spot,Nucleus,S2P,1,1299,
-0.736626,um,Spot,Nucleus,S2P,1,1300,
-0.346716,um,Spot,Nucleus,S2P,1,1301,
-0.743524,um,Spot,Nucleus,S2P,1,1302,
-1.05992,um,Spot,Nucleus,S2P,1,1303,
-0.624115,um,Spot,Nucleus,S2P,1,1304,
-0.326402,um,Spot,Nucleus,S2P,1,1305,
-0.63473,um,Spot,Nucleus,S2P,1,1306,
-0.690517,um,Spot,Nucleus,S2P,1,1307,
-1.1127,um,Spot,Nucleus,S2P,1,1308,
-0.974872,um,Spot,Nucleus,S2P,1,1309,
-0.787216,um,Spot,Nucleus,S2P,1,1310,
-0.55133,um,Spot,Nucleus,S2P,1,1311,
-0.760894,um,Spot,Nucleus,S2P,1,1312,
-0.273308,um,Spot,Nucleus,S2P,1,1313,
-0.208357,um,Spot,Nucleus,S2P,1,1314,
-0.584506,um,Spot,Nucleus,S2P,1,1315,
-0.417842,um,Spot,Nucleus,S2P,1,1316,
-0.269451,um,Spot,Nucleus,S2P,1,1317,
-0.401019,um,Spot,Nucleus,S2P,1,1318,
-0.305702,um,Spot,Nucleus,S2P,1,1319,
-0.262985,um,Spot,Nucleus,S2P,1,1320,
-0.629949,um,Spot,Nucleus,S2P,1,1321,
-0.698017,um,Spot,Nucleus,S2P,1,1322,
-0.607334,um,Spot,Nucleus,S2P,1,1323,
-1.00647,um,Spot,Nucleus,S2P,1,1324,
-0.462196,um,Spot,Nucleus,S2P,1,1325,
-0.608029,um,Spot,Nucleus,S2P,1,1326,
-0.37872,um,Spot,Nucleus,S2P,1,1327,
-0.299053,um,Spot,Nucleus,S2P,1,1328,
-0.260449,um,Spot,Nucleus,S2P,1,1329,
-0.856778,um,Spot,Nucleus,S2P,1,1330,
-1.14974,um,Spot,Nucleus,S2P,1,1331,
-0.296978,um,Spot,Nucleus,S2P,1,1332,
-0.387508,um,Spot,Nucleus,S2P,1,1333,
-0.484001,um,Spot,Nucleus,S2P,1,1334,
-0.883957,um,Spot,Nucleus,S2P,1,1335,
-0.605475,um,Spot,Nucleus,S2P,1,1336,
-0.824632,um,Spot,Nucleus,S2P,1,1337,
-0.783817,um,Spot,Nucleus,S2P,1,1338,
-0.152227,um,Spot,Nucleus,S2P,1,1339,
-0.191786,um,Spot,Nucleus,S2P,1,1340,
-0.270338,um,Spot,Nucleus,S2P,1,1341,
-0.482211,um,Spot,Nucleus,S2P,1,1342,
-0.338927,um,Spot,Nucleus,S2P,1,1343,
-0.614585,um,Spot,Nucleus,S2P,1,1344,
-0.499663,um,Spot,Nucleus,S2P,1,1345,
-1.08566,um,Spot,Nucleus,S2P,1,1346,
-1.24938,um,Spot,Nucleus,S2P,1,1347,
-1.29421,um,Spot,Nucleus,S2P,1,1348,
-0.700357,um,Spot,Nucleus,S2P,1,1349,
-0.439767,um,Spot,Nucleus,S2P,1,1350,
-0.671577,um,Spot,Nucleus,S2P,1,1351,
-1.06668,um,Spot,Nucleus,S2P,1,1352,
-1.30337,um,Spot,Nucleus,S2P,1,1353,
-1.23293,um,Spot,Nucleus,S2P,1,1354,
-0.15952,um,Spot,Nucleus,S2P,1,1355,
-0.776209,um,Spot,Nucleus,S2P,1,1356,
-1.4489,um,Spot,Nucleus,S2P,1,1357,
-1.42581,um,Spot,Nucleus,S2P,1,1358,
-0.176733,um,Spot,Nucleus,S2P,1,1359,
-0.474123,um,Spot,Nucleus,S2P,1,1360,
-0.510314,um,Spot,Nucleus,S2P,1,1361,
-0.417631,um,Spot,Nucleus,S2P,1,1362,
-0.931008,um,Spot,Nucleus,S2P,1,1363,
-0.161295,um,Spot,Nucleus,S2P,1,1364,
-0.502382,um,Spot,Nucleus,S2P,1,1365,
-0.507922,um,Spot,Nucleus,S2P,1,1366,
-0.818738,um,Spot,Nucleus,S2P,1,1367,
-1.11849,um,Spot,Nucleus,S2P,1,1368,
-1.28935,um,Spot,Nucleus,S2P,1,1369,
-1.30798,um,Spot,Nucleus,S2P,1,1370,
-0.677976,um,Spot,Nucleus,S2P,1,1371,
-0.280398,um,Spot,Nucleus,S2P,1,1372,
-0.65127,um,Spot,Nucleus,S2P,1,1373,
-0.916116,um,Spot,Nucleus,S2P,1,1374,
-1.12514,um,Spot,Nucleus,S2P,1,1375,
-1.16211,um,Spot,Nucleus,S2P,1,1376,
-0.476096,um,Spot,Nucleus,S2P,1,1377,
-1.14726,um,Spot,Nucleus,S2P,1,1378,
-0.383767,um,Spot,Nucleus,S2P,1,1379,
-0.665427,um,Spot,Nucleus,S2P,1,1380,
-0.433589,um,Spot,Nucleus,S2P,1,1381,
-0.906196,um,Spot,Nucleus,S2P,1,1382,
-0.484592,um,Spot,Nucleus,S2P,1,1383,
-0.246447,um,Spot,Nucleus,S2P,1,1384,
-0.838749,um,Spot,Nucleus,S2P,1,1385,
-0.604854,um,Spot,Nucleus,S2P,1,1386,
-0.280674,um,Spot,Nucleus,S2P,1,1387,
-0.89666,um,Spot,Nucleus,S2P,1,1388,
-1.16433,um,Spot,Nucleus,S2P,1,1389,
-1.0903,um,Spot,Nucleus,S2P,1,1390,
-0.578943,um,Spot,Nucleus,S2P,1,1391,
-0.411469,um,Spot,Nucleus,S2P,1,1392,
-0.337773,um,Spot,Nucleus,S2P,1,1393,
-1.30504,um,Spot,Nucleus,S2P,1,1394,
-0.898066,um,Spot,Nucleus,S2P,1,1395,
-1.43724,um,Spot,Nucleus,S2P,1,1396,
-1.03329,um,Spot,Nucleus,S2P,1,1397,
-0.284132,um,Spot,Nucleus,S2P,1,1398,
-0.967656,um,Spot,Nucleus,S2P,1,1399,
-1.11222,um,Spot,Nucleus,S2P,1,1400,
-1.45197,um,Spot,Nucleus,S2P,1,1401,
-0.274983,um,Spot,Nucleus,S2P,1,1402,
-0.511479,um,Spot,Nucleus,S2P,1,1403,
-0.575997,um,Spot,Nucleus,S2P,1,1404,
-0.386382,um,Spot,Nucleus,S2P,1,1405,
-0.724405,um,Spot,Nucleus,S2P,1,1406,
-1.13229,um,Spot,Nucleus,S2P,1,1407,
-0.498911,um,Spot,Nucleus,S2P,1,1408,
-0.683315,um,Spot,Nucleus,S2P,1,1409,
-0.558889,um,Spot,Nucleus,S2P,1,1410,
-0.904869,um,Spot,Nucleus,S2P,1,1411,
-0.396878,um,Spot,Nucleus,S2P,1,1412,
-0.637581,um,Spot,Nucleus,S2P,1,1413,
-0.919481,um,Spot,Nucleus,S2P,1,1414,
-1.27154,um,Spot,Nucleus,S2P,1,1415,
-0.447489,um,Spot,Nucleus,S2P,1,1416,
-0.845926,um,Spot,Nucleus,S2P,1,1417,
-0.354315,um,Spot,Nucleus,S2P,1,1418,
-0.227382,um,Spot,Nucleus,S2P,1,1419,
-0.0504469,um,Spot,Nucleus,S2P,1,1420,
-0.324941,um,Spot,Nucleus,S2P,1,1421,
-0.630849,um,Spot,Nucleus,S2P,1,1422,
-0.0969054,um,Spot,Nucleus,S2P,1,1423,
-0.666804,um,Spot,Nucleus,S2P,1,1424,
-1.07695,um,Spot,Nucleus,S2P,1,1425,
-1.23235,um,Spot,Nucleus,S2P,1,1426,
-0.351161,um,Spot,Nucleus,S2P,1,1427,
-0.363723,um,Spot,Nucleus,S2P,1,1428,
-0.701561,um,Spot,Nucleus,S2P,1,1429,
-0.576093,um,Spot,Nucleus,S2P,1,1430,
-0.651937,um,Spot,Nucleus,S2P,1,1431,
-0.845883,um,Spot,Nucleus,S2P,1,1432,
-1.23083,um,Spot,Nucleus,S2P,1,1433,
-0.226873,um,Spot,Nucleus,S2P,1,1434,
-0.28314,um,Spot,Nucleus,S2P,1,1435,
-0.409436,um,Spot,Nucleus,S2P,1,1436,
-0.210714,um,Spot,Nucleus,S2P,1,1437,
-0.980102,um,Spot,Nucleus,S2P,1,1438,
-0.443352,um,Spot,Nucleus,S2P,1,1439,
-0.376411,um,Spot,Nucleus,S2P,1,1440,
-0.488349,um,Spot,Nucleus,S2P,1,1441,
-0.736198,um,Spot,Nucleus,S2P,1,1442,
-0.536111,um,Spot,Nucleus,S2P,1,1443,
-0.913845,um,Spot,Nucleus,S2P,1,1444,
-0.240104,um,Spot,Nucleus,S2P,1,1445,
-0.293108,um,Spot,Nucleus,S2P,1,1446,
-0.715913,um,Spot,Nucleus,S2P,1,1447,
-0.764289,um,Spot,Nucleus,S2P,1,1448,
-0.865151,um,Spot,Nucleus,S2P,1,1449,
-0.237729,um,Spot,Nucleus,S2P,1,1450,
-0.388084,um,Spot,Nucleus,S2P,1,1451,
-0.175701,um,Spot,Nucleus,S2P,1,1452,
-0.0941323,um,Spot,Nucleus,S2P,1,1453,
-1.08661,um,Spot,Nucleus,S2P,1,1454,
-0.425403,um,Spot,Nucleus,S2P,1,1455,
-0.297976,um,Spot,Nucleus,S2P,1,1456,
-0.963967,um,Spot,Nucleus,S2P,1,1457,
-0.275548,um,Spot,Nucleus,S2P,1,1458,
-1.23369,um,Spot,Nucleus,S2P,1,1459,
-0.287137,um,Spot,Nucleus,S2P,1,1460,
-0.229359,um,Spot,Nucleus,S2P,1,1461,
-0.772232,um,Spot,Nucleus,S2P,1,1462,
-1.00321,um,Spot,Nucleus,S2P,1,1463,
-0.513949,um,Spot,Nucleus,S2P,1,1464,
-0.97071,um,Spot,Nucleus,S2P,1,1465,
-0.252756,um,Spot,Nucleus,S2P,1,1466,
-0.736479,um,Spot,Nucleus,S2P,1,1467,
-0.730696,um,Spot,Nucleus,S2P,1,1468,
-0.201222,um,Spot,Nucleus,S2P,1,1469,
-1.2566,um,Spot,Nucleus,S2P,1,1470,
-0.712955,um,Spot,Nucleus,S2P,1,1471,
-0.823321,um,Spot,Nucleus,S2P,1,1472,
-0.552817,um,Spot,Nucleus,S2P,1,1473,
-0.506966,um,Spot,Nucleus,S2P,1,1474,
-1.18322,um,Spot,Nucleus,S2P,1,1475,
-0.99695,um,Spot,Nucleus,S2P,1,1476,
-0.898144,um,Spot,Nucleus,S2P,1,1477,
-0.93051,um,Spot,Nucleus,S2P,1,1478,
-0.811369,um,Spot,Nucleus,S2P,1,1479,
-0.801974,um,Spot,Nucleus,S2P,1,1480,
-0.376808,um,Spot,Nucleus,S2P,1,1481,
-0.764952,um,Spot,Nucleus,S2P,1,1482,
-0.533969,um,Spot,Nucleus,S2P,1,1483,
-0.806144,um,Spot,Nucleus,S2P,1,1484,
-1.00089,um,Spot,Nucleus,S2P,1,1485,
-0.586334,um,Spot,Nucleus,S2P,1,1486,
-0.566727,um,Spot,Nucleus,S2P,1,1487,
-0.672364,um,Spot,Nucleus,S2P,1,1488,
-0.109838,um,Spot,Nucleus,S2P,1,1489,
-0.70056,um,Spot,Nucleus,S2P,1,1490,
-0.171336,um,Spot,Nucleus,S2P,1,1491,
-0.466931,um,Spot,Nucleus,S2P,1,1492,
-0.589776,um,Spot,Nucleus,S2P,1,1493,
-0.945327,um,Spot,Nucleus,S2P,1,1494,
-0.458204,um,Spot,Nucleus,S2P,1,1495,
-0.173548,um,Spot,Nucleus,S2P,1,1496,
-0.998699,um,Spot,Nucleus,S2P,1,1497,
-0.339428,um,Spot,Nucleus,S2P,1,1498,
-0.710587,um,Spot,Nucleus,S2P,1,1499,
-0.784723,um,Spot,Nucleus,S2P,1,1500,
-0.679092,um,Spot,Nucleus,S2P,1,1501,
-0.743104,um,Spot,Nucleus,S2P,1,1502,
-1.26493,um,Spot,Nucleus,S2P,1,1503,
-1.25817,um,Spot,Nucleus,S2P,1,1504,
-0.581851,um,Spot,Nucleus,S2P,1,1505,
-0.457122,um,Spot,Nucleus,S2P,1,1506,
-0.597679,um,Spot,Nucleus,S2P,1,1507,
-0.818407,um,Spot,Nucleus,S2P,1,1508,
-0.381555,um,Spot,Nucleus,S2P,1,1509,
-0.677275,um,Spot,Nucleus,S2P,1,1510,
-1.04809,um,Spot,Nucleus,S2P,1,1511,
-0.949918,um,Spot,Nucleus,S2P,1,1512,
-1.01914,um,Spot,Nucleus,S2P,1,1513,
-1.3599,um,Spot,Nucleus,S2P,1,1514,
-1.2701,um,Spot,Nucleus,S2P,1,1515,
-1.1024,um,Spot,Nucleus,S2P,1,1516,
-0.935975,um,Spot,Nucleus,S2P,1,1517,
-1.22179,um,Spot,Nucleus,S2P,1,1518,
-0.973884,um,Spot,Nucleus,S2P,1,1519,
-0.435223,um,Spot,Nucleus,S2P,1,1520,
-1.46775,um,Spot,Nucleus,S2P,1,1521,
-1.21045,um,Spot,Nucleus,S2P,1,1522,
-0.348358,um,Spot,Nucleus,S2P,1,1523,
-0.476965,um,Spot,Nucleus,S2P,1,1524,
-0.748612,um,Spot,Nucleus,S2P,1,1525,
-0.256722,um,Spot,Nucleus,S2P,1,1526,
-0.270579,um,Spot,Nucleus,S2P,1,1527,
-1.28856,um,Spot,Nucleus,S2P,1,1528,
-0.73569,um,Spot,Nucleus,S2P,1,1529,
-0.306482,um,Spot,Nucleus,S2P,1,1530,
-1.09142,um,Spot,Nucleus,S2P,1,1531,
-0.849741,um,Spot,Nucleus,S2P,1,1532,
-0.488343,um,Spot,Nucleus,S2P,1,1533,
-0.501392,um,Spot,Nucleus,S2P,1,1534,
-1.51962,um,Spot,Nucleus,S2P,1,1535,
-0.375383,um,Spot,Nucleus,S2P,1,1536,
-0.891688,um,Spot,Nucleus,S2P,1,1537,
-0.437814,um,Spot,Nucleus,S2P,1,1538,
-0.577688,um,Spot,Nucleus,S2P,1,1539,
-0.760075,um,Spot,Nucleus,S2P,1,1540,
-0.958684,um,Spot,Nucleus,S2P,1,1541,
-1.32482,um,Spot,Nucleus,S2P,1,1542,
-1.52688,um,Spot,Nucleus,S2P,1,1543,
-1.7901,um,Spot,Nucleus,S2P,1,1544,
-2.04674,um,Spot,Nucleus,S2P,1,1545,
-2.02555,um,Spot,Nucleus,S2P,1,1546,
-1.88114,um,Spot,Nucleus,S2P,1,1547,
-1.41258,um,Spot,Nucleus,S2P,1,1548,
-2.03341,um,Spot,Nucleus,S2P,1,1549,
-1.84967,um,Spot,Nucleus,S2P,1,1550,
-2.74818,um,Spot,Nucleus,S2P,1,1551,
-2.70523,um,Spot,Nucleus,S2P,1,1552,
-2.61805,um,Spot,Nucleus,S2P,1,1553,
-2.35833,um,Spot,Nucleus,S2P,1,1554,
-1.79899,um,Spot,Nucleus,S2P,1,1555,
-2.06827,um,Spot,Nucleus,S2P,1,1556,
-0.582883,um,Spot,Nucleus,S2P,1,1557,
-1.66888,um,Spot,Nucleus,S2P,1,1558,
-1.87221,um,Spot,Nucleus,S2P,1,1559,
-1.88656,um,Spot,Nucleus,S2P,1,1560,
-2.62689,um,Spot,Nucleus,S2P,1,1561,
-2.20632,um,Spot,Nucleus,S2P,1,1562,
-2.08675,um,Spot,Nucleus,S2P,1,1563,
-1.73762,um,Spot,Nucleus,S2P,1,1564,
-2.23879,um,Spot,Nucleus,S2P,1,1565,
-1.61833,um,Spot,Nucleus,S2P,1,1566,
-2.44869,um,Spot,Nucleus,S2P,1,1567,
-1.36809,um,Spot,Nucleus,S2P,1,1568,
-1.79987,um,Spot,Nucleus,S2P,1,1569,
-1.49215,um,Spot,Nucleus,S2P,1,1570,
-1.62446,um,Spot,Nucleus,S2P,1,1571,
-1.10405,um,Spot,Nucleus,S2P,1,1572,
-1.19152,um,Spot,Nucleus,S2P,1,1573,
-1.41631,um,Spot,Nucleus,S2P,1,1574,
-1.28984,um,Spot,Nucleus,S2P,1,1575,
-1.42084,um,Spot,Nucleus,S2P,1,1576,
-1.81342,um,Spot,Nucleus,S2P,1,1577,
-1.96984,um,Spot,Nucleus,S2P,1,1578,
-2.0501,um,Spot,Nucleus,S2P,1,1579,
-2.48338,um,Spot,Nucleus,S2P,1,1580,
-2.01481,um,Spot,Nucleus,S2P,1,1581,
-2.43116,um,Spot,Nucleus,S2P,1,1582,
-2.5731,um,Spot,Nucleus,S2P,1,1583,
-2.08959,um,Spot,Nucleus,S2P,1,1584,
-2.25243,um,Spot,Nucleus,S2P,1,1585,
-2.36114,um,Spot,Nucleus,S2P,1,1586,
-2.05204,um,Spot,Nucleus,S2P,1,1587,
-1.68868,um,Spot,Nucleus,S2P,1,1588,
-1.26574,um,Spot,Nucleus,S2P,1,1589,
-1.76192,um,Spot,Nucleus,S2P,1,1590,
-0.694949,um,Spot,Nucleus,S2P,1,1591,
-1.07909,um,Spot,Nucleus,S2P,1,1592,
-1.50422,um,Spot,Nucleus,S2P,1,1593,
-1.50994,um,Spot,Nucleus,S2P,1,1594,
-1.65932,um,Spot,Nucleus,S2P,1,1595,
-2.01866,um,Spot,Nucleus,S2P,1,1596,
-1.7374,um,Spot,Nucleus,S2P,1,1597,
-2.07522,um,Spot,Nucleus,S2P,1,1598,
-1.15425,um,Spot,Nucleus,S2P,1,1599,
-2.00921,um,Spot,Nucleus,S2P,1,1600,
-1.97105,um,Spot,Nucleus,S2P,1,1601,
-2.28338,um,Spot,Nucleus,S2P,1,1602,
-2.15761,um,Spot,Nucleus,S2P,1,1603,
-1.42738,um,Spot,Nucleus,S2P,1,1604,
-2.8075,um,Spot,Nucleus,S2P,1,1605,
-2.14909,um,Spot,Nucleus,S2P,1,1606,
-2.32814,um,Spot,Nucleus,S2P,1,1607,
-1.94283,um,Spot,Nucleus,S2P,1,1608,
-1.87298,um,Spot,Nucleus,S2P,1,1609,
-2.07351,um,Spot,Nucleus,S2P,1,1610,
-1.81843,um,Spot,Nucleus,S2P,1,1611,
-2.04371,um,Spot,Nucleus,S2P,1,1612,
-1.82478,um,Spot,Nucleus,S2P,1,1613,
-1.62501,um,Spot,Nucleus,S2P,1,1614,
-1.82889,um,Spot,Nucleus,S2P,1,1615,
-2.04403,um,Spot,Nucleus,S2P,1,1616,
-2.58733,um,Spot,Nucleus,S2P,1,1617,
-1.74572,um,Spot,Nucleus,S2P,1,1618,
-2.44657,um,Spot,Nucleus,S2P,1,1619,
-2.66523,um,Spot,Nucleus,S2P,1,1620,
-1.63329,um,Spot,Nucleus,S2P,1,1621,
-2.28896,um,Spot,Nucleus,S2P,1,1622,
-1.38723,um,Spot,Nucleus,S2P,1,1623,
-1.0661,um,Spot,Nucleus,S2P,1,1624,
-2.03888,um,Spot,Nucleus,S2P,1,1625,
-1.33085,um,Spot,Nucleus,S2P,1,1626,
-1.08172,um,Spot,Nucleus,S2P,1,1627,
-1.7508,um,Spot,Nucleus,S2P,1,1628,
-1.73363,um,Spot,Nucleus,S2P,1,1629,
-1.91061,um,Spot,Nucleus,S2P,1,1630,
-1.90465,um,Spot,Nucleus,S2P,1,1631,
-1.77719,um,Spot,Nucleus,S2P,1,1632,
-2.10142,um,Spot,Nucleus,S2P,1,1633,
-2.24209,um,Spot,Nucleus,S2P,1,1634,
-1.67484,um,Spot,Nucleus,S2P,1,1635,
-1.8273,um,Spot,Nucleus,S2P,1,1636,
-2.38823,um,Spot,Nucleus,S2P,1,1637,
-1.97151,um,Spot,Nucleus,S2P,1,1638,
-2.16988,um,Spot,Nucleus,S2P,1,1639,
-2.34719,um,Spot,Nucleus,S2P,1,1640,
-1.65763,um,Spot,Nucleus,S2P,1,1641,
-1.79723,um,Spot,Nucleus,S2P,1,1642,
-1.49551,um,Spot,Nucleus,S2P,1,1643,
-1.31449,um,Spot,Nucleus,S2P,1,1644,
-1.18366,um,Spot,Nucleus,S2P,1,1645,
-1.61443,um,Spot,Nucleus,S2P,1,1646,
-1.83311,um,Spot,Nucleus,S2P,1,1647,
-2.12298,um,Spot,Nucleus,S2P,1,1648,
-1.92702,um,Spot,Nucleus,S2P,1,1649,
-2.53459,um,Spot,Nucleus,S2P,1,1650,
-2.04968,um,Spot,Nucleus,S2P,1,1651,
-2.57024,um,Spot,Nucleus,S2P,1,1652,
-1.6678,um,Spot,Nucleus,S2P,1,1653,
-2.66864,um,Spot,Nucleus,S2P,1,1654,
-2.6746,um,Spot,Nucleus,S2P,1,1655,
-1.56601,um,Spot,Nucleus,S2P,1,1656,
-1.51253,um,Spot,Nucleus,S2P,1,1657,
-1.93914,um,Spot,Nucleus,S2P,1,1658,
-2.01468,um,Spot,Nucleus,S2P,1,1659,
-2.00968,um,Spot,Nucleus,S2P,1,1660,
-1.9249,um,Spot,Nucleus,S2P,1,1661,
-1.86743,um,Spot,Nucleus,S2P,1,1662,
-1.70413,um,Spot,Nucleus,S2P,1,1663,
-2.17918,um,Spot,Nucleus,S2P,1,1664,
-1.76474,um,Spot,Nucleus,S2P,1,1665,
-2.37842,um,Spot,Nucleus,S2P,1,1666,
-2.08997,um,Spot,Nucleus,S2P,1,1667,
-1.60715,um,Spot,Nucleus,S2P,1,1668,
-2.76458,um,Spot,Nucleus,S2P,1,1669,
-1.51629,um,Spot,Nucleus,S2P,1,1670,
-1.3217,um,Spot,Nucleus,S2P,1,1671,
-0.968747,um,Spot,Nucleus,S2P,1,1672,
-1.17549,um,Spot,Nucleus,S2P,1,1673,
-1.27813,um,Spot,Nucleus,S2P,1,1674,
-0.983354,um,Spot,Nucleus,S2P,1,1675,
-1.739,um,Spot,Nucleus,S2P,1,1676,
-0.799382,um,Spot,Nucleus,S2P,1,1677,
-1.26719,um,Spot,Nucleus,S2P,1,1678,
-1.67193,um,Spot,Nucleus,S2P,1,1679,
-1.43976,um,Spot,Nucleus,S2P,1,1680,
-1.44853,um,Spot,Nucleus,S2P,1,1681,
-2.11613,um,Spot,Nucleus,S2P,1,1682,
-1.74036,um,Spot,Nucleus,S2P,1,1683,
-1.53706,um,Spot,Nucleus,S2P,1,1684,
-1.80412,um,Spot,Nucleus,S2P,1,1685,
-2.45664,um,Spot,Nucleus,S2P,1,1686,
-1.94758,um,Spot,Nucleus,S2P,1,1687,
-2.31187,um,Spot,Nucleus,S2P,1,1688,
-2.33349,um,Spot,Nucleus,S2P,1,1689,
-2.22824,um,Spot,Nucleus,S2P,1,1690,
-1.57036,um,Spot,Nucleus,S2P,1,1691,
-1.0703,um,Spot,Nucleus,S2P,1,1692,
-1.63948,um,Spot,Nucleus,S2P,1,1693,
-1.94601,um,Spot,Nucleus,S2P,1,1694,
-1.49039,um,Spot,Nucleus,S2P,1,1695,
-2.18634,um,Spot,Nucleus,S2P,1,1696,
-2.12735,um,Spot,Nucleus,S2P,1,1697,
-1.99409,um,Spot,Nucleus,S2P,1,1698,
-2.20132,um,Spot,Nucleus,S2P,1,1699,
-1.99733,um,Spot,Nucleus,S2P,1,1700,
-2.25044,um,Spot,Nucleus,S2P,1,1701,
-2.06038,um,Spot,Nucleus,S2P,1,1702,
-2.37617,um,Spot,Nucleus,S2P,1,1703,
-2.0704,um,Spot,Nucleus,S2P,1,1704,
-1.86679,um,Spot,Nucleus,S2P,1,1705,
-2.31532,um,Spot,Nucleus,S2P,1,1706,
-1.94339,um,Spot,Nucleus,S2P,1,1707,
-0.971838,um,Spot,Nucleus,S2P,1,1708,
-0.88923,um,Spot,Nucleus,S2P,1,1709,
-1.24075,um,Spot,Nucleus,S2P,1,1710,
-1.63389,um,Spot,Nucleus,S2P,1,1711,
-1.70399,um,Spot,Nucleus,S2P,1,1712,
-1.88129,um,Spot,Nucleus,S2P,1,1713,
-1.73061,um,Spot,Nucleus,S2P,1,1714,
-1.77102,um,Spot,Nucleus,S2P,1,1715,
-2.2916,um,Spot,Nucleus,S2P,1,1716,
-2.13724,um,Spot,Nucleus,S2P,1,1717,
-2.43806,um,Spot,Nucleus,S2P,1,1718,
-2.46204,um,Spot,Nucleus,S2P,1,1719,
-1.49397,um,Spot,Nucleus,S2P,1,1720,
-1.19244,um,Spot,Nucleus,S2P,1,1721,
-1.89512,um,Spot,Nucleus,S2P,1,1722,
-2.07433,um,Spot,Nucleus,S2P,1,1723,
-1.78872,um,Spot,Nucleus,S2P,1,1724,
-1.83415,um,Spot,Nucleus,S2P,1,1725,
-1.43697,um,Spot,Nucleus,S2P,1,1726,
-2.15688,um,Spot,Nucleus,S2P,1,1727,
-2.10498,um,Spot,Nucleus,S2P,1,1728,
-0.885955,um,Spot,Nucleus,S2P,1,1729,
-1.94352,um,Spot,Nucleus,S2P,1,1730,
-0.986251,um,Spot,Nucleus,S2P,1,1731,
-1.38439,um,Spot,Nucleus,S2P,1,1732,
-1.79038,um,Spot,Nucleus,S2P,1,1733,
-1.79003,um,Spot,Nucleus,S2P,1,1734,
-1.86692,um,Spot,Nucleus,S2P,1,1735,
-2.01744,um,Spot,Nucleus,S2P,1,1736,
-2.37262,um,Spot,Nucleus,S2P,1,1737,
-2.40968,um,Spot,Nucleus,S2P,1,1738,
-2.07616,um,Spot,Nucleus,S2P,1,1739,
-2.12862,um,Spot,Nucleus,S2P,1,1740,
-2.20044,um,Spot,Nucleus,S2P,1,1741,
-2.38943,um,Spot,Nucleus,S2P,1,1742,
-1.57363,um,Spot,Nucleus,S2P,1,1743,
-2.102,um,Spot,Nucleus,S2P,1,1744,
-1.39762,um,Spot,Nucleus,S2P,1,1745,
-1.17939,um,Spot,Nucleus,S2P,1,1746,
-1.84095,um,Spot,Nucleus,S2P,1,1747,
-1.67447,um,Spot,Nucleus,S2P,1,1748,
-1.60664,um,Spot,Nucleus,S2P,1,1749,
-1.32761,um,Spot,Nucleus,S2P,1,1750,
-1.76552,um,Spot,Nucleus,S2P,1,1751,
-1.6478,um,Spot,Nucleus,S2P,1,1752,
-1.78531,um,Spot,Nucleus,S2P,1,1753,
-2.0592,um,Spot,Nucleus,S2P,1,1754,
-1.84,um,Spot,Nucleus,S2P,1,1755,
-1.91451,um,Spot,Nucleus,S2P,1,1756,
-2.10948,um,Spot,Nucleus,S2P,1,1757,
-1.83238,um,Spot,Nucleus,S2P,1,1758,
-1.64135,um,Spot,Nucleus,S2P,1,1759,
-1.73832,um,Spot,Nucleus,S2P,1,1760,
-1.81264,um,Spot,Nucleus,S2P,1,1761,
-2.33592,um,Spot,Nucleus,S2P,1,1762,
-1.82595,um,Spot,Nucleus,S2P,1,1763,
-1.62596,um,Spot,Nucleus,S2P,1,1764,
-1.36497,um,Spot,Nucleus,S2P,1,1765,
-0.550493,um,Spot,Nucleus,S2P,1,1766,
-0.834585,um,Spot,Nucleus,S2P,1,1767,
-0.981283,um,Spot,Nucleus,S2P,1,1768,
-1.46776,um,Spot,Nucleus,S2P,1,1769,
-1.87539,um,Spot,Nucleus,S2P,1,1770,
-1.66376,um,Spot,Nucleus,S2P,1,1771,
-1.84565,um,Spot,Nucleus,S2P,1,1772,
-2.02548,um,Spot,Nucleus,S2P,1,1773,
-1.77683,um,Spot,Nucleus,S2P,1,1774,
-2.20474,um,Spot,Nucleus,S2P,1,1775,
-1.56293,um,Spot,Nucleus,S2P,1,1776,
-1.38104,um,Spot,Nucleus,S2P,1,1777,
-2.3007,um,Spot,Nucleus,S2P,1,1778,
-1.81317,um,Spot,Nucleus,S2P,1,1779,
-1.89506,um,Spot,Nucleus,S2P,1,1780,
-1.56466,um,Spot,Nucleus,S2P,1,1781,
-2.08487,um,Spot,Nucleus,S2P,1,1782,
-1.50806,um,Spot,Nucleus,S2P,1,1783,
-0.868778,um,Spot,Nucleus,S2P,1,1784,
-1.48402,um,Spot,Nucleus,S2P,1,1785,
-0.925577,um,Spot,Nucleus,S2P,1,1786,
-1.22191,um,Spot,Nucleus,S2P,1,1787,
-0.908585,um,Spot,Nucleus,S2P,1,1788,
-0.831287,um,Spot,Nucleus,S2P,1,1789,
-1.66173,um,Spot,Nucleus,S2P,1,1790,
-0.990295,um,Spot,Nucleus,S2P,1,1791,
-1.37803,um,Spot,Nucleus,S2P,1,1792,
-1.35429,um,Spot,Nucleus,S2P,1,1793,
-1.94004,um,Spot,Nucleus,S2P,1,1794,
-1.41194,um,Spot,Nucleus,S2P,1,1795,
-1.5876,um,Spot,Nucleus,S2P,1,1796,
-1.84929,um,Spot,Nucleus,S2P,1,1797,
-1.3085,um,Spot,Nucleus,S2P,1,1798,
-1.47487,um,Spot,Nucleus,S2P,1,1799,
-1.19524,um,Spot,Nucleus,S2P,1,1800,
-0.318445,um,Spot,Nucleus,S2P,1,1801,
-1.249,um,Spot,Nucleus,S2P,1,1802,
-1.45272,um,Spot,Nucleus,S2P,1,1803,
-0.826132,um,Spot,Nucleus,S2P,1,1804,
-0.974702,um,Spot,Nucleus,S2P,1,1805,
-1.10249,um,Spot,Nucleus,S2P,1,1806,
-1.65914,um,Spot,Nucleus,S2P,1,1807,
-1.58493,um,Spot,Nucleus,S2P,1,1808,
-1.64491,um,Spot,Nucleus,S2P,1,1809,
-1.65869,um,Spot,Nucleus,S2P,1,1810,
-1.68559,um,Spot,Nucleus,S2P,1,1811,
-1.58778,um,Spot,Nucleus,S2P,1,1812,
-1.16592,um,Spot,Nucleus,S2P,1,1813,
-0.665709,um,Spot,Nucleus,S2P,1,1814,
-0.386487,um,Spot,Nucleus,S2P,1,1815,
-1.34453,um,Spot,Nucleus,S2P,1,1816,
-0.659311,um,Spot,Nucleus,S2P,1,1817,
-1.10969,um,Spot,Nucleus,S2P,1,1818,
-1.04677,um,Spot,Nucleus,S2P,1,1819,
-0.200309,um,Spot,Nucleus,S2P,1,1820,
-0.938168,um,Spot,Nucleus,S2P,1,1821,
-0.294169,um,Spot,Nucleus,S2P,1,1822,
-0.667483,um,Spot,Nucleus,S2P,1,1823,
-0.413154,um,Spot,Nucleus,S2P,1,1824,
-0.261501,um,Spot,Nucleus,S2P,1,1825,
-0.921391,um,Spot,Nucleus,S2P,1,1826,
-1.35798,um,Spot,Nucleus,S2P,1,1827,
-0.45716,um,Spot,Nucleus,S2P,1,1828,
-1.07779,um,Spot,Nucleus,S2P,1,1829,
-1.35665,um,Spot,Nucleus,S2P,1,1830,
-1.30479,um,Spot,Nucleus,S2P,1,1831,
-1.12872,um,Spot,Nucleus,S2P,1,1832,
-1.33141,um,Spot,Nucleus,S2P,1,1833,
-0.778972,um,Spot,Nucleus,S2P,1,1834,
-0.570587,um,Spot,Nucleus,S2P,1,1835,
-1.16709,um,Spot,Nucleus,S2P,1,1836,
-1.48482,um,Spot,Nucleus,S2P,1,1837,
-1.19477,um,Spot,Nucleus,S2P,1,1838,
-0.482049,um,Spot,Nucleus,S2P,1,1839,
-0.938453,um,Spot,Nucleus,S2P,1,1840,
-0.468384,um,Spot,Nucleus,S2P,1,1841,
-0.379871,um,Spot,Nucleus,S2P,1,1842,
-0.987064,um,Spot,Nucleus,S2P,1,1843,
-0.648173,um,Spot,Nucleus,S2P,1,1844,
-1.48806,um,Spot,Nucleus,S2P,1,1845,
-0.247761,um,Spot,Nucleus,S2P,1,1846,
-1.02313,um,Spot,Nucleus,S2P,1,1847,
-0.664218,um,Spot,Nucleus,S2P,1,1848,
-0.790269,um,Spot,Nucleus,S2P,1,1849,
-0.173637,um,Spot,Nucleus,S2P,1,1850,
-1.32024,um,Spot,Nucleus,S2P,1,1851,
-0.747578,um,Spot,Nucleus,S2P,1,1852,
-0.65704,um,Spot,Nucleus,S2P,1,1853,
-1.36947,um,Spot,Nucleus,S2P,1,1854,
-0.30625,um,Spot,Nucleus,S2P,1,1855,
-1.22858,um,Spot,Nucleus,S2P,1,1856,
-0.799281,um,Spot,Nucleus,S2P,1,1857,
-0.96338,um,Spot,Nucleus,S2P,1,1858,
-0.637702,um,Spot,Nucleus,S2P,1,1859,
-1.04977,um,Spot,Nucleus,S2P,1,1860,
-0.981282,um,Spot,Nucleus,S2P,1,1861,
-1.45614,um,Spot,Nucleus,S2P,1,1862,
-1.03695,um,Spot,Nucleus,S2P,1,1863,
-0.980984,um,Spot,Nucleus,S2P,1,1864,
-1.22878,um,Spot,Nucleus,S2P,1,1865,
-0.593849,um,Spot,Nucleus,S2P,1,1866,
-1.40444,um,Spot,Nucleus,S2P,1,1867,
-1.19189,um,Spot,Nucleus,S2P,1,1868,
-0.950138,um,Spot,Nucleus,S2P,1,1869,
-0.989836,um,Spot,Nucleus,S2P,1,1870,
-0.74629,um,Spot,Nucleus,S2P,1,1871,
-0.50367,um,Spot,Nucleus,S2P,1,1872,
-0.546592,um,Spot,Nucleus,S2P,1,1873,
-0.578137,um,Spot,Nucleus,S2P,1,1874,
-0.614213,um,Spot,Nucleus,S2P,1,1875,
-1.05537,um,Spot,Nucleus,S2P,1,1876,
-0.921762,um,Spot,Nucleus,S2P,1,1877,
-0.736334,um,Spot,Nucleus,S2P,1,1878,
-0.620286,um,Spot,Nucleus,S2P,1,1879,
-1.13518,um,Spot,Nucleus,S2P,1,1880,
-1.31719,um,Spot,Nucleus,S2P,1,1881,
-0.718332,um,Spot,Nucleus,S2P,1,1882,
-1.23076,um,Spot,Nucleus,S2P,1,1883,
-0.605797,um,Spot,Nucleus,S2P,1,1884,
-0.465102,um,Spot,Nucleus,S2P,1,1885,
-1.03135,um,Spot,Nucleus,S2P,1,1886,
-0.935942,um,Spot,Nucleus,S2P,1,1887,
-0.912246,um,Spot,Nucleus,S2P,1,1888,
-1.30806,um,Spot,Nucleus,S2P,1,1889,
-0.389886,um,Spot,Nucleus,S2P,1,1890,
-0.437733,um,Spot,Nucleus,S2P,1,1891,
-0.666894,um,Spot,Nucleus,S2P,1,1892,
-0.963159,um,Spot,Nucleus,S2P,1,1893,
-0.670206,um,Spot,Nucleus,S2P,1,1894,
-0.162574,um,Spot,Nucleus,S2P,1,1895,
-0.599917,um,Spot,Nucleus,S2P,1,1896,
-0.356808,um,Spot,Nucleus,S2P,1,1897,
-0.316891,um,Spot,Nucleus,S2P,1,1898,
-1.15769,um,Spot,Nucleus,S2P,1,1899,
-1.79266,um,Spot,Nucleus,S2P,1,1900,
-0.957178,um,Spot,Nucleus,S2P,1,1901,
-1.32777,um,Spot,Nucleus,S2P,1,1902,
-1.20372,um,Spot,Nucleus,S2P,1,1903,
-1.26707,um,Spot,Nucleus,S2P,1,1904,
-1.11813,um,Spot,Nucleus,S2P,1,1905,
-0.403708,um,Spot,Nucleus,S2P,1,1906,
-0.887344,um,Spot,Nucleus,S2P,1,1907,
-0.916904,um,Spot,Nucleus,S2P,1,1908,
-2.00417,um,Spot,Nucleus,S2P,1,1909,
-1.56991,um,Spot,Nucleus,S2P,1,1910,
-1.53562,um,Spot,Nucleus,S2P,1,1911,
-0.988545,um,Spot,Nucleus,S2P,1,1912,
-0.766462,um,Spot,Nucleus,S2P,1,1913,
-1.90299,um,Spot,Nucleus,S2P,1,1914,
-1.83995,um,Spot,Nucleus,S2P,1,1915,
-1.97973,um,Spot,Nucleus,S2P,1,1916,
-0.899027,um,Spot,Nucleus,S2P,1,1917,
-0.67643,um,Spot,Nucleus,S2P,1,1918,
-1.02911,um,Spot,Nucleus,S2P,1,1919,
-0.728718,um,Spot,Nucleus,S2P,1,1920,
-1.70886,um,Spot,Nucleus,S2P,1,1921,
-0.617708,um,Spot,Nucleus,S2P,1,1922,
-0.976917,um,Spot,Nucleus,S2P,1,1923,
-0.805398,um,Spot,Nucleus,S2P,1,1924,
-0.798688,um,Spot,Nucleus,S2P,1,1925,
-0.573166,um,Spot,Nucleus,S2P,1,1926,
-0.206045,um,Spot,Nucleus,S2P,1,1927,
-0.226099,um,Spot,Nucleus,S2P,1,1928,
-1.90654,um,Spot,Nucleus,S2P,1,1929,
-1.35281,um,Spot,Nucleus,S2P,1,1930,
-1.15788,um,Spot,Nucleus,S2P,1,1931,
-0.980263,um,Spot,Nucleus,S2P,1,1932,
-1.18356,um,Spot,Nucleus,S2P,1,1933,
-0.695151,um,Spot,Nucleus,S2P,1,1934,
-0.270969,um,Spot,Nucleus,S2P,1,1935,
-1.35778,um,Spot,Nucleus,S2P,1,1936,
-1.49752,um,Spot,Nucleus,S2P,1,1937,
-0.832783,um,Spot,Nucleus,S2P,1,1938,
-1.52707,um,Spot,Nucleus,S2P,1,1939,
-1.3845,um,Spot,Nucleus,S2P,1,1940,
-1.51306,um,Spot,Nucleus,S2P,1,1941,
-1.65822,um,Spot,Nucleus,S2P,1,1942,
-1.38129,um,Spot,Nucleus,S2P,1,1943,
-1.01074,um,Spot,Nucleus,S2P,1,1944,
-0.597107,um,Spot,Nucleus,S2P,1,1945,
-1.79794,um,Spot,Nucleus,S2P,1,1946,
-1.44758,um,Spot,Nucleus,S2P,1,1947,
-0.756864,um,Spot,Nucleus,S2P,1,1948,
-1.22252,um,Spot,Nucleus,S2P,1,1949,
-1.29744,um,Spot,Nucleus,S2P,1,1950,
-1.26847,um,Spot,Nucleus,S2P,1,1951,
-0.833449,um,Spot,Nucleus,S2P,1,1952,
-0.317569,um,Spot,Nucleus,S2P,1,1953,
-0.784396,um,Spot,Nucleus,S2P,1,1954,
-2.02626,um,Spot,Nucleus,S2P,1,1955,
-1.01212,um,Spot,Nucleus,S2P,1,1956,
-1.83906,um,Spot,Nucleus,S2P,1,1957,
-0.487637,um,Spot,Nucleus,S2P,1,1958,
-0.558823,um,Spot,Nucleus,S2P,1,1959,
-1.52281,um,Spot,Nucleus,S2P,1,1960,
-0.480508,um,Spot,Nucleus,S2P,1,1961,
-0.18247,um,Spot,Nucleus,S2P,1,1962,
-0.735891,um,Spot,Nucleus,S2P,1,1963,
-0.909218,um,Spot,Nucleus,S2P,1,1964,
-0.34801,um,Spot,Nucleus,S2P,1,1965,
-1.66373,um,Spot,Nucleus,S2P,1,1966,
-1.79911,um,Spot,Nucleus,S2P,1,1967,
-1.41122,um,Spot,Nucleus,S2P,1,1968,
-1.86553,um,Spot,Nucleus,S2P,1,1969,
-0.492487,um,Spot,Nucleus,S2P,1,1970,
-1.12376,um,Spot,Nucleus,S2P,1,1971,
-0.911851,um,Spot,Nucleus,S2P,1,1972,
-2.07363,um,Spot,Nucleus,S2P,1,1973,
-1.71274,um,Spot,Nucleus,S2P,1,1974,
-1.65142,um,Spot,Nucleus,S2P,1,1975,
-1.04535,um,Spot,Nucleus,S2P,1,1976,
-0.87322,um,Spot,Nucleus,S2P,1,1977,
-0.680571,um,Spot,Nucleus,S2P,1,1978,
-0.505992,um,Spot,Nucleus,S2P,1,1979,
-1.16817,um,Spot,Nucleus,S2P,1,1980,
-0.788132,um,Spot,Nucleus,S2P,1,1981,
-1.48346,um,Spot,Nucleus,S2P,1,1982,
-1.37676,um,Spot,Nucleus,S2P,1,1983,
-1.26612,um,Spot,Nucleus,S2P,1,1984,
-1.05005,um,Spot,Nucleus,S2P,1,1985,
-0.252923,um,Spot,Nucleus,S2P,1,1986,
-1.01197,um,Spot,Nucleus,S2P,1,1987,
-1.89226,um,Spot,Nucleus,S2P,1,1988,
-1.23002,um,Spot,Nucleus,S2P,1,1989,
-0.866457,um,Spot,Nucleus,S2P,1,1990,
-1.65426,um,Spot,Nucleus,S2P,1,1991,
-1.4715,um,Spot,Nucleus,S2P,1,1992,
-0.60676,um,Spot,Nucleus,S2P,1,1993,
-0.567531,um,Spot,Nucleus,S2P,1,1994,
-0.680973,um,Spot,Nucleus,S2P,1,1995,
-0.447603,um,Spot,Nucleus,S2P,1,1996,
-0.440094,um,Spot,Nucleus,S2P,1,1997,
-1.02705,um,Spot,Nucleus,S2P,1,1998,
-0.625464,um,Spot,Nucleus,S2P,1,1999,
-0.781959,um,Spot,Nucleus,S2P,1,2000,
-0.1572,um,Spot,Nucleus,S2P,1,2001,
-1.92284,um,Spot,Nucleus,S2P,1,2002,
-0.792734,um,Spot,Nucleus,S2P,1,2003,
-1.14069,um,Spot,Nucleus,S2P,1,2004,
-1.5572,um,Spot,Nucleus,S2P,1,2005,
-1.52713,um,Spot,Nucleus,S2P,1,2006,
-0.341094,um,Spot,Nucleus,S2P,1,2007,
-0.415635,um,Spot,Nucleus,S2P,1,2008,
-0.348009,um,Spot,Nucleus,S2P,1,2009,
-1.47324,um,Spot,Nucleus,S2P,1,2010,
-0.836364,um,Spot,Nucleus,S2P,1,2011,
-1.12574,um,Spot,Nucleus,S2P,1,2012,
-1.68325,um,Spot,Nucleus,S2P,1,2013,
-0.950361,um,Spot,Nucleus,S2P,1,2014,
-0.385294,um,Spot,Nucleus,S2P,1,2015,
-0.723747,um,Spot,Nucleus,S2P,1,2016,
-1.04848,um,Spot,Nucleus,S2P,1,2017,
-0.396641,um,Spot,Nucleus,S2P,1,2018,
-0.607916,um,Spot,Nucleus,S2P,1,2019,
-0.374839,um,Spot,Nucleus,S2P,1,2020,
-0.316111,um,Spot,Nucleus,S2P,1,2021,
-1.0234,um,Spot,Nucleus,S2P,1,2022,
-0.308894,um,Spot,Nucleus,S2P,1,2023,
-0.254202,um,Spot,Nucleus,S2P,1,2024,
-0.307242,um,Spot,Nucleus,S2P,1,2025,
-0.786846,um,Spot,Nucleus,S2P,1,2026,
-0.613309,um,Spot,Nucleus,S2P,1,2027,
-0.382469,um,Spot,Nucleus,S2P,1,2028,
-0.517761,um,Spot,Nucleus,S2P,1,2029,
-0.305669,um,Spot,Nucleus,S2P,1,2030,
-0.822963,um,Spot,Nucleus,S2P,1,2031,
-0.342224,um,Spot,Nucleus,S2P,1,2032,
-0.349806,um,Spot,Nucleus,S2P,1,2033,
-0.174677,um,Spot,Nucleus,S2P,1,2034,
-0.416633,um,Spot,Nucleus,S2P,1,2035,
-0.802419,um,Spot,Nucleus,S2P,1,2036,
-0.40845,um,Spot,Nucleus,S2P,1,2037,
-0.571492,um,Spot,Nucleus,S2P,1,2038,
-0.543956,um,Spot,Nucleus,S2P,1,2039,
-0.830565,um,Spot,Nucleus,S2P,1,2040,
-0.416481,um,Spot,Nucleus,S2P,1,2041,
-0.146726,um,Spot,Nucleus,S2P,1,2042,
-0.928067,um,Spot,Nucleus,S2P,1,2043,
-0.787993,um,Spot,Nucleus,S2P,1,2044,
-0.351089,um,Spot,Nucleus,S2P,1,2045,
-0.591495,um,Spot,Nucleus,S2P,1,2046,
-0.765759,um,Spot,Nucleus,S2P,1,2047,
-0.553133,um,Spot,Nucleus,S2P,1,2048,
-0.438003,um,Spot,Nucleus,S2P,1,2049,
-0.263743,um,Spot,Nucleus,S2P,1,2050,
-0.847013,um,Spot,Nucleus,S2P,1,2051,
-0.399934,um,Spot,Nucleus,S2P,1,2052,
-0.283777,um,Spot,Nucleus,S2P,1,2053,
-1.06332,um,Spot,Nucleus,S2P,1,2054,
-0.742179,um,Spot,Nucleus,S2P,1,2055,
-0.396405,um,Spot,Nucleus,S2P,1,2056,
-0.296456,um,Spot,Nucleus,S2P,1,2057,
-0.854289,um,Spot,Nucleus,S2P,1,2058,
-0.437152,um,Spot,Nucleus,S2P,1,2059,
-0.636229,um,Spot,Nucleus,S2P,1,2060,
-0.624045,um,Spot,Nucleus,S2P,1,2061,
-0.435582,um,Spot,Nucleus,S2P,1,2062,
-0.364739,um,Spot,Nucleus,S2P,1,2063,
-0.663319,um,Spot,Nucleus,S2P,1,2064,
-0.338809,um,Spot,Nucleus,S2P,1,2065,
-0.220434,um,Spot,Nucleus,S2P,1,2066,
-0.700997,um,Spot,Nucleus,S2P,1,2067,
-0.760976,um,Spot,Nucleus,S2P,1,2068,
-0.533181,um,Spot,Nucleus,S2P,1,2069,
-0.469329,um,Spot,Nucleus,S2P,1,2070,
-0.234791,um,Spot,Nucleus,S2P,1,2071,
-0.391555,um,Spot,Nucleus,S2P,1,2072,
-0.348161,um,Spot,Nucleus,S2P,1,2073,
-1.00444,um,Spot,Nucleus,S2P,1,2074,
-0.31761,um,Spot,Nucleus,S2P,1,2075,
-0.89235,um,Spot,Nucleus,S2P,1,2076,
-0.591756,um,Spot,Nucleus,S2P,1,2077,
-0.724549,um,Spot,Nucleus,S2P,1,2078,
-0.31061,um,Spot,Nucleus,S2P,1,2079,
-0.607034,um,Spot,Nucleus,S2P,1,2080,
-0.221698,um,Spot,Nucleus,S2P,1,2081,
-0.377028,um,Spot,Nucleus,S2P,1,2082,
-0.27764,um,Spot,Nucleus,S2P,1,2083,
-1.06868,um,Spot,Nucleus,S2P,1,2084,
-1.18796,um,Spot,Nucleus,S2P,1,2085,
-0.906136,um,Spot,Nucleus,S2P,1,2086,
-0.579754,um,Spot,Nucleus,S2P,1,2087,
-0.607212,um,Spot,Nucleus,S2P,1,2088,
-0.583319,um,Spot,Nucleus,S2P,1,2089,
-0.745769,um,Spot,Nucleus,S2P,1,2090,
-1.15816,um,Spot,Nucleus,S2P,1,2091,
-0.699184,um,Spot,Nucleus,S2P,1,2092,
-0.661516,um,Spot,Nucleus,S2P,1,2093,
-0.871279,um,Spot,Nucleus,S2P,1,2094,
-0.361073,um,Spot,Nucleus,S2P,1,2095,
-0.284551,um,Spot,Nucleus,S2P,1,2096,
-0.918325,um,Spot,Nucleus,S2P,1,2097,
-0.675467,um,Spot,Nucleus,S2P,1,2098,
-0.172814,um,Spot,Nucleus,S2P,1,2099,
-0.265483,um,Spot,Nucleus,S2P,1,2100,
-0.435289,um,Spot,Nucleus,S2P,1,2101,
-1.01194,um,Spot,Nucleus,S2P,1,2102,
-0.63079,um,Spot,Nucleus,S2P,1,2103,
-0.664471,um,Spot,Nucleus,S2P,1,2104,
-0.613067,um,Spot,Nucleus,S2P,1,2105,
-0.760236,um,Spot,Nucleus,S2P,1,2106,
-0.743188,um,Spot,Nucleus,S2P,1,2107,
-0.552621,um,Spot,Nucleus,S2P,1,2108,
-0.458784,um,Spot,Nucleus,S2P,1,2109,
-0.409747,um,Spot,Nucleus,S2P,1,2110,
-0.595713,um,Spot,Nucleus,S2P,1,2111,
-0.800443,um,Spot,Nucleus,S2P,1,2112,
-0.509947,um,Spot,Nucleus,S2P,1,2113,
-0.230738,um,Spot,Nucleus,S2P,1,2114,
-0.673329,um,Spot,Nucleus,S2P,1,2115,
-0.223727,um,Spot,Nucleus,S2P,1,2116,
-0.402375,um,Spot,Nucleus,S2P,1,2117,
-0.274571,um,Spot,Nucleus,S2P,1,2118,
-0.372238,um,Spot,Nucleus,S2P,1,2119,
-0.449784,um,Spot,Nucleus,S2P,1,2120,
-0.167743,um,Spot,Nucleus,S2P,1,2121,
-0.797847,um,Spot,Nucleus,S2P,1,2122,
-1.09927,um,Spot,Nucleus,S2P,1,2123,
-1.18933,um,Spot,Nucleus,S2P,1,2124,
-1.42238,um,Spot,Nucleus,S2P,1,2125,
-1.64405,um,Spot,Nucleus,S2P,1,2126,
-1.50413,um,Spot,Nucleus,S2P,1,2127,
-1.90113,um,Spot,Nucleus,S2P,1,2128,
-1.86438,um,Spot,Nucleus,S2P,1,2129,
-1.6856,um,Spot,Nucleus,S2P,1,2130,
-1.99416,um,Spot,Nucleus,S2P,1,2131,
-1.82651,um,Spot,Nucleus,S2P,1,2132,
-2.14241,um,Spot,Nucleus,S2P,1,2133,
-1.93887,um,Spot,Nucleus,S2P,1,2134,
-2.10401,um,Spot,Nucleus,S2P,1,2135,
-1.79746,um,Spot,Nucleus,S2P,1,2136,
-1.132,um,Spot,Nucleus,S2P,1,2137,
-0.936515,um,Spot,Nucleus,S2P,1,2138,
-1.14228,um,Spot,Nucleus,S2P,1,2139,
-0.916624,um,Spot,Nucleus,S2P,1,2140,
-0.878004,um,Spot,Nucleus,S2P,1,2141,
-1.37954,um,Spot,Nucleus,S2P,1,2142,
-1.01427,um,Spot,Nucleus,S2P,1,2143,
-1.58111,um,Spot,Nucleus,S2P,1,2144,
-1.76142,um,Spot,Nucleus,S2P,1,2145,
-1.81961,um,Spot,Nucleus,S2P,1,2146,
-1.34728,um,Spot,Nucleus,S2P,1,2147,
-1.53434,um,Spot,Nucleus,S2P,1,2148,
-1.83738,um,Spot,Nucleus,S2P,1,2149,
-1.36714,um,Spot,Nucleus,S2P,1,2150,
-1.38124,um,Spot,Nucleus,S2P,1,2151,
-1.94992,um,Spot,Nucleus,S2P,1,2152,
-1.90791,um,Spot,Nucleus,S2P,1,2153,
-1.41095,um,Spot,Nucleus,S2P,1,2154,
-1.87047,um,Spot,Nucleus,S2P,1,2155,
-1.78252,um,Spot,Nucleus,S2P,1,2156,
-2.07202,um,Spot,Nucleus,S2P,1,2157,
-1.56402,um,Spot,Nucleus,S2P,1,2158,
-2.07976,um,Spot,Nucleus,S2P,1,2159,
-2.13133,um,Spot,Nucleus,S2P,1,2160,
-1.30552,um,Spot,Nucleus,S2P,1,2161,
-1.17985,um,Spot,Nucleus,S2P,1,2162,
-1.96357,um,Spot,Nucleus,S2P,1,2163,
-1.32413,um,Spot,Nucleus,S2P,1,2164,
-0.839883,um,Spot,Nucleus,S2P,1,2165,
-0.508446,um,Spot,Nucleus,S2P,1,2166,
-1.21113,um,Spot,Nucleus,S2P,1,2167,
-1.37036,um,Spot,Nucleus,S2P,1,2168,
-1.05326,um,Spot,Nucleus,S2P,1,2169,
-1.11638,um,Spot,Nucleus,S2P,1,2170,
-1.66758,um,Spot,Nucleus,S2P,1,2171,
-1.98301,um,Spot,Nucleus,S2P,1,2172,
-1.97122,um,Spot,Nucleus,S2P,1,2173,
-1.09093,um,Spot,Nucleus,S2P,1,2174,
-1.99508,um,Spot,Nucleus,S2P,1,2175,
-1.03987,um,Spot,Nucleus,S2P,1,2176,
-1.24861,um,Spot,Nucleus,S2P,1,2177,
-1.57288,um,Spot,Nucleus,S2P,1,2178,
-1.44502,um,Spot,Nucleus,S2P,1,2179,
-1.1745,um,Spot,Nucleus,S2P,1,2180,
-1.75565,um,Spot,Nucleus,S2P,1,2181,
-1.68646,um,Spot,Nucleus,S2P,1,2182,
-1.82051,um,Spot,Nucleus,S2P,1,2183,
-1.94882,um,Spot,Nucleus,S2P,1,2184,
-1.95421,um,Spot,Nucleus,S2P,1,2185,
-1.0832,um,Spot,Nucleus,S2P,1,2186,
-2.05779,um,Spot,Nucleus,S2P,1,2187,
-1.03137,um,Spot,Nucleus,S2P,1,2188,
-0.485953,um,Spot,Nucleus,S2P,1,2189,
-1.51303,um,Spot,Nucleus,S2P,1,2190,
-1.73272,um,Spot,Nucleus,S2P,1,2191,
-1.21022,um,Spot,Nucleus,S2P,1,2192,
-1.25207,um,Spot,Nucleus,S2P,1,2193,
-1.78045,um,Spot,Nucleus,S2P,1,2194,
-1.64698,um,Spot,Nucleus,S2P,1,2195,
-1.82755,um,Spot,Nucleus,S2P,1,2196,
-0.964552,um,Spot,Nucleus,S2P,1,2197,
-0.311044,um,Spot,Nucleus,S2P,1,2198,
-0.906851,um,Spot,Nucleus,S2P,1,2199,
-1.17305,um,Spot,Nucleus,S2P,1,2200,
-0.844782,um,Spot,Nucleus,S2P,1,2201,
-0.888834,um,Spot,Nucleus,S2P,1,2202,
-0.916652,um,Spot,Nucleus,S2P,1,2203,
-1.47593,um,Spot,Nucleus,S2P,1,2204,
-1.36282,um,Spot,Nucleus,S2P,1,2205,
-1.28916,um,Spot,Nucleus,S2P,1,2206,
-1.46156,um,Spot,Nucleus,S2P,1,2207,
-1.23201,um,Spot,Nucleus,S2P,1,2208,
-1.75019,um,Spot,Nucleus,S2P,1,2209,
-1.54387,um,Spot,Nucleus,S2P,1,2210,
-1.50746,um,Spot,Nucleus,S2P,1,2211,
-0.790346,um,Spot,Nucleus,S2P,1,2212,
-1.20606,um,Spot,Nucleus,S2P,1,2213,
-1.1001,um,Spot,Nucleus,S2P,1,2214,
-1.05989,um,Spot,Nucleus,S2P,1,2215,
-1.32358,um,Spot,Nucleus,S2P,1,2216,
-1.38069,um,Spot,Nucleus,S2P,1,2217,
-1.31917,um,Spot,Nucleus,S2P,1,2218,
-1.30353,um,Spot,Nucleus,S2P,1,2219,
-1.6077,um,Spot,Nucleus,S2P,1,2220,
-1.70782,um,Spot,Nucleus,S2P,1,2221,
-1.45414,um,Spot,Nucleus,S2P,1,2222,
-1.78127,um,Spot,Nucleus,S2P,1,2223,
-1.85057,um,Spot,Nucleus,S2P,1,2224,
-0.419851,um,Spot,Nucleus,S2P,1,2225,
-0.542979,um,Spot,Nucleus,S2P,1,2226,
-0.968753,um,Spot,Nucleus,S2P,1,2227,
-1.34364,um,Spot,Nucleus,S2P,1,2228,
-1.50211,um,Spot,Nucleus,S2P,1,2229,
-1.51748,um,Spot,Nucleus,S2P,1,2230,
-1.35602,um,Spot,Nucleus,S2P,1,2231,
-1.02497,um,Spot,Nucleus,S2P,1,2232,
-1.31636,um,Spot,Nucleus,S2P,1,2233,
-0.811938,um,Spot,Nucleus,S2P,1,2234,
-0.758829,um,Spot,Nucleus,S2P,1,2235,
-0.471922,um,Spot,Nucleus,S2P,1,2236,
-0.905922,um,Spot,Nucleus,S2P,1,2237,
-1.19599,um,Spot,Nucleus,S2P,1,2238,
-0.893091,um,Spot,Nucleus,S2P,1,2239,
-0.820524,um,Spot,Nucleus,S2P,1,2240,
-1.36349,um,Spot,Nucleus,S2P,1,2241,
-0.875615,um,Spot,Nucleus,S2P,1,2242,
-1.4514,um,Spot,Nucleus,S2P,1,2243,
-0.836327,um,Spot,Nucleus,S2P,1,2244,
-1.24529,um,Spot,Nucleus,S2P,1,2245,
-1.06685,um,Spot,Nucleus,S2P,1,2246,
-1.52395,um,Spot,Nucleus,S2P,1,2247,
-1.52881,um,Spot,Nucleus,S2P,1,2248,
-0.590306,um,Spot,Nucleus,S2P,1,2249,
-0.356433,um,Spot,Nucleus,S2P,1,2250,
-0.7949,um,Spot,Nucleus,S2P,1,2251,
-0.608346,um,Spot,Nucleus,S2P,1,2252,
-1.05616,um,Spot,Nucleus,S2P,1,2253,
-0.828143,um,Spot,Nucleus,S2P,1,2254,
-1.20599,um,Spot,Nucleus,S2P,1,2255,
-1.1002,um,Spot,Nucleus,S2P,1,2256,
-1.19082,um,Spot,Nucleus,S2P,1,2257,
-1.07316,um,Spot,Nucleus,S2P,1,2258,
-1.25714,um,Spot,Nucleus,S2P,1,2259,
-1.3731,um,Spot,Nucleus,S2P,1,2260,
-1.31442,um,Spot,Nucleus,S2P,1,2261,
-1.4328,um,Spot,Nucleus,S2P,1,2262,
-0.91439,um,Spot,Nucleus,S2P,1,2263,
-1.60174,um,Spot,Nucleus,S2P,1,2264,
-1.07024,um,Spot,Nucleus,S2P,1,2265,
-1.45195,um,Spot,Nucleus,S2P,1,2266,
-1.63662,um,Spot,Nucleus,S2P,1,2267,
-1.23531,um,Spot,Nucleus,S2P,1,2268,
-1.16792,um,Spot,Nucleus,S2P,1,2269,
-0.914288,um,Spot,Nucleus,S2P,1,2270,
-1.23597,um,Spot,Nucleus,S2P,1,2271,
-1.1078,um,Spot,Nucleus,S2P,1,2272,
-1.35203,um,Spot,Nucleus,S2P,1,2273,
-1.44725,um,Spot,Nucleus,S2P,1,2274,
-0.614128,um,Spot,Nucleus,S2P,1,2275,
-0.888539,um,Spot,Nucleus,S2P,1,2276,
-0.509501,um,Spot,Nucleus,S2P,1,2277,
-0.845734,um,Spot,Nucleus,S2P,1,2278,
-0.983188,um,Spot,Nucleus,S2P,1,2279,
-0.982208,um,Spot,Nucleus,S2P,1,2280,
-0.705738,um,Spot,Nucleus,S2P,1,2281,
-1.14595,um,Spot,Nucleus,S2P,1,2282,
-0.855169,um,Spot,Nucleus,S2P,1,2283,
-0.650234,um,Spot,Nucleus,S2P,1,2284,
-1.46585,um,Spot,Nucleus,S2P,1,2285,
-1.16307,um,Spot,Nucleus,S2P,1,2286,
-1.42439,um,Spot,Nucleus,S2P,1,2287,
-0.864003,um,Spot,Nucleus,S2P,1,2288,
-0.476371,um,Spot,Nucleus,S2P,1,2289,
-0.678071,um,Spot,Nucleus,S2P,1,2290,
-0.616163,um,Spot,Nucleus,S2P,1,2291,
-0.716523,um,Spot,Nucleus,S2P,1,2292,
-0.82876,um,Spot,Nucleus,S2P,1,2293,
-0.582224,um,Spot,Nucleus,S2P,1,2294,
-0.411158,um,Spot,Nucleus,S2P,1,2295,
-0.982367,um,Spot,Nucleus,S2P,1,2296,
-1.07033,um,Spot,Nucleus,S2P,1,2297,
-1.13367,um,Spot,Nucleus,S2P,1,2298,
-1.17881,um,Spot,Nucleus,S2P,1,2299,
-1.19025,um,Spot,Nucleus,S2P,1,2300,
-1.20834,um,Spot,Nucleus,S2P,1,2301,
-1.29501,um,Spot,Nucleus,S2P,1,2302,
-0.992184,um,Spot,Nucleus,S2P,1,2303,
-1.35941,um,Spot,Nucleus,S2P,1,2304,
-1.08601,um,Spot,Nucleus,S2P,1,2305,
-1.07665,um,Spot,Nucleus,S2P,1,2306,
-0.387704,um,Spot,Nucleus,S2P,1,2307,
-0.419619,um,Spot,Nucleus,S2P,1,2308,
-0.523565,um,Spot,Nucleus,S2P,1,2309,
-0.60284,um,Spot,Nucleus,S2P,1,2310,
-0.756718,um,Spot,Nucleus,S2P,1,2311,
-0.853889,um,Spot,Nucleus,S2P,1,2312,
-0.911871,um,Spot,Nucleus,S2P,1,2313,
-0.923714,um,Spot,Nucleus,S2P,1,2314,
-1.1069,um,Spot,Nucleus,S2P,1,2315,
-0.714846,um,Spot,Nucleus,S2P,1,2316,
-0.58172,um,Spot,Nucleus,S2P,1,2317,
-0.612826,um,Spot,Nucleus,S2P,1,2318,
-0.640037,um,Spot,Nucleus,S2P,1,2319,
-0.717687,um,Spot,Nucleus,S2P,1,2320,
-0.797307,um,Spot,Nucleus,S2P,1,2321,
-0.690863,um,Spot,Nucleus,S2P,1,2322,
-0.977895,um,Spot,Nucleus,S2P,1,2323,
-0.440339,um,Spot,Nucleus,S2P,1,2324,
-1.04982,um,Spot,Nucleus,S2P,1,2325,
-0.731614,um,Spot,Nucleus,S2P,1,2326,
-0.513276,um,Spot,Nucleus,S2P,1,2327,
-0.685453,um,Spot,Nucleus,S2P,1,2328,
-0.362145,um,Spot,Nucleus,S2P,1,2329,
-0.474499,um,Spot,Nucleus,S2P,1,2330,
-0.694341,um,Spot,Nucleus,S2P,1,2331,
-0.449263,um,Spot,Nucleus,S2P,1,2332,
-0.574913,um,Spot,Nucleus,S2P,1,2333,
-0.51221,um,Spot,Nucleus,S2P,1,2334,
-0.769828,um,Spot,Nucleus,S2P,1,2335,
-0.781927,um,Spot,Nucleus,S2P,1,2336,
-0.811479,um,Spot,Nucleus,S2P,1,2337,
-0.70877,um,Spot,Nucleus,S2P,1,2338,
-0.717193,um,Spot,Nucleus,S2P,1,2339,
-0.881856,um,Spot,Nucleus,S2P,1,2340,
-0.325695,um,Spot,Nucleus,S2P,1,2341,
-0.961629,um,Spot,Nucleus,S2P,1,2342,
-1.10215,um,Spot,Nucleus,S2P,1,2343,
-0.388827,um,Spot,Nucleus,S2P,1,2344,
-0.786971,um,Spot,Nucleus,S2P,1,2345,
-0.374074,um,Spot,Nucleus,S2P,1,2346,
-0.747954,um,Spot,Nucleus,S2P,1,2347,
-0.98265,um,Spot,Nucleus,S2P,1,2348,
-0.420867,um,Spot,Nucleus,S2P,1,2349,
-0.57368,um,Spot,Nucleus,S2P,1,2350,
-0.572486,um,Spot,Nucleus,S2P,1,2351,
-0.38363,um,Spot,Nucleus,S2P,1,2352,
-0.690577,um,Spot,Nucleus,S2P,1,2353,
-0.538878,um,Spot,Nucleus,S2P,1,2354,
-0.41532,um,Spot,Nucleus,S2P,1,2355,
-0.831493,um,Spot,Nucleus,S2P,1,2356,
-0.991859,um,Spot,Nucleus,S2P,1,2357,
-0.75517,um,Spot,Nucleus,S2P,1,2358,
-0.683149,um,Spot,Nucleus,S2P,1,2359,
-0.575118,um,Spot,Nucleus,S2P,1,2360,
-0.87319,um,Spot,Nucleus,S2P,1,2361,
-0.491849,um,Spot,Nucleus,S2P,1,2362,
-0.38841,um,Spot,Nucleus,S2P,1,2363,
-0.713011,um,Spot,Nucleus,S2P,1,2364,
-0.591315,um,Spot,Nucleus,S2P,1,2365,
-0.427932,um,Spot,Nucleus,S2P,1,2366,
-0.356158,um,Spot,Nucleus,S2P,1,2367,
-0.475495,um,Spot,Nucleus,S2P,1,2368,
-0.423991,um,Spot,Nucleus,S2P,1,2369,
-0.485442,um,Spot,Nucleus,S2P,1,2370,
-0.569374,um,Spot,Nucleus,S2P,1,2371,
-0.527509,um,Spot,Nucleus,S2P,1,2372,
-0.2445,um,Spot,Nucleus,S2P,1,2373,
-0.315486,um,Spot,Nucleus,S2P,1,2374,
-0.430573,um,Spot,Nucleus,S2P,1,2375,
-0.525013,um,Spot,Nucleus,S2P,1,2376,
-0.348361,um,Spot,Nucleus,S2P,1,2377,
-0.244765,um,Spot,Nucleus,S2P,1,2378,
-0.173836,um,Spot,Nucleus,S2P,1,2379,
-0.215844,um,Spot,Nucleus,S2P,1,2380,
-0.527826,um,Spot,Nucleus,S2P,1,2381,
-0.834067,um,Spot,Nucleus,S2P,1,2382,
-1.17068,um,Spot,Nucleus,S2P,1,2383,
-0.685645,um,Spot,Nucleus,S2P,1,2384,
-0.275401,um,Spot,Nucleus,S2P,1,2385,
-0.380775,um,Spot,Nucleus,S2P,1,2386,
-0.437873,um,Spot,Nucleus,S2P,1,2387,
-1.41267,um,Spot,Nucleus,S2P,1,2388,
-1.68972,um,Spot,Nucleus,S2P,1,2389,
-1.59619,um,Spot,Nucleus,S2P,1,2390,
-1.13325,um,Spot,Nucleus,S2P,1,2391,
-0.287334,um,Spot,Nucleus,S2P,1,2392,
-0.780134,um,Spot,Nucleus,S2P,1,2393,
-0.738346,um,Spot,Nucleus,S2P,1,2394,
-1.46539,um,Spot,Nucleus,S2P,1,2395,
-1.42521,um,Spot,Nucleus,S2P,1,2396,
-1.34124,um,Spot,Nucleus,S2P,1,2397,
-1.13005,um,Spot,Nucleus,S2P,1,2398,
-0.340282,um,Spot,Nucleus,S2P,1,2399,
-0.979397,um,Spot,Nucleus,S2P,1,2400,
-0.514708,um,Spot,Nucleus,S2P,1,2401,
-0.579575,um,Spot,Nucleus,S2P,1,2402,
-1.70076,um,Spot,Nucleus,S2P,1,2403,
-0.98682,um,Spot,Nucleus,S2P,1,2404,
-0.764287,um,Spot,Nucleus,S2P,1,2405,
-1.0071,um,Spot,Nucleus,S2P,1,2406,
-0.941148,um,Spot,Nucleus,S2P,1,2407,
-0.357001,um,Spot,Nucleus,S2P,1,2408,
-1.61971,um,Spot,Nucleus,S2P,1,2409,
-1.01081,um,Spot,Nucleus,S2P,1,2410,
-0.597502,um,Spot,Nucleus,S2P,1,2411,
-0.963292,um,Spot,Nucleus,S2P,1,2412,
-0.732404,um,Spot,Nucleus,S2P,1,2413,
-0.542738,um,Spot,Nucleus,S2P,1,2414,
-0.78267,um,Spot,Nucleus,S2P,1,2415,
-0.302112,um,Spot,Nucleus,S2P,1,2416,
-1.13716,um,Spot,Nucleus,S2P,1,2417,
-1.74101,um,Spot,Nucleus,S2P,1,2418,
-1.18434,um,Spot,Nucleus,S2P,1,2419,
-1.47333,um,Spot,Nucleus,S2P,1,2420,
-0.626116,um,Spot,Nucleus,S2P,1,2421,
-0.258965,um,Spot,Nucleus,S2P,1,2422,
-1.51087,um,Spot,Nucleus,S2P,1,2423,
-0.519868,um,Spot,Nucleus,S2P,1,2424,
-1.40662,um,Spot,Nucleus,S2P,1,2425,
-0.832035,um,Spot,Nucleus,S2P,1,2426,
-1.21614,um,Spot,Nucleus,S2P,1,2427,
-0.510316,um,Spot,Nucleus,S2P,1,2428,
-0.216273,um,Spot,Nucleus,S2P,1,2429,
-1.42943,um,Spot,Nucleus,S2P,1,2430,
-0.690843,um,Spot,Nucleus,S2P,1,2431,
-1.64843,um,Spot,Nucleus,S2P,1,2432,
-0.615502,um,Spot,Nucleus,S2P,1,2433,
-0.727458,um,Spot,Nucleus,S2P,1,2434,
-0.837182,um,Spot,Nucleus,S2P,1,2435,
-0.441727,um,Spot,Nucleus,S2P,1,2436,
-0.875568,um,Spot,Nucleus,S2P,1,2437,
-0.505291,um,Spot,Nucleus,S2P,1,2438,
-0.558124,um,Spot,Nucleus,S2P,1,2439,
-0.319914,um,Spot,Nucleus,S2P,1,2440,
-1.63892,um,Spot,Nucleus,S2P,1,2441,
-1.15299,um,Spot,Nucleus,S2P,1,2442,
-1.24584,um,Spot,Nucleus,S2P,1,2443,
-0.71287,um,Spot,Nucleus,S2P,1,2444,
-0.420333,um,Spot,Nucleus,S2P,1,2445,
-0.969367,um,Spot,Nucleus,S2P,1,2446,
-0.422107,um,Spot,Nucleus,S2P,1,2447,
-0.889336,um,Spot,Nucleus,S2P,1,2448,
-0.610529,um,Spot,Nucleus,S2P,1,2449,
-0.555624,um,Spot,Nucleus,S2P,1,2450,
-1.07626,um,Spot,Nucleus,S2P,1,2451,
-1.10702,um,Spot,Nucleus,S2P,1,2452,
-0.791511,um,Spot,Nucleus,S2P,1,2453,
-1.18664,um,Spot,Nucleus,S2P,1,2454,
-1.13914,um,Spot,Nucleus,S2P,1,2455,
-1.00902,um,Spot,Nucleus,S2P,1,2456,
-0.869756,um,Spot,Nucleus,S2P,1,2457,
-0.448832,um,Spot,Nucleus,S2P,1,2458,
-0.910411,um,Spot,Nucleus,S2P,1,2459,
-0.568459,um,Spot,Nucleus,S2P,1,2460,
-1.25409,um,Spot,Nucleus,S2P,1,2461,
-1.05033,um,Spot,Nucleus,S2P,1,2462,
-0.731293,um,Spot,Nucleus,S2P,1,2463,
-0.825206,um,Spot,Nucleus,S2P,1,2464,
-0.567924,um,Spot,Nucleus,S2P,1,2465,
-0.63916,um,Spot,Nucleus,S2P,1,2466,
-1.18775,um,Spot,Nucleus,S2P,1,2467,
-1.24336,um,Spot,Nucleus,S2P,1,2468,
-0.972302,um,Spot,Nucleus,S2P,1,2469,
-0.350199,um,Spot,Nucleus,S2P,1,2470,
-0.463761,um,Spot,Nucleus,S2P,1,2471,
-0.592362,um,Spot,Nucleus,S2P,1,2472,
-0.959001,um,Spot,Nucleus,S2P,1,2473,
-0.84513,um,Spot,Nucleus,S2P,1,2474,
-0.898654,um,Spot,Nucleus,S2P,1,2475,
-0.412664,um,Spot,Nucleus,S2P,1,2476,
-0.76348,um,Spot,Nucleus,S2P,1,2477,
-0.432169,um,Spot,Nucleus,S2P,1,2478,
-0.206428,um,Spot,Nucleus,S2P,1,2479,
-0.466212,um,Spot,Nucleus,S2P,1,2480,
-0.907286,um,Spot,Nucleus,S2P,1,2481,
-0.478572,um,Spot,Nucleus,S2P,1,2482,
-0.880641,um,Spot,Nucleus,S2P,1,2483,
-0.676663,um,Spot,Nucleus,S2P,1,2484,
-0.630876,um,Spot,Nucleus,S2P,1,2485,
-0.778816,um,Spot,Nucleus,S2P,1,2486,
-0.533016,um,Spot,Nucleus,S2P,1,2487,
-0.385272,um,Spot,Nucleus,S2P,1,2488,
-0.493718,um,Spot,Nucleus,S2P,1,2489,
-0.474256,um,Spot,Nucleus,S2P,1,2490,
-0.236839,um,Spot,Nucleus,S2P,1,2491,
-0.712085,um,Spot,Nucleus,S2P,1,2492,
-0.973513,um,Spot,Nucleus,S2P,1,2493,
-0.803805,um,Spot,Nucleus,S2P,1,2494,
-0.583191,um,Spot,Nucleus,S2P,1,2495,
-0.237621,um,Spot,Nucleus,S2P,1,2496,
-0.677223,um,Spot,Nucleus,S2P,1,2497,
-0.531166,um,Spot,Nucleus,S2P,1,2498,
-0.868313,um,Spot,Nucleus,S2P,1,2499,
-0.663211,um,Spot,Nucleus,S2P,1,2500,
-0.358752,um,Spot,Nucleus,S2P,1,2501,
-0.420278,um,Spot,Nucleus,S2P,1,2502,
-0.205724,um,Spot,Nucleus,S2P,1,2503,
-0.465369,um,Spot,Nucleus,S2P,1,2504,
-0.336813,um,Spot,Nucleus,S2P,1,2505,
-0.588238,um,Spot,Nucleus,S2P,1,2506,
-0.463889,um,Spot,Nucleus,S2P,1,2507,
-0.440951,um,Spot,Nucleus,S2P,1,2508,
-0.442282,um,Spot,Nucleus,S2P,1,2509,
-0.452286,um,Spot,Nucleus,S2P,1,2510,
-0.606979,um,Spot,Nucleus,S2P,1,2511,
-0.548046,um,Spot,Nucleus,S2P,1,2512,
-0.705883,um,Spot,Nucleus,S2P,1,2513,
-0.529153,um,Spot,Nucleus,S2P,1,2514,
-0.7589,um,Spot,Nucleus,S2P,1,2515,
-0.687176,um,Spot,Nucleus,S2P,1,2516,
-0.971529,um,Spot,Nucleus,S2P,1,2517,
-0.734146,um,Spot,Nucleus,S2P,1,2518,
-0.864575,um,Spot,Nucleus,S2P,1,2519,
-0.482033,um,Spot,Nucleus,S2P,1,2520,
-0.384691,um,Spot,Nucleus,S2P,1,2521,
-0.320702,um,Spot,Nucleus,S2P,1,2522,
-0.551952,um,Spot,Nucleus,S2P,1,2523,
-0.494622,um,Spot,Nucleus,S2P,1,2524,
-0.497035,um,Spot,Nucleus,S2P,1,2525,
-0.617354,um,Spot,Nucleus,S2P,1,2526,
-0.613567,um,Spot,Nucleus,S2P,1,2527,
-0.542748,um,Spot,Nucleus,S2P,1,2528,
-0.515812,um,Spot,Nucleus,S2P,1,2529,
-0.796316,um,Spot,Nucleus,S2P,1,2530,
-0.98499,um,Spot,Nucleus,S2P,1,2531,
-0.680374,um,Spot,Nucleus,S2P,1,2532,
-0.334864,um,Spot,Nucleus,S2P,1,2533,
-0.411092,um,Spot,Nucleus,S2P,1,2534,
-0.548679,um,Spot,Nucleus,S2P,1,2535,
-0.4363,um,Spot,Nucleus,S2P,1,2536,
-0.761112,um,Spot,Nucleus,S2P,1,2537,
-0.699264,um,Spot,Nucleus,S2P,1,2538,
-0.505125,um,Spot,Nucleus,S2P,1,2539,
-0.329341,um,Spot,Nucleus,S2P,1,2540,
-0.882168,um,Spot,Nucleus,S2P,1,2541,
-0.764751,um,Spot,Nucleus,S2P,1,2542,
-0.665091,um,Spot,Nucleus,S2P,1,2543,
-0.321758,um,Spot,Nucleus,S2P,1,2544,
-0.279722,um,Spot,Nucleus,S2P,1,2545,
-0.338986,um,Spot,Nucleus,S2P,1,2546,
-0.518862,um,Spot,Nucleus,S2P,1,2547,
-0.245157,um,Spot,Nucleus,S2P,1,2548,
-0.428966,um,Spot,Nucleus,S2P,1,2549,
-0.258132,um,Spot,Nucleus,S2P,1,2550,
-0.39774,um,Spot,Nucleus,S2P,1,2551,
-0.562782,um,Spot,Nucleus,S2P,1,2552,
-0.328506,um,Spot,Nucleus,S2P,1,2553,
-0.423588,um,Spot,Nucleus,S2P,1,2554,
-0.121003,um,Spot,Nucleus,S2P,1,2555,
-0.206076,um,Spot,Nucleus,S2P,1,2556,
-0.40925,um,Spot,Nucleus,S2P,1,2557,
-0.0276406,um,Spot,Nucleus,S2P,1,2558,
-0.122514,um,Spot,Nucleus,S2P,1,2559,
-0.249016,um,Spot,Nucleus,S2P,1,2560,
-0.289716,um,Spot,Nucleus,S2P,1,2561,
-0.475559,um,Spot,Nucleus,S2P,1,2562,
-0.50692,um,Spot,Nucleus,S2P,1,2563,
-0.138785,um,Spot,Nucleus,S2P,1,2564,
-0.4328,um,Spot,Nucleus,S2P,1,2565,
-0.0272186,um,Spot,Nucleus,S2P,1,2566,
-0.587451,um,Spot,Nucleus,S2P,1,2567,
-0.133067,um,Spot,Nucleus,S2P,1,2568,
-0.277089,um,Spot,Nucleus,S2P,1,2569,
-0.386528,um,Spot,Nucleus,S2P,1,2570,
-0.10734,um,Spot,Nucleus,S2P,1,2571,
-0.98464,um,Spot,Nucleus,S2P,1,2572,
-0.56459,um,Spot,Nucleus,S2P,1,2573,
-0.63274,um,Spot,Nucleus,S2P,1,2574,
-0.985812,um,Spot,Nucleus,S2P,1,2575,
-0.339198,um,Spot,Nucleus,S2P,1,2576,
-0.350365,um,Spot,Nucleus,S2P,1,2577,
-0.16653,um,Spot,Nucleus,S2P,1,2578,
-0.815427,um,Spot,Nucleus,S2P,1,2579,
-0.74249,um,Spot,Nucleus,S2P,1,2580,
-0.15037,um,Spot,Nucleus,S2P,1,2581,
-0.219406,um,Spot,Nucleus,S2P,1,2582,
-0.353046,um,Spot,Nucleus,S2P,1,2583,
-0.185835,um,Spot,Nucleus,S2P,1,2584,
-0.664,um,Spot,Nucleus,S2P,1,2585,
-0.650213,um,Spot,Nucleus,S2P,1,2586,
-0.39758,um,Spot,Nucleus,S2P,1,2587,
-0.534711,um,Spot,Nucleus,S2P,1,2588,
-0.141272,um,Spot,Nucleus,S2P,1,2589,
-0.15063,um,Spot,Nucleus,S2P,1,2590,
-0.401974,um,Spot,Nucleus,S2P,1,2591,
-0.28528,um,Spot,Nucleus,S2P,1,2592,
-0.283134,um,Spot,Nucleus,S2P,1,2593,
-0.0651736,um,Spot,Nucleus,S2P,1,2594,
-0.154204,um,Spot,Nucleus,S2P,1,2595,
