
Intensity StdDev Ch=1 Img=1
 ==================== 
Intensity StdDev,Unit,Category,Channel,Image,Surpass Object,Time,ID,
1.91137,,Surface,1,Image 1,Nucleus,1,0,
0.691239,,Spot,1,Image 1,Nucleus center of mass,1,0,
2.06669,,Spot,1,Image 1,S2P,1,1,
2.2889,,Spot,1,Image 1,S2P,1,2,
2.02985,,Spot,1,Image 1,S2P,1,3,
2.61624,,Spot,1,Image 1,S2P,1,4,
1.83542,,Spot,1,Image 1,S2P,1,5,
2.00068,,Spot,1,Image 1,S2P,1,6,
1.80324,,Spot,1,Image 1,S2P,1,7,
1.42305,,Spot,1,Image 1,S2P,1,8,
1.87936,,Spot,1,Image 1,S2P,1,9,
1.85011,,Spot,1,Image 1,S2P,1,10,
1.54862,,Spot,1,Image 1,S2P,1,11,
1.22795,,Spot,1,Image 1,S2P,1,12,
1.53403,,Spot,1,Image 1,S2P,1,13,
0,,Spot,1,Image 1,S2P,1,14,
1.62819,,Spot,1,Image 1,S2P,1,15,
1.40919,,Spot,1,Image 1,S2P,1,16,
0.957299,,Spot,1,Image 1,S2P,1,17,
1.27061,,Spot,1,Image 1,S2P,1,18,
1.55582,,Spot,1,Image 1,S2P,1,19,
1.05983,,Spot,1,Image 1,S2P,1,20,
1.56754,,Spot,1,Image 1,S2P,1,21,
1.43968,,Spot,1,Image 1,S2P,1,22,
1.55062,,Spot,1,Image 1,S2P,1,23,
0,,Spot,1,Image 1,S2P,1,24,
1.24712,,Spot,1,Image 1,S2P,1,25,
2.18821,,Spot,1,Image 1,S2P,1,26,
2.02072,,Spot,1,Image 1,S2P,1,27,
1.84819,,Spot,1,Image 1,S2P,1,28,
1.57066,,Spot,1,Image 1,S2P,1,29,
0,,Spot,1,Image 1,S2P,1,30,
1.7736,,Spot,1,Image 1,S2P,1,31,
1.40967,,Spot,1,Image 1,S2P,1,32,
2.3842,,Spot,1,Image 1,S2P,1,33,
1.10021,,Spot,1,Image 1,S2P,1,35,
2.03615,,Spot,1,Image 1,S2P,1,36,
1.73383,,Spot,1,Image 1,S2P,1,38,
2.11249,,Spot,1,Image 1,S2P,1,39,
3.74936,,Spot,1,Image 1,S2P,1,40,
2.13624,,Spot,1,Image 1,S2P,1,41,
2.29325,,Spot,1,Image 1,S2P,1,42,
2.31205,,Spot,1,Image 1,S2P,1,43,
2.63738,,Spot,1,Image 1,S2P,1,44,
2.4577,,Spot,1,Image 1,S2P,1,45,
0,,Spot,1,Image 1,S2P,1,46,
2.05991,,Spot,1,Image 1,S2P,1,47,
0,,Spot,1,Image 1,S2P,1,48,
2.5266,,Spot,1,Image 1,S2P,1,49,
2.80552,,Spot,1,Image 1,S2P,1,50,
2.22569,,Spot,1,Image 1,S2P,1,51,
2.20644,,Spot,1,Image 1,S2P,1,53,
1.33123,,Spot,1,Image 1,S2P,1,54,
1.93031,,Spot,1,Image 1,S2P,1,55,
1.72521,,Spot,1,Image 1,S2P,1,56,
1.70475,,Spot,1,Image 1,S2P,1,57,
1.46215,,Spot,1,Image 1,S2P,1,58,
1.6317,,Spot,1,Image 1,S2P,1,59,
1.51331,,Spot,1,Image 1,S2P,1,60,
2.97171,,Spot,1,Image 1,S2P,1,61,
2.09545,,Spot,1,Image 1,S2P,1,62,
2.18682,,Spot,1,Image 1,S2P,1,63,
2.71494,,Spot,1,Image 1,S2P,1,64,
1.8914,,Spot,1,Image 1,S2P,1,65,
1.15124,,Spot,1,Image 1,S2P,1,66,
1.90092,,Spot,1,Image 1,S2P,1,67,
2.04233,,Spot,1,Image 1,S2P,1,68,
1.76876,,Spot,1,Image 1,S2P,1,69,
1.89505,,Spot,1,Image 1,S2P,1,70,
2.44152,,Spot,1,Image 1,S2P,1,71,
2.40838,,Spot,1,Image 1,S2P,1,72,
0,,Spot,1,Image 1,S2P,1,73,
1.2738,,Spot,1,Image 1,S2P,1,74,
1.69299,,Spot,1,Image 1,S2P,1,75,
2.32561,,Spot,1,Image 1,S2P,1,76,
2.05921,,Spot,1,Image 1,S2P,1,77,
0,,Spot,1,Image 1,S2P,1,78,
2.61292,,Spot,1,Image 1,S2P,1,79,
2.70916,,Spot,1,Image 1,S2P,1,80,
1.89596,,Spot,1,Image 1,S2P,1,81,
2.53056,,Spot,1,Image 1,S2P,1,83,
2.01485,,Spot,1,Image 1,S2P,1,84,
2.0312,,Spot,1,Image 1,S2P,1,85,
1.8804,,Spot,1,Image 1,S2P,1,86,
2.48382,,Spot,1,Image 1,S2P,1,87,
3.15668,,Spot,1,Image 1,S2P,1,88,
2.6929,,Spot,1,Image 1,S2P,1,89,
2.06734,,Spot,1,Image 1,S2P,1,90,
2.84908,,Spot,1,Image 1,S2P,1,91,
2.35356,,Spot,1,Image 1,S2P,1,92,
2.43352,,Spot,1,Image 1,S2P,1,93,
1.68889,,Spot,1,Image 1,S2P,1,94,
2.85254,,Spot,1,Image 1,S2P,1,95,
1.90007,,Spot,1,Image 1,S2P,1,96,
1.92788,,Spot,1,Image 1,S2P,1,97,
2.08231,,Spot,1,Image 1,S2P,1,98,
2.30878,,Spot,1,Image 1,S2P,1,99,
1.98384,,Spot,1,Image 1,S2P,1,100,
1.90966,,Spot,1,Image 1,S2P,1,101,
1.78635,,Spot,1,Image 1,S2P,1,102,
1.803,,Spot,1,Image 1,S2P,1,103,
0.722156,,Spot,1,Image 1,S2P,1,104,
1.5718,,Spot,1,Image 1,S2P,1,105,
1.817,,Spot,1,Image 1,S2P,1,106,
1.68756,,Spot,1,Image 1,S2P,1,107,
1.63626,,Spot,1,Image 1,S2P,1,108,
1.18884,,Spot,1,Image 1,S2P,1,109,
1.6024,,Spot,1,Image 1,S2P,1,110,
1.62789,,Spot,1,Image 1,S2P,1,111,
1.19972,,Spot,1,Image 1,S2P,1,112,
1.21797,,Spot,1,Image 1,S2P,1,113,
1.94323,,Spot,1,Image 1,S2P,1,114,
1.93269,,Spot,1,Image 1,S2P,1,115,
1.42375,,Spot,1,Image 1,S2P,1,116,
0,,Spot,1,Image 1,S2P,1,117,
1.4323,,Spot,1,Image 1,S2P,1,118,
1.05834,,Spot,1,Image 1,S2P,1,119,
1.72551,,Spot,1,Image 1,S2P,1,120,
1.61356,,Spot,1,Image 1,S2P,1,121,
1.11326,,Spot,1,Image 1,S2P,1,122,
1.17273,,Spot,1,Image 1,S2P,1,123,
1.2023,,Spot,1,Image 1,S2P,1,124,
1.46406,,Spot,1,Image 1,S2P,1,125,
1.66409,,Spot,1,Image 1,S2P,1,126,
0.975583,,Spot,1,Image 1,S2P,1,127,
2.01942,,Spot,1,Image 1,S2P,1,128,
1.03637,,Spot,1,Image 1,S2P,1,129,
1.12441,,Spot,1,Image 1,S2P,1,130,
1.77684,,Spot,1,Image 1,S2P,1,131,
1.57376,,Spot,1,Image 1,S2P,1,132,
1.4289,,Spot,1,Image 1,S2P,1,133,
2.06188,,Spot,1,Image 1,S2P,1,134,
2.13872,,Spot,1,Image 1,S2P,1,135,
1.99501,,Spot,1,Image 1,S2P,1,136,
1.88219,,Spot,1,Image 1,S2P,1,137,
1.34771,,Spot,1,Image 1,S2P,1,138,
1.92068,,Spot,1,Image 1,S2P,1,139,
2.06319,,Spot,1,Image 1,S2P,1,140,
1.73068,,Spot,1,Image 1,S2P,1,141,
1.62003,,Spot,1,Image 1,S2P,1,142,
1.88217,,Spot,1,Image 1,S2P,1,143,
1.89953,,Spot,1,Image 1,S2P,1,144,
1.93057,,Spot,1,Image 1,S2P,1,145,
1.78963,,Spot,1,Image 1,S2P,1,146,
1.7885,,Spot,1,Image 1,S2P,1,147,
1.84542,,Spot,1,Image 1,S2P,1,148,
1.19707,,Spot,1,Image 1,S2P,1,149,
1.32414,,Spot,1,Image 1,S2P,1,150,
1.9423,,Spot,1,Image 1,S2P,1,151,
2.08571,,Spot,1,Image 1,S2P,1,152,
1.82538,,Spot,1,Image 1,S2P,1,154,
1.67792,,Spot,1,Image 1,S2P,1,155,
1.73927,,Spot,1,Image 1,S2P,1,157,
1.30485,,Spot,1,Image 1,S2P,1,158,
1.10904,,Spot,1,Image 1,S2P,1,159,
1.31224,,Spot,1,Image 1,S2P,1,160,
1.00949,,Spot,1,Image 1,S2P,1,161,
1.21442,,Spot,1,Image 1,S2P,1,162,
1.86643,,Spot,1,Image 1,S2P,1,163,
1.55642,,Spot,1,Image 1,S2P,1,164,
0.751552,,Spot,1,Image 1,S2P,1,165,
1.77253,,Spot,1,Image 1,S2P,1,166,
1.57161,,Spot,1,Image 1,S2P,1,167,
1.92181,,Spot,1,Image 1,S2P,1,168,
1.91917,,Spot,1,Image 1,S2P,1,169,
1.79425,,Spot,1,Image 1,S2P,1,170,
1.55134,,Spot,1,Image 1,S2P,1,171,
1.54654,,Spot,1,Image 1,S2P,1,172,
1.48864,,Spot,1,Image 1,S2P,1,173,
1.52011,,Spot,1,Image 1,S2P,1,174,
1.90752,,Spot,1,Image 1,S2P,1,175,
1.92079,,Spot,1,Image 1,S2P,1,176,
1.31687,,Spot,1,Image 1,S2P,1,177,
2.319,,Spot,1,Image 1,S2P,1,178,
1.61361,,Spot,1,Image 1,S2P,1,179,
1.96807,,Spot,1,Image 1,S2P,1,180,
1.63887,,Spot,1,Image 1,S2P,1,181,
1.16412,,Spot,1,Image 1,S2P,1,182,
1.69776,,Spot,1,Image 1,S2P,1,183,
1.98477,,Spot,1,Image 1,S2P,1,185,
0.967547,,Spot,1,Image 1,S2P,1,186,
1.73236,,Spot,1,Image 1,S2P,1,187,
1.71922,,Spot,1,Image 1,S2P,1,188,
2.29707,,Spot,1,Image 1,S2P,1,189,
1.48924,,Spot,1,Image 1,S2P,1,190,
1.9564,,Spot,1,Image 1,S2P,1,191,
2.3249,,Spot,1,Image 1,S2P,1,192,
2.32982,,Spot,1,Image 1,S2P,1,193,
1.49367,,Spot,1,Image 1,S2P,1,194,
1.99548,,Spot,1,Image 1,S2P,1,195,
0,,Spot,1,Image 1,S2P,1,196,
1.57681,,Spot,1,Image 1,S2P,1,197,
2.13721,,Spot,1,Image 1,S2P,1,198,
1.55085,,Spot,1,Image 1,S2P,1,199,
1.48757,,Spot,1,Image 1,S2P,1,200,
1.77259,,Spot,1,Image 1,S2P,1,201,
1.31199,,Spot,1,Image 1,S2P,1,202,
1.72409,,Spot,1,Image 1,S2P,1,203,
1.35796,,Spot,1,Image 1,S2P,1,204,
2.29192,,Spot,1,Image 1,S2P,1,206,
3.02224,,Spot,1,Image 1,S2P,1,207,
2.60741,,Spot,1,Image 1,S2P,1,208,
1.43271,,Spot,1,Image 1,S2P,1,209,
1.65368,,Spot,1,Image 1,S2P,1,210,
1.47588,,Spot,1,Image 1,S2P,1,211,
2.40575,,Spot,1,Image 1,S2P,1,212,
1.62083,,Spot,1,Image 1,S2P,1,213,
2.08166,,Spot,1,Image 1,S2P,1,214,
1.62497,,Spot,1,Image 1,S2P,1,215,
1.81982,,Spot,1,Image 1,S2P,1,216,
3.01553,,Spot,1,Image 1,S2P,1,217,
1.62381,,Spot,1,Image 1,S2P,1,218,
1.58612,,Spot,1,Image 1,S2P,1,219,
1.59027,,Spot,1,Image 1,S2P,1,220,
2.19476,,Spot,1,Image 1,S2P,1,221,
2.78222,,Spot,1,Image 1,S2P,1,222,
2.30662,,Spot,1,Image 1,S2P,1,223,
2.47077,,Spot,1,Image 1,S2P,1,224,
0.873295,,Spot,1,Image 1,S2P,1,225,
1.59142,,Spot,1,Image 1,S2P,1,226,
1.09346,,Spot,1,Image 1,S2P,1,227,
1.15661,,Spot,1,Image 1,S2P,1,228,
3.57645,,Spot,1,Image 1,S2P,1,229,
1.48157,,Spot,1,Image 1,S2P,1,230,
1.5836,,Spot,1,Image 1,S2P,1,231,
1.18993,,Spot,1,Image 1,S2P,1,232,
1.67263,,Spot,1,Image 1,S2P,1,233,
1.4233,,Spot,1,Image 1,S2P,1,234,
1.50735,,Spot,1,Image 1,S2P,1,235,
1.67556,,Spot,1,Image 1,S2P,1,236,
1.33145,,Spot,1,Image 1,S2P,1,237,
1.89922,,Spot,1,Image 1,S2P,1,238,
1.73958,,Spot,1,Image 1,S2P,1,239,
1.08807,,Spot,1,Image 1,S2P,1,240,
1.40282,,Spot,1,Image 1,S2P,1,241,
1.49408,,Spot,1,Image 1,S2P,1,242,
1.82206,,Spot,1,Image 1,S2P,1,243,
1.77955,,Spot,1,Image 1,S2P,1,244,
1.92805,,Spot,1,Image 1,S2P,1,245,
1.13349,,Spot,1,Image 1,S2P,1,246,
1.40788,,Spot,1,Image 1,S2P,1,247,
1.79754,,Spot,1,Image 1,S2P,1,248,
1.2809,,Spot,1,Image 1,S2P,1,249,
1.76497,,Spot,1,Image 1,S2P,1,250,
1.28884,,Spot,1,Image 1,S2P,1,251,
1.43061,,Spot,1,Image 1,S2P,1,252,
1.47854,,Spot,1,Image 1,S2P,1,253,
1.73344,,Spot,1,Image 1,S2P,1,254,
1.5779,,Spot,1,Image 1,S2P,1,255,
1.44018,,Spot,1,Image 1,S2P,1,256,
1.63867,,Spot,1,Image 1,S2P,1,257,
1.51958,,Spot,1,Image 1,S2P,1,258,
1.14712,,Spot,1,Image 1,S2P,1,259,
2.09975,,Spot,1,Image 1,S2P,1,260,
2.28765,,Spot,1,Image 1,S2P,1,261,
1.67651,,Spot,1,Image 1,S2P,1,262,
1.17219,,Spot,1,Image 1,S2P,1,263,
1.65846,,Spot,1,Image 1,S2P,1,264,
0.984367,,Spot,1,Image 1,S2P,1,265,
1.95682,,Spot,1,Image 1,S2P,1,266,
1.43151,,Spot,1,Image 1,S2P,1,267,
2.19094,,Spot,1,Image 1,S2P,1,268,
0,,Spot,1,Image 1,S2P,1,269,
0,,Spot,1,Image 1,S2P,1,270,
1.66492,,Spot,1,Image 1,S2P,1,271,
1.34009,,Spot,1,Image 1,S2P,1,272,
1.3886,,Spot,1,Image 1,S2P,1,273,
1.23696,,Spot,1,Image 1,S2P,1,274,
1.48024,,Spot,1,Image 1,S2P,1,275,
1.40565,,Spot,1,Image 1,S2P,1,276,
1.75068,,Spot,1,Image 1,S2P,1,277,
1.43845,,Spot,1,Image 1,S2P,1,278,
1.04158,,Spot,1,Image 1,S2P,1,279,
0.805333,,Spot,1,Image 1,S2P,1,280,
1.53301,,Spot,1,Image 1,S2P,1,281,
1.67225,,Spot,1,Image 1,S2P,1,282,
1.31784,,Spot,1,Image 1,S2P,1,283,
0.147727,,Spot,1,Image 1,S2P,1,284,
1.77311,,Spot,1,Image 1,S2P,1,285,
0,,Spot,1,Image 1,S2P,1,286,
2.45285,,Spot,1,Image 1,S2P,1,287,
1.84173,,Spot,1,Image 1,S2P,1,288,
2.0738,,Spot,1,Image 1,S2P,1,289,
1.71676,,Spot,1,Image 1,S2P,1,290,
1.43671,,Spot,1,Image 1,S2P,1,291,
1.73914,,Spot,1,Image 1,S2P,1,292,
1.50847,,Spot,1,Image 1,S2P,1,293,
1.07052,,Spot,1,Image 1,S2P,1,294,
1.95382,,Spot,1,Image 1,S2P,1,295,
0.957238,,Spot,1,Image 1,S2P,1,296,
0,,Spot,1,Image 1,S2P,1,297,
1.34521,,Spot,1,Image 1,S2P,1,298,
1.11853,,Spot,1,Image 1,S2P,1,299,
1.10892,,Spot,1,Image 1,S2P,1,300,
1.2571,,Spot,1,Image 1,S2P,1,301,
1.69264,,Spot,1,Image 1,S2P,1,302,
1.54448,,Spot,1,Image 1,S2P,1,303,
1.16295,,Spot,1,Image 1,S2P,1,304,
1.47796,,Spot,1,Image 1,S2P,1,305,
1.44207,,Spot,1,Image 1,S2P,1,306,
1.12152,,Spot,1,Image 1,S2P,1,307,
1.00008,,Spot,1,Image 1,S2P,1,308,
1.08603,,Spot,1,Image 1,S2P,1,309,
1.89853,,Spot,1,Image 1,S2P,1,310,
0.776292,,Spot,1,Image 1,S2P,1,311,
1.07866,,Spot,1,Image 1,S2P,1,312,
2.01246,,Spot,1,Image 1,S2P,1,313,
1.55859,,Spot,1,Image 1,S2P,1,314,
2.35094,,Spot,1,Image 1,S2P,1,315,
1.30019,,Spot,1,Image 1,S2P,1,316,
1.3191,,Spot,1,Image 1,S2P,1,317,
1.21559,,Spot,1,Image 1,S2P,1,318,
1.15037,,Spot,1,Image 1,S2P,1,319,
2.21224,,Spot,1,Image 1,S2P,1,320,
2.37796,,Spot,1,Image 1,S2P,1,321,
0.956232,,Spot,1,Image 1,S2P,1,322,
1.48117,,Spot,1,Image 1,S2P,1,323,
1.11428,,Spot,1,Image 1,S2P,1,324,
1.81856,,Spot,1,Image 1,S2P,1,325,
1.75256,,Spot,1,Image 1,S2P,1,326,
1.42726,,Spot,1,Image 1,S2P,1,327,
1.53917,,Spot,1,Image 1,S2P,1,328,
1.07494,,Spot,1,Image 1,S2P,1,329,
1.29559,,Spot,1,Image 1,S2P,1,330,
1.25546,,Spot,1,Image 1,S2P,1,331,
1.3496,,Spot,1,Image 1,S2P,1,332,
0.93908,,Spot,1,Image 1,S2P,1,333,
0,,Spot,1,Image 1,S2P,1,334,
2.2479,,Spot,1,Image 1,S2P,1,335,
0.8308,,Spot,1,Image 1,S2P,1,336,
1.0366,,Spot,1,Image 1,S2P,1,337,
2.64071,,Spot,1,Image 1,S2P,1,338,
3.68952,,Spot,1,Image 1,S2P,1,339,
2.45795,,Spot,1,Image 1,S2P,1,340,
1.99495,,Spot,1,Image 1,S2P,1,341,
1.15329,,Spot,1,Image 1,S2P,1,342,
2.01468,,Spot,1,Image 1,S2P,1,343,
1.72607,,Spot,1,Image 1,S2P,1,344,
1.58332,,Spot,1,Image 1,S2P,1,345,
0.947869,,Spot,1,Image 1,S2P,1,346,
0.75195,,Spot,1,Image 1,S2P,1,347,
1.82497,,Spot,1,Image 1,S2P,1,348,
1.3185,,Spot,1,Image 1,S2P,1,349,
1.05802,,Spot,1,Image 1,S2P,1,350,
1.16461,,Spot,1,Image 1,S2P,1,351,
1.0505,,Spot,1,Image 1,S2P,1,352,
2.75895,,Spot,1,Image 1,S2P,1,353,
0.822663,,Spot,1,Image 1,S2P,1,354,
0.805578,,Spot,1,Image 1,S2P,1,355,
0.914977,,Spot,1,Image 1,S2P,1,356,
0,,Spot,1,Image 1,S2P,1,357,
0.851701,,Spot,1,Image 1,S2P,1,358,
1.90799,,Spot,1,Image 1,S2P,1,359,
1.08009,,Spot,1,Image 1,S2P,1,360,
2.30701,,Spot,1,Image 1,S2P,1,361,
0,,Spot,1,Image 1,S2P,1,362,
2.42808,,Spot,1,Image 1,S2P,1,363,
1.05994,,Spot,1,Image 1,S2P,1,364,
1.39429,,Spot,1,Image 1,S2P,1,365,
0.841636,,Spot,1,Image 1,S2P,1,366,
1.19847,,Spot,1,Image 1,S2P,1,367,
2.24909,,Spot,1,Image 1,S2P,1,368,
0.905424,,Spot,1,Image 1,S2P,1,369,
1.68931,,Spot,1,Image 1,S2P,1,370,
0.733692,,Spot,1,Image 1,S2P,1,371,
1.30647,,Spot,1,Image 1,S2P,1,372,
1.80842,,Spot,1,Image 1,S2P,1,373,
1.01547,,Spot,1,Image 1,S2P,1,374,
0.870024,,Spot,1,Image 1,S2P,1,375,
1.68719,,Spot,1,Image 1,S2P,1,376,
1.78173,,Spot,1,Image 1,S2P,1,377,
1.25749,,Spot,1,Image 1,S2P,1,378,
1.1684,,Spot,1,Image 1,S2P,1,379,
2.00723,,Spot,1,Image 1,S2P,1,380,
1.7409,,Spot,1,Image 1,S2P,1,381,
1.0824,,Spot,1,Image 1,S2P,1,382,
1.28618,,Spot,1,Image 1,S2P,1,383,
0.992261,,Spot,1,Image 1,S2P,1,384,
0.138247,,Spot,1,Image 1,S2P,1,385,
0.971291,,Spot,1,Image 1,S2P,1,386,
1.35366,,Spot,1,Image 1,S2P,1,387,
1.07194,,Spot,1,Image 1,S2P,1,388,
2.02633,,Spot,1,Image 1,S2P,1,389,
1.46401,,Spot,1,Image 1,S2P,1,390,
1.34465,,Spot,1,Image 1,S2P,1,391,
1.3676,,Spot,1,Image 1,S2P,1,392,
0.785801,,Spot,1,Image 1,S2P,1,393,
1.62821,,Spot,1,Image 1,S2P,1,394,
1.44683,,Spot,1,Image 1,S2P,1,395,
1.18966,,Spot,1,Image 1,S2P,1,396,
1.58436,,Spot,1,Image 1,S2P,1,397,
1.24698,,Spot,1,Image 1,S2P,1,398,
1.20406,,Spot,1,Image 1,S2P,1,399,
1.66981,,Spot,1,Image 1,S2P,1,400,
0.0781722,,Spot,1,Image 1,S2P,1,401,
1.34073,,Spot,1,Image 1,S2P,1,402,
0.975687,,Spot,1,Image 1,S2P,1,403,
1.02168,,Spot,1,Image 1,S2P,1,404,
1.13867,,Spot,1,Image 1,S2P,1,405,
0.880887,,Spot,1,Image 1,S2P,1,406,
0.856058,,Spot,1,Image 1,S2P,1,407,
1.37695,,Spot,1,Image 1,S2P,1,408,
1.76137,,Spot,1,Image 1,S2P,1,409,
1.91813,,Spot,1,Image 1,S2P,1,410,
0,,Spot,1,Image 1,S2P,1,411,
1.09365,,Spot,1,Image 1,S2P,1,412,
0,,Spot,1,Image 1,S2P,1,413,
1.64858,,Spot,1,Image 1,S2P,1,414,
1.14882,,Spot,1,Image 1,S2P,1,415,
1.59309,,Spot,1,Image 1,S2P,1,416,
1.13113,,Spot,1,Image 1,S2P,1,417,
0,,Spot,1,Image 1,S2P,1,418,
1.52592,,Spot,1,Image 1,S2P,1,419,
2.32474,,Spot,1,Image 1,S2P,1,420,
2.67798,,Spot,1,Image 1,S2P,1,421,
1.82945,,Spot,1,Image 1,S2P,1,422,
2.08944,,Spot,1,Image 1,S2P,1,423,
1.53824,,Spot,1,Image 1,S2P,1,424,
1.82851,,Spot,1,Image 1,S2P,1,425,
1.5028,,Spot,1,Image 1,S2P,1,426,
1.92594,,Spot,1,Image 1,S2P,1,427,
2.20344,,Spot,1,Image 1,S2P,1,428,
0,,Spot,1,Image 1,S2P,1,429,
1.84402,,Spot,1,Image 1,S2P,1,430,
1.59109,,Spot,1,Image 1,S2P,1,431,
1.53658,,Spot,1,Image 1,S2P,1,432,
1.98827,,Spot,1,Image 1,S2P,1,433,
2.39094,,Spot,1,Image 1,S2P,1,434,
2.13868,,Spot,1,Image 1,S2P,1,435,
1.34334,,Spot,1,Image 1,S2P,1,436,
1.90158,,Spot,1,Image 1,S2P,1,437,
1.8524,,Spot,1,Image 1,S2P,1,438,
2.39081,,Spot,1,Image 1,S2P,1,439,
1.83579,,Spot,1,Image 1,S2P,1,440,
1.99044,,Spot,1,Image 1,S2P,1,441,
2.12452,,Spot,1,Image 1,S2P,1,442,
1.50477,,Spot,1,Image 1,S2P,1,443,
1.80667,,Spot,1,Image 1,S2P,1,444,
2.12204,,Spot,1,Image 1,S2P,1,445,
2.17171,,Spot,1,Image 1,S2P,1,446,
2.55779,,Spot,1,Image 1,S2P,1,447,
1.54379,,Spot,1,Image 1,S2P,1,448,
1.82722,,Spot,1,Image 1,S2P,1,449,
1.48957,,Spot,1,Image 1,S2P,1,450,
1.7951,,Spot,1,Image 1,S2P,1,451,
1.75902,,Spot,1,Image 1,S2P,1,452,
1.97425,,Spot,1,Image 1,S2P,1,453,
2.21311,,Spot,1,Image 1,S2P,1,454,
1.67151,,Spot,1,Image 1,S2P,1,455,
1.65879,,Spot,1,Image 1,S2P,1,456,
1.90857,,Spot,1,Image 1,S2P,1,457,
1.50426,,Spot,1,Image 1,S2P,1,458,
1.12027,,Spot,1,Image 1,S2P,1,459,
0,,Spot,1,Image 1,S2P,1,460,
2.73748,,Spot,1,Image 1,S2P,1,461,
1.57896,,Spot,1,Image 1,S2P,1,462,
1.79036,,Spot,1,Image 1,S2P,1,463,
1.68328,,Spot,1,Image 1,S2P,1,464,
1.46224,,Spot,1,Image 1,S2P,1,465,
1.83237,,Spot,1,Image 1,S2P,1,466,
1.6342,,Spot,1,Image 1,S2P,1,467,
1.72263,,Spot,1,Image 1,S2P,1,468,
0.94066,,Spot,1,Image 1,S2P,1,469,
1.67989,,Spot,1,Image 1,S2P,1,470,
1.83494,,Spot,1,Image 1,S2P,1,471,
1.22814,,Spot,1,Image 1,S2P,1,472,
1.8709,,Spot,1,Image 1,S2P,1,473,
1.60006,,Spot,1,Image 1,S2P,1,474,
1.70979,,Spot,1,Image 1,S2P,1,475,
1.538,,Spot,1,Image 1,S2P,1,476,
1.6644,,Spot,1,Image 1,S2P,1,477,
1.63818,,Spot,1,Image 1,S2P,1,478,
1.64908,,Spot,1,Image 1,S2P,1,479,
3.02705,,Spot,1,Image 1,S2P,1,480,
3.59677,,Spot,1,Image 1,S2P,1,481,
2.00919,,Spot,1,Image 1,S2P,1,482,
1.47509,,Spot,1,Image 1,S2P,1,483,
2.29009,,Spot,1,Image 1,S2P,1,484,
1.83599,,Spot,1,Image 1,S2P,1,485,
2.15063,,Spot,1,Image 1,S2P,1,486,
2.39106,,Spot,1,Image 1,S2P,1,487,
1.65251,,Spot,1,Image 1,S2P,1,488,
1.52176,,Spot,1,Image 1,S2P,1,489,
1.94663,,Spot,1,Image 1,S2P,1,490,
1.14589,,Spot,1,Image 1,S2P,1,491,
1.96309,,Spot,1,Image 1,S2P,1,492,
1.51529,,Spot,1,Image 1,S2P,1,493,
1.68533,,Spot,1,Image 1,S2P,1,494,
1.87907,,Spot,1,Image 1,S2P,1,495,
1.82246,,Spot,1,Image 1,S2P,1,496,
1.18931,,Spot,1,Image 1,S2P,1,497,
1.41713,,Spot,1,Image 1,S2P,1,498,
1.7776,,Spot,1,Image 1,S2P,1,499,
1.59854,,Spot,1,Image 1,S2P,1,500,
1.69964,,Spot,1,Image 1,S2P,1,501,
2.07971,,Spot,1,Image 1,S2P,1,502,
1.83146,,Spot,1,Image 1,S2P,1,503,
2.30381,,Spot,1,Image 1,S2P,1,504,
1.82702,,Spot,1,Image 1,S2P,1,505,
0,,Spot,1,Image 1,S2P,1,506,
1.74896,,Spot,1,Image 1,S2P,1,507,
1.72186,,Spot,1,Image 1,S2P,1,508,
1.6768,,Spot,1,Image 1,S2P,1,509,
0,,Spot,1,Image 1,S2P,1,510,
1.79675,,Spot,1,Image 1,S2P,1,511,
1.71088,,Spot,1,Image 1,S2P,1,512,
1.35135,,Spot,1,Image 1,S2P,1,513,
2.25319,,Spot,1,Image 1,S2P,1,514,
2.07749,,Spot,1,Image 1,S2P,1,515,
1.78276,,Spot,1,Image 1,S2P,1,516,
1.89966,,Spot,1,Image 1,S2P,1,517,
1.43015,,Spot,1,Image 1,S2P,1,518,
2.09902,,Spot,1,Image 1,S2P,1,520,
1.68015,,Spot,1,Image 1,S2P,1,521,
1.98645,,Spot,1,Image 1,S2P,1,522,
1.79851,,Spot,1,Image 1,S2P,1,523,
1.61659,,Spot,1,Image 1,S2P,1,524,
1.66836,,Spot,1,Image 1,S2P,1,525,
1.95121,,Spot,1,Image 1,S2P,1,526,
1.84529,,Spot,1,Image 1,S2P,1,527,
1.52106,,Spot,1,Image 1,S2P,1,528,
1.48072,,Spot,1,Image 1,S2P,1,529,
2.27833,,Spot,1,Image 1,S2P,1,530,
1.09362,,Spot,1,Image 1,S2P,1,531,
0.832555,,Spot,1,Image 1,S2P,1,532,
1.29109,,Spot,1,Image 1,S2P,1,533,
2.13079,,Spot,1,Image 1,S2P,1,534,
1.88124,,Spot,1,Image 1,S2P,1,535,
1.07747,,Spot,1,Image 1,S2P,1,536,
1.23713,,Spot,1,Image 1,S2P,1,537,
1.27929,,Spot,1,Image 1,S2P,1,538,
1.32551,,Spot,1,Image 1,S2P,1,539,
1.67143,,Spot,1,Image 1,S2P,1,540,
1.39422,,Spot,1,Image 1,S2P,1,541,
1.10936,,Spot,1,Image 1,S2P,1,542,
1.56641,,Spot,1,Image 1,S2P,1,543,
2.12703,,Spot,1,Image 1,S2P,1,544,
2.69836,,Spot,1,Image 1,S2P,1,545,
2.28771,,Spot,1,Image 1,S2P,1,546,
2.64921,,Spot,1,Image 1,S2P,1,547,
2.32508,,Spot,1,Image 1,S2P,1,548,
2.25151,,Spot,1,Image 1,S2P,1,549,
2.59884,,Spot,1,Image 1,S2P,1,550,
0.918574,,Spot,1,Image 1,S2P,1,551,
1.61306,,Spot,1,Image 1,S2P,1,552,
1.28214,,Spot,1,Image 1,S2P,1,553,
0.917877,,Spot,1,Image 1,S2P,1,554,
1.19333,,Spot,1,Image 1,S2P,1,555,
1.71387,,Spot,1,Image 1,S2P,1,556,
1.69494,,Spot,1,Image 1,S2P,1,557,
1.77759,,Spot,1,Image 1,S2P,1,558,
0,,Spot,1,Image 1,S2P,1,559,
1.59783,,Spot,1,Image 1,S2P,1,560,
1.35494,,Spot,1,Image 1,S2P,1,561,
2.00828,,Spot,1,Image 1,S2P,1,562,
1.37422,,Spot,1,Image 1,S2P,1,563,
2.18315,,Spot,1,Image 1,S2P,1,564,
1.83008,,Spot,1,Image 1,S2P,1,565,
1.67008,,Spot,1,Image 1,S2P,1,566,
1.19063,,Spot,1,Image 1,S2P,1,567,
1.8183,,Spot,1,Image 1,S2P,1,568,
2.23553,,Spot,1,Image 1,S2P,1,569,
1.34837,,Spot,1,Image 1,S2P,1,570,
1.2189,,Spot,1,Image 1,S2P,1,571,
0,,Spot,1,Image 1,S2P,1,572,
2.20253,,Spot,1,Image 1,S2P,1,573,
1.41437,,Spot,1,Image 1,S2P,1,574,
2.04183,,Spot,1,Image 1,S2P,1,575,
1.98838,,Spot,1,Image 1,S2P,1,576,
2.01095,,Spot,1,Image 1,S2P,1,577,
1.99733,,Spot,1,Image 1,S2P,1,578,
0.991743,,Spot,1,Image 1,S2P,1,579,
1.8903,,Spot,1,Image 1,S2P,1,580,
1.51483,,Spot,1,Image 1,S2P,1,581,
1.88286,,Spot,1,Image 1,S2P,1,582,
2.07431,,Spot,1,Image 1,S2P,1,583,
2.23449,,Spot,1,Image 1,S2P,1,584,
2.51844,,Spot,1,Image 1,S2P,1,585,
2.00698,,Spot,1,Image 1,S2P,1,586,
2.18121,,Spot,1,Image 1,S2P,1,587,
1.9673,,Spot,1,Image 1,S2P,1,588,
2.27833,,Spot,1,Image 1,S2P,1,589,
2.38249,,Spot,1,Image 1,S2P,1,590,
0,,Spot,1,Image 1,S2P,1,591,
1.63694,,Spot,1,Image 1,S2P,1,592,
1.59751,,Spot,1,Image 1,S2P,1,593,
0,,Spot,1,Image 1,S2P,1,594,
1.90411,,Spot,1,Image 1,S2P,1,595,
2.38376,,Spot,1,Image 1,S2P,1,596,
1.68958,,Spot,1,Image 1,S2P,1,597,
1.65438,,Spot,1,Image 1,S2P,1,598,
2.08588,,Spot,1,Image 1,S2P,1,599,
1.95192,,Spot,1,Image 1,S2P,1,600,
1.86834,,Spot,1,Image 1,S2P,1,601,
1.07414,,Spot,1,Image 1,S2P,1,602,
1.6157,,Spot,1,Image 1,S2P,1,603,
1.65418,,Spot,1,Image 1,S2P,1,604,
1.67676,,Spot,1,Image 1,S2P,1,605,
0.885255,,Spot,1,Image 1,S2P,1,606,
1.38542,,Spot,1,Image 1,S2P,1,607,
1.40351,,Spot,1,Image 1,S2P,1,608,
1.93647,,Spot,1,Image 1,S2P,1,609,
2.03192,,Spot,1,Image 1,S2P,1,610,
1.7033,,Spot,1,Image 1,S2P,1,611,
1.68346,,Spot,1,Image 1,S2P,1,612,
1.27249,,Spot,1,Image 1,S2P,1,613,
2.12224,,Spot,1,Image 1,S2P,1,614,
2.4196,,Spot,1,Image 1,S2P,1,615,
1.48558,,Spot,1,Image 1,S2P,1,616,
1.66806,,Spot,1,Image 1,S2P,1,617,
1.66261,,Spot,1,Image 1,S2P,1,618,
1.278,,Spot,1,Image 1,S2P,1,619,
2.08304,,Spot,1,Image 1,S2P,1,620,
1.43185,,Spot,1,Image 1,S2P,1,621,
1.38695,,Spot,1,Image 1,S2P,1,622,
1.74348,,Spot,1,Image 1,S2P,1,623,
2.08945,,Spot,1,Image 1,S2P,1,624,
1.32944,,Spot,1,Image 1,S2P,1,625,
1.59774,,Spot,1,Image 1,S2P,1,626,
1.4413,,Spot,1,Image 1,S2P,1,627,
1.74824,,Spot,1,Image 1,S2P,1,628,
0.990937,,Spot,1,Image 1,S2P,1,629,
2.08386,,Spot,1,Image 1,S2P,1,630,
1.53841,,Spot,1,Image 1,S2P,1,631,
1.31369,,Spot,1,Image 1,S2P,1,632,
1.9804,,Spot,1,Image 1,S2P,1,633,
1.66268,,Spot,1,Image 1,S2P,1,634,
1.05437,,Spot,1,Image 1,S2P,1,635,
1.41869,,Spot,1,Image 1,S2P,1,636,
1.1259,,Spot,1,Image 1,S2P,1,637,
1.81412,,Spot,1,Image 1,S2P,1,638,
1.49423,,Spot,1,Image 1,S2P,1,639,
1.91221,,Spot,1,Image 1,S2P,1,640,
4.18883,,Spot,1,Image 1,S2P,1,641,
1.55286,,Spot,1,Image 1,S2P,1,642,
1.78067,,Spot,1,Image 1,S2P,1,643,
1.85132,,Spot,1,Image 1,S2P,1,644,
1.76232,,Spot,1,Image 1,S2P,1,645,
1.44985,,Spot,1,Image 1,S2P,1,646,
2.00867,,Spot,1,Image 1,S2P,1,647,
1.55989,,Spot,1,Image 1,S2P,1,648,
1.876,,Spot,1,Image 1,S2P,1,649,
1.77428,,Spot,1,Image 1,S2P,1,650,
1.28995,,Spot,1,Image 1,S2P,1,651,
1.83596,,Spot,1,Image 1,S2P,1,652,
1.36109,,Spot,1,Image 1,S2P,1,653,
1.54272,,Spot,1,Image 1,S2P,1,654,
1.85074,,Spot,1,Image 1,S2P,1,655,
1.94231,,Spot,1,Image 1,S2P,1,656,
1.52496,,Spot,1,Image 1,S2P,1,657,
0,,Spot,1,Image 1,S2P,1,658,
1.73205,,Spot,1,Image 1,S2P,1,659,
0,,Spot,1,Image 1,S2P,1,660,
2.13869,,Spot,1,Image 1,S2P,1,661,
1.83297,,Spot,1,Image 1,S2P,1,662,
1.44455,,Spot,1,Image 1,S2P,1,663,
1.38085,,Spot,1,Image 1,S2P,1,664,
1.68427,,Spot,1,Image 1,S2P,1,665,
1.81417,,Spot,1,Image 1,S2P,1,666,
1.7085,,Spot,1,Image 1,S2P,1,667,
1.7487,,Spot,1,Image 1,S2P,1,668,
1.53218,,Spot,1,Image 1,S2P,1,669,
1.7518,,Spot,1,Image 1,S2P,1,670,
1.95416,,Spot,1,Image 1,S2P,1,671,
1.87409,,Spot,1,Image 1,S2P,1,672,
2.16864,,Spot,1,Image 1,S2P,1,673,
1.65361,,Spot,1,Image 1,S2P,1,674,
1.45073,,Spot,1,Image 1,S2P,1,675,
1.19665,,Spot,1,Image 1,S2P,1,676,
1.95258,,Spot,1,Image 1,S2P,1,677,
2.00957,,Spot,1,Image 1,S2P,1,678,
1.59564,,Spot,1,Image 1,S2P,1,679,
1.44615,,Spot,1,Image 1,S2P,1,680,
2.41444,,Spot,1,Image 1,S2P,1,681,
1.814,,Spot,1,Image 1,S2P,1,682,
1.15715,,Spot,1,Image 1,S2P,1,683,
1.55629,,Spot,1,Image 1,S2P,1,684,
2.09566,,Spot,1,Image 1,S2P,1,685,
1.52171,,Spot,1,Image 1,S2P,1,686,
1.9522,,Spot,1,Image 1,S2P,1,687,
1.27094,,Spot,1,Image 1,S2P,1,688,
2.09189,,Spot,1,Image 1,S2P,1,689,
1.24503,,Spot,1,Image 1,S2P,1,690,
1.07798,,Spot,1,Image 1,S2P,1,691,
1.20775,,Spot,1,Image 1,S2P,1,692,
1.57045,,Spot,1,Image 1,S2P,1,693,
1.71779,,Spot,1,Image 1,S2P,1,694,
1.54773,,Spot,1,Image 1,S2P,1,695,
1.42191,,Spot,1,Image 1,S2P,1,696,
0,,Spot,1,Image 1,S2P,1,697,
1.86872,,Spot,1,Image 1,S2P,1,698,
1.10464,,Spot,1,Image 1,S2P,1,699,
1.50846,,Spot,1,Image 1,S2P,1,700,
1.82191,,Spot,1,Image 1,S2P,1,701,
1.07373,,Spot,1,Image 1,S2P,1,702,
1.80733,,Spot,1,Image 1,S2P,1,703,
1.27537,,Spot,1,Image 1,S2P,1,704,
1.71373,,Spot,1,Image 1,S2P,1,705,
2.84325,,Spot,1,Image 1,S2P,1,706,
1.70207,,Spot,1,Image 1,S2P,1,707,
1.22416,,Spot,1,Image 1,S2P,1,708,
1.43906,,Spot,1,Image 1,S2P,1,709,
1.07691,,Spot,1,Image 1,S2P,1,710,
1.47509,,Spot,1,Image 1,S2P,1,711,
1.00538,,Spot,1,Image 1,S2P,1,712,
0,,Spot,1,Image 1,S2P,1,714,
1.23937,,Spot,1,Image 1,S2P,1,715,
1.37536,,Spot,1,Image 1,S2P,1,716,
0,,Spot,1,Image 1,S2P,1,717,
3.01728,,Spot,1,Image 1,S2P,1,718,
1.50089,,Spot,1,Image 1,S2P,1,719,
1.32459,,Spot,1,Image 1,S2P,1,720,
2.73982,,Spot,1,Image 1,S2P,1,721,
1.75738,,Spot,1,Image 1,S2P,1,722,
0.917742,,Spot,1,Image 1,S2P,1,723,
1.05123,,Spot,1,Image 1,S2P,1,724,
1.90319,,Spot,1,Image 1,S2P,1,725,
2.39283,,Spot,1,Image 1,S2P,1,726,
1.01279,,Spot,1,Image 1,S2P,1,727,
1.27077,,Spot,1,Image 1,S2P,1,728,
1.11782,,Spot,1,Image 1,S2P,1,729,
1.55735,,Spot,1,Image 1,S2P,1,730,
1.45458,,Spot,1,Image 1,S2P,1,731,
1.34393,,Spot,1,Image 1,S2P,1,732,
1.43423,,Spot,1,Image 1,S2P,1,733,
0,,Spot,1,Image 1,S2P,1,734,
1.15184,,Spot,1,Image 1,S2P,1,735,
1.23924,,Spot,1,Image 1,S2P,1,736,
1.52631,,Spot,1,Image 1,S2P,1,737,
1.90827,,Spot,1,Image 1,S2P,1,738,
0.795573,,Spot,1,Image 1,S2P,1,739,
1.48127,,Spot,1,Image 1,S2P,1,740,
1.80962,,Spot,1,Image 1,S2P,1,741,
1.66675,,Spot,1,Image 1,S2P,1,742,
2.80938,,Spot,1,Image 1,S2P,1,743,
1.15807,,Spot,1,Image 1,S2P,1,744,
1.31601,,Spot,1,Image 1,S2P,1,745,
2.20355,,Spot,1,Image 1,S2P,1,746,
0.764681,,Spot,1,Image 1,S2P,1,747,
1.90591,,Spot,1,Image 1,S2P,1,748,
1.1076,,Spot,1,Image 1,S2P,1,749,
0.916739,,Spot,1,Image 1,S2P,1,750,
1.22549,,Spot,1,Image 1,S2P,1,751,
1.23286,,Spot,1,Image 1,S2P,1,752,
0.987807,,Spot,1,Image 1,S2P,1,753,
1.2394,,Spot,1,Image 1,S2P,1,754,
1.37179,,Spot,1,Image 1,S2P,1,755,
2.07682,,Spot,1,Image 1,S2P,1,756,
0.942012,,Spot,1,Image 1,S2P,1,757,
2.10959,,Spot,1,Image 1,S2P,1,758,
2.45879,,Spot,1,Image 1,S2P,1,759,
2.21654,,Spot,1,Image 1,S2P,1,760,
1.16244,,Spot,1,Image 1,S2P,1,761,
1.95162,,Spot,1,Image 1,S2P,1,762,
1.61227,,Spot,1,Image 1,S2P,1,763,
1.59128,,Spot,1,Image 1,S2P,1,764,
1.04023,,Spot,1,Image 1,S2P,1,765,
1.51338,,Spot,1,Image 1,S2P,1,766,
0,,Spot,1,Image 1,S2P,1,767,
1.57709,,Spot,1,Image 1,S2P,1,768,
1.18784,,Spot,1,Image 1,S2P,1,769,
0.847515,,Spot,1,Image 1,S2P,1,770,
1.43127,,Spot,1,Image 1,S2P,1,771,
0.130937,,Spot,1,Image 1,S2P,1,772,
1.20031,,Spot,1,Image 1,S2P,1,773,
1.20887,,Spot,1,Image 1,S2P,1,774,
1.3033,,Spot,1,Image 1,S2P,1,775,
1.55372,,Spot,1,Image 1,S2P,1,776,
1.3237,,Spot,1,Image 1,S2P,1,777,
0,,Spot,1,Image 1,S2P,1,778,
1.96397,,Spot,1,Image 1,S2P,1,779,
1.42677,,Spot,1,Image 1,S2P,1,780,
2.4172,,Spot,1,Image 1,S2P,1,781,
1.22401,,Spot,1,Image 1,S2P,1,782,
2.65993,,Spot,1,Image 1,S2P,1,783,
1.17337,,Spot,1,Image 1,S2P,1,784,
0,,Spot,1,Image 1,S2P,1,785,
1.84012,,Spot,1,Image 1,S2P,1,786,
1.83102,,Spot,1,Image 1,S2P,1,787,
2.27568,,Spot,1,Image 1,S2P,1,788,
1.57772,,Spot,1,Image 1,S2P,1,789,
1.49675,,Spot,1,Image 1,S2P,1,790,
1.2524,,Spot,1,Image 1,S2P,1,791,
0.96644,,Spot,1,Image 1,S2P,1,792,
1.30465,,Spot,1,Image 1,S2P,1,793,
1.02488,,Spot,1,Image 1,S2P,1,794,
1.1368,,Spot,1,Image 1,S2P,1,795,
1.0636,,Spot,1,Image 1,S2P,1,796,
1.50959,,Spot,1,Image 1,S2P,1,797,
0.820717,,Spot,1,Image 1,S2P,1,798,
1.08819,,Spot,1,Image 1,S2P,1,799,
0,,Spot,1,Image 1,S2P,1,800,
1.9586,,Spot,1,Image 1,S2P,1,801,
1.28226,,Spot,1,Image 1,S2P,1,802,
0.879377,,Spot,1,Image 1,S2P,1,803,
1.43236,,Spot,1,Image 1,S2P,1,804,
1.13047,,Spot,1,Image 1,S2P,1,805,
1.55736,,Spot,1,Image 1,S2P,1,806,
2.00239,,Spot,1,Image 1,S2P,1,807,
1.142,,Spot,1,Image 1,S2P,1,808,
1.25758,,Spot,1,Image 1,S2P,1,809,
0.746837,,Spot,1,Image 1,S2P,1,810,
2.16463,,Spot,1,Image 1,S2P,1,811,
1.36015,,Spot,1,Image 1,S2P,1,812,
1.40679,,Spot,1,Image 1,S2P,1,813,
1.77516,,Spot,1,Image 1,S2P,1,814,
1.43668,,Spot,1,Image 1,S2P,1,815,
1.51854,,Spot,1,Image 1,S2P,1,816,
1.57928,,Spot,1,Image 1,S2P,1,817,
1.48558,,Spot,1,Image 1,S2P,1,818,
1.50365,,Spot,1,Image 1,S2P,1,819,
1.122,,Spot,1,Image 1,S2P,1,820,
1.38094,,Spot,1,Image 1,S2P,1,821,
1.63944,,Spot,1,Image 1,S2P,1,822,
1.95438,,Spot,1,Image 1,S2P,1,823,
1.82564,,Spot,1,Image 1,S2P,1,824,
1.14088,,Spot,1,Image 1,S2P,1,825,
1.10271,,Spot,1,Image 1,S2P,1,826,
1.24254,,Spot,1,Image 1,S2P,1,827,
1.70727,,Spot,1,Image 1,S2P,1,828,
1.72823,,Spot,1,Image 1,S2P,1,829,
1.10758,,Spot,1,Image 1,S2P,1,830,
0,,Spot,1,Image 1,S2P,1,831,
0,,Spot,1,Image 1,S2P,1,832,
1.52108,,Spot,1,Image 1,S2P,1,833,
1.18434,,Spot,1,Image 1,S2P,1,834,
2.03615,,Spot,1,Image 1,S2P,1,835,
1.34633,,Spot,1,Image 1,S2P,1,836,
1.64253,,Spot,1,Image 1,S2P,1,837,
1.49062,,Spot,1,Image 1,S2P,1,838,
1.86905,,Spot,1,Image 1,S2P,1,839,
1.08675,,Spot,1,Image 1,S2P,1,840,
0,,Spot,1,Image 1,S2P,1,841,
0.995294,,Spot,1,Image 1,S2P,1,842,
1.13212,,Spot,1,Image 1,S2P,1,843,
1.16516,,Spot,1,Image 1,S2P,1,844,
1.25192,,Spot,1,Image 1,S2P,1,845,
1.70209,,Spot,1,Image 1,S2P,1,846,
1.18348,,Spot,1,Image 1,S2P,1,847,
1.88083,,Spot,1,Image 1,S2P,1,848,
1.27644,,Spot,1,Image 1,S2P,1,849,
1.02988,,Spot,1,Image 1,S2P,1,850,
1.61632,,Spot,1,Image 1,S2P,1,851,
1.53146,,Spot,1,Image 1,S2P,1,852,
1.18735,,Spot,1,Image 1,S2P,1,853,
1.77964,,Spot,1,Image 1,S2P,1,854,
1.67625,,Spot,1,Image 1,S2P,1,855,
2.17146,,Spot,1,Image 1,S2P,1,856,
1.15937,,Spot,1,Image 1,S2P,1,857,
1.69217,,Spot,1,Image 1,S2P,1,858,
0,,Spot,1,Image 1,S2P,1,859,
1.72886,,Spot,1,Image 1,S2P,1,860,
0.784276,,Spot,1,Image 1,S2P,1,861,
0.616505,,Spot,1,Image 1,S2P,1,862,
1.29859,,Spot,1,Image 1,S2P,1,863,
1.09332,,Spot,1,Image 1,S2P,1,864,
0,,Spot,1,Image 1,S2P,1,865,
1.1264,,Spot,1,Image 1,S2P,1,866,
1.25499,,Spot,1,Image 1,S2P,1,867,
1.08187,,Spot,1,Image 1,S2P,1,868,
2.02364,,Spot,1,Image 1,S2P,1,869,
1.86388,,Spot,1,Image 1,S2P,1,870,
1.97364,,Spot,1,Image 1,S2P,1,871,
1.39198,,Spot,1,Image 1,S2P,1,872,
1.79958,,Spot,1,Image 1,S2P,1,873,
1.71137,,Spot,1,Image 1,S2P,1,874,
1.27972,,Spot,1,Image 1,S2P,1,875,
1.64264,,Spot,1,Image 1,S2P,1,876,
1.22659,,Spot,1,Image 1,S2P,1,877,
1.21242,,Spot,1,Image 1,S2P,1,878,
0.945956,,Spot,1,Image 1,S2P,1,879,
1.20524,,Spot,1,Image 1,S2P,1,880,
0.875576,,Spot,1,Image 1,S2P,1,881,
0,,Spot,1,Image 1,S2P,1,882,
1.28304,,Spot,1,Image 1,S2P,1,883,
1.60485,,Spot,1,Image 1,S2P,1,884,
0,,Spot,1,Image 1,S2P,1,885,
1.1224,,Spot,1,Image 1,S2P,1,886,
1.60805,,Spot,1,Image 1,S2P,1,887,
1.13292,,Spot,1,Image 1,S2P,1,888,
1.495,,Spot,1,Image 1,S2P,1,889,
1.13064,,Spot,1,Image 1,S2P,1,890,
0.769803,,Spot,1,Image 1,S2P,1,891,
1.19544,,Spot,1,Image 1,S2P,1,892,
1.87273,,Spot,1,Image 1,S2P,1,893,
0.915702,,Spot,1,Image 1,S2P,1,894,
1.44874,,Spot,1,Image 1,S2P,1,895,
2.36102,,Spot,1,Image 1,S2P,1,896,
1.13352,,Spot,1,Image 1,S2P,1,897,
1.35721,,Spot,1,Image 1,S2P,1,898,
0.997127,,Spot,1,Image 1,S2P,1,899,
1.18255,,Spot,1,Image 1,S2P,1,900,
1.02948,,Spot,1,Image 1,S2P,1,901,
1.29713,,Spot,1,Image 1,S2P,1,902,
1.54808,,Spot,1,Image 1,S2P,1,903,
1.56599,,Spot,1,Image 1,S2P,1,904,
0.93469,,Spot,1,Image 1,S2P,1,905,
1.68533,,Spot,1,Image 1,S2P,1,906,
1.43177,,Spot,1,Image 1,S2P,1,907,
1.25785,,Spot,1,Image 1,S2P,1,908,
0,,Spot,1,Image 1,S2P,1,909,
1.17546,,Spot,1,Image 1,S2P,1,910,
1.78277,,Spot,1,Image 1,S2P,1,911,
1.26254,,Spot,1,Image 1,S2P,1,912,
1.75365,,Spot,1,Image 1,S2P,1,913,
0,,Spot,1,Image 1,S2P,1,914,
1.07518,,Spot,1,Image 1,S2P,1,915,
1.40075,,Spot,1,Image 1,S2P,1,916,
0.977092,,Spot,1,Image 1,S2P,1,917,
1.59332,,Spot,1,Image 1,S2P,1,918,
1.02704,,Spot,1,Image 1,S2P,1,919,
1.02204,,Spot,1,Image 1,S2P,1,920,
1.3476,,Spot,1,Image 1,S2P,1,921,
1.67775,,Spot,1,Image 1,S2P,1,922,
1.39232,,Spot,1,Image 1,S2P,1,923,
1.06561,,Spot,1,Image 1,S2P,1,924,
1.13202,,Spot,1,Image 1,S2P,1,925,
1.17629,,Spot,1,Image 1,S2P,1,926,
1.19296,,Spot,1,Image 1,S2P,1,927,
1.53346,,Spot,1,Image 1,S2P,1,928,
1.20787,,Spot,1,Image 1,S2P,1,929,
1.88846,,Spot,1,Image 1,S2P,1,930,
0.578732,,Spot,1,Image 1,S2P,1,931,
1.53095,,Spot,1,Image 1,S2P,1,932,
1.79234,,Spot,1,Image 1,S2P,1,933,
1.39101,,Spot,1,Image 1,S2P,1,934,
1.17611,,Spot,1,Image 1,S2P,1,935,
1.18769,,Spot,1,Image 1,S2P,1,936,
1.25713,,Spot,1,Image 1,S2P,1,937,
0.895641,,Spot,1,Image 1,S2P,1,938,
1.68795,,Spot,1,Image 1,S2P,1,939,
0,,Spot,1,Image 1,S2P,1,940,
1.24719,,Spot,1,Image 1,S2P,1,941,
2.02553,,Spot,1,Image 1,S2P,1,942,
1.40229,,Spot,1,Image 1,S2P,1,943,
1.27815,,Spot,1,Image 1,S2P,1,944,
1.08957,,Spot,1,Image 1,S2P,1,945,
0,,Spot,1,Image 1,S2P,1,946,
1.14009,,Spot,1,Image 1,S2P,1,947,
0,,Spot,1,Image 1,S2P,1,948,
0,,Spot,1,Image 1,S2P,1,949,
1.38672,,Spot,1,Image 1,S2P,1,950,
1.69159,,Spot,1,Image 1,S2P,1,951,
1.03094,,Spot,1,Image 1,S2P,1,952,
1.62295,,Spot,1,Image 1,S2P,1,953,
1.75484,,Spot,1,Image 1,S2P,1,954,
1.38452,,Spot,1,Image 1,S2P,1,955,
1.23347,,Spot,1,Image 1,S2P,1,956,
1.12947,,Spot,1,Image 1,S2P,1,957,
1.32647,,Spot,1,Image 1,S2P,1,958,
0.887077,,Spot,1,Image 1,S2P,1,959,
1.74567,,Spot,1,Image 1,S2P,1,960,
1.02914,,Spot,1,Image 1,S2P,1,961,
1.23511,,Spot,1,Image 1,S2P,1,962,
1.12125,,Spot,1,Image 1,S2P,1,963,
1.38566,,Spot,1,Image 1,S2P,1,964,
1.23099,,Spot,1,Image 1,S2P,1,965,
1.48879,,Spot,1,Image 1,S2P,1,966,
1.4703,,Spot,1,Image 1,S2P,1,967,
1.08217,,Spot,1,Image 1,S2P,1,968,
1.0577,,Spot,1,Image 1,S2P,1,969,
0,,Spot,1,Image 1,S2P,1,970,
1.71524,,Spot,1,Image 1,S2P,1,971,
0,,Spot,1,Image 1,S2P,1,972,
1.74553,,Spot,1,Image 1,S2P,1,973,
1.60245,,Spot,1,Image 1,S2P,1,974,
2.27661,,Spot,1,Image 1,S2P,1,975,
1.38052,,Spot,1,Image 1,S2P,1,976,
1.15361,,Spot,1,Image 1,S2P,1,977,
1.1625,,Spot,1,Image 1,S2P,1,978,
1.29949,,Spot,1,Image 1,S2P,1,979,
1.08354,,Spot,1,Image 1,S2P,1,980,
1.49279,,Spot,1,Image 1,S2P,1,981,
0.989808,,Spot,1,Image 1,S2P,1,982,
1.49591,,Spot,1,Image 1,S2P,1,983,
1.72902,,Spot,1,Image 1,S2P,1,984,
1.22705,,Spot,1,Image 1,S2P,1,985,
1.7343,,Spot,1,Image 1,S2P,1,986,
1.1408,,Spot,1,Image 1,S2P,1,987,
1.49227,,Spot,1,Image 1,S2P,1,988,
0.95641,,Spot,1,Image 1,S2P,1,989,
1.4386,,Spot,1,Image 1,S2P,1,990,
1.25684,,Spot,1,Image 1,S2P,1,991,
1.28937,,Spot,1,Image 1,S2P,1,992,
1.23259,,Spot,1,Image 1,S2P,1,993,
1.52881,,Spot,1,Image 1,S2P,1,994,
1.69867,,Spot,1,Image 1,S2P,1,995,
1.17621,,Spot,1,Image 1,S2P,1,996,
1.87202,,Spot,1,Image 1,S2P,1,997,
1.65257,,Spot,1,Image 1,S2P,1,998,
1.37664,,Spot,1,Image 1,S2P,1,999,
1.84691,,Spot,1,Image 1,S2P,1,1000,
1.26421,,Spot,1,Image 1,S2P,1,1001,
0,,Spot,1,Image 1,S2P,1,1002,
0,,Spot,1,Image 1,S2P,1,1003,
1.61743,,Spot,1,Image 1,S2P,1,1004,
1.58291,,Spot,1,Image 1,S2P,1,1005,
0.959447,,Spot,1,Image 1,S2P,1,1006,
1.59973,,Spot,1,Image 1,S2P,1,1007,
1.2905,,Spot,1,Image 1,S2P,1,1008,
1.2788,,Spot,1,Image 1,S2P,1,1009,
1.32391,,Spot,1,Image 1,S2P,1,1010,
1.51753,,Spot,1,Image 1,S2P,1,1011,
0,,Spot,1,Image 1,S2P,1,1012,
1.37855,,Spot,1,Image 1,S2P,1,1013,
1.16556,,Spot,1,Image 1,S2P,1,1014,
1.07788,,Spot,1,Image 1,S2P,1,1015,
1.29979,,Spot,1,Image 1,S2P,1,1016,
1.49683,,Spot,1,Image 1,S2P,1,1017,
1.25585,,Spot,1,Image 1,S2P,1,1018,
1.36452,,Spot,1,Image 1,S2P,1,1019,
1.57334,,Spot,1,Image 1,S2P,1,1020,
1.75306,,Spot,1,Image 1,S2P,1,1021,
2.0608,,Spot,1,Image 1,S2P,1,1022,
1.49382,,Spot,1,Image 1,S2P,1,1023,
1.55443,,Spot,1,Image 1,S2P,1,1024,
1.07869,,Spot,1,Image 1,S2P,1,1025,
1.38984,,Spot,1,Image 1,S2P,1,1026,
1.33432,,Spot,1,Image 1,S2P,1,1027,
0.947175,,Spot,1,Image 1,S2P,1,1028,
1.53247,,Spot,1,Image 1,S2P,1,1029,
1.01061,,Spot,1,Image 1,S2P,1,1030,
1.63314,,Spot,1,Image 1,S2P,1,1031,
1.60433,,Spot,1,Image 1,S2P,1,1032,
1.38041,,Spot,1,Image 1,S2P,1,1033,
1.58861,,Spot,1,Image 1,S2P,1,1034,
1.74309,,Spot,1,Image 1,S2P,1,1035,
1.55239,,Spot,1,Image 1,S2P,1,1036,
1.68355,,Spot,1,Image 1,S2P,1,1037,
1.72999,,Spot,1,Image 1,S2P,1,1038,
1.93724,,Spot,1,Image 1,S2P,1,1039,
1.42349,,Spot,1,Image 1,S2P,1,1040,
1.3936,,Spot,1,Image 1,S2P,1,1041,
1.73873,,Spot,1,Image 1,S2P,1,1042,
1.61649,,Spot,1,Image 1,S2P,1,1043,
1.49433,,Spot,1,Image 1,S2P,1,1044,
1.28901,,Spot,1,Image 1,S2P,1,1045,
1.22788,,Spot,1,Image 1,S2P,1,1046,
0,,Spot,1,Image 1,S2P,1,1047,
1.25302,,Spot,1,Image 1,S2P,1,1048,
1.82404,,Spot,1,Image 1,S2P,1,1049,
1.87095,,Spot,1,Image 1,S2P,1,1050,
1.28503,,Spot,1,Image 1,S2P,1,1051,
1.39791,,Spot,1,Image 1,S2P,1,1052,
1.53147,,Spot,1,Image 1,S2P,1,1053,
1.41708,,Spot,1,Image 1,S2P,1,1054,
1.72849,,Spot,1,Image 1,S2P,1,1055,
1.9577,,Spot,1,Image 1,S2P,1,1056,
1.58593,,Spot,1,Image 1,S2P,1,1057,
1.32372,,Spot,1,Image 1,S2P,1,1058,
1.6225,,Spot,1,Image 1,S2P,1,1059,
1.5527,,Spot,1,Image 1,S2P,1,1060,
1.82358,,Spot,1,Image 1,S2P,1,1061,
1.56827,,Spot,1,Image 1,S2P,1,1062,
1.76189,,Spot,1,Image 1,S2P,1,1063,
1.7708,,Spot,1,Image 1,S2P,1,1064,
2.055,,Spot,1,Image 1,S2P,1,1065,
1.44446,,Spot,1,Image 1,S2P,1,1066,
1.9815,,Spot,1,Image 1,S2P,1,1067,
1.58434,,Spot,1,Image 1,S2P,1,1068,
1.68808,,Spot,1,Image 1,S2P,1,1069,
2.18177,,Spot,1,Image 1,S2P,1,1070,
1.6187,,Spot,1,Image 1,S2P,1,1071,
1.63817,,Spot,1,Image 1,S2P,1,1072,
1.22814,,Spot,1,Image 1,S2P,1,1073,
1.50052,,Spot,1,Image 1,S2P,1,1074,
1.73467,,Spot,1,Image 1,S2P,1,1075,
1.74001,,Spot,1,Image 1,S2P,1,1076,
1.70482,,Spot,1,Image 1,S2P,1,1077,
1.56637,,Spot,1,Image 1,S2P,1,1078,
2.00361,,Spot,1,Image 1,S2P,1,1079,
1.09675,,Spot,1,Image 1,S2P,1,1080,
1.532,,Spot,1,Image 1,S2P,1,1081,
1.59654,,Spot,1,Image 1,S2P,1,1082,
1.72695,,Spot,1,Image 1,S2P,1,1083,
1.68804,,Spot,1,Image 1,S2P,1,1084,
1.40525,,Spot,1,Image 1,S2P,1,1085,
1.84558,,Spot,1,Image 1,S2P,1,1086,
1.62335,,Spot,1,Image 1,S2P,1,1087,
1.58743,,Spot,1,Image 1,S2P,1,1088,
2.09407,,Spot,1,Image 1,S2P,1,1089,
1.47517,,Spot,1,Image 1,S2P,1,1090,
0,,Spot,1,Image 1,S2P,1,1091,
0,,Spot,1,Image 1,S2P,1,1093,
1.68846,,Spot,1,Image 1,S2P,1,1094,
1.81078,,Spot,1,Image 1,S2P,1,1095,
1.73741,,Spot,1,Image 1,S2P,1,1096,
1.48216,,Spot,1,Image 1,S2P,1,1097,
1.85839,,Spot,1,Image 1,S2P,1,1098,
1.60497,,Spot,1,Image 1,S2P,1,1099,
1.63356,,Spot,1,Image 1,S2P,1,1100,
1.72743,,Spot,1,Image 1,S2P,1,1101,
1.82562,,Spot,1,Image 1,S2P,1,1102,
1.26285,,Spot,1,Image 1,S2P,1,1103,
2.13045,,Spot,1,Image 1,S2P,1,1104,
1.68361,,Spot,1,Image 1,S2P,1,1105,
1.60742,,Spot,1,Image 1,S2P,1,1106,
1.35961,,Spot,1,Image 1,S2P,1,1107,
1.34572,,Spot,1,Image 1,S2P,1,1108,
1.64379,,Spot,1,Image 1,S2P,1,1109,
2.60491,,Spot,1,Image 1,S2P,1,1110,
1.77824,,Spot,1,Image 1,S2P,1,1111,
2.0747,,Spot,1,Image 1,S2P,1,1112,
1.71746,,Spot,1,Image 1,S2P,1,1113,
1.89373,,Spot,1,Image 1,S2P,1,1114,
0.743358,,Spot,1,Image 1,S2P,1,1115,
1.64638,,Spot,1,Image 1,S2P,1,1116,
1.79718,,Spot,1,Image 1,S2P,1,1117,
1.61673,,Spot,1,Image 1,S2P,1,1118,
1.77828,,Spot,1,Image 1,S2P,1,1120,
1.4425,,Spot,1,Image 1,S2P,1,1121,
2.06848,,Spot,1,Image 1,S2P,1,1122,
1.40789,,Spot,1,Image 1,S2P,1,1123,
0,,Spot,1,Image 1,S2P,1,1124,
1.05584,,Spot,1,Image 1,S2P,1,1125,
2.24371,,Spot,1,Image 1,S2P,1,1126,
1.54174,,Spot,1,Image 1,S2P,1,1127,
1.85928,,Spot,1,Image 1,S2P,1,1128,
2.27707,,Spot,1,Image 1,S2P,1,1129,
1.86477,,Spot,1,Image 1,S2P,1,1130,
1.89791,,Spot,1,Image 1,S2P,1,1131,
0,,Spot,1,Image 1,S2P,1,1132,
1.62205,,Spot,1,Image 1,S2P,1,1133,
1.2692,,Spot,1,Image 1,S2P,1,1134,
1.87155,,Spot,1,Image 1,S2P,1,1135,
1.58239,,Spot,1,Image 1,S2P,1,1136,
2.21744,,Spot,1,Image 1,S2P,1,1137,
1.4354,,Spot,1,Image 1,S2P,1,1138,
1.83225,,Spot,1,Image 1,S2P,1,1139,
1.42556,,Spot,1,Image 1,S2P,1,1140,
1.35786,,Spot,1,Image 1,S2P,1,1141,
1.43906,,Spot,1,Image 1,S2P,1,1142,
1.56875,,Spot,1,Image 1,S2P,1,1143,
1.59788,,Spot,1,Image 1,S2P,1,1144,
1.50961,,Spot,1,Image 1,S2P,1,1145,
1.51871,,Spot,1,Image 1,S2P,1,1146,
2.34782,,Spot,1,Image 1,S2P,1,1147,
1.67131,,Spot,1,Image 1,S2P,1,1148,
1.66317,,Spot,1,Image 1,S2P,1,1149,
1.3335,,Spot,1,Image 1,S2P,1,1150,
1.62934,,Spot,1,Image 1,S2P,1,1151,
1.30846,,Spot,1,Image 1,S2P,1,1152,
1.09905,,Spot,1,Image 1,S2P,1,1153,
1.62674,,Spot,1,Image 1,S2P,1,1154,
1.20372,,Spot,1,Image 1,S2P,1,1155,
1.47189,,Spot,1,Image 1,S2P,1,1156,
1.50156,,Spot,1,Image 1,S2P,1,1157,
1.32918,,Spot,1,Image 1,S2P,1,1158,
0,,Spot,1,Image 1,S2P,1,1159,
1.36076,,Spot,1,Image 1,S2P,1,1160,
1.96772,,Spot,1,Image 1,S2P,1,1161,
1.78252,,Spot,1,Image 1,S2P,1,1162,
1.68175,,Spot,1,Image 1,S2P,1,1163,
1.36487,,Spot,1,Image 1,S2P,1,1164,
1.59731,,Spot,1,Image 1,S2P,1,1165,
1.44427,,Spot,1,Image 1,S2P,1,1166,
1.36953,,Spot,1,Image 1,S2P,1,1167,
1.67236,,Spot,1,Image 1,S2P,1,1168,
0,,Spot,1,Image 1,S2P,1,1169,
2.30415,,Spot,1,Image 1,S2P,1,1170,
1.15516,,Spot,1,Image 1,S2P,1,1171,
0,,Spot,1,Image 1,S2P,1,1172,
1.44917,,Spot,1,Image 1,S2P,1,1173,
1.01521,,Spot,1,Image 1,S2P,1,1174,
0.783689,,Spot,1,Image 1,S2P,1,1175,
2.75176,,Spot,1,Image 1,S2P,1,1176,
1.3521,,Spot,1,Image 1,S2P,1,1177,
1.54644,,Spot,1,Image 1,S2P,1,1178,
1.39972,,Spot,1,Image 1,S2P,1,1179,
1.57889,,Spot,1,Image 1,S2P,1,1180,
1.49906,,Spot,1,Image 1,S2P,1,1181,
1.34912,,Spot,1,Image 1,S2P,1,1182,
1.43253,,Spot,1,Image 1,S2P,1,1183,
0,,Spot,1,Image 1,S2P,1,1184,
1.45289,,Spot,1,Image 1,S2P,1,1185,
2.10637,,Spot,1,Image 1,S2P,1,1187,
2.13181,,Spot,1,Image 1,S2P,1,1188,
1.75313,,Spot,1,Image 1,S2P,1,1191,
1.61857,,Spot,1,Image 1,S2P,1,1192,
2.41084,,Spot,1,Image 1,S2P,1,1193,
1.78642,,Spot,1,Image 1,S2P,1,1194,
2.29927,,Spot,1,Image 1,S2P,1,1195,
2.3041,,Spot,1,Image 1,S2P,1,1196,
1.11736,,Spot,1,Image 1,S2P,1,1197,
3.01626,,Spot,1,Image 1,S2P,1,1198,
1.75399,,Spot,1,Image 1,S2P,1,1199,
1.47651,,Spot,1,Image 1,S2P,1,1200,
2.24374,,Spot,1,Image 1,S2P,1,1201,
1.91082,,Spot,1,Image 1,S2P,1,1202,
1.89564,,Spot,1,Image 1,S2P,1,1203,
1.94705,,Spot,1,Image 1,S2P,1,1204,
1.53999,,Spot,1,Image 1,S2P,1,1205,
0,,Spot,1,Image 1,S2P,1,1206,
1.5883,,Spot,1,Image 1,S2P,1,1207,
1.95842,,Spot,1,Image 1,S2P,1,1208,
1.71647,,Spot,1,Image 1,S2P,1,1209,
1.7188,,Spot,1,Image 1,S2P,1,1210,
2.06409,,Spot,1,Image 1,S2P,1,1211,
1.33232,,Spot,1,Image 1,S2P,1,1212,
1.30171,,Spot,1,Image 1,S2P,1,1213,
1.84629,,Spot,1,Image 1,S2P,1,1214,
1.88394,,Spot,1,Image 1,S2P,1,1215,
1.85478,,Spot,1,Image 1,S2P,1,1216,
2.54035,,Spot,1,Image 1,S2P,1,1217,
1.61897,,Spot,1,Image 1,S2P,1,1218,
1.64203,,Spot,1,Image 1,S2P,1,1219,
1.13669,,Spot,1,Image 1,S2P,1,1220,
1.63092,,Spot,1,Image 1,S2P,1,1221,
1.41959,,Spot,1,Image 1,S2P,1,1222,
1.94242,,Spot,1,Image 1,S2P,1,1223,
2.0785,,Spot,1,Image 1,S2P,1,1224,
2.14192,,Spot,1,Image 1,S2P,1,1225,
1.59464,,Spot,1,Image 1,S2P,1,1226,
1.50471,,Spot,1,Image 1,S2P,1,1227,
2.50052,,Spot,1,Image 1,S2P,1,1228,
1.725,,Spot,1,Image 1,S2P,1,1229,
1.28094,,Spot,1,Image 1,S2P,1,1230,
1.50611,,Spot,1,Image 1,S2P,1,1231,
1.39337,,Spot,1,Image 1,S2P,1,1232,
1.61961,,Spot,1,Image 1,S2P,1,1233,
1.36692,,Spot,1,Image 1,S2P,1,1234,
2.15041,,Spot,1,Image 1,S2P,1,1235,
1.40269,,Spot,1,Image 1,S2P,1,1236,
1.78667,,Spot,1,Image 1,S2P,1,1237,
1.39266,,Spot,1,Image 1,S2P,1,1238,
1.74123,,Spot,1,Image 1,S2P,1,1239,
1.57577,,Spot,1,Image 1,S2P,1,1240,
2.01275,,Spot,1,Image 1,S2P,1,1241,
1.70641,,Spot,1,Image 1,S2P,1,1242,
1.17813,,Spot,1,Image 1,S2P,1,1243,
1.98852,,Spot,1,Image 1,S2P,1,1244,
2.20612,,Spot,1,Image 1,S2P,1,1245,
1.36021,,Spot,1,Image 1,S2P,1,1246,
1.56306,,Spot,1,Image 1,S2P,1,1247,
1.91383,,Spot,1,Image 1,S2P,1,1248,
1.34461,,Spot,1,Image 1,S2P,1,1249,
1.22555,,Spot,1,Image 1,S2P,1,1250,
1.98068,,Spot,1,Image 1,S2P,1,1251,
1.57785,,Spot,1,Image 1,S2P,1,1252,
1.39294,,Spot,1,Image 1,S2P,1,1253,
1.65884,,Spot,1,Image 1,S2P,1,1254,
1.73655,,Spot,1,Image 1,S2P,1,1255,
0.866474,,Spot,1,Image 1,S2P,1,1256,
2.75866,,Spot,1,Image 1,S2P,1,1257,
1.73666,,Spot,1,Image 1,S2P,1,1258,
1.31346,,Spot,1,Image 1,S2P,1,1259,
2.85997,,Spot,1,Image 1,S2P,1,1260,
1.57826,,Spot,1,Image 1,S2P,1,1261,
1.81117,,Spot,1,Image 1,S2P,1,1262,
1.28464,,Spot,1,Image 1,S2P,1,1263,
1.02556,,Spot,1,Image 1,S2P,1,1264,
0.132969,,Spot,1,Image 1,S2P,1,1265,
2.2396,,Spot,1,Image 1,S2P,1,1266,
2.05708,,Spot,1,Image 1,S2P,1,1267,
2.1044,,Spot,1,Image 1,S2P,1,1268,
1.29784,,Spot,1,Image 1,S2P,1,1269,
1.65558,,Spot,1,Image 1,S2P,1,1270,
2.04792,,Spot,1,Image 1,S2P,1,1271,
1.65494,,Spot,1,Image 1,S2P,1,1272,
1.63634,,Spot,1,Image 1,S2P,1,1273,
2.19988,,Spot,1,Image 1,S2P,1,1274,
1.85339,,Spot,1,Image 1,S2P,1,1275,
1.82224,,Spot,1,Image 1,S2P,1,1276,
2.15605,,Spot,1,Image 1,S2P,1,1277,
2.53731,,Spot,1,Image 1,S2P,1,1278,
1.79444,,Spot,1,Image 1,S2P,1,1279,
1.87721,,Spot,1,Image 1,S2P,1,1280,
0,,Spot,1,Image 1,S2P,1,1281,
1.83751,,Spot,1,Image 1,S2P,1,1282,
1.67272,,Spot,1,Image 1,S2P,1,1283,
1.53168,,Spot,1,Image 1,S2P,1,1284,
1.88106,,Spot,1,Image 1,S2P,1,1285,
0,,Spot,1,Image 1,S2P,1,1286,
1.82086,,Spot,1,Image 1,S2P,1,1287,
1.62531,,Spot,1,Image 1,S2P,1,1288,
1.36436,,Spot,1,Image 1,S2P,1,1289,
1.38878,,Spot,1,Image 1,S2P,1,1290,
1.92163,,Spot,1,Image 1,S2P,1,1291,
2.35278,,Spot,1,Image 1,S2P,1,1292,
2.94386,,Spot,1,Image 1,S2P,1,1293,
1.86722,,Spot,1,Image 1,S2P,1,1294,
0.52835,,Spot,1,Image 1,S2P,1,1295,
1.29174,,Spot,1,Image 1,S2P,1,1296,
1.50807,,Spot,1,Image 1,S2P,1,1297,
1.59862,,Spot,1,Image 1,S2P,1,1298,
1.88636,,Spot,1,Image 1,S2P,1,1299,
1.99443,,Spot,1,Image 1,S2P,1,1300,
1.95675,,Spot,1,Image 1,S2P,1,1301,
1.90081,,Spot,1,Image 1,S2P,1,1302,
1.80294,,Spot,1,Image 1,S2P,1,1303,
0.636322,,Spot,1,Image 1,S2P,1,1304,
1.9662,,Spot,1,Image 1,S2P,1,1305,
1.82103,,Spot,1,Image 1,S2P,1,1306,
2.04973,,Spot,1,Image 1,S2P,1,1307,
0,,Spot,1,Image 1,S2P,1,1308,
1.7366,,Spot,1,Image 1,S2P,1,1309,
0.271616,,Spot,1,Image 1,S2P,1,1310,
2.41963,,Spot,1,Image 1,S2P,1,1311,
1.60302,,Spot,1,Image 1,S2P,1,1312,
1.58438,,Spot,1,Image 1,S2P,1,1313,
1.45367,,Spot,1,Image 1,S2P,1,1314,
1.57818,,Spot,1,Image 1,S2P,1,1315,
1.70736,,Spot,1,Image 1,S2P,1,1316,
1.77476,,Spot,1,Image 1,S2P,1,1317,
1.43606,,Spot,1,Image 1,S2P,1,1318,
1.46082,,Spot,1,Image 1,S2P,1,1319,
1.57102,,Spot,1,Image 1,S2P,1,1320,
1.79046,,Spot,1,Image 1,S2P,1,1321,
0,,Spot,1,Image 1,S2P,1,1322,
1.38195,,Spot,1,Image 1,S2P,1,1323,
1.67889,,Spot,1,Image 1,S2P,1,1324,
1.63519,,Spot,1,Image 1,S2P,1,1325,
1.78832,,Spot,1,Image 1,S2P,1,1326,
1.8619,,Spot,1,Image 1,S2P,1,1327,
1.25298,,Spot,1,Image 1,S2P,1,1328,
1.38269,,Spot,1,Image 1,S2P,1,1329,
2.2093,,Spot,1,Image 1,S2P,1,1330,
1.69614,,Spot,1,Image 1,S2P,1,1331,
1.94956,,Spot,1,Image 1,S2P,1,1332,
1.1824,,Spot,1,Image 1,S2P,1,1333,
1.31708,,Spot,1,Image 1,S2P,1,1334,
1.45736,,Spot,1,Image 1,S2P,1,1335,
1.67179,,Spot,1,Image 1,S2P,1,1336,
1.30087,,Spot,1,Image 1,S2P,1,1337,
1.87161,,Spot,1,Image 1,S2P,1,1338,
1.92644,,Spot,1,Image 1,S2P,1,1339,
1.64822,,Spot,1,Image 1,S2P,1,1340,
1.91961,,Spot,1,Image 1,S2P,1,1341,
1.72853,,Spot,1,Image 1,S2P,1,1342,
2.19529,,Spot,1,Image 1,S2P,1,1343,
1.59635,,Spot,1,Image 1,S2P,1,1344,
1.3607,,Spot,1,Image 1,S2P,1,1345,
1.69059,,Spot,1,Image 1,S2P,1,1346,
0,,Spot,1,Image 1,S2P,1,1347,
1.31557,,Spot,1,Image 1,S2P,1,1348,
1.2183,,Spot,1,Image 1,S2P,1,1349,
1.16648,,Spot,1,Image 1,S2P,1,1350,
1.48359,,Spot,1,Image 1,S2P,1,1351,
1.61658,,Spot,1,Image 1,S2P,1,1352,
1.92465,,Spot,1,Image 1,S2P,1,1353,
1.35585,,Spot,1,Image 1,S2P,1,1354,
2.18555,,Spot,1,Image 1,S2P,1,1355,
1.79563,,Spot,1,Image 1,S2P,1,1356,
1.63583,,Spot,1,Image 1,S2P,1,1357,
1.61682,,Spot,1,Image 1,S2P,1,1358,
1.35238,,Spot,1,Image 1,S2P,1,1359,
1.529,,Spot,1,Image 1,S2P,1,1360,
1.82488,,Spot,1,Image 1,S2P,1,1361,
1.68799,,Spot,1,Image 1,S2P,1,1362,
1.35493,,Spot,1,Image 1,S2P,1,1363,
2.54988,,Spot,1,Image 1,S2P,1,1364,
1.8213,,Spot,1,Image 1,S2P,1,1365,
1.28078,,Spot,1,Image 1,S2P,1,1366,
1.57394,,Spot,1,Image 1,S2P,1,1367,
1.09451,,Spot,1,Image 1,S2P,1,1368,
1.77678,,Spot,1,Image 1,S2P,1,1369,
1.26495,,Spot,1,Image 1,S2P,1,1370,
1.19556,,Spot,1,Image 1,S2P,1,1371,
1.58887,,Spot,1,Image 1,S2P,1,1372,
1.7092,,Spot,1,Image 1,S2P,1,1373,
1.40764,,Spot,1,Image 1,S2P,1,1374,
1.48866,,Spot,1,Image 1,S2P,1,1375,
1.73694,,Spot,1,Image 1,S2P,1,1376,
1.04102,,Spot,1,Image 1,S2P,1,1377,
1.36042,,Spot,1,Image 1,S2P,1,1378,
1.49045,,Spot,1,Image 1,S2P,1,1379,
1.60949,,Spot,1,Image 1,S2P,1,1380,
1.10496,,Spot,1,Image 1,S2P,1,1381,
1.47976,,Spot,1,Image 1,S2P,1,1382,
1.19195,,Spot,1,Image 1,S2P,1,1383,
1.23586,,Spot,1,Image 1,S2P,1,1384,
1.82018,,Spot,1,Image 1,S2P,1,1385,
1.48282,,Spot,1,Image 1,S2P,1,1386,
0,,Spot,1,Image 1,S2P,1,1387,
1.21127,,Spot,1,Image 1,S2P,1,1388,
1.57077,,Spot,1,Image 1,S2P,1,1389,
1.59924,,Spot,1,Image 1,S2P,1,1390,
1.75152,,Spot,1,Image 1,S2P,1,1391,
1.21392,,Spot,1,Image 1,S2P,1,1392,
0.978276,,Spot,1,Image 1,S2P,1,1393,
1.9522,,Spot,1,Image 1,S2P,1,1394,
1.62297,,Spot,1,Image 1,S2P,1,1395,
1.46263,,Spot,1,Image 1,S2P,1,1396,
1.30991,,Spot,1,Image 1,S2P,1,1397,
1.16369,,Spot,1,Image 1,S2P,1,1398,
1.88583,,Spot,1,Image 1,S2P,1,1399,
2.01429,,Spot,1,Image 1,S2P,1,1400,
1.58874,,Spot,1,Image 1,S2P,1,1401,
1.58059,,Spot,1,Image 1,S2P,1,1402,
1.89463,,Spot,1,Image 1,S2P,1,1403,
1.18955,,Spot,1,Image 1,S2P,1,1404,
0.816079,,Spot,1,Image 1,S2P,1,1405,
1.63459,,Spot,1,Image 1,S2P,1,1407,
1.16708,,Spot,1,Image 1,S2P,1,1408,
1.18934,,Spot,1,Image 1,S2P,1,1409,
1.3149,,Spot,1,Image 1,S2P,1,1410,
1.4646,,Spot,1,Image 1,S2P,1,1411,
1.47117,,Spot,1,Image 1,S2P,1,1412,
1.602,,Spot,1,Image 1,S2P,1,1413,
1.75243,,Spot,1,Image 1,S2P,1,1414,
1.4599,,Spot,1,Image 1,S2P,1,1415,
1.33457,,Spot,1,Image 1,S2P,1,1416,
1.58203,,Spot,1,Image 1,S2P,1,1417,
1.40704,,Spot,1,Image 1,S2P,1,1418,
1.40163,,Spot,1,Image 1,S2P,1,1419,
2.27918,,Spot,1,Image 1,S2P,1,1420,
1.13901,,Spot,1,Image 1,S2P,1,1421,
1.25284,,Spot,1,Image 1,S2P,1,1422,
2.1246,,Spot,1,Image 1,S2P,1,1423,
2.38604,,Spot,1,Image 1,S2P,1,1424,
2.0833,,Spot,1,Image 1,S2P,1,1425,
1.61434,,Spot,1,Image 1,S2P,1,1426,
1.24671,,Spot,1,Image 1,S2P,1,1427,
1.16592,,Spot,1,Image 1,S2P,1,1428,
1.74542,,Spot,1,Image 1,S2P,1,1429,
1.4638,,Spot,1,Image 1,S2P,1,1430,
1.54157,,Spot,1,Image 1,S2P,1,1431,
1.59961,,Spot,1,Image 1,S2P,1,1432,
1.43615,,Spot,1,Image 1,S2P,1,1433,
2.23136,,Spot,1,Image 1,S2P,1,1434,
2.27518,,Spot,1,Image 1,S2P,1,1435,
1.00223,,Spot,1,Image 1,S2P,1,1436,
1.66033,,Spot,1,Image 1,S2P,1,1437,
1.33625,,Spot,1,Image 1,S2P,1,1438,
1.37967,,Spot,1,Image 1,S2P,1,1439,
1.38542,,Spot,1,Image 1,S2P,1,1440,
1.69127,,Spot,1,Image 1,S2P,1,1442,
1.44752,,Spot,1,Image 1,S2P,1,1443,
1.83808,,Spot,1,Image 1,S2P,1,1444,
1.84029,,Spot,1,Image 1,S2P,1,1445,
1.42656,,Spot,1,Image 1,S2P,1,1446,
1.78252,,Spot,1,Image 1,S2P,1,1447,
1.3895,,Spot,1,Image 1,S2P,1,1448,
1.3904,,Spot,1,Image 1,S2P,1,1449,
1.43022,,Spot,1,Image 1,S2P,1,1450,
1.51934,,Spot,1,Image 1,S2P,1,1451,
1.92276,,Spot,1,Image 1,S2P,1,1452,
1.41647,,Spot,1,Image 1,S2P,1,1453,
1.73859,,Spot,1,Image 1,S2P,1,1454,
1.53555,,Spot,1,Image 1,S2P,1,1455,
1.31664,,Spot,1,Image 1,S2P,1,1456,
2.17585,,Spot,1,Image 1,S2P,1,1457,
0.887334,,Spot,1,Image 1,S2P,1,1458,
1.78927,,Spot,1,Image 1,S2P,1,1459,
2.03637,,Spot,1,Image 1,S2P,1,1460,
0.950259,,Spot,1,Image 1,S2P,1,1461,
1.75767,,Spot,1,Image 1,S2P,1,1462,
1.53135,,Spot,1,Image 1,S2P,1,1463,
1.35514,,Spot,1,Image 1,S2P,1,1464,
0,,Spot,1,Image 1,S2P,1,1465,
0.699776,,Spot,1,Image 1,S2P,1,1466,
2.02266,,Spot,1,Image 1,S2P,1,1467,
1.30007,,Spot,1,Image 1,S2P,1,1468,
1.64613,,Spot,1,Image 1,S2P,1,1470,
1.79605,,Spot,1,Image 1,S2P,1,1471,
1.69188,,Spot,1,Image 1,S2P,1,1472,
2.31618,,Spot,1,Image 1,S2P,1,1473,
2.68555,,Spot,1,Image 1,S2P,1,1474,
1.77291,,Spot,1,Image 1,S2P,1,1475,
0.0822703,,Spot,1,Image 1,S2P,1,1476,
1.90315,,Spot,1,Image 1,S2P,1,1477,
1.42541,,Spot,1,Image 1,S2P,1,1478,
1.73931,,Spot,1,Image 1,S2P,1,1479,
1.3186,,Spot,1,Image 1,S2P,1,1480,
1.75339,,Spot,1,Image 1,S2P,1,1481,
1.59268,,Spot,1,Image 1,S2P,1,1482,
1.68382,,Spot,1,Image 1,S2P,1,1483,
1.32588,,Spot,1,Image 1,S2P,1,1484,
1.56038,,Spot,1,Image 1,S2P,1,1485,
0.980286,,Spot,1,Image 1,S2P,1,1486,
1.4527,,Spot,1,Image 1,S2P,1,1487,
1.54649,,Spot,1,Image 1,S2P,1,1488,
0.928788,,Spot,1,Image 1,S2P,1,1489,
1.81525,,Spot,1,Image 1,S2P,1,1490,
3.05838,,Spot,1,Image 1,S2P,1,1491,
2.2522,,Spot,1,Image 1,S2P,1,1492,
2.04548,,Spot,1,Image 1,S2P,1,1493,
1.62858,,Spot,1,Image 1,S2P,1,1494,
1.3337,,Spot,1,Image 1,S2P,1,1495,
1.6542,,Spot,1,Image 1,S2P,1,1496,
1.5069,,Spot,1,Image 1,S2P,1,1497,
1.52142,,Spot,1,Image 1,S2P,1,1498,
1.57945,,Spot,1,Image 1,S2P,1,1499,
1.76384,,Spot,1,Image 1,S2P,1,1500,
1.50047,,Spot,1,Image 1,S2P,1,1501,
0.781504,,Spot,1,Image 1,S2P,1,1502,
1.57477,,Spot,1,Image 1,S2P,1,1503,
1.18353,,Spot,1,Image 1,S2P,1,1504,
1.49232,,Spot,1,Image 1,S2P,1,1505,
2.02291,,Spot,1,Image 1,S2P,1,1506,
2.11765,,Spot,1,Image 1,S2P,1,1507,
1.28064,,Spot,1,Image 1,S2P,1,1508,
1.48673,,Spot,1,Image 1,S2P,1,1509,
1.19445,,Spot,1,Image 1,S2P,1,1510,
1.22628,,Spot,1,Image 1,S2P,1,1511,
0,,Spot,1,Image 1,S2P,1,1512,
1.44471,,Spot,1,Image 1,S2P,1,1513,
1.69942,,Spot,1,Image 1,S2P,1,1514,
1.01708,,Spot,1,Image 1,S2P,1,1515,
1.36638,,Spot,1,Image 1,S2P,1,1516,
0.828492,,Spot,1,Image 1,S2P,1,1517,
1.37805,,Spot,1,Image 1,S2P,1,1518,
1.50206,,Spot,1,Image 1,S2P,1,1519,
1.53506,,Spot,1,Image 1,S2P,1,1520,
0,,Spot,1,Image 1,S2P,1,1521,
1.45053,,Spot,1,Image 1,S2P,1,1522,
1.83359,,Spot,1,Image 1,S2P,1,1523,
1.73118,,Spot,1,Image 1,S2P,1,1525,
1.63043,,Spot,1,Image 1,S2P,1,1526,
2.12993,,Spot,1,Image 1,S2P,1,1527,
1.37188,,Spot,1,Image 1,S2P,1,1528,
1.25508,,Spot,1,Image 1,S2P,1,1529,
1.18017,,Spot,1,Image 1,S2P,1,1530,
1.48838,,Spot,1,Image 1,S2P,1,1531,
1.71719,,Spot,1,Image 1,S2P,1,1532,
1.3715,,Spot,1,Image 1,S2P,1,1533,
1.72119,,Spot,1,Image 1,S2P,1,1535,
1.98868,,Spot,1,Image 1,S2P,1,1536,
0,,Spot,1,Image 1,S2P,1,1537,
1.59196,,Spot,1,Image 1,S2P,1,1538,
1.556,,Spot,1,Image 1,S2P,1,1539,
1.11646,,Spot,1,Image 1,S2P,1,1540,
1.51916,,Spot,1,Image 1,S2P,1,1541,
2.06347,,Spot,1,Image 1,S2P,1,1542,
1.95512,,Spot,1,Image 1,S2P,1,1543,
1.44484,,Spot,1,Image 1,S2P,1,1544,
1.68189,,Spot,1,Image 1,S2P,1,1545,
1.11916,,Spot,1,Image 1,S2P,1,1546,
1.40826,,Spot,1,Image 1,S2P,1,1547,
1.53546,,Spot,1,Image 1,S2P,1,1548,
1.25884,,Spot,1,Image 1,S2P,1,1549,
1.32426,,Spot,1,Image 1,S2P,1,1550,
1.13021,,Spot,1,Image 1,S2P,1,1551,
0.993352,,Spot,1,Image 1,S2P,1,1552,
1.19736,,Spot,1,Image 1,S2P,1,1553,
1.54796,,Spot,1,Image 1,S2P,1,1554,
1.70301,,Spot,1,Image 1,S2P,1,1555,
1.48868,,Spot,1,Image 1,S2P,1,1556,
1.26221,,Spot,1,Image 1,S2P,1,1557,
1.56202,,Spot,1,Image 1,S2P,1,1558,
1.22545,,Spot,1,Image 1,S2P,1,1559,
1.10729,,Spot,1,Image 1,S2P,1,1560,
0,,Spot,1,Image 1,S2P,1,1561,
1.12189,,Spot,1,Image 1,S2P,1,1562,
1.26329,,Spot,1,Image 1,S2P,1,1563,
1.62743,,Spot,1,Image 1,S2P,1,1564,
1.51462,,Spot,1,Image 1,S2P,1,1565,
1.48282,,Spot,1,Image 1,S2P,1,1566,
0,,Spot,1,Image 1,S2P,1,1567,
1.45719,,Spot,1,Image 1,S2P,1,1568,
1.56389,,Spot,1,Image 1,S2P,1,1569,
1.66581,,Spot,1,Image 1,S2P,1,1570,
1.72012,,Spot,1,Image 1,S2P,1,1571,
1.36895,,Spot,1,Image 1,S2P,1,1572,
1.54308,,Spot,1,Image 1,S2P,1,1573,
1.59592,,Spot,1,Image 1,S2P,1,1574,
1.40193,,Spot,1,Image 1,S2P,1,1575,
1.68017,,Spot,1,Image 1,S2P,1,1576,
1.45511,,Spot,1,Image 1,S2P,1,1577,
2.02419,,Spot,1,Image 1,S2P,1,1578,
1.3923,,Spot,1,Image 1,S2P,1,1579,
1.23211,,Spot,1,Image 1,S2P,1,1580,
1.80893,,Spot,1,Image 1,S2P,1,1581,
1.38263,,Spot,1,Image 1,S2P,1,1582,
1.75549,,Spot,1,Image 1,S2P,1,1583,
1.61599,,Spot,1,Image 1,S2P,1,1584,
1.50243,,Spot,1,Image 1,S2P,1,1585,
1.32913,,Spot,1,Image 1,S2P,1,1587,
1.68073,,Spot,1,Image 1,S2P,1,1588,
1.64626,,Spot,1,Image 1,S2P,1,1589,
1.61506,,Spot,1,Image 1,S2P,1,1590,
0,,Spot,1,Image 1,S2P,1,1591,
1.57507,,Spot,1,Image 1,S2P,1,1592,
1.80289,,Spot,1,Image 1,S2P,1,1593,
1.37316,,Spot,1,Image 1,S2P,1,1594,
1.54097,,Spot,1,Image 1,S2P,1,1595,
1.23363,,Spot,1,Image 1,S2P,1,1596,
1.56842,,Spot,1,Image 1,S2P,1,1597,
1.38276,,Spot,1,Image 1,S2P,1,1598,
1.72889,,Spot,1,Image 1,S2P,1,1599,
0,,Spot,1,Image 1,S2P,1,1600,
0,,Spot,1,Image 1,S2P,1,1601,
1.52103,,Spot,1,Image 1,S2P,1,1602,
1.72038,,Spot,1,Image 1,S2P,1,1603,
1.53733,,Spot,1,Image 1,S2P,1,1604,
0.814843,,Spot,1,Image 1,S2P,1,1605,
1.4373,,Spot,1,Image 1,S2P,1,1606,
1.35337,,Spot,1,Image 1,S2P,1,1607,
1.45607,,Spot,1,Image 1,S2P,1,1608,
1.55543,,Spot,1,Image 1,S2P,1,1609,
1.25051,,Spot,1,Image 1,S2P,1,1610,
1.28945,,Spot,1,Image 1,S2P,1,1611,
1.37128,,Spot,1,Image 1,S2P,1,1612,
1.53224,,Spot,1,Image 1,S2P,1,1613,
1.5611,,Spot,1,Image 1,S2P,1,1614,
1.50616,,Spot,1,Image 1,S2P,1,1615,
1.224,,Spot,1,Image 1,S2P,1,1616,
1.37856,,Spot,1,Image 1,S2P,1,1617,
1.72749,,Spot,1,Image 1,S2P,1,1618,
1.11964,,Spot,1,Image 1,S2P,1,1619,
1.45747,,Spot,1,Image 1,S2P,1,1620,
1.28959,,Spot,1,Image 1,S2P,1,1621,
1.87246,,Spot,1,Image 1,S2P,1,1622,
1.30144,,Spot,1,Image 1,S2P,1,1623,
1.90111,,Spot,1,Image 1,S2P,1,1624,
1.52324,,Spot,1,Image 1,S2P,1,1625,
1.51726,,Spot,1,Image 1,S2P,1,1626,
0,,Spot,1,Image 1,S2P,1,1627,
1.8128,,Spot,1,Image 1,S2P,1,1628,
1.38229,,Spot,1,Image 1,S2P,1,1629,
1.04756,,Spot,1,Image 1,S2P,1,1630,
1.27085,,Spot,1,Image 1,S2P,1,1631,
2.24793,,Spot,1,Image 1,S2P,1,1632,
0.274547,,Spot,1,Image 1,S2P,1,1633,
1.76498,,Spot,1,Image 1,S2P,1,1634,
1.43736,,Spot,1,Image 1,S2P,1,1635,
1.65882,,Spot,1,Image 1,S2P,1,1636,
1.32877,,Spot,1,Image 1,S2P,1,1637,
1.41936,,Spot,1,Image 1,S2P,1,1638,
1.63585,,Spot,1,Image 1,S2P,1,1639,
1.31472,,Spot,1,Image 1,S2P,1,1640,
1.34458,,Spot,1,Image 1,S2P,1,1641,
1.44432,,Spot,1,Image 1,S2P,1,1642,
2.01476,,Spot,1,Image 1,S2P,1,1643,
1.55193,,Spot,1,Image 1,S2P,1,1644,
1.34676,,Spot,1,Image 1,S2P,1,1645,
1.45371,,Spot,1,Image 1,S2P,1,1646,
1.77372,,Spot,1,Image 1,S2P,1,1647,
1.3325,,Spot,1,Image 1,S2P,1,1648,
1.3911,,Spot,1,Image 1,S2P,1,1649,
1.26903,,Spot,1,Image 1,S2P,1,1650,
1.44746,,Spot,1,Image 1,S2P,1,1651,
1.38766,,Spot,1,Image 1,S2P,1,1652,
1.40664,,Spot,1,Image 1,S2P,1,1653,
1.51832,,Spot,1,Image 1,S2P,1,1654,
1.41849,,Spot,1,Image 1,S2P,1,1655,
0.285026,,Spot,1,Image 1,S2P,1,1656,
0.955943,,Spot,1,Image 1,S2P,1,1657,
1.47233,,Spot,1,Image 1,S2P,1,1658,
1.70149,,Spot,1,Image 1,S2P,1,1659,
1.54643,,Spot,1,Image 1,S2P,1,1660,
1.41314,,Spot,1,Image 1,S2P,1,1661,
1.44051,,Spot,1,Image 1,S2P,1,1662,
1.37184,,Spot,1,Image 1,S2P,1,1663,
1.3259,,Spot,1,Image 1,S2P,1,1664,
1.27211,,Spot,1,Image 1,S2P,1,1665,
1.55543,,Spot,1,Image 1,S2P,1,1666,
0.933046,,Spot,1,Image 1,S2P,1,1667,
1.90199,,Spot,1,Image 1,S2P,1,1668,
1.41051,,Spot,1,Image 1,S2P,1,1669,
1.45336,,Spot,1,Image 1,S2P,1,1670,
1.4891,,Spot,1,Image 1,S2P,1,1671,
1.55234,,Spot,1,Image 1,S2P,1,1672,
1.26839,,Spot,1,Image 1,S2P,1,1673,
1.73175,,Spot,1,Image 1,S2P,1,1674,
1.42788,,Spot,1,Image 1,S2P,1,1675,
1.57337,,Spot,1,Image 1,S2P,1,1676,
1.50402,,Spot,1,Image 1,S2P,1,1677,
0.808589,,Spot,1,Image 1,S2P,1,1678,
1.48038,,Spot,1,Image 1,S2P,1,1679,
1.53686,,Spot,1,Image 1,S2P,1,1680,
1.63279,,Spot,1,Image 1,S2P,1,1681,
1.6673,,Spot,1,Image 1,S2P,1,1682,
1.48401,,Spot,1,Image 1,S2P,1,1683,
1.67324,,Spot,1,Image 1,S2P,1,1684,
1.60096,,Spot,1,Image 1,S2P,1,1685,
1.369,,Spot,1,Image 1,S2P,1,1686,
1.27828,,Spot,1,Image 1,S2P,1,1687,
1.28855,,Spot,1,Image 1,S2P,1,1688,
1.43921,,Spot,1,Image 1,S2P,1,1689,
1.43707,,Spot,1,Image 1,S2P,1,1690,
1.37251,,Spot,1,Image 1,S2P,1,1691,
1.26769,,Spot,1,Image 1,S2P,1,1692,
1.32043,,Spot,1,Image 1,S2P,1,1693,
1.17427,,Spot,1,Image 1,S2P,1,1694,
1.62859,,Spot,1,Image 1,S2P,1,1695,
1.72877,,Spot,1,Image 1,S2P,1,1696,
1.57535,,Spot,1,Image 1,S2P,1,1697,
1.31621,,Spot,1,Image 1,S2P,1,1698,
1.52512,,Spot,1,Image 1,S2P,1,1699,
1.65024,,Spot,1,Image 1,S2P,1,1700,
1.48575,,Spot,1,Image 1,S2P,1,1701,
1.37951,,Spot,1,Image 1,S2P,1,1702,
1.64346,,Spot,1,Image 1,S2P,1,1703,
1.15297,,Spot,1,Image 1,S2P,1,1704,
1.43148,,Spot,1,Image 1,S2P,1,1705,
1.32705,,Spot,1,Image 1,S2P,1,1706,
1.47993,,Spot,1,Image 1,S2P,1,1707,
1.51771,,Spot,1,Image 1,S2P,1,1708,
1.59861,,Spot,1,Image 1,S2P,1,1709,
1.14126,,Spot,1,Image 1,S2P,1,1710,
1.69955,,Spot,1,Image 1,S2P,1,1711,
1.74136,,Spot,1,Image 1,S2P,1,1712,
1.39076,,Spot,1,Image 1,S2P,1,1713,
1.67224,,Spot,1,Image 1,S2P,1,1714,
1.52228,,Spot,1,Image 1,S2P,1,1715,
1.32289,,Spot,1,Image 1,S2P,1,1716,
1.43693,,Spot,1,Image 1,S2P,1,1717,
0.880527,,Spot,1,Image 1,S2P,1,1718,
1.44101,,Spot,1,Image 1,S2P,1,1719,
1.2456,,Spot,1,Image 1,S2P,1,1720,
1.91721,,Spot,1,Image 1,S2P,1,1721,
1.36347,,Spot,1,Image 1,S2P,1,1722,
1.56575,,Spot,1,Image 1,S2P,1,1723,
1.53521,,Spot,1,Image 1,S2P,1,1724,
1.3158,,Spot,1,Image 1,S2P,1,1725,
1.40365,,Spot,1,Image 1,S2P,1,1726,
1.43882,,Spot,1,Image 1,S2P,1,1727,
1.65586,,Spot,1,Image 1,S2P,1,1728,
1.39698,,Spot,1,Image 1,S2P,1,1729,
1.43842,,Spot,1,Image 1,S2P,1,1730,
1.44347,,Spot,1,Image 1,S2P,1,1731,
1.4383,,Spot,1,Image 1,S2P,1,1732,
0,,Spot,1,Image 1,S2P,1,1733,
1.48312,,Spot,1,Image 1,S2P,1,1734,
1.21818,,Spot,1,Image 1,S2P,1,1735,
1.48567,,Spot,1,Image 1,S2P,1,1736,
1.47283,,Spot,1,Image 1,S2P,1,1737,
1.36235,,Spot,1,Image 1,S2P,1,1738,
0,,Spot,1,Image 1,S2P,1,1739,
1.86602,,Spot,1,Image 1,S2P,1,1740,
1.39872,,Spot,1,Image 1,S2P,1,1741,
1.62357,,Spot,1,Image 1,S2P,1,1742,
1.31566,,Spot,1,Image 1,S2P,1,1743,
1.52115,,Spot,1,Image 1,S2P,1,1744,
1.55042,,Spot,1,Image 1,S2P,1,1745,
1.28463,,Spot,1,Image 1,S2P,1,1746,
1.03927,,Spot,1,Image 1,S2P,1,1747,
1.31569,,Spot,1,Image 1,S2P,1,1748,
1.34388,,Spot,1,Image 1,S2P,1,1749,
1.4217,,Spot,1,Image 1,S2P,1,1750,
1.41886,,Spot,1,Image 1,S2P,1,1751,
1.44181,,Spot,1,Image 1,S2P,1,1752,
1.54697,,Spot,1,Image 1,S2P,1,1753,
1.38766,,Spot,1,Image 1,S2P,1,1754,
1.75915,,Spot,1,Image 1,S2P,1,1755,
1.48793,,Spot,1,Image 1,S2P,1,1756,
1.67812,,Spot,1,Image 1,S2P,1,1757,
1.48817,,Spot,1,Image 1,S2P,1,1758,
1.44347,,Spot,1,Image 1,S2P,1,1759,
1.82596,,Spot,1,Image 1,S2P,1,1760,
1.75344,,Spot,1,Image 1,S2P,1,1761,
1.40368,,Spot,1,Image 1,S2P,1,1762,
1.33203,,Spot,1,Image 1,S2P,1,1763,
1.29419,,Spot,1,Image 1,S2P,1,1764,
1.49332,,Spot,1,Image 1,S2P,1,1765,
1.17914,,Spot,1,Image 1,S2P,1,1766,
1.50523,,Spot,1,Image 1,S2P,1,1767,
1.28418,,Spot,1,Image 1,S2P,1,1768,
1.39188,,Spot,1,Image 1,S2P,1,1769,
1.25049,,Spot,1,Image 1,S2P,1,1770,
0.864679,,Spot,1,Image 1,S2P,1,1771,
1.40372,,Spot,1,Image 1,S2P,1,1772,
1.30719,,Spot,1,Image 1,S2P,1,1773,
1.34637,,Spot,1,Image 1,S2P,1,1774,
1.25709,,Spot,1,Image 1,S2P,1,1775,
1.54035,,Spot,1,Image 1,S2P,1,1776,
1.33473,,Spot,1,Image 1,S2P,1,1777,
1.16229,,Spot,1,Image 1,S2P,1,1778,
1.35098,,Spot,1,Image 1,S2P,1,1779,
1.61134,,Spot,1,Image 1,S2P,1,1780,
1.3538,,Spot,1,Image 1,S2P,1,1781,
0.394333,,Spot,1,Image 1,S2P,1,1782,
2.00751,,Spot,1,Image 1,S2P,1,1783,
1.07722,,Spot,1,Image 1,S2P,1,1784,
1.40703,,Spot,1,Image 1,S2P,1,1785,
1.45421,,Spot,1,Image 1,S2P,1,1786,
1.57206,,Spot,1,Image 1,S2P,1,1787,
1.70607,,Spot,1,Image 1,S2P,1,1788,
1.21486,,Spot,1,Image 1,S2P,1,1789,
1.58483,,Spot,1,Image 1,S2P,1,1790,
1.42807,,Spot,1,Image 1,S2P,1,1791,
1.18332,,Spot,1,Image 1,S2P,1,1792,
1.48034,,Spot,1,Image 1,S2P,1,1793,
0,,Spot,1,Image 1,S2P,1,1794,
2.30032,,Spot,1,Image 1,S2P,1,1795,
1.57042,,Spot,1,Image 1,S2P,1,1796,
1.42784,,Spot,1,Image 1,S2P,1,1797,
1.45699,,Spot,1,Image 1,S2P,1,1798,
1.33023,,Spot,1,Image 1,S2P,1,1800,
1.85773,,Spot,1,Image 1,S2P,1,1801,
1.86045,,Spot,1,Image 1,S2P,1,1802,
1.56711,,Spot,1,Image 1,S2P,1,1803,
1.66289,,Spot,1,Image 1,S2P,1,1804,
1.34401,,Spot,1,Image 1,S2P,1,1805,
1.54721,,Spot,1,Image 1,S2P,1,1806,
1.50762,,Spot,1,Image 1,S2P,1,1807,
1.8542,,Spot,1,Image 1,S2P,1,1808,
0,,Spot,1,Image 1,S2P,1,1809,
1.48513,,Spot,1,Image 1,S2P,1,1810,
1.636,,Spot,1,Image 1,S2P,1,1811,
1.38952,,Spot,1,Image 1,S2P,1,1812,
1.50106,,Spot,1,Image 1,S2P,1,1813,
1.28304,,Spot,1,Image 1,S2P,1,1814,
1.39412,,Spot,1,Image 1,S2P,1,1815,
1.58042,,Spot,1,Image 1,S2P,1,1816,
1.23402,,Spot,1,Image 1,S2P,1,1817,
1.79241,,Spot,1,Image 1,S2P,1,1818,
1.61668,,Spot,1,Image 1,S2P,1,1819,
1.53699,,Spot,1,Image 1,S2P,1,1820,
1.36385,,Spot,1,Image 1,S2P,1,1821,
1.63419,,Spot,1,Image 1,S2P,1,1822,
1.52941,,Spot,1,Image 1,S2P,1,1823,
1.49202,,Spot,1,Image 1,S2P,1,1824,
1.98497,,Spot,1,Image 1,S2P,1,1825,
1.61552,,Spot,1,Image 1,S2P,1,1826,
1.6096,,Spot,1,Image 1,S2P,1,1827,
1.41118,,Spot,1,Image 1,S2P,1,1828,
1.14015,,Spot,1,Image 1,S2P,1,1829,
1.48639,,Spot,1,Image 1,S2P,1,1830,
1.53972,,Spot,1,Image 1,S2P,1,1831,
1.63567,,Spot,1,Image 1,S2P,1,1832,
1.42346,,Spot,1,Image 1,S2P,1,1833,
1.52207,,Spot,1,Image 1,S2P,1,1834,
1.45016,,Spot,1,Image 1,S2P,1,1835,
1.44424,,Spot,1,Image 1,S2P,1,1836,
1.47067,,Spot,1,Image 1,S2P,1,1837,
1.27465,,Spot,1,Image 1,S2P,1,1838,
1.47039,,Spot,1,Image 1,S2P,1,1839,
1.27129,,Spot,1,Image 1,S2P,1,1840,
1.6412,,Spot,1,Image 1,S2P,1,1841,
1.95677,,Spot,1,Image 1,S2P,1,1842,
1.60064,,Spot,1,Image 1,S2P,1,1843,
1.89593,,Spot,1,Image 1,S2P,1,1844,
1.57012,,Spot,1,Image 1,S2P,1,1845,
1.66346,,Spot,1,Image 1,S2P,1,1846,
1.47388,,Spot,1,Image 1,S2P,1,1847,
1.47307,,Spot,1,Image 1,S2P,1,1848,
1.59219,,Spot,1,Image 1,S2P,1,1849,
1.471,,Spot,1,Image 1,S2P,1,1850,
1.59746,,Spot,1,Image 1,S2P,1,1851,
1.75351,,Spot,1,Image 1,S2P,1,1852,
1.65097,,Spot,1,Image 1,S2P,1,1853,
1.64995,,Spot,1,Image 1,S2P,1,1854,
1.77714,,Spot,1,Image 1,S2P,1,1855,
1.54847,,Spot,1,Image 1,S2P,1,1856,
1.66698,,Spot,1,Image 1,S2P,1,1857,
1.47241,,Spot,1,Image 1,S2P,1,1858,
1.51643,,Spot,1,Image 1,S2P,1,1859,
1.09218,,Spot,1,Image 1,S2P,1,1860,
1.59536,,Spot,1,Image 1,S2P,1,1861,
1.24788,,Spot,1,Image 1,S2P,1,1862,
0,,Spot,1,Image 1,S2P,1,1863,
0,,Spot,1,Image 1,S2P,1,1864,
1.44153,,Spot,1,Image 1,S2P,1,1865,
1.65771,,Spot,1,Image 1,S2P,1,1866,
1.03755,,Spot,1,Image 1,S2P,1,1867,
1.40847,,Spot,1,Image 1,S2P,1,1868,
1.51421,,Spot,1,Image 1,S2P,1,1869,
1.63411,,Spot,1,Image 1,S2P,1,1870,
1.50319,,Spot,1,Image 1,S2P,1,1871,
1.25744,,Spot,1,Image 1,S2P,1,1872,
1.15804,,Spot,1,Image 1,S2P,1,1873,
1.61076,,Spot,1,Image 1,S2P,1,1874,
1.43611,,Spot,1,Image 1,S2P,1,1875,
1.53673,,Spot,1,Image 1,S2P,1,1876,
1.68481,,Spot,1,Image 1,S2P,1,1877,
1.58823,,Spot,1,Image 1,S2P,1,1878,
1.89062,,Spot,1,Image 1,S2P,1,1879,
1.4819,,Spot,1,Image 1,S2P,1,1880,
1.07588,,Spot,1,Image 1,S2P,1,1881,
1.44821,,Spot,1,Image 1,S2P,1,1882,
1.50009,,Spot,1,Image 1,S2P,1,1883,
1.57835,,Spot,1,Image 1,S2P,1,1884,
1.50471,,Spot,1,Image 1,S2P,1,1885,
1.35205,,Spot,1,Image 1,S2P,1,1886,
1.48142,,Spot,1,Image 1,S2P,1,1887,
1.34078,,Spot,1,Image 1,S2P,1,1888,
0.897263,,Spot,1,Image 1,S2P,1,1889,
1.36225,,Spot,1,Image 1,S2P,1,1890,
1.9673,,Spot,1,Image 1,S2P,1,1891,
1.29814,,Spot,1,Image 1,S2P,1,1892,
1.73306,,Spot,1,Image 1,S2P,1,1893,
1.51289,,Spot,1,Image 1,S2P,1,1894,
1.21921,,Spot,1,Image 1,S2P,1,1895,
1.71617,,Spot,1,Image 1,S2P,1,1896,
1.22852,,Spot,1,Image 1,S2P,1,1897,
1.69414,,Spot,1,Image 1,S2P,1,1898,
0,,Spot,1,Image 1,S2P,1,1899,
1.34632,,Spot,1,Image 1,S2P,1,1900,
2.28891,,Spot,1,Image 1,S2P,1,1901,
1.68657,,Spot,1,Image 1,S2P,1,1902,
1.69557,,Spot,1,Image 1,S2P,1,1903,
1.6518,,Spot,1,Image 1,S2P,1,1904,
1.71863,,Spot,1,Image 1,S2P,1,1905,
1.93902,,Spot,1,Image 1,S2P,1,1906,
1.27573,,Spot,1,Image 1,S2P,1,1907,
1.66674,,Spot,1,Image 1,S2P,1,1908,
1.68532,,Spot,1,Image 1,S2P,1,1909,
1.48285,,Spot,1,Image 1,S2P,1,1910,
1.94503,,Spot,1,Image 1,S2P,1,1911,
1.50651,,Spot,1,Image 1,S2P,1,1912,
1.89046,,Spot,1,Image 1,S2P,1,1913,
1.25924,,Spot,1,Image 1,S2P,1,1914,
1.5499,,Spot,1,Image 1,S2P,1,1915,
2.022,,Spot,1,Image 1,S2P,1,1916,
1.82917,,Spot,1,Image 1,S2P,1,1917,
1.27725,,Spot,1,Image 1,S2P,1,1918,
1.88364,,Spot,1,Image 1,S2P,1,1919,
1.86964,,Spot,1,Image 1,S2P,1,1920,
1.43621,,Spot,1,Image 1,S2P,1,1921,
1.96757,,Spot,1,Image 1,S2P,1,1922,
1.67454,,Spot,1,Image 1,S2P,1,1924,
1.93069,,Spot,1,Image 1,S2P,1,1925,
1.69511,,Spot,1,Image 1,S2P,1,1926,
2.07513,,Spot,1,Image 1,S2P,1,1927,
2.00105,,Spot,1,Image 1,S2P,1,1928,
1.31063,,Spot,1,Image 1,S2P,1,1929,
0,,Spot,1,Image 1,S2P,1,1930,
1.77538,,Spot,1,Image 1,S2P,1,1931,
1.68653,,Spot,1,Image 1,S2P,1,1932,
2.07674,,Spot,1,Image 1,S2P,1,1933,
1.94771,,Spot,1,Image 1,S2P,1,1934,
1.96832,,Spot,1,Image 1,S2P,1,1935,
1.75088,,Spot,1,Image 1,S2P,1,1936,
1.39178,,Spot,1,Image 1,S2P,1,1937,
1.38905,,Spot,1,Image 1,S2P,1,1938,
1.35971,,Spot,1,Image 1,S2P,1,1939,
1.72689,,Spot,1,Image 1,S2P,1,1940,
1.73476,,Spot,1,Image 1,S2P,1,1941,
1.66857,,Spot,1,Image 1,S2P,1,1942,
1.4714,,Spot,1,Image 1,S2P,1,1943,
1.57922,,Spot,1,Image 1,S2P,1,1944,
1.88175,,Spot,1,Image 1,S2P,1,1945,
1.42628,,Spot,1,Image 1,S2P,1,1946,
1.54887,,Spot,1,Image 1,S2P,1,1947,
2.18735,,Spot,1,Image 1,S2P,1,1948,
1.39094,,Spot,1,Image 1,S2P,1,1949,
1.22142,,Spot,1,Image 1,S2P,1,1950,
1.46053,,Spot,1,Image 1,S2P,1,1951,
1.60759,,Spot,1,Image 1,S2P,1,1952,
1.63953,,Spot,1,Image 1,S2P,1,1953,
1.67002,,Spot,1,Image 1,S2P,1,1954,
1.57078,,Spot,1,Image 1,S2P,1,1955,
1.94656,,Spot,1,Image 1,S2P,1,1956,
1.62154,,Spot,1,Image 1,S2P,1,1957,
1.48673,,Spot,1,Image 1,S2P,1,1958,
1.90479,,Spot,1,Image 1,S2P,1,1959,
1.87352,,Spot,1,Image 1,S2P,1,1960,
1.69248,,Spot,1,Image 1,S2P,1,1961,
1.92498,,Spot,1,Image 1,S2P,1,1962,
1.93972,,Spot,1,Image 1,S2P,1,1963,
1.73928,,Spot,1,Image 1,S2P,1,1964,
2.1287,,Spot,1,Image 1,S2P,1,1965,
1.31225,,Spot,1,Image 1,S2P,1,1966,
1.26106,,Spot,1,Image 1,S2P,1,1967,
1.50843,,Spot,1,Image 1,S2P,1,1968,
1.49468,,Spot,1,Image 1,S2P,1,1969,
1.46359,,Spot,1,Image 1,S2P,1,1970,
1.61739,,Spot,1,Image 1,S2P,1,1971,
1.71854,,Spot,1,Image 1,S2P,1,1972,
1.88445,,Spot,1,Image 1,S2P,1,1973,
1.39724,,Spot,1,Image 1,S2P,1,1974,
1.39038,,Spot,1,Image 1,S2P,1,1975,
1.54925,,Spot,1,Image 1,S2P,1,1976,
1.64593,,Spot,1,Image 1,S2P,1,1977,
1.83044,,Spot,1,Image 1,S2P,1,1978,
1.83196,,Spot,1,Image 1,S2P,1,1979,
1.5955,,Spot,1,Image 1,S2P,1,1980,
1.29262,,Spot,1,Image 1,S2P,1,1981,
1.70674,,Spot,1,Image 1,S2P,1,1982,
1.65049,,Spot,1,Image 1,S2P,1,1983,
1.39231,,Spot,1,Image 1,S2P,1,1984,
1.63366,,Spot,1,Image 1,S2P,1,1985,
2.15991,,Spot,1,Image 1,S2P,1,1986,
1.9046,,Spot,1,Image 1,S2P,1,1987,
1.69751,,Spot,1,Image 1,S2P,1,1988,
1.5704,,Spot,1,Image 1,S2P,1,1989,
1.8672,,Spot,1,Image 1,S2P,1,1990,
1.62295,,Spot,1,Image 1,S2P,1,1991,
1.60829,,Spot,1,Image 1,S2P,1,1992,
1.89154,,Spot,1,Image 1,S2P,1,1993,
1.46334,,Spot,1,Image 1,S2P,1,1994,
1.65168,,Spot,1,Image 1,S2P,1,1995,
1.61697,,Spot,1,Image 1,S2P,1,1996,
1.46722,,Spot,1,Image 1,S2P,1,1997,
1.14517,,Spot,1,Image 1,S2P,1,1998,
1.77444,,Spot,1,Image 1,S2P,1,1999,
1.60156,,Spot,1,Image 1,S2P,1,2000,
1.85142,,Spot,1,Image 1,S2P,1,2001,
1.38877,,Spot,1,Image 1,S2P,1,2002,
1.37663,,Spot,1,Image 1,S2P,1,2003,
1.75088,,Spot,1,Image 1,S2P,1,2004,
1.66206,,Spot,1,Image 1,S2P,1,2005,
1.5385,,Spot,1,Image 1,S2P,1,2006,
0,,Spot,1,Image 1,S2P,1,2007,
1.95314,,Spot,1,Image 1,S2P,1,2008,
2.11427,,Spot,1,Image 1,S2P,1,2009,
1.50676,,Spot,1,Image 1,S2P,1,2010,
0,,Spot,1,Image 1,S2P,1,2011,
1.62234,,Spot,1,Image 1,S2P,1,2012,
1.32731,,Spot,1,Image 1,S2P,1,2013,
1.60461,,Spot,1,Image 1,S2P,1,2014,
2.53404,,Spot,1,Image 1,S2P,1,2015,
1.71731,,Spot,1,Image 1,S2P,1,2016,
1.43008,,Spot,1,Image 1,S2P,1,2017,
1.96207,,Spot,1,Image 1,S2P,1,2018,
1.75701,,Spot,1,Image 1,S2P,1,2019,
1.53205,,Spot,1,Image 1,S2P,1,2020,
1.56335,,Spot,1,Image 1,S2P,1,2021,
1.62892,,Spot,1,Image 1,S2P,1,2022,
1.76485,,Spot,1,Image 1,S2P,1,2023,
1.84438,,Spot,1,Image 1,S2P,1,2024,
1.58005,,Spot,1,Image 1,S2P,1,2025,
0.728887,,Spot,1,Image 1,S2P,1,2026,
1.39123,,Spot,1,Image 1,S2P,1,2027,
1.65322,,Spot,1,Image 1,S2P,1,2028,
1.98519,,Spot,1,Image 1,S2P,1,2029,
1.40474,,Spot,1,Image 1,S2P,1,2030,
1.66438,,Spot,1,Image 1,S2P,1,2031,
1.39304,,Spot,1,Image 1,S2P,1,2032,
1.74213,,Spot,1,Image 1,S2P,1,2033,
1.84068,,Spot,1,Image 1,S2P,1,2034,
0,,Spot,1,Image 1,S2P,1,2035,
1.98326,,Spot,1,Image 1,S2P,1,2036,
1.68893,,Spot,1,Image 1,S2P,1,2037,
1.6361,,Spot,1,Image 1,S2P,1,2038,
1.30541,,Spot,1,Image 1,S2P,1,2039,
1.48428,,Spot,1,Image 1,S2P,1,2040,
1.34543,,Spot,1,Image 1,S2P,1,2041,
1.86148,,Spot,1,Image 1,S2P,1,2042,
1.53474,,Spot,1,Image 1,S2P,1,2043,
1.49032,,Spot,1,Image 1,S2P,1,2044,
1.20971,,Spot,1,Image 1,S2P,1,2045,
0.768373,,Spot,1,Image 1,S2P,1,2046,
1.75609,,Spot,1,Image 1,S2P,1,2047,
1.42308,,Spot,1,Image 1,S2P,1,2048,
1.70202,,Spot,1,Image 1,S2P,1,2049,
1.18921,,Spot,1,Image 1,S2P,1,2050,
1.20053,,Spot,1,Image 1,S2P,1,2051,
1.49327,,Spot,1,Image 1,S2P,1,2052,
1.63091,,Spot,1,Image 1,S2P,1,2053,
1.18985,,Spot,1,Image 1,S2P,1,2054,
1.24,,Spot,1,Image 1,S2P,1,2055,
1.30437,,Spot,1,Image 1,S2P,1,2056,
1.60413,,Spot,1,Image 1,S2P,1,2057,
1.52321,,Spot,1,Image 1,S2P,1,2058,
1.13935,,Spot,1,Image 1,S2P,1,2059,
1.30883,,Spot,1,Image 1,S2P,1,2060,
1.43844,,Spot,1,Image 1,S2P,1,2061,
1.3618,,Spot,1,Image 1,S2P,1,2062,
1.12341,,Spot,1,Image 1,S2P,1,2063,
1.55079,,Spot,1,Image 1,S2P,1,2064,
1.3877,,Spot,1,Image 1,S2P,1,2065,
1.91201,,Spot,1,Image 1,S2P,1,2066,
0,,Spot,1,Image 1,S2P,1,2067,
1.43231,,Spot,1,Image 1,S2P,1,2068,
1.48517,,Spot,1,Image 1,S2P,1,2069,
1.26539,,Spot,1,Image 1,S2P,1,2070,
1.37383,,Spot,1,Image 1,S2P,1,2071,
1.35506,,Spot,1,Image 1,S2P,1,2072,
1.59648,,Spot,1,Image 1,S2P,1,2073,
1.42886,,Spot,1,Image 1,S2P,1,2074,
1.35297,,Spot,1,Image 1,S2P,1,2075,
1.16371,,Spot,1,Image 1,S2P,1,2076,
1.40948,,Spot,1,Image 1,S2P,1,2077,
1.35374,,Spot,1,Image 1,S2P,1,2078,
1.25706,,Spot,1,Image 1,S2P,1,2079,
1.06337,,Spot,1,Image 1,S2P,1,2080,
1.60846,,Spot,1,Image 1,S2P,1,2081,
1.46927,,Spot,1,Image 1,S2P,1,2082,
1.25976,,Spot,1,Image 1,S2P,1,2083,
1.15578,,Spot,1,Image 1,S2P,1,2084,
1.41974,,Spot,1,Image 1,S2P,1,2085,
1.08869,,Spot,1,Image 1,S2P,1,2086,
1.32522,,Spot,1,Image 1,S2P,1,2087,
1.55454,,Spot,1,Image 1,S2P,1,2088,
1.303,,Spot,1,Image 1,S2P,1,2089,
1.22456,,Spot,1,Image 1,S2P,1,2090,
1.32328,,Spot,1,Image 1,S2P,1,2091,
1.65712,,Spot,1,Image 1,S2P,1,2092,
1.54479,,Spot,1,Image 1,S2P,1,2093,
0.976687,,Spot,1,Image 1,S2P,1,2094,
1.27204,,Spot,1,Image 1,S2P,1,2095,
1.49102,,Spot,1,Image 1,S2P,1,2096,
1.54604,,Spot,1,Image 1,S2P,1,2097,
1.24025,,Spot,1,Image 1,S2P,1,2098,
1.12088,,Spot,1,Image 1,S2P,1,2099,
1.67024,,Spot,1,Image 1,S2P,1,2100,
1.27591,,Spot,1,Image 1,S2P,1,2101,
1.28574,,Spot,1,Image 1,S2P,1,2102,
1.34097,,Spot,1,Image 1,S2P,1,2103,
1.67727,,Spot,1,Image 1,S2P,1,2104,
1.19851,,Spot,1,Image 1,S2P,1,2105,
1.3215,,Spot,1,Image 1,S2P,1,2106,
1.4838,,Spot,1,Image 1,S2P,1,2107,
0.941458,,Spot,1,Image 1,S2P,1,2108,
1.46332,,Spot,1,Image 1,S2P,1,2109,
1.07131,,Spot,1,Image 1,S2P,1,2110,
1.37245,,Spot,1,Image 1,S2P,1,2111,
1.28429,,Spot,1,Image 1,S2P,1,2112,
1.5443,,Spot,1,Image 1,S2P,1,2113,
1.51243,,Spot,1,Image 1,S2P,1,2114,
1.20553,,Spot,1,Image 1,S2P,1,2115,
1.42393,,Spot,1,Image 1,S2P,1,2116,
1.56337,,Spot,1,Image 1,S2P,1,2117,
1.30352,,Spot,1,Image 1,S2P,1,2118,
1.57468,,Spot,1,Image 1,S2P,1,2119,
1.33533,,Spot,1,Image 1,S2P,1,2120,
1.45298,,Spot,1,Image 1,S2P,1,2121,
1.47703,,Spot,1,Image 1,S2P,1,2122,
1.12064,,Spot,1,Image 1,S2P,1,2123,
1.34206,,Spot,1,Image 1,S2P,1,2124,
1.94722,,Spot,1,Image 1,S2P,1,2125,
1.38033,,Spot,1,Image 1,S2P,1,2126,
1.101,,Spot,1,Image 1,S2P,1,2127,
1.4108,,Spot,1,Image 1,S2P,1,2128,
1.02183,,Spot,1,Image 1,S2P,1,2129,
0,,Spot,1,Image 1,S2P,1,2130,
1.35911,,Spot,1,Image 1,S2P,1,2131,
1.50346,,Spot,1,Image 1,S2P,1,2132,
1.01665,,Spot,1,Image 1,S2P,1,2133,
1.4045,,Spot,1,Image 1,S2P,1,2134,
1.91692,,Spot,1,Image 1,S2P,1,2135,
1.58828,,Spot,1,Image 1,S2P,1,2136,
2.04033,,Spot,1,Image 1,S2P,1,2137,
1.58692,,Spot,1,Image 1,S2P,1,2138,
1.23107,,Spot,1,Image 1,S2P,1,2139,
1.50421,,Spot,1,Image 1,S2P,1,2140,
1.6372,,Spot,1,Image 1,S2P,1,2141,
1.31724,,Spot,1,Image 1,S2P,1,2142,
1.11605,,Spot,1,Image 1,S2P,1,2143,
1.47714,,Spot,1,Image 1,S2P,1,2144,
1.43309,,Spot,1,Image 1,S2P,1,2145,
1.05492,,Spot,1,Image 1,S2P,1,2146,
1.66289,,Spot,1,Image 1,S2P,1,2147,
1.49726,,Spot,1,Image 1,S2P,1,2148,
1.13858,,Spot,1,Image 1,S2P,1,2149,
1.65567,,Spot,1,Image 1,S2P,1,2150,
1.44657,,Spot,1,Image 1,S2P,1,2151,
1.66176,,Spot,1,Image 1,S2P,1,2152,
1.43423,,Spot,1,Image 1,S2P,1,2153,
1.22439,,Spot,1,Image 1,S2P,1,2154,
0.994687,,Spot,1,Image 1,S2P,1,2155,
1.63914,,Spot,1,Image 1,S2P,1,2156,
1.51078,,Spot,1,Image 1,S2P,1,2157,
1.33994,,Spot,1,Image 1,S2P,1,2158,
0,,Spot,1,Image 1,S2P,1,2159,
0,,Spot,1,Image 1,S2P,1,2160,
1.48185,,Spot,1,Image 1,S2P,1,2161,
1.10792,,Spot,1,Image 1,S2P,1,2162,
1.28471,,Spot,1,Image 1,S2P,1,2163,
1.62303,,Spot,1,Image 1,S2P,1,2164,
1.52763,,Spot,1,Image 1,S2P,1,2165,
0,,Spot,1,Image 1,S2P,1,2166,
1.39864,,Spot,1,Image 1,S2P,1,2167,
1.26133,,Spot,1,Image 1,S2P,1,2168,
1.29856,,Spot,1,Image 1,S2P,1,2169,
0.932195,,Spot,1,Image 1,S2P,1,2170,
1.40395,,Spot,1,Image 1,S2P,1,2171,
1.06922,,Spot,1,Image 1,S2P,1,2172,
1.33235,,Spot,1,Image 1,S2P,1,2173,
1.23559,,Spot,1,Image 1,S2P,1,2174,
1.35839,,Spot,1,Image 1,S2P,1,2175,
2.01922,,Spot,1,Image 1,S2P,1,2176,
1.26552,,Spot,1,Image 1,S2P,1,2177,
1.43418,,Spot,1,Image 1,S2P,1,2178,
1.19837,,Spot,1,Image 1,S2P,1,2179,
1.61486,,Spot,1,Image 1,S2P,1,2180,
1.37256,,Spot,1,Image 1,S2P,1,2181,
1.29708,,Spot,1,Image 1,S2P,1,2182,
1.04643,,Spot,1,Image 1,S2P,1,2183,
1.35969,,Spot,1,Image 1,S2P,1,2184,
0,,Spot,1,Image 1,S2P,1,2185,
1.25956,,Spot,1,Image 1,S2P,1,2186,
1.55617,,Spot,1,Image 1,S2P,1,2187,
1.45105,,Spot,1,Image 1,S2P,1,2188,
1.22316,,Spot,1,Image 1,S2P,1,2189,
1.41213,,Spot,1,Image 1,S2P,1,2190,
1.48466,,Spot,1,Image 1,S2P,1,2191,
1.16671,,Spot,1,Image 1,S2P,1,2192,
1.36633,,Spot,1,Image 1,S2P,1,2193,
0.997282,,Spot,1,Image 1,S2P,1,2194,
1.6604,,Spot,1,Image 1,S2P,1,2195,
1.22679,,Spot,1,Image 1,S2P,1,2196,
1.51688,,Spot,1,Image 1,S2P,1,2197,
1.57024,,Spot,1,Image 1,S2P,1,2198,
1.50653,,Spot,1,Image 1,S2P,1,2199,
1.59439,,Spot,1,Image 1,S2P,1,2200,
1.11492,,Spot,1,Image 1,S2P,1,2201,
1.13042,,Spot,1,Image 1,S2P,1,2202,
1.23296,,Spot,1,Image 1,S2P,1,2203,
1.57725,,Spot,1,Image 1,S2P,1,2204,
1.16203,,Spot,1,Image 1,S2P,1,2205,
1.58353,,Spot,1,Image 1,S2P,1,2206,
1.562,,Spot,1,Image 1,S2P,1,2207,
1.15665,,Spot,1,Image 1,S2P,1,2208,
1.3542,,Spot,1,Image 1,S2P,1,2209,
1.2301,,Spot,1,Image 1,S2P,1,2210,
1.48939,,Spot,1,Image 1,S2P,1,2211,
1.23073,,Spot,1,Image 1,S2P,1,2212,
1.48075,,Spot,1,Image 1,S2P,1,2213,
1.32598,,Spot,1,Image 1,S2P,1,2214,
1.40346,,Spot,1,Image 1,S2P,1,2215,
1.07987,,Spot,1,Image 1,S2P,1,2216,
0,,Spot,1,Image 1,S2P,1,2217,
1.26141,,Spot,1,Image 1,S2P,1,2218,
1.19552,,Spot,1,Image 1,S2P,1,2219,
1.33465,,Spot,1,Image 1,S2P,1,2220,
1.38933,,Spot,1,Image 1,S2P,1,2221,
1.48648,,Spot,1,Image 1,S2P,1,2222,
1.72162,,Spot,1,Image 1,S2P,1,2223,
1.36365,,Spot,1,Image 1,S2P,1,2224,
1.42652,,Spot,1,Image 1,S2P,1,2225,
1.42739,,Spot,1,Image 1,S2P,1,2226,
0,,Spot,1,Image 1,S2P,1,2227,
1.49707,,Spot,1,Image 1,S2P,1,2228,
1.22085,,Spot,1,Image 1,S2P,1,2229,
1.43416,,Spot,1,Image 1,S2P,1,2230,
1.47536,,Spot,1,Image 1,S2P,1,2231,
1.3928,,Spot,1,Image 1,S2P,1,2232,
1.66947,,Spot,1,Image 1,S2P,1,2233,
1.46464,,Spot,1,Image 1,S2P,1,2234,
1.15789,,Spot,1,Image 1,S2P,1,2235,
1.85645,,Spot,1,Image 1,S2P,1,2236,
1.37518,,Spot,1,Image 1,S2P,1,2237,
1.42162,,Spot,1,Image 1,S2P,1,2238,
1.52052,,Spot,1,Image 1,S2P,1,2239,
1.55527,,Spot,1,Image 1,S2P,1,2240,
1.31019,,Spot,1,Image 1,S2P,1,2241,
1.56118,,Spot,1,Image 1,S2P,1,2242,
1.47573,,Spot,1,Image 1,S2P,1,2243,
1.84667,,Spot,1,Image 1,S2P,1,2244,
1.39616,,Spot,1,Image 1,S2P,1,2245,
1.52476,,Spot,1,Image 1,S2P,1,2246,
1.32012,,Spot,1,Image 1,S2P,1,2247,
1.54048,,Spot,1,Image 1,S2P,1,2248,
1.56465,,Spot,1,Image 1,S2P,1,2249,
1.73495,,Spot,1,Image 1,S2P,1,2250,
1.31519,,Spot,1,Image 1,S2P,1,2251,
1.46582,,Spot,1,Image 1,S2P,1,2252,
1.56716,,Spot,1,Image 1,S2P,1,2253,
1.47229,,Spot,1,Image 1,S2P,1,2254,
1.69277,,Spot,1,Image 1,S2P,1,2255,
1.1504,,Spot,1,Image 1,S2P,1,2256,
1.37728,,Spot,1,Image 1,S2P,1,2257,
1.48198,,Spot,1,Image 1,S2P,1,2258,
1.53466,,Spot,1,Image 1,S2P,1,2259,
1.53121,,Spot,1,Image 1,S2P,1,2260,
1.43112,,Spot,1,Image 1,S2P,1,2261,
1.61068,,Spot,1,Image 1,S2P,1,2262,
1.26009,,Spot,1,Image 1,S2P,1,2263,
0.0130429,,Spot,1,Image 1,S2P,1,2264,
1.23551,,Spot,1,Image 1,S2P,1,2265,
1.61081,,Spot,1,Image 1,S2P,1,2266,
1.92104,,Spot,1,Image 1,S2P,1,2267,
1.62689,,Spot,1,Image 1,S2P,1,2268,
1.32209,,Spot,1,Image 1,S2P,1,2269,
1.2085,,Spot,1,Image 1,S2P,1,2270,
0.964881,,Spot,1,Image 1,S2P,1,2271,
1.18586,,Spot,1,Image 1,S2P,1,2272,
1.4532,,Spot,1,Image 1,S2P,1,2273,
1.62989,,Spot,1,Image 1,S2P,1,2274,
0.289556,,Spot,1,Image 1,S2P,1,2275,
1.17112,,Spot,1,Image 1,S2P,1,2276,
0,,Spot,1,Image 1,S2P,1,2277,
1.23704,,Spot,1,Image 1,S2P,1,2278,
1.60265,,Spot,1,Image 1,S2P,1,2279,
0.93753,,Spot,1,Image 1,S2P,1,2280,
1.29091,,Spot,1,Image 1,S2P,1,2281,
1.40338,,Spot,1,Image 1,S2P,1,2282,
1.57247,,Spot,1,Image 1,S2P,1,2283,
0,,Spot,1,Image 1,S2P,1,2284,
1.16916,,Spot,1,Image 1,S2P,1,2286,
1.64506,,Spot,1,Image 1,S2P,1,2287,
1.46826,,Spot,1,Image 1,S2P,1,2288,
1.76016,,Spot,1,Image 1,S2P,1,2289,
0.973512,,Spot,1,Image 1,S2P,1,2290,
1.3823,,Spot,1,Image 1,S2P,1,2291,
0,,Spot,1,Image 1,S2P,1,2292,
1.32081,,Spot,1,Image 1,S2P,1,2293,
1.49968,,Spot,1,Image 1,S2P,1,2294,
1.50298,,Spot,1,Image 1,S2P,1,2295,
1.30824,,Spot,1,Image 1,S2P,1,2296,
1.21837,,Spot,1,Image 1,S2P,1,2297,
1.27155,,Spot,1,Image 1,S2P,1,2298,
1.41953,,Spot,1,Image 1,S2P,1,2299,
0,,Spot,1,Image 1,S2P,1,2300,
1.87717,,Spot,1,Image 1,S2P,1,2301,
1.77648,,Spot,1,Image 1,S2P,1,2302,
1.43661,,Spot,1,Image 1,S2P,1,2303,
1.60885,,Spot,1,Image 1,S2P,1,2304,
1.76977,,Spot,1,Image 1,S2P,1,2305,
1.16905,,Spot,1,Image 1,S2P,1,2306,
1.50148,,Spot,1,Image 1,S2P,1,2307,
1.82901,,Spot,1,Image 1,S2P,1,2308,
1.63513,,Spot,1,Image 1,S2P,1,2309,
1.23516,,Spot,1,Image 1,S2P,1,2310,
1.41219,,Spot,1,Image 1,S2P,1,2311,
1.33047,,Spot,1,Image 1,S2P,1,2312,
1.5377,,Spot,1,Image 1,S2P,1,2313,
1.32647,,Spot,1,Image 1,S2P,1,2314,
1.29929,,Spot,1,Image 1,S2P,1,2315,
1.20767,,Spot,1,Image 1,S2P,1,2316,
1.41898,,Spot,1,Image 1,S2P,1,2317,
1.36004,,Spot,1,Image 1,S2P,1,2318,
0.877776,,Spot,1,Image 1,S2P,1,2319,
1.15989,,Spot,1,Image 1,S2P,1,2320,
1.66556,,Spot,1,Image 1,S2P,1,2321,
1.70746,,Spot,1,Image 1,S2P,1,2322,
1.51428,,Spot,1,Image 1,S2P,1,2323,
1.52806,,Spot,1,Image 1,S2P,1,2324,
0.700823,,Spot,1,Image 1,S2P,1,2325,
1.24483,,Spot,1,Image 1,S2P,1,2326,
1.40498,,Spot,1,Image 1,S2P,1,2327,
1.52291,,Spot,1,Image 1,S2P,1,2328,
1.92674,,Spot,1,Image 1,S2P,1,2329,
1.98179,,Spot,1,Image 1,S2P,1,2330,
0,,Spot,1,Image 1,S2P,1,2331,
1.53306,,Spot,1,Image 1,S2P,1,2332,
1.57097,,Spot,1,Image 1,S2P,1,2333,
1.43214,,Spot,1,Image 1,S2P,1,2334,
1.25598,,Spot,1,Image 1,S2P,1,2335,
1.59089,,Spot,1,Image 1,S2P,1,2336,
1.40121,,Spot,1,Image 1,S2P,1,2337,
1.29018,,Spot,1,Image 1,S2P,1,2338,
1.36708,,Spot,1,Image 1,S2P,1,2339,
1.40072,,Spot,1,Image 1,S2P,1,2340,
1.57969,,Spot,1,Image 1,S2P,1,2341,
1.47946,,Spot,1,Image 1,S2P,1,2342,
1.40674,,Spot,1,Image 1,S2P,1,2343,
1.33752,,Spot,1,Image 1,S2P,1,2344,
1.63706,,Spot,1,Image 1,S2P,1,2345,
1.75348,,Spot,1,Image 1,S2P,1,2346,
1.60655,,Spot,1,Image 1,S2P,1,2347,
1.16091,,Spot,1,Image 1,S2P,1,2348,
1.34133,,Spot,1,Image 1,S2P,1,2349,
1.46018,,Spot,1,Image 1,S2P,1,2350,
1.60286,,Spot,1,Image 1,S2P,1,2351,
1.14844,,Spot,1,Image 1,S2P,1,2352,
1.23888,,Spot,1,Image 1,S2P,1,2353,
1.30645,,Spot,1,Image 1,S2P,1,2354,
1.44663,,Spot,1,Image 1,S2P,1,2355,
1.44274,,Spot,1,Image 1,S2P,1,2356,
1.33647,,Spot,1,Image 1,S2P,1,2357,
1.45473,,Spot,1,Image 1,S2P,1,2358,
1.46237,,Spot,1,Image 1,S2P,1,2359,
1.45465,,Spot,1,Image 1,S2P,1,2360,
1.55972,,Spot,1,Image 1,S2P,1,2361,
1.29233,,Spot,1,Image 1,S2P,1,2362,
1.24977,,Spot,1,Image 1,S2P,1,2363,
1.67314,,Spot,1,Image 1,S2P,1,2364,
1.29816,,Spot,1,Image 1,S2P,1,2365,
1.13222,,Spot,1,Image 1,S2P,1,2366,
1.44376,,Spot,1,Image 1,S2P,1,2367,
1.59469,,Spot,1,Image 1,S2P,1,2368,
1.42345,,Spot,1,Image 1,S2P,1,2369,
1.47925,,Spot,1,Image 1,S2P,1,2370,
1.1759,,Spot,1,Image 1,S2P,1,2371,
1.44881,,Spot,1,Image 1,S2P,1,2372,
1.55586,,Spot,1,Image 1,S2P,1,2373,
1.44315,,Spot,1,Image 1,S2P,1,2374,
1.04808,,Spot,1,Image 1,S2P,1,2375,
1.5212,,Spot,1,Image 1,S2P,1,2376,
2.12358,,Spot,1,Image 1,S2P,1,2377,
1.72003,,Spot,1,Image 1,S2P,1,2378,
1.61291,,Spot,1,Image 1,S2P,1,2379,
1.53465,,Spot,1,Image 1,S2P,1,2380,
1.23307,,Spot,1,Image 1,S2P,1,2381,
1.65896,,Spot,1,Image 1,S2P,1,2382,
1.48647,,Spot,1,Image 1,S2P,1,2383,
1.42222,,Spot,1,Image 1,S2P,1,2384,
2.31016,,Spot,1,Image 1,S2P,1,2385,
1.81816,,Spot,1,Image 1,S2P,1,2386,
1.83418,,Spot,1,Image 1,S2P,1,2387,
1.61919,,Spot,1,Image 1,S2P,1,2388,
1.74392,,Spot,1,Image 1,S2P,1,2389,
1.37659,,Spot,1,Image 1,S2P,1,2390,
1.29772,,Spot,1,Image 1,S2P,1,2391,
1.60595,,Spot,1,Image 1,S2P,1,2392,
1.47276,,Spot,1,Image 1,S2P,1,2393,
1.21025,,Spot,1,Image 1,S2P,1,2394,
1.78367,,Spot,1,Image 1,S2P,1,2395,
1.64959,,Spot,1,Image 1,S2P,1,2396,
1.74927,,Spot,1,Image 1,S2P,1,2397,
1.57021,,Spot,1,Image 1,S2P,1,2398,
1.37414,,Spot,1,Image 1,S2P,1,2399,
1.74239,,Spot,1,Image 1,S2P,1,2400,
1.86112,,Spot,1,Image 1,S2P,1,2401,
2.24613,,Spot,1,Image 1,S2P,1,2402,
1.88256,,Spot,1,Image 1,S2P,1,2403,
2.50359,,Spot,1,Image 1,S2P,1,2404,
1.55082,,Spot,1,Image 1,S2P,1,2405,
1.59328,,Spot,1,Image 1,S2P,1,2406,
1.53579,,Spot,1,Image 1,S2P,1,2408,
1.5929,,Spot,1,Image 1,S2P,1,2409,
1.34925,,Spot,1,Image 1,S2P,1,2410,
1.45922,,Spot,1,Image 1,S2P,1,2411,
1.54283,,Spot,1,Image 1,S2P,1,2412,
1.68116,,Spot,1,Image 1,S2P,1,2413,
1.19952,,Spot,1,Image 1,S2P,1,2414,
1.45209,,Spot,1,Image 1,S2P,1,2415,
2.05644,,Spot,1,Image 1,S2P,1,2416,
1.8949,,Spot,1,Image 1,S2P,1,2417,
0,,Spot,1,Image 1,S2P,1,2418,
1.65508,,Spot,1,Image 1,S2P,1,2419,
1.51874,,Spot,1,Image 1,S2P,1,2420,
1.61947,,Spot,1,Image 1,S2P,1,2421,
1.97175,,Spot,1,Image 1,S2P,1,2422,
1.71897,,Spot,1,Image 1,S2P,1,2423,
1.33505,,Spot,1,Image 1,S2P,1,2424,
1.24334,,Spot,1,Image 1,S2P,1,2425,
1.72647,,Spot,1,Image 1,S2P,1,2426,
1.52318,,Spot,1,Image 1,S2P,1,2427,
1.6782,,Spot,1,Image 1,S2P,1,2428,
1.54998,,Spot,1,Image 1,S2P,1,2429,
0,,Spot,1,Image 1,S2P,1,2430,
1.25253,,Spot,1,Image 1,S2P,1,2431,
1.36697,,Spot,1,Image 1,S2P,1,2432,
1.37967,,Spot,1,Image 1,S2P,1,2433,
0,,Spot,1,Image 1,S2P,1,2434,
1.43328,,Spot,1,Image 1,S2P,1,2435,
1.4551,,Spot,1,Image 1,S2P,1,2436,
1.18126,,Spot,1,Image 1,S2P,1,2437,
1.54497,,Spot,1,Image 1,S2P,1,2438,
1.29009,,Spot,1,Image 1,S2P,1,2439,
1.56846,,Spot,1,Image 1,S2P,1,2440,
1.49638,,Spot,1,Image 1,S2P,1,2441,
0,,Spot,1,Image 1,S2P,1,2442,
1.22433,,Spot,1,Image 1,S2P,1,2443,
1.66768,,Spot,1,Image 1,S2P,1,2444,
1.35491,,Spot,1,Image 1,S2P,1,2445,
1.15075,,Spot,1,Image 1,S2P,1,2446,
1.43253,,Spot,1,Image 1,S2P,1,2447,
1.34718,,Spot,1,Image 1,S2P,1,2448,
1.65083,,Spot,1,Image 1,S2P,1,2449,
1.48865,,Spot,1,Image 1,S2P,1,2450,
2.13126,,Spot,1,Image 1,S2P,1,2451,
1.39002,,Spot,1,Image 1,S2P,1,2452,
1.76139,,Spot,1,Image 1,S2P,1,2453,
1.46745,,Spot,1,Image 1,S2P,1,2455,
1.49005,,Spot,1,Image 1,S2P,1,2456,
1.42706,,Spot,1,Image 1,S2P,1,2457,
1.03688,,Spot,1,Image 1,S2P,1,2458,
1.84155,,Spot,1,Image 1,S2P,1,2459,
1.55109,,Spot,1,Image 1,S2P,1,2460,
1.51486,,Spot,1,Image 1,S2P,1,2461,
1.61862,,Spot,1,Image 1,S2P,1,2462,
1.5225,,Spot,1,Image 1,S2P,1,2463,
1.4834,,Spot,1,Image 1,S2P,1,2464,
1.30418,,Spot,1,Image 1,S2P,1,2465,
1.64119,,Spot,1,Image 1,S2P,1,2466,
1.34882,,Spot,1,Image 1,S2P,1,2467,
1.53858,,Spot,1,Image 1,S2P,1,2468,
1.40264,,Spot,1,Image 1,S2P,1,2469,
1.47965,,Spot,1,Image 1,S2P,1,2470,
1.26431,,Spot,1,Image 1,S2P,1,2471,
1.34155,,Spot,1,Image 1,S2P,1,2472,
1.59416,,Spot,1,Image 1,S2P,1,2473,
1.48946,,Spot,1,Image 1,S2P,1,2474,
1.37477,,Spot,1,Image 1,S2P,1,2475,
1.98036,,Spot,1,Image 1,S2P,1,2476,
1.50472,,Spot,1,Image 1,S2P,1,2477,
1.92782,,Spot,1,Image 1,S2P,1,2478,
1.6006,,Spot,1,Image 1,S2P,1,2479,
2.26319,,Spot,1,Image 1,S2P,1,2480,
1.44065,,Spot,1,Image 1,S2P,1,2481,
1.35342,,Spot,1,Image 1,S2P,1,2482,
1.19794,,Spot,1,Image 1,S2P,1,2483,
1.25815,,Spot,1,Image 1,S2P,1,2484,
1.35486,,Spot,1,Image 1,S2P,1,2485,
1.2724,,Spot,1,Image 1,S2P,1,2486,
1.19597,,Spot,1,Image 1,S2P,1,2487,
1.4323,,Spot,1,Image 1,S2P,1,2488,
1.73286,,Spot,1,Image 1,S2P,1,2489,
1.57253,,Spot,1,Image 1,S2P,1,2490,
1.90659,,Spot,1,Image 1,S2P,1,2491,
1.45303,,Spot,1,Image 1,S2P,1,2492,
1.56194,,Spot,1,Image 1,S2P,1,2493,
1.1629,,Spot,1,Image 1,S2P,1,2494,
1.50116,,Spot,1,Image 1,S2P,1,2495,
1.7948,,Spot,1,Image 1,S2P,1,2496,
1.75459,,Spot,1,Image 1,S2P,1,2497,
1.23109,,Spot,1,Image 1,S2P,1,2498,
1.33094,,Spot,1,Image 1,S2P,1,2499,
1.40029,,Spot,1,Image 1,S2P,1,2500,
1.10793,,Spot,1,Image 1,S2P,1,2501,
2.14625,,Spot,1,Image 1,S2P,1,2502,
1.48102,,Spot,1,Image 1,S2P,1,2503,
1.36051,,Spot,1,Image 1,S2P,1,2504,
1.52967,,Spot,1,Image 1,S2P,1,2505,
1.33569,,Spot,1,Image 1,S2P,1,2506,
1.83271,,Spot,1,Image 1,S2P,1,2507,
1.49318,,Spot,1,Image 1,S2P,1,2508,
1.55171,,Spot,1,Image 1,S2P,1,2509,
1.77558,,Spot,1,Image 1,S2P,1,2510,
1.81089,,Spot,1,Image 1,S2P,1,2511,
1.68577,,Spot,1,Image 1,S2P,1,2512,
1.29808,,Spot,1,Image 1,S2P,1,2513,
1.41528,,Spot,1,Image 1,S2P,1,2514,
1.49744,,Spot,1,Image 1,S2P,1,2515,
1.32249,,Spot,1,Image 1,S2P,1,2516,
1.07153,,Spot,1,Image 1,S2P,1,2517,
1.3524,,Spot,1,Image 1,S2P,1,2518,
1.32484,,Spot,1,Image 1,S2P,1,2519,
1.37997,,Spot,1,Image 1,S2P,1,2520,
1.49536,,Spot,1,Image 1,S2P,1,2521,
2.06913,,Spot,1,Image 1,S2P,1,2522,
1.55627,,Spot,1,Image 1,S2P,1,2523,
1.60894,,Spot,1,Image 1,S2P,1,2524,
1.19367,,Spot,1,Image 1,S2P,1,2525,
1.55247,,Spot,1,Image 1,S2P,1,2526,
1.30356,,Spot,1,Image 1,S2P,1,2527,
1.67947,,Spot,1,Image 1,S2P,1,2528,
1.39586,,Spot,1,Image 1,S2P,1,2529,
1.2723,,Spot,1,Image 1,S2P,1,2530,
1.67569,,Spot,1,Image 1,S2P,1,2531,
1.26529,,Spot,1,Image 1,S2P,1,2532,
1.56338,,Spot,1,Image 1,S2P,1,2533,
1.9501,,Spot,1,Image 1,S2P,1,2534,
1.22731,,Spot,1,Image 1,S2P,1,2535,
1.56022,,Spot,1,Image 1,S2P,1,2536,
1.2296,,Spot,1,Image 1,S2P,1,2537,
0.95052,,Spot,1,Image 1,S2P,1,2538,
1.19735,,Spot,1,Image 1,S2P,1,2539,
1.63765,,Spot,1,Image 1,S2P,1,2540,
1.78904,,Spot,1,Image 1,S2P,1,2541,
1.80351,,Spot,1,Image 1,S2P,1,2542,
0,,Spot,1,Image 1,S2P,1,2543,
1.81854,,Spot,1,Image 1,S2P,1,2544,
1.81242,,Spot,1,Image 1,S2P,1,2545,
1.81815,,Spot,1,Image 1,S2P,1,2546,
1.67291,,Spot,1,Image 1,S2P,1,2547,
1.79072,,Spot,1,Image 1,S2P,1,2548,
1.80844,,Spot,1,Image 1,S2P,1,2549,
1.35089,,Spot,1,Image 1,S2P,1,2550,
1.43999,,Spot,1,Image 1,S2P,1,2551,
1.49897,,Spot,1,Image 1,S2P,1,2552,
0,,Spot,1,Image 1,S2P,1,2553,
1.53522,,Spot,1,Image 1,S2P,1,2554,
2.89348,,Spot,1,Image 1,S2P,1,2555,
1.80911,,Spot,1,Image 1,S2P,1,2556,
1.63435,,Spot,1,Image 1,S2P,1,2557,
1.93147,,Spot,1,Image 1,S2P,1,2558,
2.20592,,Spot,1,Image 1,S2P,1,2559,
2.00714,,Spot,1,Image 1,S2P,1,2560,
1.96604,,Spot,1,Image 1,S2P,1,2561,
1.49851,,Spot,1,Image 1,S2P,1,2562,
1.74906,,Spot,1,Image 1,S2P,1,2563,
2.06927,,Spot,1,Image 1,S2P,1,2564,
1.60979,,Spot,1,Image 1,S2P,1,2565,
2.10851,,Spot,1,Image 1,S2P,1,2566,
1.69377,,Spot,1,Image 1,S2P,1,2567,
2.29521,,Spot,1,Image 1,S2P,1,2568,
1.94155,,Spot,1,Image 1,S2P,1,2569,
1.30074,,Spot,1,Image 1,S2P,1,2570,
1.91259,,Spot,1,Image 1,S2P,1,2571,
1.23551,,Spot,1,Image 1,S2P,1,2572,
1.38354,,Spot,1,Image 1,S2P,1,2573,
0,,Spot,1,Image 1,S2P,1,2574,
1.34728,,Spot,1,Image 1,S2P,1,2575,
1.64262,,Spot,1,Image 1,S2P,1,2576,
1.74107,,Spot,1,Image 1,S2P,1,2577,
1.94576,,Spot,1,Image 1,S2P,1,2578,
2.04483,,Spot,1,Image 1,S2P,1,2579,
1.65243,,Spot,1,Image 1,S2P,1,2580,
1.16522,,Spot,1,Image 1,S2P,1,2581,
1.90751,,Spot,1,Image 1,S2P,1,2582,
1.75245,,Spot,1,Image 1,S2P,1,2583,
1.6722,,Spot,1,Image 1,S2P,1,2584,
1.82446,,Spot,1,Image 1,S2P,1,2585,
1.42401,,Spot,1,Image 1,S2P,1,2586,
1.25709,,Spot,1,Image 1,S2P,1,2587,
1.14712,,Spot,1,Image 1,S2P,1,2588,
1.99312,,Spot,1,Image 1,S2P,1,2589,
1.97807,,Spot,1,Image 1,S2P,1,2590,
1.5858,,Spot,1,Image 1,S2P,1,2591,
1.34846,,Spot,1,Image 1,S2P,1,2592,
1.7853,,Spot,1,Image 1,S2P,1,2593,
1.95156,,Spot,1,Image 1,S2P,1,2594,
2.90852,,Spot,1,Image 1,S2P,1,2595,
